topic_int,main_topic_name,count,topic_names_from_bertopic
8,,7,"11, offshor, wind, park, busi"
8,,5,"13, grid, offshor, wind, bornholm"
8,,1,"15, develop, energi, electr, project"
8,,2,"18, electr, tax, project, energi"
8,,7,"19, energi, island, area, wind"
8,,14,"2, wind, energi, island, offshor"
8,,1,"20, convert, hvdc, offshor, grid"
8,,1,"21, energi, wind, offshor, connect"
8,,4,"22, guard, wind, offshor, farm"
8,,10,"23, bornholm, thoma, wind, say"
8,,5,"29, island, energi, wind, sea"
8,,7,"30, wind, turbin, offshor, energi"
8,,6,"36, island, energi, wind, sea"
8,,4,"4, bornholm, sea, area, energi"
8,,1,"42, energi, ptx, heat, risk"
8,,8,"46, bornholm, wind, offshor, energi"
8,,1,"5, light, grid, power, offshor"
8,,2,"7, offshor, grid, bornholm, power"
8,,20,"8, wind, offshor, bornholm, mill"
8,,2,"9, island, bornholm, energi, offshor"
8,,10,Noise
8,,7,"11, offshor, wind, park, busi"
8,,5,"13, grid, offshor, wind, bornholm"
8,,1,"15, develop, energi, electr, project"
8,,2,"18, electr, tax, project, energi"
8,,7,"19, energi, island, area, wind"
8,,14,"2, wind, energi, island, offshor"
8,,1,"20, convert, hvdc, offshor, grid"
8,,1,"21, energi, wind, offshor, connect"
8,,4,"22, guard, wind, offshor, farm"
8,,10,"23, bornholm, thoma, wind, say"
8,,5,"29, island, energi, wind, sea"
8,,7,"30, wind, turbin, offshor, energi"
8,,6,"36, island, energi, wind, sea"
8,,4,"4, bornholm, sea, area, energi"
8,,1,"42, energi, ptx, heat, risk"
8,,8,"46, bornholm, wind, offshor, energi"
8,,1,"5, light, grid, power, offshor"
8,,2,"7, offshor, grid, bornholm, power"
8,,20,"8, wind, offshor, bornholm, mill"
8,,2,"9, island, bornholm, energi, offshor"
8,,10,Noise
8,,7,"11, offshor, wind, park, busi"
8,,5,"13, grid, offshor, wind, bornholm"
8,,1,"15, develop, energi, electr, project"
8,,2,"18, electr, tax, project, energi"
8,,7,"19, energi, island, area, wind"
8,,14,"2, wind, energi, island, offshor"
8,,1,"20, convert, hvdc, offshor, grid"
8,,1,"21, energi, wind, offshor, connect"
8,,4,"22, guard, wind, offshor, farm"
8,,10,"23, bornholm, thoma, wind, say"
8,,5,"29, island, energi, wind, sea"
8,,7,"30, wind, turbin, offshor, energi"
8,,6,"36, island, energi, wind, sea"
8,,4,"4, bornholm, sea, area, energi"
8,,1,"42, energi, ptx, heat, risk"
8,,8,"46, bornholm, wind, offshor, energi"
8,,1,"5, light, grid, power, offshor"
8,,2,"7, offshor, grid, bornholm, power"
8,,20,"8, wind, offshor, bornholm, mill"
8,,2,"9, island, bornholm, energi, offshor"
8,,10,Noise
8,,7,"11, offshor, wind, park, busi"
8,,5,"13, grid, offshor, wind, bornholm"
8,,1,"15, develop, energi, electr, project"
8,,2,"18, electr, tax, project, energi"
8,,7,"19, energi, island, area, wind"
8,,14,"2, wind, energi, island, offshor"
8,,1,"20, convert, hvdc, offshor, grid"
8,,1,"21, energi, wind, offshor, connect"
8,,4,"22, guard, wind, offshor, farm"
8,,10,"23, bornholm, thoma, wind, say"
8,,5,"29, island, energi, wind, sea"
8,,7,"30, wind, turbin, offshor, energi"
8,,6,"36, island, energi, wind, sea"
8,,4,"4, bornholm, sea, area, energi"
8,,1,"42, energi, ptx, heat, risk"
8,,8,"46, bornholm, wind, offshor, energi"
8,,1,"5, light, grid, power, offshor"
8,,2,"7, offshor, grid, bornholm, power"
8,,20,"8, wind, offshor, bornholm, mill"
8,,2,"9, island, bornholm, energi, offshor"
8,,10,Noise
8,,7,"11, offshor, wind, park, busi"
8,,5,"13, grid, offshor, wind, bornholm"
8,,1,"15, develop, energi, electr, project"
8,,2,"18, electr, tax, project, energi"
8,,7,"19, energi, island, area, wind"
8,,14,"2, wind, energi, island, offshor"
8,,1,"20, convert, hvdc, offshor, grid"
8,,1,"21, energi, wind, offshor, connect"
8,,4,"22, guard, wind, offshor, farm"
8,,10,"23, bornholm, thoma, wind, say"
8,,5,"29, island, energi, wind, sea"
8,,7,"30, wind, turbin, offshor, energi"
8,,6,"36, island, energi, wind, sea"
8,,4,"4, bornholm, sea, area, energi"
8,,1,"42, energi, ptx, heat, risk"
8,,8,"46, bornholm, wind, offshor, energi"
8,,1,"5, light, grid, power, offshor"
8,,2,"7, offshor, grid, bornholm, power"
8,,20,"8, wind, offshor, bornholm, mill"
8,,2,"9, island, bornholm, energi, offshor"
8,,10,Noise
8,,7,"11, offshor, wind, park, busi"
8,,5,"13, grid, offshor, wind, bornholm"
8,,1,"15, develop, energi, electr, project"
8,,2,"18, electr, tax, project, energi"
8,,7,"19, energi, island, area, wind"
8,,14,"2, wind, energi, island, offshor"
8,,1,"20, convert, hvdc, offshor, grid"
8,,1,"21, energi, wind, offshor, connect"
8,,4,"22, guard, wind, offshor, farm"
8,,10,"23, bornholm, thoma, wind, say"
8,,5,"29, island, energi, wind, sea"
8,,7,"30, wind, turbin, offshor, energi"
8,,6,"36, island, energi, wind, sea"
8,,4,"4, bornholm, sea, area, energi"
8,,1,"42, energi, ptx, heat, risk"
8,,8,"46, bornholm, wind, offshor, energi"
8,,1,"5, light, grid, power, offshor"
8,,2,"7, offshor, grid, bornholm, power"
8,,20,"8, wind, offshor, bornholm, mill"
8,,2,"9, island, bornholm, energi, offshor"
8,,10,Noise
8,,7,"11, offshor, wind, park, busi"
8,,5,"13, grid, offshor, wind, bornholm"
8,,1,"15, develop, energi, electr, project"
8,,2,"18, electr, tax, project, energi"
8,,7,"19, energi, island, area, wind"
8,,14,"2, wind, energi, island, offshor"
8,,1,"20, convert, hvdc, offshor, grid"
8,,1,"21, energi, wind, offshor, connect"
8,,4,"22, guard, wind, offshor, farm"
8,,10,"23, bornholm, thoma, wind, say"
8,,5,"29, island, energi, wind, sea"
8,,7,"30, wind, turbin, offshor, energi"
8,,6,"36, island, energi, wind, sea"
8,,4,"4, bornholm, sea, area, energi"
8,,1,"42, energi, ptx, heat, risk"
8,,8,"46, bornholm, wind, offshor, energi"
8,,1,"5, light, grid, power, offshor"
8,,2,"7, offshor, grid, bornholm, power"
8,,20,"8, wind, offshor, bornholm, mill"
8,,2,"9, island, bornholm, energi, offshor"
8,,10,Noise
8,,7,"11, offshor, wind, park, busi"
8,,5,"13, grid, offshor, wind, bornholm"
8,,1,"15, develop, energi, electr, project"
8,,2,"18, electr, tax, project, energi"
8,,7,"19, energi, island, area, wind"
8,,14,"2, wind, energi, island, offshor"
8,,1,"20, convert, hvdc, offshor, grid"
8,,1,"21, energi, wind, offshor, connect"
8,,4,"22, guard, wind, offshor, farm"
8,,10,"23, bornholm, thoma, wind, say"
8,,5,"29, island, energi, wind, sea"
8,,7,"30, wind, turbin, offshor, energi"
8,,6,"36, island, energi, wind, sea"
8,,4,"4, bornholm, sea, area, energi"
8,,1,"42, energi, ptx, heat, risk"
8,,8,"46, bornholm, wind, offshor, energi"
8,,1,"5, light, grid, power, offshor"
8,,2,"7, offshor, grid, bornholm, power"
8,,20,"8, wind, offshor, bornholm, mill"
8,,2,"9, island, bornholm, energi, offshor"
8,,10,Noise
8,,7,"11, offshor, wind, park, busi"
8,,5,"13, grid, offshor, wind, bornholm"
8,,1,"15, develop, energi, electr, project"
8,,2,"18, electr, tax, project, energi"
8,,7,"19, energi, island, area, wind"
8,,14,"2, wind, energi, island, offshor"
8,,1,"20, convert, hvdc, offshor, grid"
8,,1,"21, energi, wind, offshor, connect"
8,,4,"22, guard, wind, offshor, farm"
8,,10,"23, bornholm, thoma, wind, say"
8,,5,"29, island, energi, wind, sea"
8,,7,"30, wind, turbin, offshor, energi"
8,,6,"36, island, energi, wind, sea"
8,,4,"4, bornholm, sea, area, energi"
8,,1,"42, energi, ptx, heat, risk"
8,,8,"46, bornholm, wind, offshor, energi"
8,,1,"5, light, grid, power, offshor"
8,,2,"7, offshor, grid, bornholm, power"
8,,20,"8, wind, offshor, bornholm, mill"
8,,2,"9, island, bornholm, energi, offshor"
8,,10,Noise
8,,7,"11, offshor, wind, park, busi"
8,,5,"13, grid, offshor, wind, bornholm"
8,,1,"15, develop, energi, electr, project"
8,,2,"18, electr, tax, project, energi"
8,,7,"19, energi, island, area, wind"
8,,14,"2, wind, energi, island, offshor"
8,,1,"20, convert, hvdc, offshor, grid"
8,,1,"21, energi, wind, offshor, connect"
8,,4,"22, guard, wind, offshor, farm"
8,,10,"23, bornholm, thoma, wind, say"
8,,5,"29, island, energi, wind, sea"
8,,7,"30, wind, turbin, offshor, energi"
8,,6,"36, island, energi, wind, sea"
8,,4,"4, bornholm, sea, area, energi"
8,,1,"42, energi, ptx, heat, risk"
8,,8,"46, bornholm, wind, offshor, energi"
8,,1,"5, light, grid, power, offshor"
8,,2,"7, offshor, grid, bornholm, power"
8,,20,"8, wind, offshor, bornholm, mill"
8,,2,"9, island, bornholm, energi, offshor"
8,,10,Noise
8,,7,"11, offshor, wind, park, busi"
8,,5,"13, grid, offshor, wind, bornholm"
8,,1,"15, develop, energi, electr, project"
8,,2,"18, electr, tax, project, energi"
8,,7,"19, energi, island, area, wind"
8,,14,"2, wind, energi, island, offshor"
8,,1,"20, convert, hvdc, offshor, grid"
8,,1,"21, energi, wind, offshor, connect"
8,,4,"22, guard, wind, offshor, farm"
8,,10,"23, bornholm, thoma, wind, say"
8,,5,"29, island, energi, wind, sea"
8,,7,"30, wind, turbin, offshor, energi"
8,,6,"36, island, energi, wind, sea"
8,,4,"4, bornholm, sea, area, energi"
8,,1,"42, energi, ptx, heat, risk"
8,,8,"46, bornholm, wind, offshor, energi"
8,,1,"5, light, grid, power, offshor"
8,,2,"7, offshor, grid, bornholm, power"
8,,20,"8, wind, offshor, bornholm, mill"
8,,2,"9, island, bornholm, energi, offshor"
8,,10,Noise
8,,7,"11, offshor, wind, park, busi"
8,,5,"13, grid, offshor, wind, bornholm"
8,,1,"15, develop, energi, electr, project"
8,,2,"18, electr, tax, project, energi"
8,,7,"19, energi, island, area, wind"
8,,14,"2, wind, energi, island, offshor"
8,,1,"20, convert, hvdc, offshor, grid"
8,,1,"21, energi, wind, offshor, connect"
8,,4,"22, guard, wind, offshor, farm"
8,,10,"23, bornholm, thoma, wind, say"
8,,5,"29, island, energi, wind, sea"
8,,7,"30, wind, turbin, offshor, energi"
8,,6,"36, island, energi, wind, sea"
8,,4,"4, bornholm, sea, area, energi"
8,,1,"42, energi, ptx, heat, risk"
8,,8,"46, bornholm, wind, offshor, energi"
8,,1,"5, light, grid, power, offshor"
8,,2,"7, offshor, grid, bornholm, power"
8,,20,"8, wind, offshor, bornholm, mill"
8,,2,"9, island, bornholm, energi, offshor"
8,,10,Noise
8,,7,"11, offshor, wind, park, busi"
8,,5,"13, grid, offshor, wind, bornholm"
8,,1,"15, develop, energi, electr, project"
8,,2,"18, electr, tax, project, energi"
8,,7,"19, energi, island, area, wind"
8,,14,"2, wind, energi, island, offshor"
8,,1,"20, convert, hvdc, offshor, grid"
8,,1,"21, energi, wind, offshor, connect"
8,,4,"22, guard, wind, offshor, farm"
8,,10,"23, bornholm, thoma, wind, say"
8,,5,"29, island, energi, wind, sea"
8,,7,"30, wind, turbin, offshor, energi"
8,,6,"36, island, energi, wind, sea"
8,,4,"4, bornholm, sea, area, energi"
8,,1,"42, energi, ptx, heat, risk"
8,,8,"46, bornholm, wind, offshor, energi"
8,,1,"5, light, grid, power, offshor"
8,,2,"7, offshor, grid, bornholm, power"
8,,20,"8, wind, offshor, bornholm, mill"
8,,2,"9, island, bornholm, energi, offshor"
8,,10,Noise
8,,7,"11, offshor, wind, park, busi"
8,,5,"13, grid, offshor, wind, bornholm"
8,,1,"15, develop, energi, electr, project"
8,,2,"18, electr, tax, project, energi"
8,,7,"19, energi, island, area, wind"
8,,14,"2, wind, energi, island, offshor"
8,,1,"20, convert, hvdc, offshor, grid"
8,,1,"21, energi, wind, offshor, connect"
8,,4,"22, guard, wind, offshor, farm"
8,,10,"23, bornholm, thoma, wind, say"
8,,5,"29, island, energi, wind, sea"
8,,7,"30, wind, turbin, offshor, energi"
8,,6,"36, island, energi, wind, sea"
8,,4,"4, bornholm, sea, area, energi"
8,,1,"42, energi, ptx, heat, risk"
8,,8,"46, bornholm, wind, offshor, energi"
8,,1,"5, light, grid, power, offshor"
8,,2,"7, offshor, grid, bornholm, power"
8,,20,"8, wind, offshor, bornholm, mill"
8,,2,"9, island, bornholm, energi, offshor"
8,,10,Noise
8,,7,"11, offshor, wind, park, busi"
8,,5,"13, grid, offshor, wind, bornholm"
8,,1,"15, develop, energi, electr, project"
8,,2,"18, electr, tax, project, energi"
8,,7,"19, energi, island, area, wind"
8,,14,"2, wind, energi, island, offshor"
8,,1,"20, convert, hvdc, offshor, grid"
8,,1,"21, energi, wind, offshor, connect"
8,,4,"22, guard, wind, offshor, farm"
8,,10,"23, bornholm, thoma, wind, say"
8,,5,"29, island, energi, wind, sea"
8,,7,"30, wind, turbin, offshor, energi"
8,,6,"36, island, energi, wind, sea"
8,,4,"4, bornholm, sea, area, energi"
8,,1,"42, energi, ptx, heat, risk"
8,,8,"46, bornholm, wind, offshor, energi"
8,,1,"5, light, grid, power, offshor"
8,,2,"7, offshor, grid, bornholm, power"
8,,20,"8, wind, offshor, bornholm, mill"
8,,2,"9, island, bornholm, energi, offshor"
8,,10,Noise
8,,7,"11, offshor, wind, park, busi"
8,,5,"13, grid, offshor, wind, bornholm"
8,,1,"15, develop, energi, electr, project"
8,,2,"18, electr, tax, project, energi"
8,,7,"19, energi, island, area, wind"
8,,14,"2, wind, energi, island, offshor"
8,,1,"20, convert, hvdc, offshor, grid"
8,,1,"21, energi, wind, offshor, connect"
8,,4,"22, guard, wind, offshor, farm"
8,,10,"23, bornholm, thoma, wind, say"
8,,5,"29, island, energi, wind, sea"
8,,7,"30, wind, turbin, offshor, energi"
8,,6,"36, island, energi, wind, sea"
8,,4,"4, bornholm, sea, area, energi"
8,,1,"42, energi, ptx, heat, risk"
8,,8,"46, bornholm, wind, offshor, energi"
8,,1,"5, light, grid, power, offshor"
8,,2,"7, offshor, grid, bornholm, power"
8,,20,"8, wind, offshor, bornholm, mill"
8,,2,"9, island, bornholm, energi, offshor"
8,,10,Noise
8,,7,"11, offshor, wind, park, busi"
8,,5,"13, grid, offshor, wind, bornholm"
8,,1,"15, develop, energi, electr, project"
8,,2,"18, electr, tax, project, energi"
8,,7,"19, energi, island, area, wind"
8,,14,"2, wind, energi, island, offshor"
8,,1,"20, convert, hvdc, offshor, grid"
8,,1,"21, energi, wind, offshor, connect"
8,,4,"22, guard, wind, offshor, farm"
8,,10,"23, bornholm, thoma, wind, say"
8,,5,"29, island, energi, wind, sea"
8,,7,"30, wind, turbin, offshor, energi"
8,,6,"36, island, energi, wind, sea"
8,,4,"4, bornholm, sea, area, energi"
8,,1,"42, energi, ptx, heat, risk"
8,,8,"46, bornholm, wind, offshor, energi"
8,,1,"5, light, grid, power, offshor"
8,,2,"7, offshor, grid, bornholm, power"
8,,20,"8, wind, offshor, bornholm, mill"
8,,2,"9, island, bornholm, energi, offshor"
8,,10,Noise
8,,7,"11, offshor, wind, park, busi"
8,,5,"13, grid, offshor, wind, bornholm"
8,,1,"15, develop, energi, electr, project"
8,,2,"18, electr, tax, project, energi"
8,,7,"19, energi, island, area, wind"
8,,14,"2, wind, energi, island, offshor"
8,,1,"20, convert, hvdc, offshor, grid"
8,,1,"21, energi, wind, offshor, connect"
8,,4,"22, guard, wind, offshor, farm"
8,,10,"23, bornholm, thoma, wind, say"
8,,5,"29, island, energi, wind, sea"
8,,7,"30, wind, turbin, offshor, energi"
8,,6,"36, island, energi, wind, sea"
8,,4,"4, bornholm, sea, area, energi"
8,,1,"42, energi, ptx, heat, risk"
8,,8,"46, bornholm, wind, offshor, energi"
8,,1,"5, light, grid, power, offshor"
8,,2,"7, offshor, grid, bornholm, power"
8,,20,"8, wind, offshor, bornholm, mill"
8,,2,"9, island, bornholm, energi, offshor"
8,,10,Noise
8,,7,"11, offshor, wind, park, busi"
8,,5,"13, grid, offshor, wind, bornholm"
8,,1,"15, develop, energi, electr, project"
8,,2,"18, electr, tax, project, energi"
8,,7,"19, energi, island, area, wind"
8,,14,"2, wind, energi, island, offshor"
8,,1,"20, convert, hvdc, offshor, grid"
8,,1,"21, energi, wind, offshor, connect"
8,,4,"22, guard, wind, offshor, farm"
8,,10,"23, bornholm, thoma, wind, say"
8,,5,"29, island, energi, wind, sea"
8,,7,"30, wind, turbin, offshor, energi"
8,,6,"36, island, energi, wind, sea"
8,,4,"4, bornholm, sea, area, energi"
8,,1,"42, energi, ptx, heat, risk"
8,,8,"46, bornholm, wind, offshor, energi"
8,,1,"5, light, grid, power, offshor"
8,,2,"7, offshor, grid, bornholm, power"
8,,20,"8, wind, offshor, bornholm, mill"
8,,2,"9, island, bornholm, energi, offshor"
8,,10,Noise
8,,7,"11, offshor, wind, park, busi"
8,,5,"13, grid, offshor, wind, bornholm"
8,,1,"15, develop, energi, electr, project"
8,,2,"18, electr, tax, project, energi"
8,,7,"19, energi, island, area, wind"
8,,14,"2, wind, energi, island, offshor"
8,,1,"20, convert, hvdc, offshor, grid"
8,,1,"21, energi, wind, offshor, connect"
8,,4,"22, guard, wind, offshor, farm"
8,,10,"23, bornholm, thoma, wind, say"
8,,5,"29, island, energi, wind, sea"
8,,7,"30, wind, turbin, offshor, energi"
8,,6,"36, island, energi, wind, sea"
8,,4,"4, bornholm, sea, area, energi"
8,,1,"42, energi, ptx, heat, risk"
8,,8,"46, bornholm, wind, offshor, energi"
8,,1,"5, light, grid, power, offshor"
8,,2,"7, offshor, grid, bornholm, power"
8,,20,"8, wind, offshor, bornholm, mill"
8,,2,"9, island, bornholm, energi, offshor"
8,,10,Noise
8,,7,"11, offshor, wind, park, busi"
8,,5,"13, grid, offshor, wind, bornholm"
8,,1,"15, develop, energi, electr, project"
8,,2,"18, electr, tax, project, energi"
8,,7,"19, energi, island, area, wind"
8,,14,"2, wind, energi, island, offshor"
8,,1,"20, convert, hvdc, offshor, grid"
8,,1,"21, energi, wind, offshor, connect"
8,,4,"22, guard, wind, offshor, farm"
8,,10,"23, bornholm, thoma, wind, say"
8,,5,"29, island, energi, wind, sea"
8,,7,"30, wind, turbin, offshor, energi"
8,,6,"36, island, energi, wind, sea"
8,,4,"4, bornholm, sea, area, energi"
8,,1,"42, energi, ptx, heat, risk"
8,,8,"46, bornholm, wind, offshor, energi"
8,,1,"5, light, grid, power, offshor"
8,,2,"7, offshor, grid, bornholm, power"
8,,20,"8, wind, offshor, bornholm, mill"
8,,2,"9, island, bornholm, energi, offshor"
8,,10,Noise
8,,7,"11, offshor, wind, park, busi"
8,,5,"13, grid, offshor, wind, bornholm"
8,,1,"15, develop, energi, electr, project"
8,,2,"18, electr, tax, project, energi"
8,,7,"19, energi, island, area, wind"
8,,14,"2, wind, energi, island, offshor"
8,,1,"20, convert, hvdc, offshor, grid"
8,,1,"21, energi, wind, offshor, connect"
8,,4,"22, guard, wind, offshor, farm"
8,,10,"23, bornholm, thoma, wind, say"
8,,5,"29, island, energi, wind, sea"
8,,7,"30, wind, turbin, offshor, energi"
8,,6,"36, island, energi, wind, sea"
8,,4,"4, bornholm, sea, area, energi"
8,,1,"42, energi, ptx, heat, risk"
8,,8,"46, bornholm, wind, offshor, energi"
8,,1,"5, light, grid, power, offshor"
8,,2,"7, offshor, grid, bornholm, power"
8,,20,"8, wind, offshor, bornholm, mill"
8,,2,"9, island, bornholm, energi, offshor"
8,,10,Noise
8,,7,"11, offshor, wind, park, busi"
8,,5,"13, grid, offshor, wind, bornholm"
8,,1,"15, develop, energi, electr, project"
8,,2,"18, electr, tax, project, energi"
8,,7,"19, energi, island, area, wind"
8,,14,"2, wind, energi, island, offshor"
8,,1,"20, convert, hvdc, offshor, grid"
8,,1,"21, energi, wind, offshor, connect"
8,,4,"22, guard, wind, offshor, farm"
8,,10,"23, bornholm, thoma, wind, say"
8,,5,"29, island, energi, wind, sea"
8,,7,"30, wind, turbin, offshor, energi"
8,,6,"36, island, energi, wind, sea"
8,,4,"4, bornholm, sea, area, energi"
8,,1,"42, energi, ptx, heat, risk"
8,,8,"46, bornholm, wind, offshor, energi"
8,,1,"5, light, grid, power, offshor"
8,,2,"7, offshor, grid, bornholm, power"
8,,20,"8, wind, offshor, bornholm, mill"
8,,2,"9, island, bornholm, energi, offshor"
8,,10,Noise
8,,7,"11, offshor, wind, park, busi"
8,,5,"13, grid, offshor, wind, bornholm"
8,,1,"15, develop, energi, electr, project"
8,,2,"18, electr, tax, project, energi"
8,,7,"19, energi, island, area, wind"
8,,14,"2, wind, energi, island, offshor"
8,,1,"20, convert, hvdc, offshor, grid"
8,,1,"21, energi, wind, offshor, connect"
8,,4,"22, guard, wind, offshor, farm"
8,,10,"23, bornholm, thoma, wind, say"
8,,5,"29, island, energi, wind, sea"
8,,7,"30, wind, turbin, offshor, energi"
8,,6,"36, island, energi, wind, sea"
8,,4,"4, bornholm, sea, area, energi"
8,,1,"42, energi, ptx, heat, risk"
8,,8,"46, bornholm, wind, offshor, energi"
8,,1,"5, light, grid, power, offshor"
8,,2,"7, offshor, grid, bornholm, power"
8,,20,"8, wind, offshor, bornholm, mill"
8,,2,"9, island, bornholm, energi, offshor"
8,,10,Noise
8,,7,"11, offshor, wind, park, busi"
8,,5,"13, grid, offshor, wind, bornholm"
8,,1,"15, develop, energi, electr, project"
8,,2,"18, electr, tax, project, energi"
8,,7,"19, energi, island, area, wind"
8,,14,"2, wind, energi, island, offshor"
8,,1,"20, convert, hvdc, offshor, grid"
8,,1,"21, energi, wind, offshor, connect"
8,,4,"22, guard, wind, offshor, farm"
8,,10,"23, bornholm, thoma, wind, say"
8,,5,"29, island, energi, wind, sea"
8,,7,"30, wind, turbin, offshor, energi"
8,,6,"36, island, energi, wind, sea"
8,,4,"4, bornholm, sea, area, energi"
8,,1,"42, energi, ptx, heat, risk"
8,,8,"46, bornholm, wind, offshor, energi"
8,,1,"5, light, grid, power, offshor"
8,,2,"7, offshor, grid, bornholm, power"
8,,20,"8, wind, offshor, bornholm, mill"
8,,2,"9, island, bornholm, energi, offshor"
8,,10,Noise
8,,7,"11, offshor, wind, park, busi"
8,,5,"13, grid, offshor, wind, bornholm"
8,,1,"15, develop, energi, electr, project"
8,,2,"18, electr, tax, project, energi"
8,,7,"19, energi, island, area, wind"
8,,14,"2, wind, energi, island, offshor"
8,,1,"20, convert, hvdc, offshor, grid"
8,,1,"21, energi, wind, offshor, connect"
8,,4,"22, guard, wind, offshor, farm"
8,,10,"23, bornholm, thoma, wind, say"
8,,5,"29, island, energi, wind, sea"
8,,7,"30, wind, turbin, offshor, energi"
8,,6,"36, island, energi, wind, sea"
8,,4,"4, bornholm, sea, area, energi"
8,,1,"42, energi, ptx, heat, risk"
8,,8,"46, bornholm, wind, offshor, energi"
8,,1,"5, light, grid, power, offshor"
8,,2,"7, offshor, grid, bornholm, power"
8,,20,"8, wind, offshor, bornholm, mill"
8,,2,"9, island, bornholm, energi, offshor"
8,,10,Noise
8,,7,"11, offshor, wind, park, busi"
8,,5,"13, grid, offshor, wind, bornholm"
8,,1,"15, develop, energi, electr, project"
8,,2,"18, electr, tax, project, energi"
8,,7,"19, energi, island, area, wind"
8,,14,"2, wind, energi, island, offshor"
8,,1,"20, convert, hvdc, offshor, grid"
8,,1,"21, energi, wind, offshor, connect"
8,,4,"22, guard, wind, offshor, farm"
8,,10,"23, bornholm, thoma, wind, say"
8,,5,"29, island, energi, wind, sea"
8,,7,"30, wind, turbin, offshor, energi"
8,,6,"36, island, energi, wind, sea"
8,,4,"4, bornholm, sea, area, energi"
8,,1,"42, energi, ptx, heat, risk"
8,,8,"46, bornholm, wind, offshor, energi"
8,,1,"5, light, grid, power, offshor"
8,,2,"7, offshor, grid, bornholm, power"
8,,20,"8, wind, offshor, bornholm, mill"
8,,2,"9, island, bornholm, energi, offshor"
8,,10,Noise
8,,7,"11, offshor, wind, park, busi"
8,,5,"13, grid, offshor, wind, bornholm"
8,,1,"15, develop, energi, electr, project"
8,,2,"18, electr, tax, project, energi"
8,,7,"19, energi, island, area, wind"
8,,14,"2, wind, energi, island, offshor"
8,,1,"20, convert, hvdc, offshor, grid"
8,,1,"21, energi, wind, offshor, connect"
8,,4,"22, guard, wind, offshor, farm"
8,,10,"23, bornholm, thoma, wind, say"
8,,5,"29, island, energi, wind, sea"
8,,7,"30, wind, turbin, offshor, energi"
8,,6,"36, island, energi, wind, sea"
8,,4,"4, bornholm, sea, area, energi"
8,,1,"42, energi, ptx, heat, risk"
8,,8,"46, bornholm, wind, offshor, energi"
8,,1,"5, light, grid, power, offshor"
8,,2,"7, offshor, grid, bornholm, power"
8,,20,"8, wind, offshor, bornholm, mill"
8,,2,"9, island, bornholm, energi, offshor"
8,,10,Noise
8,,7,"11, offshor, wind, park, busi"
8,,5,"13, grid, offshor, wind, bornholm"
8,,1,"15, develop, energi, electr, project"
8,,2,"18, electr, tax, project, energi"
8,,7,"19, energi, island, area, wind"
8,,14,"2, wind, energi, island, offshor"
8,,1,"20, convert, hvdc, offshor, grid"
8,,1,"21, energi, wind, offshor, connect"
8,,4,"22, guard, wind, offshor, farm"
8,,10,"23, bornholm, thoma, wind, say"
8,,5,"29, island, energi, wind, sea"
8,,7,"30, wind, turbin, offshor, energi"
8,,6,"36, island, energi, wind, sea"
8,,4,"4, bornholm, sea, area, energi"
8,,1,"42, energi, ptx, heat, risk"
8,,8,"46, bornholm, wind, offshor, energi"
8,,1,"5, light, grid, power, offshor"
8,,2,"7, offshor, grid, bornholm, power"
8,,20,"8, wind, offshor, bornholm, mill"
8,,2,"9, island, bornholm, energi, offshor"
8,,10,Noise
8,,7,"11, offshor, wind, park, busi"
8,,5,"13, grid, offshor, wind, bornholm"
8,,1,"15, develop, energi, electr, project"
8,,2,"18, electr, tax, project, energi"
8,,7,"19, energi, island, area, wind"
8,,14,"2, wind, energi, island, offshor"
8,,1,"20, convert, hvdc, offshor, grid"
8,,1,"21, energi, wind, offshor, connect"
8,,4,"22, guard, wind, offshor, farm"
8,,10,"23, bornholm, thoma, wind, say"
8,,5,"29, island, energi, wind, sea"
8,,7,"30, wind, turbin, offshor, energi"
8,,6,"36, island, energi, wind, sea"
8,,4,"4, bornholm, sea, area, energi"
8,,1,"42, energi, ptx, heat, risk"
8,,8,"46, bornholm, wind, offshor, energi"
8,,1,"5, light, grid, power, offshor"
8,,2,"7, offshor, grid, bornholm, power"
8,,20,"8, wind, offshor, bornholm, mill"
8,,2,"9, island, bornholm, energi, offshor"
8,,10,Noise
8,,7,"11, offshor, wind, park, busi"
8,,5,"13, grid, offshor, wind, bornholm"
8,,1,"15, develop, energi, electr, project"
8,,2,"18, electr, tax, project, energi"
8,,7,"19, energi, island, area, wind"
8,,14,"2, wind, energi, island, offshor"
8,,1,"20, convert, hvdc, offshor, grid"
8,,1,"21, energi, wind, offshor, connect"
8,,4,"22, guard, wind, offshor, farm"
8,,10,"23, bornholm, thoma, wind, say"
8,,5,"29, island, energi, wind, sea"
8,,7,"30, wind, turbin, offshor, energi"
8,,6,"36, island, energi, wind, sea"
8,,4,"4, bornholm, sea, area, energi"
8,,1,"42, energi, ptx, heat, risk"
8,,8,"46, bornholm, wind, offshor, energi"
8,,1,"5, light, grid, power, offshor"
8,,2,"7, offshor, grid, bornholm, power"
8,,20,"8, wind, offshor, bornholm, mill"
8,,2,"9, island, bornholm, energi, offshor"
8,,10,Noise
8,,7,"11, offshor, wind, park, busi"
8,,5,"13, grid, offshor, wind, bornholm"
8,,1,"15, develop, energi, electr, project"
8,,2,"18, electr, tax, project, energi"
8,,7,"19, energi, island, area, wind"
8,,14,"2, wind, energi, island, offshor"
8,,1,"20, convert, hvdc, offshor, grid"
8,,1,"21, energi, wind, offshor, connect"
8,,4,"22, guard, wind, offshor, farm"
8,,10,"23, bornholm, thoma, wind, say"
8,,5,"29, island, energi, wind, sea"
8,,7,"30, wind, turbin, offshor, energi"
8,,6,"36, island, energi, wind, sea"
8,,4,"4, bornholm, sea, area, energi"
8,,1,"42, energi, ptx, heat, risk"
8,,8,"46, bornholm, wind, offshor, energi"
8,,1,"5, light, grid, power, offshor"
8,,2,"7, offshor, grid, bornholm, power"
8,,20,"8, wind, offshor, bornholm, mill"
8,,2,"9, island, bornholm, energi, offshor"
8,,10,Noise
8,,7,"11, offshor, wind, park, busi"
8,,5,"13, grid, offshor, wind, bornholm"
8,,1,"15, develop, energi, electr, project"
8,,2,"18, electr, tax, project, energi"
8,,7,"19, energi, island, area, wind"
8,,14,"2, wind, energi, island, offshor"
8,,1,"20, convert, hvdc, offshor, grid"
8,,1,"21, energi, wind, offshor, connect"
8,,4,"22, guard, wind, offshor, farm"
8,,10,"23, bornholm, thoma, wind, say"
8,,5,"29, island, energi, wind, sea"
8,,7,"30, wind, turbin, offshor, energi"
8,,6,"36, island, energi, wind, sea"
8,,4,"4, bornholm, sea, area, energi"
8,,1,"42, energi, ptx, heat, risk"
8,,8,"46, bornholm, wind, offshor, energi"
8,,1,"5, light, grid, power, offshor"
8,,2,"7, offshor, grid, bornholm, power"
8,,20,"8, wind, offshor, bornholm, mill"
8,,2,"9, island, bornholm, energi, offshor"
8,,10,Noise
8,,7,"11, offshor, wind, park, busi"
8,,5,"13, grid, offshor, wind, bornholm"
8,,1,"15, develop, energi, electr, project"
8,,2,"18, electr, tax, project, energi"
8,,7,"19, energi, island, area, wind"
8,,14,"2, wind, energi, island, offshor"
8,,1,"20, convert, hvdc, offshor, grid"
8,,1,"21, energi, wind, offshor, connect"
8,,4,"22, guard, wind, offshor, farm"
8,,10,"23, bornholm, thoma, wind, say"
8,,5,"29, island, energi, wind, sea"
8,,7,"30, wind, turbin, offshor, energi"
8,,6,"36, island, energi, wind, sea"
8,,4,"4, bornholm, sea, area, energi"
8,,1,"42, energi, ptx, heat, risk"
8,,8,"46, bornholm, wind, offshor, energi"
8,,1,"5, light, grid, power, offshor"
8,,2,"7, offshor, grid, bornholm, power"
8,,20,"8, wind, offshor, bornholm, mill"
8,,2,"9, island, bornholm, energi, offshor"
8,,10,Noise
8,,7,"11, offshor, wind, park, busi"
8,,5,"13, grid, offshor, wind, bornholm"
8,,1,"15, develop, energi, electr, project"
8,,2,"18, electr, tax, project, energi"
8,,7,"19, energi, island, area, wind"
8,,14,"2, wind, energi, island, offshor"
8,,1,"20, convert, hvdc, offshor, grid"
8,,1,"21, energi, wind, offshor, connect"
8,,4,"22, guard, wind, offshor, farm"
8,,10,"23, bornholm, thoma, wind, say"
8,,5,"29, island, energi, wind, sea"
8,,7,"30, wind, turbin, offshor, energi"
8,,6,"36, island, energi, wind, sea"
8,,4,"4, bornholm, sea, area, energi"
8,,1,"42, energi, ptx, heat, risk"
8,,8,"46, bornholm, wind, offshor, energi"
8,,1,"5, light, grid, power, offshor"
8,,2,"7, offshor, grid, bornholm, power"
8,,20,"8, wind, offshor, bornholm, mill"
8,,2,"9, island, bornholm, energi, offshor"
8,,10,Noise
8,,7,"11, offshor, wind, park, busi"
8,,5,"13, grid, offshor, wind, bornholm"
8,,1,"15, develop, energi, electr, project"
8,,2,"18, electr, tax, project, energi"
8,,7,"19, energi, island, area, wind"
8,,14,"2, wind, energi, island, offshor"
8,,1,"20, convert, hvdc, offshor, grid"
8,,1,"21, energi, wind, offshor, connect"
8,,4,"22, guard, wind, offshor, farm"
8,,10,"23, bornholm, thoma, wind, say"
8,,5,"29, island, energi, wind, sea"
8,,7,"30, wind, turbin, offshor, energi"
8,,6,"36, island, energi, wind, sea"
8,,4,"4, bornholm, sea, area, energi"
8,,1,"42, energi, ptx, heat, risk"
8,,8,"46, bornholm, wind, offshor, energi"
8,,1,"5, light, grid, power, offshor"
8,,2,"7, offshor, grid, bornholm, power"
8,,20,"8, wind, offshor, bornholm, mill"
8,,2,"9, island, bornholm, energi, offshor"
8,,10,Noise
8,,7,"11, offshor, wind, park, busi"
8,,5,"13, grid, offshor, wind, bornholm"
8,,1,"15, develop, energi, electr, project"
8,,2,"18, electr, tax, project, energi"
8,,7,"19, energi, island, area, wind"
8,,14,"2, wind, energi, island, offshor"
8,,1,"20, convert, hvdc, offshor, grid"
8,,1,"21, energi, wind, offshor, connect"
8,,4,"22, guard, wind, offshor, farm"
8,,10,"23, bornholm, thoma, wind, say"
8,,5,"29, island, energi, wind, sea"
8,,7,"30, wind, turbin, offshor, energi"
8,,6,"36, island, energi, wind, sea"
8,,4,"4, bornholm, sea, area, energi"
8,,1,"42, energi, ptx, heat, risk"
8,,8,"46, bornholm, wind, offshor, energi"
8,,1,"5, light, grid, power, offshor"
8,,2,"7, offshor, grid, bornholm, power"
8,,20,"8, wind, offshor, bornholm, mill"
8,,2,"9, island, bornholm, energi, offshor"
8,,10,Noise
8,,7,"11, offshor, wind, park, busi"
8,,5,"13, grid, offshor, wind, bornholm"
8,,1,"15, develop, energi, electr, project"
8,,2,"18, electr, tax, project, energi"
8,,7,"19, energi, island, area, wind"
8,,14,"2, wind, energi, island, offshor"
8,,1,"20, convert, hvdc, offshor, grid"
8,,1,"21, energi, wind, offshor, connect"
8,,4,"22, guard, wind, offshor, farm"
8,,10,"23, bornholm, thoma, wind, say"
8,,5,"29, island, energi, wind, sea"
8,,7,"30, wind, turbin, offshor, energi"
8,,6,"36, island, energi, wind, sea"
8,,4,"4, bornholm, sea, area, energi"
8,,1,"42, energi, ptx, heat, risk"
8,,8,"46, bornholm, wind, offshor, energi"
8,,1,"5, light, grid, power, offshor"
8,,2,"7, offshor, grid, bornholm, power"
8,,20,"8, wind, offshor, bornholm, mill"
8,,2,"9, island, bornholm, energi, offshor"
8,,10,Noise
8,,7,"11, offshor, wind, park, busi"
8,,5,"13, grid, offshor, wind, bornholm"
8,,1,"15, develop, energi, electr, project"
8,,2,"18, electr, tax, project, energi"
8,,7,"19, energi, island, area, wind"
8,,14,"2, wind, energi, island, offshor"
8,,1,"20, convert, hvdc, offshor, grid"
8,,1,"21, energi, wind, offshor, connect"
8,,4,"22, guard, wind, offshor, farm"
8,,10,"23, bornholm, thoma, wind, say"
8,,5,"29, island, energi, wind, sea"
8,,7,"30, wind, turbin, offshor, energi"
8,,6,"36, island, energi, wind, sea"
8,,4,"4, bornholm, sea, area, energi"
8,,1,"42, energi, ptx, heat, risk"
8,,8,"46, bornholm, wind, offshor, energi"
8,,1,"5, light, grid, power, offshor"
8,,2,"7, offshor, grid, bornholm, power"
8,,20,"8, wind, offshor, bornholm, mill"
8,,2,"9, island, bornholm, energi, offshor"
8,,10,Noise
8,,7,"11, offshor, wind, park, busi"
8,,5,"13, grid, offshor, wind, bornholm"
8,,1,"15, develop, energi, electr, project"
8,,2,"18, electr, tax, project, energi"
8,,7,"19, energi, island, area, wind"
8,,14,"2, wind, energi, island, offshor"
8,,1,"20, convert, hvdc, offshor, grid"
8,,1,"21, energi, wind, offshor, connect"
8,,4,"22, guard, wind, offshor, farm"
8,,10,"23, bornholm, thoma, wind, say"
8,,5,"29, island, energi, wind, sea"
8,,7,"30, wind, turbin, offshor, energi"
8,,6,"36, island, energi, wind, sea"
8,,4,"4, bornholm, sea, area, energi"
8,,1,"42, energi, ptx, heat, risk"
8,,8,"46, bornholm, wind, offshor, energi"
8,,1,"5, light, grid, power, offshor"
8,,2,"7, offshor, grid, bornholm, power"
8,,20,"8, wind, offshor, bornholm, mill"
8,,2,"9, island, bornholm, energi, offshor"
8,,10,Noise
8,,7,"11, offshor, wind, park, busi"
8,,5,"13, grid, offshor, wind, bornholm"
8,,1,"15, develop, energi, electr, project"
8,,2,"18, electr, tax, project, energi"
8,,7,"19, energi, island, area, wind"
8,,14,"2, wind, energi, island, offshor"
8,,1,"20, convert, hvdc, offshor, grid"
8,,1,"21, energi, wind, offshor, connect"
8,,4,"22, guard, wind, offshor, farm"
8,,10,"23, bornholm, thoma, wind, say"
8,,5,"29, island, energi, wind, sea"
8,,7,"30, wind, turbin, offshor, energi"
8,,6,"36, island, energi, wind, sea"
8,,4,"4, bornholm, sea, area, energi"
8,,1,"42, energi, ptx, heat, risk"
8,,8,"46, bornholm, wind, offshor, energi"
8,,1,"5, light, grid, power, offshor"
8,,2,"7, offshor, grid, bornholm, power"
8,,20,"8, wind, offshor, bornholm, mill"
8,,2,"9, island, bornholm, energi, offshor"
8,,10,Noise
8,,7,"11, offshor, wind, park, busi"
8,,5,"13, grid, offshor, wind, bornholm"
8,,1,"15, develop, energi, electr, project"
8,,2,"18, electr, tax, project, energi"
8,,7,"19, energi, island, area, wind"
8,,14,"2, wind, energi, island, offshor"
8,,1,"20, convert, hvdc, offshor, grid"
8,,1,"21, energi, wind, offshor, connect"
8,,4,"22, guard, wind, offshor, farm"
8,,10,"23, bornholm, thoma, wind, say"
8,,5,"29, island, energi, wind, sea"
8,,7,"30, wind, turbin, offshor, energi"
8,,6,"36, island, energi, wind, sea"
8,,4,"4, bornholm, sea, area, energi"
8,,1,"42, energi, ptx, heat, risk"
8,,8,"46, bornholm, wind, offshor, energi"
8,,1,"5, light, grid, power, offshor"
8,,2,"7, offshor, grid, bornholm, power"
8,,20,"8, wind, offshor, bornholm, mill"
8,,2,"9, island, bornholm, energi, offshor"
8,,10,Noise
8,,7,"11, offshor, wind, park, busi"
8,,5,"13, grid, offshor, wind, bornholm"
8,,1,"15, develop, energi, electr, project"
8,,2,"18, electr, tax, project, energi"
8,,7,"19, energi, island, area, wind"
8,,14,"2, wind, energi, island, offshor"
8,,1,"20, convert, hvdc, offshor, grid"
8,,1,"21, energi, wind, offshor, connect"
8,,4,"22, guard, wind, offshor, farm"
8,,10,"23, bornholm, thoma, wind, say"
8,,5,"29, island, energi, wind, sea"
8,,7,"30, wind, turbin, offshor, energi"
8,,6,"36, island, energi, wind, sea"
8,,4,"4, bornholm, sea, area, energi"
8,,1,"42, energi, ptx, heat, risk"
8,,8,"46, bornholm, wind, offshor, energi"
8,,1,"5, light, grid, power, offshor"
8,,2,"7, offshor, grid, bornholm, power"
8,,20,"8, wind, offshor, bornholm, mill"
8,,2,"9, island, bornholm, energi, offshor"
8,,10,Noise
8,,7,"11, offshor, wind, park, busi"
8,,5,"13, grid, offshor, wind, bornholm"
8,,1,"15, develop, energi, electr, project"
8,,2,"18, electr, tax, project, energi"
8,,7,"19, energi, island, area, wind"
8,,14,"2, wind, energi, island, offshor"
8,,1,"20, convert, hvdc, offshor, grid"
8,,1,"21, energi, wind, offshor, connect"
8,,4,"22, guard, wind, offshor, farm"
8,,10,"23, bornholm, thoma, wind, say"
8,,5,"29, island, energi, wind, sea"
8,,7,"30, wind, turbin, offshor, energi"
8,,6,"36, island, energi, wind, sea"
8,,4,"4, bornholm, sea, area, energi"
8,,1,"42, energi, ptx, heat, risk"
8,,8,"46, bornholm, wind, offshor, energi"
8,,1,"5, light, grid, power, offshor"
8,,2,"7, offshor, grid, bornholm, power"
8,,20,"8, wind, offshor, bornholm, mill"
8,,2,"9, island, bornholm, energi, offshor"
8,,10,Noise
8,,7,"11, offshor, wind, park, busi"
8,,5,"13, grid, offshor, wind, bornholm"
8,,1,"15, develop, energi, electr, project"
8,,2,"18, electr, tax, project, energi"
8,,7,"19, energi, island, area, wind"
8,,14,"2, wind, energi, island, offshor"
8,,1,"20, convert, hvdc, offshor, grid"
8,,1,"21, energi, wind, offshor, connect"
8,,4,"22, guard, wind, offshor, farm"
8,,10,"23, bornholm, thoma, wind, say"
8,,5,"29, island, energi, wind, sea"
8,,7,"30, wind, turbin, offshor, energi"
8,,6,"36, island, energi, wind, sea"
8,,4,"4, bornholm, sea, area, energi"
8,,1,"42, energi, ptx, heat, risk"
8,,8,"46, bornholm, wind, offshor, energi"
8,,1,"5, light, grid, power, offshor"
8,,2,"7, offshor, grid, bornholm, power"
8,,20,"8, wind, offshor, bornholm, mill"
8,,2,"9, island, bornholm, energi, offshor"
8,,10,Noise
8,,7,"11, offshor, wind, park, busi"
8,,5,"13, grid, offshor, wind, bornholm"
8,,1,"15, develop, energi, electr, project"
8,,2,"18, electr, tax, project, energi"
8,,7,"19, energi, island, area, wind"
8,,14,"2, wind, energi, island, offshor"
8,,1,"20, convert, hvdc, offshor, grid"
8,,1,"21, energi, wind, offshor, connect"
8,,4,"22, guard, wind, offshor, farm"
8,,10,"23, bornholm, thoma, wind, say"
8,,5,"29, island, energi, wind, sea"
8,,7,"30, wind, turbin, offshor, energi"
8,,6,"36, island, energi, wind, sea"
8,,4,"4, bornholm, sea, area, energi"
8,,1,"42, energi, ptx, heat, risk"
8,,8,"46, bornholm, wind, offshor, energi"
8,,1,"5, light, grid, power, offshor"
8,,2,"7, offshor, grid, bornholm, power"
8,,20,"8, wind, offshor, bornholm, mill"
8,,2,"9, island, bornholm, energi, offshor"
8,,10,Noise
8,,7,"11, offshor, wind, park, busi"
8,,5,"13, grid, offshor, wind, bornholm"
8,,1,"15, develop, energi, electr, project"
8,,2,"18, electr, tax, project, energi"
8,,7,"19, energi, island, area, wind"
8,,14,"2, wind, energi, island, offshor"
8,,1,"20, convert, hvdc, offshor, grid"
8,,1,"21, energi, wind, offshor, connect"
8,,4,"22, guard, wind, offshor, farm"
8,,10,"23, bornholm, thoma, wind, say"
8,,5,"29, island, energi, wind, sea"
8,,7,"30, wind, turbin, offshor, energi"
8,,6,"36, island, energi, wind, sea"
8,,4,"4, bornholm, sea, area, energi"
8,,1,"42, energi, ptx, heat, risk"
8,,8,"46, bornholm, wind, offshor, energi"
8,,1,"5, light, grid, power, offshor"
8,,2,"7, offshor, grid, bornholm, power"
8,,20,"8, wind, offshor, bornholm, mill"
8,,2,"9, island, bornholm, energi, offshor"
8,,10,Noise
8,,7,"11, offshor, wind, park, busi"
8,,5,"13, grid, offshor, wind, bornholm"
8,,1,"15, develop, energi, electr, project"
8,,2,"18, electr, tax, project, energi"
8,,7,"19, energi, island, area, wind"
8,,14,"2, wind, energi, island, offshor"
8,,1,"20, convert, hvdc, offshor, grid"
8,,1,"21, energi, wind, offshor, connect"
8,,4,"22, guard, wind, offshor, farm"
8,,10,"23, bornholm, thoma, wind, say"
8,,5,"29, island, energi, wind, sea"
8,,7,"30, wind, turbin, offshor, energi"
8,,6,"36, island, energi, wind, sea"
8,,4,"4, bornholm, sea, area, energi"
8,,1,"42, energi, ptx, heat, risk"
8,,8,"46, bornholm, wind, offshor, energi"
8,,1,"5, light, grid, power, offshor"
8,,2,"7, offshor, grid, bornholm, power"
8,,20,"8, wind, offshor, bornholm, mill"
8,,2,"9, island, bornholm, energi, offshor"
8,,10,Noise
8,,7,"11, offshor, wind, park, busi"
8,,5,"13, grid, offshor, wind, bornholm"
8,,1,"15, develop, energi, electr, project"
8,,2,"18, electr, tax, project, energi"
8,,7,"19, energi, island, area, wind"
8,,14,"2, wind, energi, island, offshor"
8,,1,"20, convert, hvdc, offshor, grid"
8,,1,"21, energi, wind, offshor, connect"
8,,4,"22, guard, wind, offshor, farm"
8,,10,"23, bornholm, thoma, wind, say"
8,,5,"29, island, energi, wind, sea"
8,,7,"30, wind, turbin, offshor, energi"
8,,6,"36, island, energi, wind, sea"
8,,4,"4, bornholm, sea, area, energi"
8,,1,"42, energi, ptx, heat, risk"
8,,8,"46, bornholm, wind, offshor, energi"
8,,1,"5, light, grid, power, offshor"
8,,2,"7, offshor, grid, bornholm, power"
8,,20,"8, wind, offshor, bornholm, mill"
8,,2,"9, island, bornholm, energi, offshor"
8,,10,Noise
8,,7,"11, offshor, wind, park, busi"
8,,5,"13, grid, offshor, wind, bornholm"
8,,1,"15, develop, energi, electr, project"
8,,2,"18, electr, tax, project, energi"
8,,7,"19, energi, island, area, wind"
8,,14,"2, wind, energi, island, offshor"
8,,1,"20, convert, hvdc, offshor, grid"
8,,1,"21, energi, wind, offshor, connect"
8,,4,"22, guard, wind, offshor, farm"
8,,10,"23, bornholm, thoma, wind, say"
8,,5,"29, island, energi, wind, sea"
8,,7,"30, wind, turbin, offshor, energi"
8,,6,"36, island, energi, wind, sea"
8,,4,"4, bornholm, sea, area, energi"
8,,1,"42, energi, ptx, heat, risk"
8,,8,"46, bornholm, wind, offshor, energi"
8,,1,"5, light, grid, power, offshor"
8,,2,"7, offshor, grid, bornholm, power"
8,,20,"8, wind, offshor, bornholm, mill"
8,,2,"9, island, bornholm, energi, offshor"
8,,10,Noise
2,,16,"10, baltic, bornholm, defens, energi"
2,,5,"11, offshor, wind, park, busi"
2,,3,"14, citizen, area, land, station"
2,,12,"17, bornholm, debat, say, baltic"
2,,3,"19, energi, island, area, wind"
2,,6,"2, wind, energi, island, offshor"
2,,2,"23, bornholm, thoma, wind, say"
2,,8,"29, island, energi, wind, sea"
2,,3,"30, wind, turbin, offshor, energi"
2,,1,"31, price, zone, center, data"
2,,11,"34, bornholm, baltic, energi, harbor"
2,,3,"36, island, energi, wind, sea"
2,,11,"4, bornholm, sea, area, energi"
2,,1,"42, energi, ptx, heat, risk"
2,,2,"46, bornholm, wind, offshor, energi"
2,,1,"5, light, grid, power, offshor"
2,,7,"8, wind, offshor, bornholm, mill"
2,,2,"9, island, bornholm, energi, offshor"
2,,6,Noise
2,,16,"10, baltic, bornholm, defens, energi"
2,,5,"11, offshor, wind, park, busi"
2,,3,"14, citizen, area, land, station"
2,,12,"17, bornholm, debat, say, baltic"
2,,3,"19, energi, island, area, wind"
2,,6,"2, wind, energi, island, offshor"
2,,2,"23, bornholm, thoma, wind, say"
2,,8,"29, island, energi, wind, sea"
2,,3,"30, wind, turbin, offshor, energi"
2,,1,"31, price, zone, center, data"
2,,11,"34, bornholm, baltic, energi, harbor"
2,,3,"36, island, energi, wind, sea"
2,,11,"4, bornholm, sea, area, energi"
2,,1,"42, energi, ptx, heat, risk"
2,,2,"46, bornholm, wind, offshor, energi"
2,,1,"5, light, grid, power, offshor"
2,,7,"8, wind, offshor, bornholm, mill"
2,,2,"9, island, bornholm, energi, offshor"
2,,6,Noise
2,,16,"10, baltic, bornholm, defens, energi"
2,,5,"11, offshor, wind, park, busi"
2,,3,"14, citizen, area, land, station"
2,,12,"17, bornholm, debat, say, baltic"
2,,3,"19, energi, island, area, wind"
2,,6,"2, wind, energi, island, offshor"
2,,2,"23, bornholm, thoma, wind, say"
2,,8,"29, island, energi, wind, sea"
2,,3,"30, wind, turbin, offshor, energi"
2,,1,"31, price, zone, center, data"
2,,11,"34, bornholm, baltic, energi, harbor"
2,,3,"36, island, energi, wind, sea"
2,,11,"4, bornholm, sea, area, energi"
2,,1,"42, energi, ptx, heat, risk"
2,,2,"46, bornholm, wind, offshor, energi"
2,,1,"5, light, grid, power, offshor"
2,,7,"8, wind, offshor, bornholm, mill"
2,,2,"9, island, bornholm, energi, offshor"
2,,6,Noise
2,,16,"10, baltic, bornholm, defens, energi"
2,,5,"11, offshor, wind, park, busi"
2,,3,"14, citizen, area, land, station"
2,,12,"17, bornholm, debat, say, baltic"
2,,3,"19, energi, island, area, wind"
2,,6,"2, wind, energi, island, offshor"
2,,2,"23, bornholm, thoma, wind, say"
2,,8,"29, island, energi, wind, sea"
2,,3,"30, wind, turbin, offshor, energi"
2,,1,"31, price, zone, center, data"
2,,11,"34, bornholm, baltic, energi, harbor"
2,,3,"36, island, energi, wind, sea"
2,,11,"4, bornholm, sea, area, energi"
2,,1,"42, energi, ptx, heat, risk"
2,,2,"46, bornholm, wind, offshor, energi"
2,,1,"5, light, grid, power, offshor"
2,,7,"8, wind, offshor, bornholm, mill"
2,,2,"9, island, bornholm, energi, offshor"
2,,6,Noise
2,,16,"10, baltic, bornholm, defens, energi"
2,,5,"11, offshor, wind, park, busi"
2,,3,"14, citizen, area, land, station"
2,,12,"17, bornholm, debat, say, baltic"
2,,3,"19, energi, island, area, wind"
2,,6,"2, wind, energi, island, offshor"
2,,2,"23, bornholm, thoma, wind, say"
2,,8,"29, island, energi, wind, sea"
2,,3,"30, wind, turbin, offshor, energi"
2,,1,"31, price, zone, center, data"
2,,11,"34, bornholm, baltic, energi, harbor"
2,,3,"36, island, energi, wind, sea"
2,,11,"4, bornholm, sea, area, energi"
2,,1,"42, energi, ptx, heat, risk"
2,,2,"46, bornholm, wind, offshor, energi"
2,,1,"5, light, grid, power, offshor"
2,,7,"8, wind, offshor, bornholm, mill"
2,,2,"9, island, bornholm, energi, offshor"
2,,6,Noise
2,,16,"10, baltic, bornholm, defens, energi"
2,,5,"11, offshor, wind, park, busi"
2,,3,"14, citizen, area, land, station"
2,,12,"17, bornholm, debat, say, baltic"
2,,3,"19, energi, island, area, wind"
2,,6,"2, wind, energi, island, offshor"
2,,2,"23, bornholm, thoma, wind, say"
2,,8,"29, island, energi, wind, sea"
2,,3,"30, wind, turbin, offshor, energi"
2,,1,"31, price, zone, center, data"
2,,11,"34, bornholm, baltic, energi, harbor"
2,,3,"36, island, energi, wind, sea"
2,,11,"4, bornholm, sea, area, energi"
2,,1,"42, energi, ptx, heat, risk"
2,,2,"46, bornholm, wind, offshor, energi"
2,,1,"5, light, grid, power, offshor"
2,,7,"8, wind, offshor, bornholm, mill"
2,,2,"9, island, bornholm, energi, offshor"
2,,6,Noise
2,,16,"10, baltic, bornholm, defens, energi"
2,,5,"11, offshor, wind, park, busi"
2,,3,"14, citizen, area, land, station"
2,,12,"17, bornholm, debat, say, baltic"
2,,3,"19, energi, island, area, wind"
2,,6,"2, wind, energi, island, offshor"
2,,2,"23, bornholm, thoma, wind, say"
2,,8,"29, island, energi, wind, sea"
2,,3,"30, wind, turbin, offshor, energi"
2,,1,"31, price, zone, center, data"
2,,11,"34, bornholm, baltic, energi, harbor"
2,,3,"36, island, energi, wind, sea"
2,,11,"4, bornholm, sea, area, energi"
2,,1,"42, energi, ptx, heat, risk"
2,,2,"46, bornholm, wind, offshor, energi"
2,,1,"5, light, grid, power, offshor"
2,,7,"8, wind, offshor, bornholm, mill"
2,,2,"9, island, bornholm, energi, offshor"
2,,6,Noise
2,,16,"10, baltic, bornholm, defens, energi"
2,,5,"11, offshor, wind, park, busi"
2,,3,"14, citizen, area, land, station"
2,,12,"17, bornholm, debat, say, baltic"
2,,3,"19, energi, island, area, wind"
2,,6,"2, wind, energi, island, offshor"
2,,2,"23, bornholm, thoma, wind, say"
2,,8,"29, island, energi, wind, sea"
2,,3,"30, wind, turbin, offshor, energi"
2,,1,"31, price, zone, center, data"
2,,11,"34, bornholm, baltic, energi, harbor"
2,,3,"36, island, energi, wind, sea"
2,,11,"4, bornholm, sea, area, energi"
2,,1,"42, energi, ptx, heat, risk"
2,,2,"46, bornholm, wind, offshor, energi"
2,,1,"5, light, grid, power, offshor"
2,,7,"8, wind, offshor, bornholm, mill"
2,,2,"9, island, bornholm, energi, offshor"
2,,6,Noise
2,,16,"10, baltic, bornholm, defens, energi"
2,,5,"11, offshor, wind, park, busi"
2,,3,"14, citizen, area, land, station"
2,,12,"17, bornholm, debat, say, baltic"
2,,3,"19, energi, island, area, wind"
2,,6,"2, wind, energi, island, offshor"
2,,2,"23, bornholm, thoma, wind, say"
2,,8,"29, island, energi, wind, sea"
2,,3,"30, wind, turbin, offshor, energi"
2,,1,"31, price, zone, center, data"
2,,11,"34, bornholm, baltic, energi, harbor"
2,,3,"36, island, energi, wind, sea"
2,,11,"4, bornholm, sea, area, energi"
2,,1,"42, energi, ptx, heat, risk"
2,,2,"46, bornholm, wind, offshor, energi"
2,,1,"5, light, grid, power, offshor"
2,,7,"8, wind, offshor, bornholm, mill"
2,,2,"9, island, bornholm, energi, offshor"
2,,6,Noise
2,,16,"10, baltic, bornholm, defens, energi"
2,,5,"11, offshor, wind, park, busi"
2,,3,"14, citizen, area, land, station"
2,,12,"17, bornholm, debat, say, baltic"
2,,3,"19, energi, island, area, wind"
2,,6,"2, wind, energi, island, offshor"
2,,2,"23, bornholm, thoma, wind, say"
2,,8,"29, island, energi, wind, sea"
2,,3,"30, wind, turbin, offshor, energi"
2,,1,"31, price, zone, center, data"
2,,11,"34, bornholm, baltic, energi, harbor"
2,,3,"36, island, energi, wind, sea"
2,,11,"4, bornholm, sea, area, energi"
2,,1,"42, energi, ptx, heat, risk"
2,,2,"46, bornholm, wind, offshor, energi"
2,,1,"5, light, grid, power, offshor"
2,,7,"8, wind, offshor, bornholm, mill"
2,,2,"9, island, bornholm, energi, offshor"
2,,6,Noise
2,,16,"10, baltic, bornholm, defens, energi"
2,,5,"11, offshor, wind, park, busi"
2,,3,"14, citizen, area, land, station"
2,,12,"17, bornholm, debat, say, baltic"
2,,3,"19, energi, island, area, wind"
2,,6,"2, wind, energi, island, offshor"
2,,2,"23, bornholm, thoma, wind, say"
2,,8,"29, island, energi, wind, sea"
2,,3,"30, wind, turbin, offshor, energi"
2,,1,"31, price, zone, center, data"
2,,11,"34, bornholm, baltic, energi, harbor"
2,,3,"36, island, energi, wind, sea"
2,,11,"4, bornholm, sea, area, energi"
2,,1,"42, energi, ptx, heat, risk"
2,,2,"46, bornholm, wind, offshor, energi"
2,,1,"5, light, grid, power, offshor"
2,,7,"8, wind, offshor, bornholm, mill"
2,,2,"9, island, bornholm, energi, offshor"
2,,6,Noise
2,,16,"10, baltic, bornholm, defens, energi"
2,,5,"11, offshor, wind, park, busi"
2,,3,"14, citizen, area, land, station"
2,,12,"17, bornholm, debat, say, baltic"
2,,3,"19, energi, island, area, wind"
2,,6,"2, wind, energi, island, offshor"
2,,2,"23, bornholm, thoma, wind, say"
2,,8,"29, island, energi, wind, sea"
2,,3,"30, wind, turbin, offshor, energi"
2,,1,"31, price, zone, center, data"
2,,11,"34, bornholm, baltic, energi, harbor"
2,,3,"36, island, energi, wind, sea"
2,,11,"4, bornholm, sea, area, energi"
2,,1,"42, energi, ptx, heat, risk"
2,,2,"46, bornholm, wind, offshor, energi"
2,,1,"5, light, grid, power, offshor"
2,,7,"8, wind, offshor, bornholm, mill"
2,,2,"9, island, bornholm, energi, offshor"
2,,6,Noise
2,,16,"10, baltic, bornholm, defens, energi"
2,,5,"11, offshor, wind, park, busi"
2,,3,"14, citizen, area, land, station"
2,,12,"17, bornholm, debat, say, baltic"
2,,3,"19, energi, island, area, wind"
2,,6,"2, wind, energi, island, offshor"
2,,2,"23, bornholm, thoma, wind, say"
2,,8,"29, island, energi, wind, sea"
2,,3,"30, wind, turbin, offshor, energi"
2,,1,"31, price, zone, center, data"
2,,11,"34, bornholm, baltic, energi, harbor"
2,,3,"36, island, energi, wind, sea"
2,,11,"4, bornholm, sea, area, energi"
2,,1,"42, energi, ptx, heat, risk"
2,,2,"46, bornholm, wind, offshor, energi"
2,,1,"5, light, grid, power, offshor"
2,,7,"8, wind, offshor, bornholm, mill"
2,,2,"9, island, bornholm, energi, offshor"
2,,6,Noise
2,,16,"10, baltic, bornholm, defens, energi"
2,,5,"11, offshor, wind, park, busi"
2,,3,"14, citizen, area, land, station"
2,,12,"17, bornholm, debat, say, baltic"
2,,3,"19, energi, island, area, wind"
2,,6,"2, wind, energi, island, offshor"
2,,2,"23, bornholm, thoma, wind, say"
2,,8,"29, island, energi, wind, sea"
2,,3,"30, wind, turbin, offshor, energi"
2,,1,"31, price, zone, center, data"
2,,11,"34, bornholm, baltic, energi, harbor"
2,,3,"36, island, energi, wind, sea"
2,,11,"4, bornholm, sea, area, energi"
2,,1,"42, energi, ptx, heat, risk"
2,,2,"46, bornholm, wind, offshor, energi"
2,,1,"5, light, grid, power, offshor"
2,,7,"8, wind, offshor, bornholm, mill"
2,,2,"9, island, bornholm, energi, offshor"
2,,6,Noise
2,,16,"10, baltic, bornholm, defens, energi"
2,,5,"11, offshor, wind, park, busi"
2,,3,"14, citizen, area, land, station"
2,,12,"17, bornholm, debat, say, baltic"
2,,3,"19, energi, island, area, wind"
2,,6,"2, wind, energi, island, offshor"
2,,2,"23, bornholm, thoma, wind, say"
2,,8,"29, island, energi, wind, sea"
2,,3,"30, wind, turbin, offshor, energi"
2,,1,"31, price, zone, center, data"
2,,11,"34, bornholm, baltic, energi, harbor"
2,,3,"36, island, energi, wind, sea"
2,,11,"4, bornholm, sea, area, energi"
2,,1,"42, energi, ptx, heat, risk"
2,,2,"46, bornholm, wind, offshor, energi"
2,,1,"5, light, grid, power, offshor"
2,,7,"8, wind, offshor, bornholm, mill"
2,,2,"9, island, bornholm, energi, offshor"
2,,6,Noise
2,,16,"10, baltic, bornholm, defens, energi"
2,,5,"11, offshor, wind, park, busi"
2,,3,"14, citizen, area, land, station"
2,,12,"17, bornholm, debat, say, baltic"
2,,3,"19, energi, island, area, wind"
2,,6,"2, wind, energi, island, offshor"
2,,2,"23, bornholm, thoma, wind, say"
2,,8,"29, island, energi, wind, sea"
2,,3,"30, wind, turbin, offshor, energi"
2,,1,"31, price, zone, center, data"
2,,11,"34, bornholm, baltic, energi, harbor"
2,,3,"36, island, energi, wind, sea"
2,,11,"4, bornholm, sea, area, energi"
2,,1,"42, energi, ptx, heat, risk"
2,,2,"46, bornholm, wind, offshor, energi"
2,,1,"5, light, grid, power, offshor"
2,,7,"8, wind, offshor, bornholm, mill"
2,,2,"9, island, bornholm, energi, offshor"
2,,6,Noise
2,,16,"10, baltic, bornholm, defens, energi"
2,,5,"11, offshor, wind, park, busi"
2,,3,"14, citizen, area, land, station"
2,,12,"17, bornholm, debat, say, baltic"
2,,3,"19, energi, island, area, wind"
2,,6,"2, wind, energi, island, offshor"
2,,2,"23, bornholm, thoma, wind, say"
2,,8,"29, island, energi, wind, sea"
2,,3,"30, wind, turbin, offshor, energi"
2,,1,"31, price, zone, center, data"
2,,11,"34, bornholm, baltic, energi, harbor"
2,,3,"36, island, energi, wind, sea"
2,,11,"4, bornholm, sea, area, energi"
2,,1,"42, energi, ptx, heat, risk"
2,,2,"46, bornholm, wind, offshor, energi"
2,,1,"5, light, grid, power, offshor"
2,,7,"8, wind, offshor, bornholm, mill"
2,,2,"9, island, bornholm, energi, offshor"
2,,6,Noise
2,,16,"10, baltic, bornholm, defens, energi"
2,,5,"11, offshor, wind, park, busi"
2,,3,"14, citizen, area, land, station"
2,,12,"17, bornholm, debat, say, baltic"
2,,3,"19, energi, island, area, wind"
2,,6,"2, wind, energi, island, offshor"
2,,2,"23, bornholm, thoma, wind, say"
2,,8,"29, island, energi, wind, sea"
2,,3,"30, wind, turbin, offshor, energi"
2,,1,"31, price, zone, center, data"
2,,11,"34, bornholm, baltic, energi, harbor"
2,,3,"36, island, energi, wind, sea"
2,,11,"4, bornholm, sea, area, energi"
2,,1,"42, energi, ptx, heat, risk"
2,,2,"46, bornholm, wind, offshor, energi"
2,,1,"5, light, grid, power, offshor"
2,,7,"8, wind, offshor, bornholm, mill"
2,,2,"9, island, bornholm, energi, offshor"
2,,6,Noise
2,,16,"10, baltic, bornholm, defens, energi"
2,,5,"11, offshor, wind, park, busi"
2,,3,"14, citizen, area, land, station"
2,,12,"17, bornholm, debat, say, baltic"
2,,3,"19, energi, island, area, wind"
2,,6,"2, wind, energi, island, offshor"
2,,2,"23, bornholm, thoma, wind, say"
2,,8,"29, island, energi, wind, sea"
2,,3,"30, wind, turbin, offshor, energi"
2,,1,"31, price, zone, center, data"
2,,11,"34, bornholm, baltic, energi, harbor"
2,,3,"36, island, energi, wind, sea"
2,,11,"4, bornholm, sea, area, energi"
2,,1,"42, energi, ptx, heat, risk"
2,,2,"46, bornholm, wind, offshor, energi"
2,,1,"5, light, grid, power, offshor"
2,,7,"8, wind, offshor, bornholm, mill"
2,,2,"9, island, bornholm, energi, offshor"
2,,6,Noise
2,,16,"10, baltic, bornholm, defens, energi"
2,,5,"11, offshor, wind, park, busi"
2,,3,"14, citizen, area, land, station"
2,,12,"17, bornholm, debat, say, baltic"
2,,3,"19, energi, island, area, wind"
2,,6,"2, wind, energi, island, offshor"
2,,2,"23, bornholm, thoma, wind, say"
2,,8,"29, island, energi, wind, sea"
2,,3,"30, wind, turbin, offshor, energi"
2,,1,"31, price, zone, center, data"
2,,11,"34, bornholm, baltic, energi, harbor"
2,,3,"36, island, energi, wind, sea"
2,,11,"4, bornholm, sea, area, energi"
2,,1,"42, energi, ptx, heat, risk"
2,,2,"46, bornholm, wind, offshor, energi"
2,,1,"5, light, grid, power, offshor"
2,,7,"8, wind, offshor, bornholm, mill"
2,,2,"9, island, bornholm, energi, offshor"
2,,6,Noise
2,,16,"10, baltic, bornholm, defens, energi"
2,,5,"11, offshor, wind, park, busi"
2,,3,"14, citizen, area, land, station"
2,,12,"17, bornholm, debat, say, baltic"
2,,3,"19, energi, island, area, wind"
2,,6,"2, wind, energi, island, offshor"
2,,2,"23, bornholm, thoma, wind, say"
2,,8,"29, island, energi, wind, sea"
2,,3,"30, wind, turbin, offshor, energi"
2,,1,"31, price, zone, center, data"
2,,11,"34, bornholm, baltic, energi, harbor"
2,,3,"36, island, energi, wind, sea"
2,,11,"4, bornholm, sea, area, energi"
2,,1,"42, energi, ptx, heat, risk"
2,,2,"46, bornholm, wind, offshor, energi"
2,,1,"5, light, grid, power, offshor"
2,,7,"8, wind, offshor, bornholm, mill"
2,,2,"9, island, bornholm, energi, offshor"
2,,6,Noise
2,,16,"10, baltic, bornholm, defens, energi"
2,,5,"11, offshor, wind, park, busi"
2,,3,"14, citizen, area, land, station"
2,,12,"17, bornholm, debat, say, baltic"
2,,3,"19, energi, island, area, wind"
2,,6,"2, wind, energi, island, offshor"
2,,2,"23, bornholm, thoma, wind, say"
2,,8,"29, island, energi, wind, sea"
2,,3,"30, wind, turbin, offshor, energi"
2,,1,"31, price, zone, center, data"
2,,11,"34, bornholm, baltic, energi, harbor"
2,,3,"36, island, energi, wind, sea"
2,,11,"4, bornholm, sea, area, energi"
2,,1,"42, energi, ptx, heat, risk"
2,,2,"46, bornholm, wind, offshor, energi"
2,,1,"5, light, grid, power, offshor"
2,,7,"8, wind, offshor, bornholm, mill"
2,,2,"9, island, bornholm, energi, offshor"
2,,6,Noise
2,,16,"10, baltic, bornholm, defens, energi"
2,,5,"11, offshor, wind, park, busi"
2,,3,"14, citizen, area, land, station"
2,,12,"17, bornholm, debat, say, baltic"
2,,3,"19, energi, island, area, wind"
2,,6,"2, wind, energi, island, offshor"
2,,2,"23, bornholm, thoma, wind, say"
2,,8,"29, island, energi, wind, sea"
2,,3,"30, wind, turbin, offshor, energi"
2,,1,"31, price, zone, center, data"
2,,11,"34, bornholm, baltic, energi, harbor"
2,,3,"36, island, energi, wind, sea"
2,,11,"4, bornholm, sea, area, energi"
2,,1,"42, energi, ptx, heat, risk"
2,,2,"46, bornholm, wind, offshor, energi"
2,,1,"5, light, grid, power, offshor"
2,,7,"8, wind, offshor, bornholm, mill"
2,,2,"9, island, bornholm, energi, offshor"
2,,6,Noise
2,,16,"10, baltic, bornholm, defens, energi"
2,,5,"11, offshor, wind, park, busi"
2,,3,"14, citizen, area, land, station"
2,,12,"17, bornholm, debat, say, baltic"
2,,3,"19, energi, island, area, wind"
2,,6,"2, wind, energi, island, offshor"
2,,2,"23, bornholm, thoma, wind, say"
2,,8,"29, island, energi, wind, sea"
2,,3,"30, wind, turbin, offshor, energi"
2,,1,"31, price, zone, center, data"
2,,11,"34, bornholm, baltic, energi, harbor"
2,,3,"36, island, energi, wind, sea"
2,,11,"4, bornholm, sea, area, energi"
2,,1,"42, energi, ptx, heat, risk"
2,,2,"46, bornholm, wind, offshor, energi"
2,,1,"5, light, grid, power, offshor"
2,,7,"8, wind, offshor, bornholm, mill"
2,,2,"9, island, bornholm, energi, offshor"
2,,6,Noise
2,,16,"10, baltic, bornholm, defens, energi"
2,,5,"11, offshor, wind, park, busi"
2,,3,"14, citizen, area, land, station"
2,,12,"17, bornholm, debat, say, baltic"
2,,3,"19, energi, island, area, wind"
2,,6,"2, wind, energi, island, offshor"
2,,2,"23, bornholm, thoma, wind, say"
2,,8,"29, island, energi, wind, sea"
2,,3,"30, wind, turbin, offshor, energi"
2,,1,"31, price, zone, center, data"
2,,11,"34, bornholm, baltic, energi, harbor"
2,,3,"36, island, energi, wind, sea"
2,,11,"4, bornholm, sea, area, energi"
2,,1,"42, energi, ptx, heat, risk"
2,,2,"46, bornholm, wind, offshor, energi"
2,,1,"5, light, grid, power, offshor"
2,,7,"8, wind, offshor, bornholm, mill"
2,,2,"9, island, bornholm, energi, offshor"
2,,6,Noise
2,,16,"10, baltic, bornholm, defens, energi"
2,,5,"11, offshor, wind, park, busi"
2,,3,"14, citizen, area, land, station"
2,,12,"17, bornholm, debat, say, baltic"
2,,3,"19, energi, island, area, wind"
2,,6,"2, wind, energi, island, offshor"
2,,2,"23, bornholm, thoma, wind, say"
2,,8,"29, island, energi, wind, sea"
2,,3,"30, wind, turbin, offshor, energi"
2,,1,"31, price, zone, center, data"
2,,11,"34, bornholm, baltic, energi, harbor"
2,,3,"36, island, energi, wind, sea"
2,,11,"4, bornholm, sea, area, energi"
2,,1,"42, energi, ptx, heat, risk"
2,,2,"46, bornholm, wind, offshor, energi"
2,,1,"5, light, grid, power, offshor"
2,,7,"8, wind, offshor, bornholm, mill"
2,,2,"9, island, bornholm, energi, offshor"
2,,6,Noise
2,,16,"10, baltic, bornholm, defens, energi"
2,,5,"11, offshor, wind, park, busi"
2,,3,"14, citizen, area, land, station"
2,,12,"17, bornholm, debat, say, baltic"
2,,3,"19, energi, island, area, wind"
2,,6,"2, wind, energi, island, offshor"
2,,2,"23, bornholm, thoma, wind, say"
2,,8,"29, island, energi, wind, sea"
2,,3,"30, wind, turbin, offshor, energi"
2,,1,"31, price, zone, center, data"
2,,11,"34, bornholm, baltic, energi, harbor"
2,,3,"36, island, energi, wind, sea"
2,,11,"4, bornholm, sea, area, energi"
2,,1,"42, energi, ptx, heat, risk"
2,,2,"46, bornholm, wind, offshor, energi"
2,,1,"5, light, grid, power, offshor"
2,,7,"8, wind, offshor, bornholm, mill"
2,,2,"9, island, bornholm, energi, offshor"
2,,6,Noise
2,,16,"10, baltic, bornholm, defens, energi"
2,,5,"11, offshor, wind, park, busi"
2,,3,"14, citizen, area, land, station"
2,,12,"17, bornholm, debat, say, baltic"
2,,3,"19, energi, island, area, wind"
2,,6,"2, wind, energi, island, offshor"
2,,2,"23, bornholm, thoma, wind, say"
2,,8,"29, island, energi, wind, sea"
2,,3,"30, wind, turbin, offshor, energi"
2,,1,"31, price, zone, center, data"
2,,11,"34, bornholm, baltic, energi, harbor"
2,,3,"36, island, energi, wind, sea"
2,,11,"4, bornholm, sea, area, energi"
2,,1,"42, energi, ptx, heat, risk"
2,,2,"46, bornholm, wind, offshor, energi"
2,,1,"5, light, grid, power, offshor"
2,,7,"8, wind, offshor, bornholm, mill"
2,,2,"9, island, bornholm, energi, offshor"
2,,6,Noise
2,,16,"10, baltic, bornholm, defens, energi"
2,,5,"11, offshor, wind, park, busi"
2,,3,"14, citizen, area, land, station"
2,,12,"17, bornholm, debat, say, baltic"
2,,3,"19, energi, island, area, wind"
2,,6,"2, wind, energi, island, offshor"
2,,2,"23, bornholm, thoma, wind, say"
2,,8,"29, island, energi, wind, sea"
2,,3,"30, wind, turbin, offshor, energi"
2,,1,"31, price, zone, center, data"
2,,11,"34, bornholm, baltic, energi, harbor"
2,,3,"36, island, energi, wind, sea"
2,,11,"4, bornholm, sea, area, energi"
2,,1,"42, energi, ptx, heat, risk"
2,,2,"46, bornholm, wind, offshor, energi"
2,,1,"5, light, grid, power, offshor"
2,,7,"8, wind, offshor, bornholm, mill"
2,,2,"9, island, bornholm, energi, offshor"
2,,6,Noise
2,,16,"10, baltic, bornholm, defens, energi"
2,,5,"11, offshor, wind, park, busi"
2,,3,"14, citizen, area, land, station"
2,,12,"17, bornholm, debat, say, baltic"
2,,3,"19, energi, island, area, wind"
2,,6,"2, wind, energi, island, offshor"
2,,2,"23, bornholm, thoma, wind, say"
2,,8,"29, island, energi, wind, sea"
2,,3,"30, wind, turbin, offshor, energi"
2,,1,"31, price, zone, center, data"
2,,11,"34, bornholm, baltic, energi, harbor"
2,,3,"36, island, energi, wind, sea"
2,,11,"4, bornholm, sea, area, energi"
2,,1,"42, energi, ptx, heat, risk"
2,,2,"46, bornholm, wind, offshor, energi"
2,,1,"5, light, grid, power, offshor"
2,,7,"8, wind, offshor, bornholm, mill"
2,,2,"9, island, bornholm, energi, offshor"
2,,6,Noise
2,,16,"10, baltic, bornholm, defens, energi"
2,,5,"11, offshor, wind, park, busi"
2,,3,"14, citizen, area, land, station"
2,,12,"17, bornholm, debat, say, baltic"
2,,3,"19, energi, island, area, wind"
2,,6,"2, wind, energi, island, offshor"
2,,2,"23, bornholm, thoma, wind, say"
2,,8,"29, island, energi, wind, sea"
2,,3,"30, wind, turbin, offshor, energi"
2,,1,"31, price, zone, center, data"
2,,11,"34, bornholm, baltic, energi, harbor"
2,,3,"36, island, energi, wind, sea"
2,,11,"4, bornholm, sea, area, energi"
2,,1,"42, energi, ptx, heat, risk"
2,,2,"46, bornholm, wind, offshor, energi"
2,,1,"5, light, grid, power, offshor"
2,,7,"8, wind, offshor, bornholm, mill"
2,,2,"9, island, bornholm, energi, offshor"
2,,6,Noise
2,,16,"10, baltic, bornholm, defens, energi"
2,,5,"11, offshor, wind, park, busi"
2,,3,"14, citizen, area, land, station"
2,,12,"17, bornholm, debat, say, baltic"
2,,3,"19, energi, island, area, wind"
2,,6,"2, wind, energi, island, offshor"
2,,2,"23, bornholm, thoma, wind, say"
2,,8,"29, island, energi, wind, sea"
2,,3,"30, wind, turbin, offshor, energi"
2,,1,"31, price, zone, center, data"
2,,11,"34, bornholm, baltic, energi, harbor"
2,,3,"36, island, energi, wind, sea"
2,,11,"4, bornholm, sea, area, energi"
2,,1,"42, energi, ptx, heat, risk"
2,,2,"46, bornholm, wind, offshor, energi"
2,,1,"5, light, grid, power, offshor"
2,,7,"8, wind, offshor, bornholm, mill"
2,,2,"9, island, bornholm, energi, offshor"
2,,6,Noise
2,,16,"10, baltic, bornholm, defens, energi"
2,,5,"11, offshor, wind, park, busi"
2,,3,"14, citizen, area, land, station"
2,,12,"17, bornholm, debat, say, baltic"
2,,3,"19, energi, island, area, wind"
2,,6,"2, wind, energi, island, offshor"
2,,2,"23, bornholm, thoma, wind, say"
2,,8,"29, island, energi, wind, sea"
2,,3,"30, wind, turbin, offshor, energi"
2,,1,"31, price, zone, center, data"
2,,11,"34, bornholm, baltic, energi, harbor"
2,,3,"36, island, energi, wind, sea"
2,,11,"4, bornholm, sea, area, energi"
2,,1,"42, energi, ptx, heat, risk"
2,,2,"46, bornholm, wind, offshor, energi"
2,,1,"5, light, grid, power, offshor"
2,,7,"8, wind, offshor, bornholm, mill"
2,,2,"9, island, bornholm, energi, offshor"
2,,6,Noise
2,,16,"10, baltic, bornholm, defens, energi"
2,,5,"11, offshor, wind, park, busi"
2,,3,"14, citizen, area, land, station"
2,,12,"17, bornholm, debat, say, baltic"
2,,3,"19, energi, island, area, wind"
2,,6,"2, wind, energi, island, offshor"
2,,2,"23, bornholm, thoma, wind, say"
2,,8,"29, island, energi, wind, sea"
2,,3,"30, wind, turbin, offshor, energi"
2,,1,"31, price, zone, center, data"
2,,11,"34, bornholm, baltic, energi, harbor"
2,,3,"36, island, energi, wind, sea"
2,,11,"4, bornholm, sea, area, energi"
2,,1,"42, energi, ptx, heat, risk"
2,,2,"46, bornholm, wind, offshor, energi"
2,,1,"5, light, grid, power, offshor"
2,,7,"8, wind, offshor, bornholm, mill"
2,,2,"9, island, bornholm, energi, offshor"
2,,6,Noise
2,,16,"10, baltic, bornholm, defens, energi"
2,,5,"11, offshor, wind, park, busi"
2,,3,"14, citizen, area, land, station"
2,,12,"17, bornholm, debat, say, baltic"
2,,3,"19, energi, island, area, wind"
2,,6,"2, wind, energi, island, offshor"
2,,2,"23, bornholm, thoma, wind, say"
2,,8,"29, island, energi, wind, sea"
2,,3,"30, wind, turbin, offshor, energi"
2,,1,"31, price, zone, center, data"
2,,11,"34, bornholm, baltic, energi, harbor"
2,,3,"36, island, energi, wind, sea"
2,,11,"4, bornholm, sea, area, energi"
2,,1,"42, energi, ptx, heat, risk"
2,,2,"46, bornholm, wind, offshor, energi"
2,,1,"5, light, grid, power, offshor"
2,,7,"8, wind, offshor, bornholm, mill"
2,,2,"9, island, bornholm, energi, offshor"
2,,6,Noise
2,,16,"10, baltic, bornholm, defens, energi"
2,,5,"11, offshor, wind, park, busi"
2,,3,"14, citizen, area, land, station"
2,,12,"17, bornholm, debat, say, baltic"
2,,3,"19, energi, island, area, wind"
2,,6,"2, wind, energi, island, offshor"
2,,2,"23, bornholm, thoma, wind, say"
2,,8,"29, island, energi, wind, sea"
2,,3,"30, wind, turbin, offshor, energi"
2,,1,"31, price, zone, center, data"
2,,11,"34, bornholm, baltic, energi, harbor"
2,,3,"36, island, energi, wind, sea"
2,,11,"4, bornholm, sea, area, energi"
2,,1,"42, energi, ptx, heat, risk"
2,,2,"46, bornholm, wind, offshor, energi"
2,,1,"5, light, grid, power, offshor"
2,,7,"8, wind, offshor, bornholm, mill"
2,,2,"9, island, bornholm, energi, offshor"
2,,6,Noise
2,,16,"10, baltic, bornholm, defens, energi"
2,,5,"11, offshor, wind, park, busi"
2,,3,"14, citizen, area, land, station"
2,,12,"17, bornholm, debat, say, baltic"
2,,3,"19, energi, island, area, wind"
2,,6,"2, wind, energi, island, offshor"
2,,2,"23, bornholm, thoma, wind, say"
2,,8,"29, island, energi, wind, sea"
2,,3,"30, wind, turbin, offshor, energi"
2,,1,"31, price, zone, center, data"
2,,11,"34, bornholm, baltic, energi, harbor"
2,,3,"36, island, energi, wind, sea"
2,,11,"4, bornholm, sea, area, energi"
2,,1,"42, energi, ptx, heat, risk"
2,,2,"46, bornholm, wind, offshor, energi"
2,,1,"5, light, grid, power, offshor"
2,,7,"8, wind, offshor, bornholm, mill"
2,,2,"9, island, bornholm, energi, offshor"
2,,6,Noise
2,,16,"10, baltic, bornholm, defens, energi"
2,,5,"11, offshor, wind, park, busi"
2,,3,"14, citizen, area, land, station"
2,,12,"17, bornholm, debat, say, baltic"
2,,3,"19, energi, island, area, wind"
2,,6,"2, wind, energi, island, offshor"
2,,2,"23, bornholm, thoma, wind, say"
2,,8,"29, island, energi, wind, sea"
2,,3,"30, wind, turbin, offshor, energi"
2,,1,"31, price, zone, center, data"
2,,11,"34, bornholm, baltic, energi, harbor"
2,,3,"36, island, energi, wind, sea"
2,,11,"4, bornholm, sea, area, energi"
2,,1,"42, energi, ptx, heat, risk"
2,,2,"46, bornholm, wind, offshor, energi"
2,,1,"5, light, grid, power, offshor"
2,,7,"8, wind, offshor, bornholm, mill"
2,,2,"9, island, bornholm, energi, offshor"
2,,6,Noise
2,,16,"10, baltic, bornholm, defens, energi"
2,,5,"11, offshor, wind, park, busi"
2,,3,"14, citizen, area, land, station"
2,,12,"17, bornholm, debat, say, baltic"
2,,3,"19, energi, island, area, wind"
2,,6,"2, wind, energi, island, offshor"
2,,2,"23, bornholm, thoma, wind, say"
2,,8,"29, island, energi, wind, sea"
2,,3,"30, wind, turbin, offshor, energi"
2,,1,"31, price, zone, center, data"
2,,11,"34, bornholm, baltic, energi, harbor"
2,,3,"36, island, energi, wind, sea"
2,,11,"4, bornholm, sea, area, energi"
2,,1,"42, energi, ptx, heat, risk"
2,,2,"46, bornholm, wind, offshor, energi"
2,,1,"5, light, grid, power, offshor"
2,,7,"8, wind, offshor, bornholm, mill"
2,,2,"9, island, bornholm, energi, offshor"
2,,6,Noise
2,,16,"10, baltic, bornholm, defens, energi"
2,,5,"11, offshor, wind, park, busi"
2,,3,"14, citizen, area, land, station"
2,,12,"17, bornholm, debat, say, baltic"
2,,3,"19, energi, island, area, wind"
2,,6,"2, wind, energi, island, offshor"
2,,2,"23, bornholm, thoma, wind, say"
2,,8,"29, island, energi, wind, sea"
2,,3,"30, wind, turbin, offshor, energi"
2,,1,"31, price, zone, center, data"
2,,11,"34, bornholm, baltic, energi, harbor"
2,,3,"36, island, energi, wind, sea"
2,,11,"4, bornholm, sea, area, energi"
2,,1,"42, energi, ptx, heat, risk"
2,,2,"46, bornholm, wind, offshor, energi"
2,,1,"5, light, grid, power, offshor"
2,,7,"8, wind, offshor, bornholm, mill"
2,,2,"9, island, bornholm, energi, offshor"
2,,6,Noise
2,,16,"10, baltic, bornholm, defens, energi"
2,,5,"11, offshor, wind, park, busi"
2,,3,"14, citizen, area, land, station"
2,,12,"17, bornholm, debat, say, baltic"
2,,3,"19, energi, island, area, wind"
2,,6,"2, wind, energi, island, offshor"
2,,2,"23, bornholm, thoma, wind, say"
2,,8,"29, island, energi, wind, sea"
2,,3,"30, wind, turbin, offshor, energi"
2,,1,"31, price, zone, center, data"
2,,11,"34, bornholm, baltic, energi, harbor"
2,,3,"36, island, energi, wind, sea"
2,,11,"4, bornholm, sea, area, energi"
2,,1,"42, energi, ptx, heat, risk"
2,,2,"46, bornholm, wind, offshor, energi"
2,,1,"5, light, grid, power, offshor"
2,,7,"8, wind, offshor, bornholm, mill"
2,,2,"9, island, bornholm, energi, offshor"
2,,6,Noise
2,,16,"10, baltic, bornholm, defens, energi"
2,,5,"11, offshor, wind, park, busi"
2,,3,"14, citizen, area, land, station"
2,,12,"17, bornholm, debat, say, baltic"
2,,3,"19, energi, island, area, wind"
2,,6,"2, wind, energi, island, offshor"
2,,2,"23, bornholm, thoma, wind, say"
2,,8,"29, island, energi, wind, sea"
2,,3,"30, wind, turbin, offshor, energi"
2,,1,"31, price, zone, center, data"
2,,11,"34, bornholm, baltic, energi, harbor"
2,,3,"36, island, energi, wind, sea"
2,,11,"4, bornholm, sea, area, energi"
2,,1,"42, energi, ptx, heat, risk"
2,,2,"46, bornholm, wind, offshor, energi"
2,,1,"5, light, grid, power, offshor"
2,,7,"8, wind, offshor, bornholm, mill"
2,,2,"9, island, bornholm, energi, offshor"
2,,6,Noise
2,,16,"10, baltic, bornholm, defens, energi"
2,,5,"11, offshor, wind, park, busi"
2,,3,"14, citizen, area, land, station"
2,,12,"17, bornholm, debat, say, baltic"
2,,3,"19, energi, island, area, wind"
2,,6,"2, wind, energi, island, offshor"
2,,2,"23, bornholm, thoma, wind, say"
2,,8,"29, island, energi, wind, sea"
2,,3,"30, wind, turbin, offshor, energi"
2,,1,"31, price, zone, center, data"
2,,11,"34, bornholm, baltic, energi, harbor"
2,,3,"36, island, energi, wind, sea"
2,,11,"4, bornholm, sea, area, energi"
2,,1,"42, energi, ptx, heat, risk"
2,,2,"46, bornholm, wind, offshor, energi"
2,,1,"5, light, grid, power, offshor"
2,,7,"8, wind, offshor, bornholm, mill"
2,,2,"9, island, bornholm, energi, offshor"
2,,6,Noise
2,,16,"10, baltic, bornholm, defens, energi"
2,,5,"11, offshor, wind, park, busi"
2,,3,"14, citizen, area, land, station"
2,,12,"17, bornholm, debat, say, baltic"
2,,3,"19, energi, island, area, wind"
2,,6,"2, wind, energi, island, offshor"
2,,2,"23, bornholm, thoma, wind, say"
2,,8,"29, island, energi, wind, sea"
2,,3,"30, wind, turbin, offshor, energi"
2,,1,"31, price, zone, center, data"
2,,11,"34, bornholm, baltic, energi, harbor"
2,,3,"36, island, energi, wind, sea"
2,,11,"4, bornholm, sea, area, energi"
2,,1,"42, energi, ptx, heat, risk"
2,,2,"46, bornholm, wind, offshor, energi"
2,,1,"5, light, grid, power, offshor"
2,,7,"8, wind, offshor, bornholm, mill"
2,,2,"9, island, bornholm, energi, offshor"
2,,6,Noise
2,,16,"10, baltic, bornholm, defens, energi"
2,,5,"11, offshor, wind, park, busi"
2,,3,"14, citizen, area, land, station"
2,,12,"17, bornholm, debat, say, baltic"
2,,3,"19, energi, island, area, wind"
2,,6,"2, wind, energi, island, offshor"
2,,2,"23, bornholm, thoma, wind, say"
2,,8,"29, island, energi, wind, sea"
2,,3,"30, wind, turbin, offshor, energi"
2,,1,"31, price, zone, center, data"
2,,11,"34, bornholm, baltic, energi, harbor"
2,,3,"36, island, energi, wind, sea"
2,,11,"4, bornholm, sea, area, energi"
2,,1,"42, energi, ptx, heat, risk"
2,,2,"46, bornholm, wind, offshor, energi"
2,,1,"5, light, grid, power, offshor"
2,,7,"8, wind, offshor, bornholm, mill"
2,,2,"9, island, bornholm, energi, offshor"
2,,6,Noise
2,,16,"10, baltic, bornholm, defens, energi"
2,,5,"11, offshor, wind, park, busi"
2,,3,"14, citizen, area, land, station"
2,,12,"17, bornholm, debat, say, baltic"
2,,3,"19, energi, island, area, wind"
2,,6,"2, wind, energi, island, offshor"
2,,2,"23, bornholm, thoma, wind, say"
2,,8,"29, island, energi, wind, sea"
2,,3,"30, wind, turbin, offshor, energi"
2,,1,"31, price, zone, center, data"
2,,11,"34, bornholm, baltic, energi, harbor"
2,,3,"36, island, energi, wind, sea"
2,,11,"4, bornholm, sea, area, energi"
2,,1,"42, energi, ptx, heat, risk"
2,,2,"46, bornholm, wind, offshor, energi"
2,,1,"5, light, grid, power, offshor"
2,,7,"8, wind, offshor, bornholm, mill"
2,,2,"9, island, bornholm, energi, offshor"
2,,6,Noise
2,,16,"10, baltic, bornholm, defens, energi"
2,,5,"11, offshor, wind, park, busi"
2,,3,"14, citizen, area, land, station"
2,,12,"17, bornholm, debat, say, baltic"
2,,3,"19, energi, island, area, wind"
2,,6,"2, wind, energi, island, offshor"
2,,2,"23, bornholm, thoma, wind, say"
2,,8,"29, island, energi, wind, sea"
2,,3,"30, wind, turbin, offshor, energi"
2,,1,"31, price, zone, center, data"
2,,11,"34, bornholm, baltic, energi, harbor"
2,,3,"36, island, energi, wind, sea"
2,,11,"4, bornholm, sea, area, energi"
2,,1,"42, energi, ptx, heat, risk"
2,,2,"46, bornholm, wind, offshor, energi"
2,,1,"5, light, grid, power, offshor"
2,,7,"8, wind, offshor, bornholm, mill"
2,,2,"9, island, bornholm, energi, offshor"
2,,6,Noise
2,,16,"10, baltic, bornholm, defens, energi"
2,,5,"11, offshor, wind, park, busi"
2,,3,"14, citizen, area, land, station"
2,,12,"17, bornholm, debat, say, baltic"
2,,3,"19, energi, island, area, wind"
2,,6,"2, wind, energi, island, offshor"
2,,2,"23, bornholm, thoma, wind, say"
2,,8,"29, island, energi, wind, sea"
2,,3,"30, wind, turbin, offshor, energi"
2,,1,"31, price, zone, center, data"
2,,11,"34, bornholm, baltic, energi, harbor"
2,,3,"36, island, energi, wind, sea"
2,,11,"4, bornholm, sea, area, energi"
2,,1,"42, energi, ptx, heat, risk"
2,,2,"46, bornholm, wind, offshor, energi"
2,,1,"5, light, grid, power, offshor"
2,,7,"8, wind, offshor, bornholm, mill"
2,,2,"9, island, bornholm, energi, offshor"
2,,6,Noise
2,,16,"10, baltic, bornholm, defens, energi"
2,,5,"11, offshor, wind, park, busi"
2,,3,"14, citizen, area, land, station"
2,,12,"17, bornholm, debat, say, baltic"
2,,3,"19, energi, island, area, wind"
2,,6,"2, wind, energi, island, offshor"
2,,2,"23, bornholm, thoma, wind, say"
2,,8,"29, island, energi, wind, sea"
2,,3,"30, wind, turbin, offshor, energi"
2,,1,"31, price, zone, center, data"
2,,11,"34, bornholm, baltic, energi, harbor"
2,,3,"36, island, energi, wind, sea"
2,,11,"4, bornholm, sea, area, energi"
2,,1,"42, energi, ptx, heat, risk"
2,,2,"46, bornholm, wind, offshor, energi"
2,,1,"5, light, grid, power, offshor"
2,,7,"8, wind, offshor, bornholm, mill"
2,,2,"9, island, bornholm, energi, offshor"
2,,6,Noise
2,,16,"10, baltic, bornholm, defens, energi"
2,,5,"11, offshor, wind, park, busi"
2,,3,"14, citizen, area, land, station"
2,,12,"17, bornholm, debat, say, baltic"
2,,3,"19, energi, island, area, wind"
2,,6,"2, wind, energi, island, offshor"
2,,2,"23, bornholm, thoma, wind, say"
2,,8,"29, island, energi, wind, sea"
2,,3,"30, wind, turbin, offshor, energi"
2,,1,"31, price, zone, center, data"
2,,11,"34, bornholm, baltic, energi, harbor"
2,,3,"36, island, energi, wind, sea"
2,,11,"4, bornholm, sea, area, energi"
2,,1,"42, energi, ptx, heat, risk"
2,,2,"46, bornholm, wind, offshor, energi"
2,,1,"5, light, grid, power, offshor"
2,,7,"8, wind, offshor, bornholm, mill"
2,,2,"9, island, bornholm, energi, offshor"
2,,6,Noise
7,,11,"0, hydrogen, energi, bornholm, power"
7,,1,"10, baltic, bornholm, defens, energi"
7,,3,"12, hydrogen, bornholm, busi, powertox"
7,,2,"13, grid, offshor, wind, bornholm"
7,,5,"15, develop, energi, electr, project"
7,,12,"16, dkk, energi, billion, project"
7,,4,"18, electr, tax, project, energi"
7,,1,"19, energi, island, area, wind"
7,,2,"2, wind, energi, island, offshor"
7,,5,"20, convert, hvdc, offshor, grid"
7,,5,"21, energi, wind, offshor, connect"
7,,1,"23, bornholm, thoma, wind, say"
7,,2,"24, hydrogen, budget, social, reactor"
7,,3,"25, hydrogen, power, compani, nuclear"
7,,1,"29, island, energi, wind, sea"
7,,5,"3, comput, quantum, electr, municip"
7,,4,"31, price, zone, center, data"
7,,2,"32, microgrid, water, rvv, energi"
7,,1,"33, sage, plan, economi, sren"
7,,3,"35, materi, 111, million, dkk"
7,,1,"37, grid, wave, kelvin, power"
7,,4,"38, fund, receiv, energi, compani"
7,,3,"39, uniti, list, offshor, grid"
7,,4,"40, energi, wind, bornholm, grid"
7,,2,"42, energi, ptx, heat, risk"
7,,3,"44, system, climat, sector, trigener"
7,,2,"45, offshor, wind, farm, reliabl"
7,,6,"5, light, grid, power, offshor"
7,,4,"6, cool, system, control, hvdc"
7,,5,"7, offshor, grid, bornholm, power"
7,,1,"8, wind, offshor, bornholm, mill"
7,,6,Noise
7,,11,"0, hydrogen, energi, bornholm, power"
7,,1,"10, baltic, bornholm, defens, energi"
7,,3,"12, hydrogen, bornholm, busi, powertox"
7,,2,"13, grid, offshor, wind, bornholm"
7,,5,"15, develop, energi, electr, project"
7,,12,"16, dkk, energi, billion, project"
7,,4,"18, electr, tax, project, energi"
7,,1,"19, energi, island, area, wind"
7,,2,"2, wind, energi, island, offshor"
7,,5,"20, convert, hvdc, offshor, grid"
7,,5,"21, energi, wind, offshor, connect"
7,,1,"23, bornholm, thoma, wind, say"
7,,2,"24, hydrogen, budget, social, reactor"
7,,3,"25, hydrogen, power, compani, nuclear"
7,,1,"29, island, energi, wind, sea"
7,,5,"3, comput, quantum, electr, municip"
7,,4,"31, price, zone, center, data"
7,,2,"32, microgrid, water, rvv, energi"
7,,1,"33, sage, plan, economi, sren"
7,,3,"35, materi, 111, million, dkk"
7,,1,"37, grid, wave, kelvin, power"
7,,4,"38, fund, receiv, energi, compani"
7,,3,"39, uniti, list, offshor, grid"
7,,4,"40, energi, wind, bornholm, grid"
7,,2,"42, energi, ptx, heat, risk"
7,,3,"44, system, climat, sector, trigener"
7,,2,"45, offshor, wind, farm, reliabl"
7,,6,"5, light, grid, power, offshor"
7,,4,"6, cool, system, control, hvdc"
7,,5,"7, offshor, grid, bornholm, power"
7,,1,"8, wind, offshor, bornholm, mill"
7,,6,Noise
7,,11,"0, hydrogen, energi, bornholm, power"
7,,1,"10, baltic, bornholm, defens, energi"
7,,3,"12, hydrogen, bornholm, busi, powertox"
7,,2,"13, grid, offshor, wind, bornholm"
7,,5,"15, develop, energi, electr, project"
7,,12,"16, dkk, energi, billion, project"
7,,4,"18, electr, tax, project, energi"
7,,1,"19, energi, island, area, wind"
7,,2,"2, wind, energi, island, offshor"
7,,5,"20, convert, hvdc, offshor, grid"
7,,5,"21, energi, wind, offshor, connect"
7,,1,"23, bornholm, thoma, wind, say"
7,,2,"24, hydrogen, budget, social, reactor"
7,,3,"25, hydrogen, power, compani, nuclear"
7,,1,"29, island, energi, wind, sea"
7,,5,"3, comput, quantum, electr, municip"
7,,4,"31, price, zone, center, data"
7,,2,"32, microgrid, water, rvv, energi"
7,,1,"33, sage, plan, economi, sren"
7,,3,"35, materi, 111, million, dkk"
7,,1,"37, grid, wave, kelvin, power"
7,,4,"38, fund, receiv, energi, compani"
7,,3,"39, uniti, list, offshor, grid"
7,,4,"40, energi, wind, bornholm, grid"
7,,2,"42, energi, ptx, heat, risk"
7,,3,"44, system, climat, sector, trigener"
7,,2,"45, offshor, wind, farm, reliabl"
7,,6,"5, light, grid, power, offshor"
7,,4,"6, cool, system, control, hvdc"
7,,5,"7, offshor, grid, bornholm, power"
7,,1,"8, wind, offshor, bornholm, mill"
7,,6,Noise
7,,11,"0, hydrogen, energi, bornholm, power"
7,,1,"10, baltic, bornholm, defens, energi"
7,,3,"12, hydrogen, bornholm, busi, powertox"
7,,2,"13, grid, offshor, wind, bornholm"
7,,5,"15, develop, energi, electr, project"
7,,12,"16, dkk, energi, billion, project"
7,,4,"18, electr, tax, project, energi"
7,,1,"19, energi, island, area, wind"
7,,2,"2, wind, energi, island, offshor"
7,,5,"20, convert, hvdc, offshor, grid"
7,,5,"21, energi, wind, offshor, connect"
7,,1,"23, bornholm, thoma, wind, say"
7,,2,"24, hydrogen, budget, social, reactor"
7,,3,"25, hydrogen, power, compani, nuclear"
7,,1,"29, island, energi, wind, sea"
7,,5,"3, comput, quantum, electr, municip"
7,,4,"31, price, zone, center, data"
7,,2,"32, microgrid, water, rvv, energi"
7,,1,"33, sage, plan, economi, sren"
7,,3,"35, materi, 111, million, dkk"
7,,1,"37, grid, wave, kelvin, power"
7,,4,"38, fund, receiv, energi, compani"
7,,3,"39, uniti, list, offshor, grid"
7,,4,"40, energi, wind, bornholm, grid"
7,,2,"42, energi, ptx, heat, risk"
7,,3,"44, system, climat, sector, trigener"
7,,2,"45, offshor, wind, farm, reliabl"
7,,6,"5, light, grid, power, offshor"
7,,4,"6, cool, system, control, hvdc"
7,,5,"7, offshor, grid, bornholm, power"
7,,1,"8, wind, offshor, bornholm, mill"
7,,6,Noise
7,,11,"0, hydrogen, energi, bornholm, power"
7,,1,"10, baltic, bornholm, defens, energi"
7,,3,"12, hydrogen, bornholm, busi, powertox"
7,,2,"13, grid, offshor, wind, bornholm"
7,,5,"15, develop, energi, electr, project"
7,,12,"16, dkk, energi, billion, project"
7,,4,"18, electr, tax, project, energi"
7,,1,"19, energi, island, area, wind"
7,,2,"2, wind, energi, island, offshor"
7,,5,"20, convert, hvdc, offshor, grid"
7,,5,"21, energi, wind, offshor, connect"
7,,1,"23, bornholm, thoma, wind, say"
7,,2,"24, hydrogen, budget, social, reactor"
7,,3,"25, hydrogen, power, compani, nuclear"
7,,1,"29, island, energi, wind, sea"
7,,5,"3, comput, quantum, electr, municip"
7,,4,"31, price, zone, center, data"
7,,2,"32, microgrid, water, rvv, energi"
7,,1,"33, sage, plan, economi, sren"
7,,3,"35, materi, 111, million, dkk"
7,,1,"37, grid, wave, kelvin, power"
7,,4,"38, fund, receiv, energi, compani"
7,,3,"39, uniti, list, offshor, grid"
7,,4,"40, energi, wind, bornholm, grid"
7,,2,"42, energi, ptx, heat, risk"
7,,3,"44, system, climat, sector, trigener"
7,,2,"45, offshor, wind, farm, reliabl"
7,,6,"5, light, grid, power, offshor"
7,,4,"6, cool, system, control, hvdc"
7,,5,"7, offshor, grid, bornholm, power"
7,,1,"8, wind, offshor, bornholm, mill"
7,,6,Noise
7,,11,"0, hydrogen, energi, bornholm, power"
7,,1,"10, baltic, bornholm, defens, energi"
7,,3,"12, hydrogen, bornholm, busi, powertox"
7,,2,"13, grid, offshor, wind, bornholm"
7,,5,"15, develop, energi, electr, project"
7,,12,"16, dkk, energi, billion, project"
7,,4,"18, electr, tax, project, energi"
7,,1,"19, energi, island, area, wind"
7,,2,"2, wind, energi, island, offshor"
7,,5,"20, convert, hvdc, offshor, grid"
7,,5,"21, energi, wind, offshor, connect"
7,,1,"23, bornholm, thoma, wind, say"
7,,2,"24, hydrogen, budget, social, reactor"
7,,3,"25, hydrogen, power, compani, nuclear"
7,,1,"29, island, energi, wind, sea"
7,,5,"3, comput, quantum, electr, municip"
7,,4,"31, price, zone, center, data"
7,,2,"32, microgrid, water, rvv, energi"
7,,1,"33, sage, plan, economi, sren"
7,,3,"35, materi, 111, million, dkk"
7,,1,"37, grid, wave, kelvin, power"
7,,4,"38, fund, receiv, energi, compani"
7,,3,"39, uniti, list, offshor, grid"
7,,4,"40, energi, wind, bornholm, grid"
7,,2,"42, energi, ptx, heat, risk"
7,,3,"44, system, climat, sector, trigener"
7,,2,"45, offshor, wind, farm, reliabl"
7,,6,"5, light, grid, power, offshor"
7,,4,"6, cool, system, control, hvdc"
7,,5,"7, offshor, grid, bornholm, power"
7,,1,"8, wind, offshor, bornholm, mill"
7,,6,Noise
7,,11,"0, hydrogen, energi, bornholm, power"
7,,1,"10, baltic, bornholm, defens, energi"
7,,3,"12, hydrogen, bornholm, busi, powertox"
7,,2,"13, grid, offshor, wind, bornholm"
7,,5,"15, develop, energi, electr, project"
7,,12,"16, dkk, energi, billion, project"
7,,4,"18, electr, tax, project, energi"
7,,1,"19, energi, island, area, wind"
7,,2,"2, wind, energi, island, offshor"
7,,5,"20, convert, hvdc, offshor, grid"
7,,5,"21, energi, wind, offshor, connect"
7,,1,"23, bornholm, thoma, wind, say"
7,,2,"24, hydrogen, budget, social, reactor"
7,,3,"25, hydrogen, power, compani, nuclear"
7,,1,"29, island, energi, wind, sea"
7,,5,"3, comput, quantum, electr, municip"
7,,4,"31, price, zone, center, data"
7,,2,"32, microgrid, water, rvv, energi"
7,,1,"33, sage, plan, economi, sren"
7,,3,"35, materi, 111, million, dkk"
7,,1,"37, grid, wave, kelvin, power"
7,,4,"38, fund, receiv, energi, compani"
7,,3,"39, uniti, list, offshor, grid"
7,,4,"40, energi, wind, bornholm, grid"
7,,2,"42, energi, ptx, heat, risk"
7,,3,"44, system, climat, sector, trigener"
7,,2,"45, offshor, wind, farm, reliabl"
7,,6,"5, light, grid, power, offshor"
7,,4,"6, cool, system, control, hvdc"
7,,5,"7, offshor, grid, bornholm, power"
7,,1,"8, wind, offshor, bornholm, mill"
7,,6,Noise
7,,11,"0, hydrogen, energi, bornholm, power"
7,,1,"10, baltic, bornholm, defens, energi"
7,,3,"12, hydrogen, bornholm, busi, powertox"
7,,2,"13, grid, offshor, wind, bornholm"
7,,5,"15, develop, energi, electr, project"
7,,12,"16, dkk, energi, billion, project"
7,,4,"18, electr, tax, project, energi"
7,,1,"19, energi, island, area, wind"
7,,2,"2, wind, energi, island, offshor"
7,,5,"20, convert, hvdc, offshor, grid"
7,,5,"21, energi, wind, offshor, connect"
7,,1,"23, bornholm, thoma, wind, say"
7,,2,"24, hydrogen, budget, social, reactor"
7,,3,"25, hydrogen, power, compani, nuclear"
7,,1,"29, island, energi, wind, sea"
7,,5,"3, comput, quantum, electr, municip"
7,,4,"31, price, zone, center, data"
7,,2,"32, microgrid, water, rvv, energi"
7,,1,"33, sage, plan, economi, sren"
7,,3,"35, materi, 111, million, dkk"
7,,1,"37, grid, wave, kelvin, power"
7,,4,"38, fund, receiv, energi, compani"
7,,3,"39, uniti, list, offshor, grid"
7,,4,"40, energi, wind, bornholm, grid"
7,,2,"42, energi, ptx, heat, risk"
7,,3,"44, system, climat, sector, trigener"
7,,2,"45, offshor, wind, farm, reliabl"
7,,6,"5, light, grid, power, offshor"
7,,4,"6, cool, system, control, hvdc"
7,,5,"7, offshor, grid, bornholm, power"
7,,1,"8, wind, offshor, bornholm, mill"
7,,6,Noise
7,,11,"0, hydrogen, energi, bornholm, power"
7,,1,"10, baltic, bornholm, defens, energi"
7,,3,"12, hydrogen, bornholm, busi, powertox"
7,,2,"13, grid, offshor, wind, bornholm"
7,,5,"15, develop, energi, electr, project"
7,,12,"16, dkk, energi, billion, project"
7,,4,"18, electr, tax, project, energi"
7,,1,"19, energi, island, area, wind"
7,,2,"2, wind, energi, island, offshor"
7,,5,"20, convert, hvdc, offshor, grid"
7,,5,"21, energi, wind, offshor, connect"
7,,1,"23, bornholm, thoma, wind, say"
7,,2,"24, hydrogen, budget, social, reactor"
7,,3,"25, hydrogen, power, compani, nuclear"
7,,1,"29, island, energi, wind, sea"
7,,5,"3, comput, quantum, electr, municip"
7,,4,"31, price, zone, center, data"
7,,2,"32, microgrid, water, rvv, energi"
7,,1,"33, sage, plan, economi, sren"
7,,3,"35, materi, 111, million, dkk"
7,,1,"37, grid, wave, kelvin, power"
7,,4,"38, fund, receiv, energi, compani"
7,,3,"39, uniti, list, offshor, grid"
7,,4,"40, energi, wind, bornholm, grid"
7,,2,"42, energi, ptx, heat, risk"
7,,3,"44, system, climat, sector, trigener"
7,,2,"45, offshor, wind, farm, reliabl"
7,,6,"5, light, grid, power, offshor"
7,,4,"6, cool, system, control, hvdc"
7,,5,"7, offshor, grid, bornholm, power"
7,,1,"8, wind, offshor, bornholm, mill"
7,,6,Noise
7,,11,"0, hydrogen, energi, bornholm, power"
7,,1,"10, baltic, bornholm, defens, energi"
7,,3,"12, hydrogen, bornholm, busi, powertox"
7,,2,"13, grid, offshor, wind, bornholm"
7,,5,"15, develop, energi, electr, project"
7,,12,"16, dkk, energi, billion, project"
7,,4,"18, electr, tax, project, energi"
7,,1,"19, energi, island, area, wind"
7,,2,"2, wind, energi, island, offshor"
7,,5,"20, convert, hvdc, offshor, grid"
7,,5,"21, energi, wind, offshor, connect"
7,,1,"23, bornholm, thoma, wind, say"
7,,2,"24, hydrogen, budget, social, reactor"
7,,3,"25, hydrogen, power, compani, nuclear"
7,,1,"29, island, energi, wind, sea"
7,,5,"3, comput, quantum, electr, municip"
7,,4,"31, price, zone, center, data"
7,,2,"32, microgrid, water, rvv, energi"
7,,1,"33, sage, plan, economi, sren"
7,,3,"35, materi, 111, million, dkk"
7,,1,"37, grid, wave, kelvin, power"
7,,4,"38, fund, receiv, energi, compani"
7,,3,"39, uniti, list, offshor, grid"
7,,4,"40, energi, wind, bornholm, grid"
7,,2,"42, energi, ptx, heat, risk"
7,,3,"44, system, climat, sector, trigener"
7,,2,"45, offshor, wind, farm, reliabl"
7,,6,"5, light, grid, power, offshor"
7,,4,"6, cool, system, control, hvdc"
7,,5,"7, offshor, grid, bornholm, power"
7,,1,"8, wind, offshor, bornholm, mill"
7,,6,Noise
7,,11,"0, hydrogen, energi, bornholm, power"
7,,1,"10, baltic, bornholm, defens, energi"
7,,3,"12, hydrogen, bornholm, busi, powertox"
7,,2,"13, grid, offshor, wind, bornholm"
7,,5,"15, develop, energi, electr, project"
7,,12,"16, dkk, energi, billion, project"
7,,4,"18, electr, tax, project, energi"
7,,1,"19, energi, island, area, wind"
7,,2,"2, wind, energi, island, offshor"
7,,5,"20, convert, hvdc, offshor, grid"
7,,5,"21, energi, wind, offshor, connect"
7,,1,"23, bornholm, thoma, wind, say"
7,,2,"24, hydrogen, budget, social, reactor"
7,,3,"25, hydrogen, power, compani, nuclear"
7,,1,"29, island, energi, wind, sea"
7,,5,"3, comput, quantum, electr, municip"
7,,4,"31, price, zone, center, data"
7,,2,"32, microgrid, water, rvv, energi"
7,,1,"33, sage, plan, economi, sren"
7,,3,"35, materi, 111, million, dkk"
7,,1,"37, grid, wave, kelvin, power"
7,,4,"38, fund, receiv, energi, compani"
7,,3,"39, uniti, list, offshor, grid"
7,,4,"40, energi, wind, bornholm, grid"
7,,2,"42, energi, ptx, heat, risk"
7,,3,"44, system, climat, sector, trigener"
7,,2,"45, offshor, wind, farm, reliabl"
7,,6,"5, light, grid, power, offshor"
7,,4,"6, cool, system, control, hvdc"
7,,5,"7, offshor, grid, bornholm, power"
7,,1,"8, wind, offshor, bornholm, mill"
7,,6,Noise
7,,11,"0, hydrogen, energi, bornholm, power"
7,,1,"10, baltic, bornholm, defens, energi"
7,,3,"12, hydrogen, bornholm, busi, powertox"
7,,2,"13, grid, offshor, wind, bornholm"
7,,5,"15, develop, energi, electr, project"
7,,12,"16, dkk, energi, billion, project"
7,,4,"18, electr, tax, project, energi"
7,,1,"19, energi, island, area, wind"
7,,2,"2, wind, energi, island, offshor"
7,,5,"20, convert, hvdc, offshor, grid"
7,,5,"21, energi, wind, offshor, connect"
7,,1,"23, bornholm, thoma, wind, say"
7,,2,"24, hydrogen, budget, social, reactor"
7,,3,"25, hydrogen, power, compani, nuclear"
7,,1,"29, island, energi, wind, sea"
7,,5,"3, comput, quantum, electr, municip"
7,,4,"31, price, zone, center, data"
7,,2,"32, microgrid, water, rvv, energi"
7,,1,"33, sage, plan, economi, sren"
7,,3,"35, materi, 111, million, dkk"
7,,1,"37, grid, wave, kelvin, power"
7,,4,"38, fund, receiv, energi, compani"
7,,3,"39, uniti, list, offshor, grid"
7,,4,"40, energi, wind, bornholm, grid"
7,,2,"42, energi, ptx, heat, risk"
7,,3,"44, system, climat, sector, trigener"
7,,2,"45, offshor, wind, farm, reliabl"
7,,6,"5, light, grid, power, offshor"
7,,4,"6, cool, system, control, hvdc"
7,,5,"7, offshor, grid, bornholm, power"
7,,1,"8, wind, offshor, bornholm, mill"
7,,6,Noise
7,,11,"0, hydrogen, energi, bornholm, power"
7,,1,"10, baltic, bornholm, defens, energi"
7,,3,"12, hydrogen, bornholm, busi, powertox"
7,,2,"13, grid, offshor, wind, bornholm"
7,,5,"15, develop, energi, electr, project"
7,,12,"16, dkk, energi, billion, project"
7,,4,"18, electr, tax, project, energi"
7,,1,"19, energi, island, area, wind"
7,,2,"2, wind, energi, island, offshor"
7,,5,"20, convert, hvdc, offshor, grid"
7,,5,"21, energi, wind, offshor, connect"
7,,1,"23, bornholm, thoma, wind, say"
7,,2,"24, hydrogen, budget, social, reactor"
7,,3,"25, hydrogen, power, compani, nuclear"
7,,1,"29, island, energi, wind, sea"
7,,5,"3, comput, quantum, electr, municip"
7,,4,"31, price, zone, center, data"
7,,2,"32, microgrid, water, rvv, energi"
7,,1,"33, sage, plan, economi, sren"
7,,3,"35, materi, 111, million, dkk"
7,,1,"37, grid, wave, kelvin, power"
7,,4,"38, fund, receiv, energi, compani"
7,,3,"39, uniti, list, offshor, grid"
7,,4,"40, energi, wind, bornholm, grid"
7,,2,"42, energi, ptx, heat, risk"
7,,3,"44, system, climat, sector, trigener"
7,,2,"45, offshor, wind, farm, reliabl"
7,,6,"5, light, grid, power, offshor"
7,,4,"6, cool, system, control, hvdc"
7,,5,"7, offshor, grid, bornholm, power"
7,,1,"8, wind, offshor, bornholm, mill"
7,,6,Noise
7,,11,"0, hydrogen, energi, bornholm, power"
7,,1,"10, baltic, bornholm, defens, energi"
7,,3,"12, hydrogen, bornholm, busi, powertox"
7,,2,"13, grid, offshor, wind, bornholm"
7,,5,"15, develop, energi, electr, project"
7,,12,"16, dkk, energi, billion, project"
7,,4,"18, electr, tax, project, energi"
7,,1,"19, energi, island, area, wind"
7,,2,"2, wind, energi, island, offshor"
7,,5,"20, convert, hvdc, offshor, grid"
7,,5,"21, energi, wind, offshor, connect"
7,,1,"23, bornholm, thoma, wind, say"
7,,2,"24, hydrogen, budget, social, reactor"
7,,3,"25, hydrogen, power, compani, nuclear"
7,,1,"29, island, energi, wind, sea"
7,,5,"3, comput, quantum, electr, municip"
7,,4,"31, price, zone, center, data"
7,,2,"32, microgrid, water, rvv, energi"
7,,1,"33, sage, plan, economi, sren"
7,,3,"35, materi, 111, million, dkk"
7,,1,"37, grid, wave, kelvin, power"
7,,4,"38, fund, receiv, energi, compani"
7,,3,"39, uniti, list, offshor, grid"
7,,4,"40, energi, wind, bornholm, grid"
7,,2,"42, energi, ptx, heat, risk"
7,,3,"44, system, climat, sector, trigener"
7,,2,"45, offshor, wind, farm, reliabl"
7,,6,"5, light, grid, power, offshor"
7,,4,"6, cool, system, control, hvdc"
7,,5,"7, offshor, grid, bornholm, power"
7,,1,"8, wind, offshor, bornholm, mill"
7,,6,Noise
7,,11,"0, hydrogen, energi, bornholm, power"
7,,1,"10, baltic, bornholm, defens, energi"
7,,3,"12, hydrogen, bornholm, busi, powertox"
7,,2,"13, grid, offshor, wind, bornholm"
7,,5,"15, develop, energi, electr, project"
7,,12,"16, dkk, energi, billion, project"
7,,4,"18, electr, tax, project, energi"
7,,1,"19, energi, island, area, wind"
7,,2,"2, wind, energi, island, offshor"
7,,5,"20, convert, hvdc, offshor, grid"
7,,5,"21, energi, wind, offshor, connect"
7,,1,"23, bornholm, thoma, wind, say"
7,,2,"24, hydrogen, budget, social, reactor"
7,,3,"25, hydrogen, power, compani, nuclear"
7,,1,"29, island, energi, wind, sea"
7,,5,"3, comput, quantum, electr, municip"
7,,4,"31, price, zone, center, data"
7,,2,"32, microgrid, water, rvv, energi"
7,,1,"33, sage, plan, economi, sren"
7,,3,"35, materi, 111, million, dkk"
7,,1,"37, grid, wave, kelvin, power"
7,,4,"38, fund, receiv, energi, compani"
7,,3,"39, uniti, list, offshor, grid"
7,,4,"40, energi, wind, bornholm, grid"
7,,2,"42, energi, ptx, heat, risk"
7,,3,"44, system, climat, sector, trigener"
7,,2,"45, offshor, wind, farm, reliabl"
7,,6,"5, light, grid, power, offshor"
7,,4,"6, cool, system, control, hvdc"
7,,5,"7, offshor, grid, bornholm, power"
7,,1,"8, wind, offshor, bornholm, mill"
7,,6,Noise
7,,11,"0, hydrogen, energi, bornholm, power"
7,,1,"10, baltic, bornholm, defens, energi"
7,,3,"12, hydrogen, bornholm, busi, powertox"
7,,2,"13, grid, offshor, wind, bornholm"
7,,5,"15, develop, energi, electr, project"
7,,12,"16, dkk, energi, billion, project"
7,,4,"18, electr, tax, project, energi"
7,,1,"19, energi, island, area, wind"
7,,2,"2, wind, energi, island, offshor"
7,,5,"20, convert, hvdc, offshor, grid"
7,,5,"21, energi, wind, offshor, connect"
7,,1,"23, bornholm, thoma, wind, say"
7,,2,"24, hydrogen, budget, social, reactor"
7,,3,"25, hydrogen, power, compani, nuclear"
7,,1,"29, island, energi, wind, sea"
7,,5,"3, comput, quantum, electr, municip"
7,,4,"31, price, zone, center, data"
7,,2,"32, microgrid, water, rvv, energi"
7,,1,"33, sage, plan, economi, sren"
7,,3,"35, materi, 111, million, dkk"
7,,1,"37, grid, wave, kelvin, power"
7,,4,"38, fund, receiv, energi, compani"
7,,3,"39, uniti, list, offshor, grid"
7,,4,"40, energi, wind, bornholm, grid"
7,,2,"42, energi, ptx, heat, risk"
7,,3,"44, system, climat, sector, trigener"
7,,2,"45, offshor, wind, farm, reliabl"
7,,6,"5, light, grid, power, offshor"
7,,4,"6, cool, system, control, hvdc"
7,,5,"7, offshor, grid, bornholm, power"
7,,1,"8, wind, offshor, bornholm, mill"
7,,6,Noise
7,,11,"0, hydrogen, energi, bornholm, power"
7,,1,"10, baltic, bornholm, defens, energi"
7,,3,"12, hydrogen, bornholm, busi, powertox"
7,,2,"13, grid, offshor, wind, bornholm"
7,,5,"15, develop, energi, electr, project"
7,,12,"16, dkk, energi, billion, project"
7,,4,"18, electr, tax, project, energi"
7,,1,"19, energi, island, area, wind"
7,,2,"2, wind, energi, island, offshor"
7,,5,"20, convert, hvdc, offshor, grid"
7,,5,"21, energi, wind, offshor, connect"
7,,1,"23, bornholm, thoma, wind, say"
7,,2,"24, hydrogen, budget, social, reactor"
7,,3,"25, hydrogen, power, compani, nuclear"
7,,1,"29, island, energi, wind, sea"
7,,5,"3, comput, quantum, electr, municip"
7,,4,"31, price, zone, center, data"
7,,2,"32, microgrid, water, rvv, energi"
7,,1,"33, sage, plan, economi, sren"
7,,3,"35, materi, 111, million, dkk"
7,,1,"37, grid, wave, kelvin, power"
7,,4,"38, fund, receiv, energi, compani"
7,,3,"39, uniti, list, offshor, grid"
7,,4,"40, energi, wind, bornholm, grid"
7,,2,"42, energi, ptx, heat, risk"
7,,3,"44, system, climat, sector, trigener"
7,,2,"45, offshor, wind, farm, reliabl"
7,,6,"5, light, grid, power, offshor"
7,,4,"6, cool, system, control, hvdc"
7,,5,"7, offshor, grid, bornholm, power"
7,,1,"8, wind, offshor, bornholm, mill"
7,,6,Noise
7,,11,"0, hydrogen, energi, bornholm, power"
7,,1,"10, baltic, bornholm, defens, energi"
7,,3,"12, hydrogen, bornholm, busi, powertox"
7,,2,"13, grid, offshor, wind, bornholm"
7,,5,"15, develop, energi, electr, project"
7,,12,"16, dkk, energi, billion, project"
7,,4,"18, electr, tax, project, energi"
7,,1,"19, energi, island, area, wind"
7,,2,"2, wind, energi, island, offshor"
7,,5,"20, convert, hvdc, offshor, grid"
7,,5,"21, energi, wind, offshor, connect"
7,,1,"23, bornholm, thoma, wind, say"
7,,2,"24, hydrogen, budget, social, reactor"
7,,3,"25, hydrogen, power, compani, nuclear"
7,,1,"29, island, energi, wind, sea"
7,,5,"3, comput, quantum, electr, municip"
7,,4,"31, price, zone, center, data"
7,,2,"32, microgrid, water, rvv, energi"
7,,1,"33, sage, plan, economi, sren"
7,,3,"35, materi, 111, million, dkk"
7,,1,"37, grid, wave, kelvin, power"
7,,4,"38, fund, receiv, energi, compani"
7,,3,"39, uniti, list, offshor, grid"
7,,4,"40, energi, wind, bornholm, grid"
7,,2,"42, energi, ptx, heat, risk"
7,,3,"44, system, climat, sector, trigener"
7,,2,"45, offshor, wind, farm, reliabl"
7,,6,"5, light, grid, power, offshor"
7,,4,"6, cool, system, control, hvdc"
7,,5,"7, offshor, grid, bornholm, power"
7,,1,"8, wind, offshor, bornholm, mill"
7,,6,Noise
7,,11,"0, hydrogen, energi, bornholm, power"
7,,1,"10, baltic, bornholm, defens, energi"
7,,3,"12, hydrogen, bornholm, busi, powertox"
7,,2,"13, grid, offshor, wind, bornholm"
7,,5,"15, develop, energi, electr, project"
7,,12,"16, dkk, energi, billion, project"
7,,4,"18, electr, tax, project, energi"
7,,1,"19, energi, island, area, wind"
7,,2,"2, wind, energi, island, offshor"
7,,5,"20, convert, hvdc, offshor, grid"
7,,5,"21, energi, wind, offshor, connect"
7,,1,"23, bornholm, thoma, wind, say"
7,,2,"24, hydrogen, budget, social, reactor"
7,,3,"25, hydrogen, power, compani, nuclear"
7,,1,"29, island, energi, wind, sea"
7,,5,"3, comput, quantum, electr, municip"
7,,4,"31, price, zone, center, data"
7,,2,"32, microgrid, water, rvv, energi"
7,,1,"33, sage, plan, economi, sren"
7,,3,"35, materi, 111, million, dkk"
7,,1,"37, grid, wave, kelvin, power"
7,,4,"38, fund, receiv, energi, compani"
7,,3,"39, uniti, list, offshor, grid"
7,,4,"40, energi, wind, bornholm, grid"
7,,2,"42, energi, ptx, heat, risk"
7,,3,"44, system, climat, sector, trigener"
7,,2,"45, offshor, wind, farm, reliabl"
7,,6,"5, light, grid, power, offshor"
7,,4,"6, cool, system, control, hvdc"
7,,5,"7, offshor, grid, bornholm, power"
7,,1,"8, wind, offshor, bornholm, mill"
7,,6,Noise
7,,11,"0, hydrogen, energi, bornholm, power"
7,,1,"10, baltic, bornholm, defens, energi"
7,,3,"12, hydrogen, bornholm, busi, powertox"
7,,2,"13, grid, offshor, wind, bornholm"
7,,5,"15, develop, energi, electr, project"
7,,12,"16, dkk, energi, billion, project"
7,,4,"18, electr, tax, project, energi"
7,,1,"19, energi, island, area, wind"
7,,2,"2, wind, energi, island, offshor"
7,,5,"20, convert, hvdc, offshor, grid"
7,,5,"21, energi, wind, offshor, connect"
7,,1,"23, bornholm, thoma, wind, say"
7,,2,"24, hydrogen, budget, social, reactor"
7,,3,"25, hydrogen, power, compani, nuclear"
7,,1,"29, island, energi, wind, sea"
7,,5,"3, comput, quantum, electr, municip"
7,,4,"31, price, zone, center, data"
7,,2,"32, microgrid, water, rvv, energi"
7,,1,"33, sage, plan, economi, sren"
7,,3,"35, materi, 111, million, dkk"
7,,1,"37, grid, wave, kelvin, power"
7,,4,"38, fund, receiv, energi, compani"
7,,3,"39, uniti, list, offshor, grid"
7,,4,"40, energi, wind, bornholm, grid"
7,,2,"42, energi, ptx, heat, risk"
7,,3,"44, system, climat, sector, trigener"
7,,2,"45, offshor, wind, farm, reliabl"
7,,6,"5, light, grid, power, offshor"
7,,4,"6, cool, system, control, hvdc"
7,,5,"7, offshor, grid, bornholm, power"
7,,1,"8, wind, offshor, bornholm, mill"
7,,6,Noise
7,,11,"0, hydrogen, energi, bornholm, power"
7,,1,"10, baltic, bornholm, defens, energi"
7,,3,"12, hydrogen, bornholm, busi, powertox"
7,,2,"13, grid, offshor, wind, bornholm"
7,,5,"15, develop, energi, electr, project"
7,,12,"16, dkk, energi, billion, project"
7,,4,"18, electr, tax, project, energi"
7,,1,"19, energi, island, area, wind"
7,,2,"2, wind, energi, island, offshor"
7,,5,"20, convert, hvdc, offshor, grid"
7,,5,"21, energi, wind, offshor, connect"
7,,1,"23, bornholm, thoma, wind, say"
7,,2,"24, hydrogen, budget, social, reactor"
7,,3,"25, hydrogen, power, compani, nuclear"
7,,1,"29, island, energi, wind, sea"
7,,5,"3, comput, quantum, electr, municip"
7,,4,"31, price, zone, center, data"
7,,2,"32, microgrid, water, rvv, energi"
7,,1,"33, sage, plan, economi, sren"
7,,3,"35, materi, 111, million, dkk"
7,,1,"37, grid, wave, kelvin, power"
7,,4,"38, fund, receiv, energi, compani"
7,,3,"39, uniti, list, offshor, grid"
7,,4,"40, energi, wind, bornholm, grid"
7,,2,"42, energi, ptx, heat, risk"
7,,3,"44, system, climat, sector, trigener"
7,,2,"45, offshor, wind, farm, reliabl"
7,,6,"5, light, grid, power, offshor"
7,,4,"6, cool, system, control, hvdc"
7,,5,"7, offshor, grid, bornholm, power"
7,,1,"8, wind, offshor, bornholm, mill"
7,,6,Noise
7,,11,"0, hydrogen, energi, bornholm, power"
7,,1,"10, baltic, bornholm, defens, energi"
7,,3,"12, hydrogen, bornholm, busi, powertox"
7,,2,"13, grid, offshor, wind, bornholm"
7,,5,"15, develop, energi, electr, project"
7,,12,"16, dkk, energi, billion, project"
7,,4,"18, electr, tax, project, energi"
7,,1,"19, energi, island, area, wind"
7,,2,"2, wind, energi, island, offshor"
7,,5,"20, convert, hvdc, offshor, grid"
7,,5,"21, energi, wind, offshor, connect"
7,,1,"23, bornholm, thoma, wind, say"
7,,2,"24, hydrogen, budget, social, reactor"
7,,3,"25, hydrogen, power, compani, nuclear"
7,,1,"29, island, energi, wind, sea"
7,,5,"3, comput, quantum, electr, municip"
7,,4,"31, price, zone, center, data"
7,,2,"32, microgrid, water, rvv, energi"
7,,1,"33, sage, plan, economi, sren"
7,,3,"35, materi, 111, million, dkk"
7,,1,"37, grid, wave, kelvin, power"
7,,4,"38, fund, receiv, energi, compani"
7,,3,"39, uniti, list, offshor, grid"
7,,4,"40, energi, wind, bornholm, grid"
7,,2,"42, energi, ptx, heat, risk"
7,,3,"44, system, climat, sector, trigener"
7,,2,"45, offshor, wind, farm, reliabl"
7,,6,"5, light, grid, power, offshor"
7,,4,"6, cool, system, control, hvdc"
7,,5,"7, offshor, grid, bornholm, power"
7,,1,"8, wind, offshor, bornholm, mill"
7,,6,Noise
7,,11,"0, hydrogen, energi, bornholm, power"
7,,1,"10, baltic, bornholm, defens, energi"
7,,3,"12, hydrogen, bornholm, busi, powertox"
7,,2,"13, grid, offshor, wind, bornholm"
7,,5,"15, develop, energi, electr, project"
7,,12,"16, dkk, energi, billion, project"
7,,4,"18, electr, tax, project, energi"
7,,1,"19, energi, island, area, wind"
7,,2,"2, wind, energi, island, offshor"
7,,5,"20, convert, hvdc, offshor, grid"
7,,5,"21, energi, wind, offshor, connect"
7,,1,"23, bornholm, thoma, wind, say"
7,,2,"24, hydrogen, budget, social, reactor"
7,,3,"25, hydrogen, power, compani, nuclear"
7,,1,"29, island, energi, wind, sea"
7,,5,"3, comput, quantum, electr, municip"
7,,4,"31, price, zone, center, data"
7,,2,"32, microgrid, water, rvv, energi"
7,,1,"33, sage, plan, economi, sren"
7,,3,"35, materi, 111, million, dkk"
7,,1,"37, grid, wave, kelvin, power"
7,,4,"38, fund, receiv, energi, compani"
7,,3,"39, uniti, list, offshor, grid"
7,,4,"40, energi, wind, bornholm, grid"
7,,2,"42, energi, ptx, heat, risk"
7,,3,"44, system, climat, sector, trigener"
7,,2,"45, offshor, wind, farm, reliabl"
7,,6,"5, light, grid, power, offshor"
7,,4,"6, cool, system, control, hvdc"
7,,5,"7, offshor, grid, bornholm, power"
7,,1,"8, wind, offshor, bornholm, mill"
7,,6,Noise
7,,11,"0, hydrogen, energi, bornholm, power"
7,,1,"10, baltic, bornholm, defens, energi"
7,,3,"12, hydrogen, bornholm, busi, powertox"
7,,2,"13, grid, offshor, wind, bornholm"
7,,5,"15, develop, energi, electr, project"
7,,12,"16, dkk, energi, billion, project"
7,,4,"18, electr, tax, project, energi"
7,,1,"19, energi, island, area, wind"
7,,2,"2, wind, energi, island, offshor"
7,,5,"20, convert, hvdc, offshor, grid"
7,,5,"21, energi, wind, offshor, connect"
7,,1,"23, bornholm, thoma, wind, say"
7,,2,"24, hydrogen, budget, social, reactor"
7,,3,"25, hydrogen, power, compani, nuclear"
7,,1,"29, island, energi, wind, sea"
7,,5,"3, comput, quantum, electr, municip"
7,,4,"31, price, zone, center, data"
7,,2,"32, microgrid, water, rvv, energi"
7,,1,"33, sage, plan, economi, sren"
7,,3,"35, materi, 111, million, dkk"
7,,1,"37, grid, wave, kelvin, power"
7,,4,"38, fund, receiv, energi, compani"
7,,3,"39, uniti, list, offshor, grid"
7,,4,"40, energi, wind, bornholm, grid"
7,,2,"42, energi, ptx, heat, risk"
7,,3,"44, system, climat, sector, trigener"
7,,2,"45, offshor, wind, farm, reliabl"
7,,6,"5, light, grid, power, offshor"
7,,4,"6, cool, system, control, hvdc"
7,,5,"7, offshor, grid, bornholm, power"
7,,1,"8, wind, offshor, bornholm, mill"
7,,6,Noise
7,,11,"0, hydrogen, energi, bornholm, power"
7,,1,"10, baltic, bornholm, defens, energi"
7,,3,"12, hydrogen, bornholm, busi, powertox"
7,,2,"13, grid, offshor, wind, bornholm"
7,,5,"15, develop, energi, electr, project"
7,,12,"16, dkk, energi, billion, project"
7,,4,"18, electr, tax, project, energi"
7,,1,"19, energi, island, area, wind"
7,,2,"2, wind, energi, island, offshor"
7,,5,"20, convert, hvdc, offshor, grid"
7,,5,"21, energi, wind, offshor, connect"
7,,1,"23, bornholm, thoma, wind, say"
7,,2,"24, hydrogen, budget, social, reactor"
7,,3,"25, hydrogen, power, compani, nuclear"
7,,1,"29, island, energi, wind, sea"
7,,5,"3, comput, quantum, electr, municip"
7,,4,"31, price, zone, center, data"
7,,2,"32, microgrid, water, rvv, energi"
7,,1,"33, sage, plan, economi, sren"
7,,3,"35, materi, 111, million, dkk"
7,,1,"37, grid, wave, kelvin, power"
7,,4,"38, fund, receiv, energi, compani"
7,,3,"39, uniti, list, offshor, grid"
7,,4,"40, energi, wind, bornholm, grid"
7,,2,"42, energi, ptx, heat, risk"
7,,3,"44, system, climat, sector, trigener"
7,,2,"45, offshor, wind, farm, reliabl"
7,,6,"5, light, grid, power, offshor"
7,,4,"6, cool, system, control, hvdc"
7,,5,"7, offshor, grid, bornholm, power"
7,,1,"8, wind, offshor, bornholm, mill"
7,,6,Noise
7,,11,"0, hydrogen, energi, bornholm, power"
7,,1,"10, baltic, bornholm, defens, energi"
7,,3,"12, hydrogen, bornholm, busi, powertox"
7,,2,"13, grid, offshor, wind, bornholm"
7,,5,"15, develop, energi, electr, project"
7,,12,"16, dkk, energi, billion, project"
7,,4,"18, electr, tax, project, energi"
7,,1,"19, energi, island, area, wind"
7,,2,"2, wind, energi, island, offshor"
7,,5,"20, convert, hvdc, offshor, grid"
7,,5,"21, energi, wind, offshor, connect"
7,,1,"23, bornholm, thoma, wind, say"
7,,2,"24, hydrogen, budget, social, reactor"
7,,3,"25, hydrogen, power, compani, nuclear"
7,,1,"29, island, energi, wind, sea"
7,,5,"3, comput, quantum, electr, municip"
7,,4,"31, price, zone, center, data"
7,,2,"32, microgrid, water, rvv, energi"
7,,1,"33, sage, plan, economi, sren"
7,,3,"35, materi, 111, million, dkk"
7,,1,"37, grid, wave, kelvin, power"
7,,4,"38, fund, receiv, energi, compani"
7,,3,"39, uniti, list, offshor, grid"
7,,4,"40, energi, wind, bornholm, grid"
7,,2,"42, energi, ptx, heat, risk"
7,,3,"44, system, climat, sector, trigener"
7,,2,"45, offshor, wind, farm, reliabl"
7,,6,"5, light, grid, power, offshor"
7,,4,"6, cool, system, control, hvdc"
7,,5,"7, offshor, grid, bornholm, power"
7,,1,"8, wind, offshor, bornholm, mill"
7,,6,Noise
7,,11,"0, hydrogen, energi, bornholm, power"
7,,1,"10, baltic, bornholm, defens, energi"
7,,3,"12, hydrogen, bornholm, busi, powertox"
7,,2,"13, grid, offshor, wind, bornholm"
7,,5,"15, develop, energi, electr, project"
7,,12,"16, dkk, energi, billion, project"
7,,4,"18, electr, tax, project, energi"
7,,1,"19, energi, island, area, wind"
7,,2,"2, wind, energi, island, offshor"
7,,5,"20, convert, hvdc, offshor, grid"
7,,5,"21, energi, wind, offshor, connect"
7,,1,"23, bornholm, thoma, wind, say"
7,,2,"24, hydrogen, budget, social, reactor"
7,,3,"25, hydrogen, power, compani, nuclear"
7,,1,"29, island, energi, wind, sea"
7,,5,"3, comput, quantum, electr, municip"
7,,4,"31, price, zone, center, data"
7,,2,"32, microgrid, water, rvv, energi"
7,,1,"33, sage, plan, economi, sren"
7,,3,"35, materi, 111, million, dkk"
7,,1,"37, grid, wave, kelvin, power"
7,,4,"38, fund, receiv, energi, compani"
7,,3,"39, uniti, list, offshor, grid"
7,,4,"40, energi, wind, bornholm, grid"
7,,2,"42, energi, ptx, heat, risk"
7,,3,"44, system, climat, sector, trigener"
7,,2,"45, offshor, wind, farm, reliabl"
7,,6,"5, light, grid, power, offshor"
7,,4,"6, cool, system, control, hvdc"
7,,5,"7, offshor, grid, bornholm, power"
7,,1,"8, wind, offshor, bornholm, mill"
7,,6,Noise
7,,11,"0, hydrogen, energi, bornholm, power"
7,,1,"10, baltic, bornholm, defens, energi"
7,,3,"12, hydrogen, bornholm, busi, powertox"
7,,2,"13, grid, offshor, wind, bornholm"
7,,5,"15, develop, energi, electr, project"
7,,12,"16, dkk, energi, billion, project"
7,,4,"18, electr, tax, project, energi"
7,,1,"19, energi, island, area, wind"
7,,2,"2, wind, energi, island, offshor"
7,,5,"20, convert, hvdc, offshor, grid"
7,,5,"21, energi, wind, offshor, connect"
7,,1,"23, bornholm, thoma, wind, say"
7,,2,"24, hydrogen, budget, social, reactor"
7,,3,"25, hydrogen, power, compani, nuclear"
7,,1,"29, island, energi, wind, sea"
7,,5,"3, comput, quantum, electr, municip"
7,,4,"31, price, zone, center, data"
7,,2,"32, microgrid, water, rvv, energi"
7,,1,"33, sage, plan, economi, sren"
7,,3,"35, materi, 111, million, dkk"
7,,1,"37, grid, wave, kelvin, power"
7,,4,"38, fund, receiv, energi, compani"
7,,3,"39, uniti, list, offshor, grid"
7,,4,"40, energi, wind, bornholm, grid"
7,,2,"42, energi, ptx, heat, risk"
7,,3,"44, system, climat, sector, trigener"
7,,2,"45, offshor, wind, farm, reliabl"
7,,6,"5, light, grid, power, offshor"
7,,4,"6, cool, system, control, hvdc"
7,,5,"7, offshor, grid, bornholm, power"
7,,1,"8, wind, offshor, bornholm, mill"
7,,6,Noise
7,,11,"0, hydrogen, energi, bornholm, power"
7,,1,"10, baltic, bornholm, defens, energi"
7,,3,"12, hydrogen, bornholm, busi, powertox"
7,,2,"13, grid, offshor, wind, bornholm"
7,,5,"15, develop, energi, electr, project"
7,,12,"16, dkk, energi, billion, project"
7,,4,"18, electr, tax, project, energi"
7,,1,"19, energi, island, area, wind"
7,,2,"2, wind, energi, island, offshor"
7,,5,"20, convert, hvdc, offshor, grid"
7,,5,"21, energi, wind, offshor, connect"
7,,1,"23, bornholm, thoma, wind, say"
7,,2,"24, hydrogen, budget, social, reactor"
7,,3,"25, hydrogen, power, compani, nuclear"
7,,1,"29, island, energi, wind, sea"
7,,5,"3, comput, quantum, electr, municip"
7,,4,"31, price, zone, center, data"
7,,2,"32, microgrid, water, rvv, energi"
7,,1,"33, sage, plan, economi, sren"
7,,3,"35, materi, 111, million, dkk"
7,,1,"37, grid, wave, kelvin, power"
7,,4,"38, fund, receiv, energi, compani"
7,,3,"39, uniti, list, offshor, grid"
7,,4,"40, energi, wind, bornholm, grid"
7,,2,"42, energi, ptx, heat, risk"
7,,3,"44, system, climat, sector, trigener"
7,,2,"45, offshor, wind, farm, reliabl"
7,,6,"5, light, grid, power, offshor"
7,,4,"6, cool, system, control, hvdc"
7,,5,"7, offshor, grid, bornholm, power"
7,,1,"8, wind, offshor, bornholm, mill"
7,,6,Noise
7,,11,"0, hydrogen, energi, bornholm, power"
7,,1,"10, baltic, bornholm, defens, energi"
7,,3,"12, hydrogen, bornholm, busi, powertox"
7,,2,"13, grid, offshor, wind, bornholm"
7,,5,"15, develop, energi, electr, project"
7,,12,"16, dkk, energi, billion, project"
7,,4,"18, electr, tax, project, energi"
7,,1,"19, energi, island, area, wind"
7,,2,"2, wind, energi, island, offshor"
7,,5,"20, convert, hvdc, offshor, grid"
7,,5,"21, energi, wind, offshor, connect"
7,,1,"23, bornholm, thoma, wind, say"
7,,2,"24, hydrogen, budget, social, reactor"
7,,3,"25, hydrogen, power, compani, nuclear"
7,,1,"29, island, energi, wind, sea"
7,,5,"3, comput, quantum, electr, municip"
7,,4,"31, price, zone, center, data"
7,,2,"32, microgrid, water, rvv, energi"
7,,1,"33, sage, plan, economi, sren"
7,,3,"35, materi, 111, million, dkk"
7,,1,"37, grid, wave, kelvin, power"
7,,4,"38, fund, receiv, energi, compani"
7,,3,"39, uniti, list, offshor, grid"
7,,4,"40, energi, wind, bornholm, grid"
7,,2,"42, energi, ptx, heat, risk"
7,,3,"44, system, climat, sector, trigener"
7,,2,"45, offshor, wind, farm, reliabl"
7,,6,"5, light, grid, power, offshor"
7,,4,"6, cool, system, control, hvdc"
7,,5,"7, offshor, grid, bornholm, power"
7,,1,"8, wind, offshor, bornholm, mill"
7,,6,Noise
7,,11,"0, hydrogen, energi, bornholm, power"
7,,1,"10, baltic, bornholm, defens, energi"
7,,3,"12, hydrogen, bornholm, busi, powertox"
7,,2,"13, grid, offshor, wind, bornholm"
7,,5,"15, develop, energi, electr, project"
7,,12,"16, dkk, energi, billion, project"
7,,4,"18, electr, tax, project, energi"
7,,1,"19, energi, island, area, wind"
7,,2,"2, wind, energi, island, offshor"
7,,5,"20, convert, hvdc, offshor, grid"
7,,5,"21, energi, wind, offshor, connect"
7,,1,"23, bornholm, thoma, wind, say"
7,,2,"24, hydrogen, budget, social, reactor"
7,,3,"25, hydrogen, power, compani, nuclear"
7,,1,"29, island, energi, wind, sea"
7,,5,"3, comput, quantum, electr, municip"
7,,4,"31, price, zone, center, data"
7,,2,"32, microgrid, water, rvv, energi"
7,,1,"33, sage, plan, economi, sren"
7,,3,"35, materi, 111, million, dkk"
7,,1,"37, grid, wave, kelvin, power"
7,,4,"38, fund, receiv, energi, compani"
7,,3,"39, uniti, list, offshor, grid"
7,,4,"40, energi, wind, bornholm, grid"
7,,2,"42, energi, ptx, heat, risk"
7,,3,"44, system, climat, sector, trigener"
7,,2,"45, offshor, wind, farm, reliabl"
7,,6,"5, light, grid, power, offshor"
7,,4,"6, cool, system, control, hvdc"
7,,5,"7, offshor, grid, bornholm, power"
7,,1,"8, wind, offshor, bornholm, mill"
7,,6,Noise
7,,11,"0, hydrogen, energi, bornholm, power"
7,,1,"10, baltic, bornholm, defens, energi"
7,,3,"12, hydrogen, bornholm, busi, powertox"
7,,2,"13, grid, offshor, wind, bornholm"
7,,5,"15, develop, energi, electr, project"
7,,12,"16, dkk, energi, billion, project"
7,,4,"18, electr, tax, project, energi"
7,,1,"19, energi, island, area, wind"
7,,2,"2, wind, energi, island, offshor"
7,,5,"20, convert, hvdc, offshor, grid"
7,,5,"21, energi, wind, offshor, connect"
7,,1,"23, bornholm, thoma, wind, say"
7,,2,"24, hydrogen, budget, social, reactor"
7,,3,"25, hydrogen, power, compani, nuclear"
7,,1,"29, island, energi, wind, sea"
7,,5,"3, comput, quantum, electr, municip"
7,,4,"31, price, zone, center, data"
7,,2,"32, microgrid, water, rvv, energi"
7,,1,"33, sage, plan, economi, sren"
7,,3,"35, materi, 111, million, dkk"
7,,1,"37, grid, wave, kelvin, power"
7,,4,"38, fund, receiv, energi, compani"
7,,3,"39, uniti, list, offshor, grid"
7,,4,"40, energi, wind, bornholm, grid"
7,,2,"42, energi, ptx, heat, risk"
7,,3,"44, system, climat, sector, trigener"
7,,2,"45, offshor, wind, farm, reliabl"
7,,6,"5, light, grid, power, offshor"
7,,4,"6, cool, system, control, hvdc"
7,,5,"7, offshor, grid, bornholm, power"
7,,1,"8, wind, offshor, bornholm, mill"
7,,6,Noise
7,,11,"0, hydrogen, energi, bornholm, power"
7,,1,"10, baltic, bornholm, defens, energi"
7,,3,"12, hydrogen, bornholm, busi, powertox"
7,,2,"13, grid, offshor, wind, bornholm"
7,,5,"15, develop, energi, electr, project"
7,,12,"16, dkk, energi, billion, project"
7,,4,"18, electr, tax, project, energi"
7,,1,"19, energi, island, area, wind"
7,,2,"2, wind, energi, island, offshor"
7,,5,"20, convert, hvdc, offshor, grid"
7,,5,"21, energi, wind, offshor, connect"
7,,1,"23, bornholm, thoma, wind, say"
7,,2,"24, hydrogen, budget, social, reactor"
7,,3,"25, hydrogen, power, compani, nuclear"
7,,1,"29, island, energi, wind, sea"
7,,5,"3, comput, quantum, electr, municip"
7,,4,"31, price, zone, center, data"
7,,2,"32, microgrid, water, rvv, energi"
7,,1,"33, sage, plan, economi, sren"
7,,3,"35, materi, 111, million, dkk"
7,,1,"37, grid, wave, kelvin, power"
7,,4,"38, fund, receiv, energi, compani"
7,,3,"39, uniti, list, offshor, grid"
7,,4,"40, energi, wind, bornholm, grid"
7,,2,"42, energi, ptx, heat, risk"
7,,3,"44, system, climat, sector, trigener"
7,,2,"45, offshor, wind, farm, reliabl"
7,,6,"5, light, grid, power, offshor"
7,,4,"6, cool, system, control, hvdc"
7,,5,"7, offshor, grid, bornholm, power"
7,,1,"8, wind, offshor, bornholm, mill"
7,,6,Noise
7,,11,"0, hydrogen, energi, bornholm, power"
7,,1,"10, baltic, bornholm, defens, energi"
7,,3,"12, hydrogen, bornholm, busi, powertox"
7,,2,"13, grid, offshor, wind, bornholm"
7,,5,"15, develop, energi, electr, project"
7,,12,"16, dkk, energi, billion, project"
7,,4,"18, electr, tax, project, energi"
7,,1,"19, energi, island, area, wind"
7,,2,"2, wind, energi, island, offshor"
7,,5,"20, convert, hvdc, offshor, grid"
7,,5,"21, energi, wind, offshor, connect"
7,,1,"23, bornholm, thoma, wind, say"
7,,2,"24, hydrogen, budget, social, reactor"
7,,3,"25, hydrogen, power, compani, nuclear"
7,,1,"29, island, energi, wind, sea"
7,,5,"3, comput, quantum, electr, municip"
7,,4,"31, price, zone, center, data"
7,,2,"32, microgrid, water, rvv, energi"
7,,1,"33, sage, plan, economi, sren"
7,,3,"35, materi, 111, million, dkk"
7,,1,"37, grid, wave, kelvin, power"
7,,4,"38, fund, receiv, energi, compani"
7,,3,"39, uniti, list, offshor, grid"
7,,4,"40, energi, wind, bornholm, grid"
7,,2,"42, energi, ptx, heat, risk"
7,,3,"44, system, climat, sector, trigener"
7,,2,"45, offshor, wind, farm, reliabl"
7,,6,"5, light, grid, power, offshor"
7,,4,"6, cool, system, control, hvdc"
7,,5,"7, offshor, grid, bornholm, power"
7,,1,"8, wind, offshor, bornholm, mill"
7,,6,Noise
7,,11,"0, hydrogen, energi, bornholm, power"
7,,1,"10, baltic, bornholm, defens, energi"
7,,3,"12, hydrogen, bornholm, busi, powertox"
7,,2,"13, grid, offshor, wind, bornholm"
7,,5,"15, develop, energi, electr, project"
7,,12,"16, dkk, energi, billion, project"
7,,4,"18, electr, tax, project, energi"
7,,1,"19, energi, island, area, wind"
7,,2,"2, wind, energi, island, offshor"
7,,5,"20, convert, hvdc, offshor, grid"
7,,5,"21, energi, wind, offshor, connect"
7,,1,"23, bornholm, thoma, wind, say"
7,,2,"24, hydrogen, budget, social, reactor"
7,,3,"25, hydrogen, power, compani, nuclear"
7,,1,"29, island, energi, wind, sea"
7,,5,"3, comput, quantum, electr, municip"
7,,4,"31, price, zone, center, data"
7,,2,"32, microgrid, water, rvv, energi"
7,,1,"33, sage, plan, economi, sren"
7,,3,"35, materi, 111, million, dkk"
7,,1,"37, grid, wave, kelvin, power"
7,,4,"38, fund, receiv, energi, compani"
7,,3,"39, uniti, list, offshor, grid"
7,,4,"40, energi, wind, bornholm, grid"
7,,2,"42, energi, ptx, heat, risk"
7,,3,"44, system, climat, sector, trigener"
7,,2,"45, offshor, wind, farm, reliabl"
7,,6,"5, light, grid, power, offshor"
7,,4,"6, cool, system, control, hvdc"
7,,5,"7, offshor, grid, bornholm, power"
7,,1,"8, wind, offshor, bornholm, mill"
7,,6,Noise
7,,11,"0, hydrogen, energi, bornholm, power"
7,,1,"10, baltic, bornholm, defens, energi"
7,,3,"12, hydrogen, bornholm, busi, powertox"
7,,2,"13, grid, offshor, wind, bornholm"
7,,5,"15, develop, energi, electr, project"
7,,12,"16, dkk, energi, billion, project"
7,,4,"18, electr, tax, project, energi"
7,,1,"19, energi, island, area, wind"
7,,2,"2, wind, energi, island, offshor"
7,,5,"20, convert, hvdc, offshor, grid"
7,,5,"21, energi, wind, offshor, connect"
7,,1,"23, bornholm, thoma, wind, say"
7,,2,"24, hydrogen, budget, social, reactor"
7,,3,"25, hydrogen, power, compani, nuclear"
7,,1,"29, island, energi, wind, sea"
7,,5,"3, comput, quantum, electr, municip"
7,,4,"31, price, zone, center, data"
7,,2,"32, microgrid, water, rvv, energi"
7,,1,"33, sage, plan, economi, sren"
7,,3,"35, materi, 111, million, dkk"
7,,1,"37, grid, wave, kelvin, power"
7,,4,"38, fund, receiv, energi, compani"
7,,3,"39, uniti, list, offshor, grid"
7,,4,"40, energi, wind, bornholm, grid"
7,,2,"42, energi, ptx, heat, risk"
7,,3,"44, system, climat, sector, trigener"
7,,2,"45, offshor, wind, farm, reliabl"
7,,6,"5, light, grid, power, offshor"
7,,4,"6, cool, system, control, hvdc"
7,,5,"7, offshor, grid, bornholm, power"
7,,1,"8, wind, offshor, bornholm, mill"
7,,6,Noise
7,,11,"0, hydrogen, energi, bornholm, power"
7,,1,"10, baltic, bornholm, defens, energi"
7,,3,"12, hydrogen, bornholm, busi, powertox"
7,,2,"13, grid, offshor, wind, bornholm"
7,,5,"15, develop, energi, electr, project"
7,,12,"16, dkk, energi, billion, project"
7,,4,"18, electr, tax, project, energi"
7,,1,"19, energi, island, area, wind"
7,,2,"2, wind, energi, island, offshor"
7,,5,"20, convert, hvdc, offshor, grid"
7,,5,"21, energi, wind, offshor, connect"
7,,1,"23, bornholm, thoma, wind, say"
7,,2,"24, hydrogen, budget, social, reactor"
7,,3,"25, hydrogen, power, compani, nuclear"
7,,1,"29, island, energi, wind, sea"
7,,5,"3, comput, quantum, electr, municip"
7,,4,"31, price, zone, center, data"
7,,2,"32, microgrid, water, rvv, energi"
7,,1,"33, sage, plan, economi, sren"
7,,3,"35, materi, 111, million, dkk"
7,,1,"37, grid, wave, kelvin, power"
7,,4,"38, fund, receiv, energi, compani"
7,,3,"39, uniti, list, offshor, grid"
7,,4,"40, energi, wind, bornholm, grid"
7,,2,"42, energi, ptx, heat, risk"
7,,3,"44, system, climat, sector, trigener"
7,,2,"45, offshor, wind, farm, reliabl"
7,,6,"5, light, grid, power, offshor"
7,,4,"6, cool, system, control, hvdc"
7,,5,"7, offshor, grid, bornholm, power"
7,,1,"8, wind, offshor, bornholm, mill"
7,,6,Noise
7,,11,"0, hydrogen, energi, bornholm, power"
7,,1,"10, baltic, bornholm, defens, energi"
7,,3,"12, hydrogen, bornholm, busi, powertox"
7,,2,"13, grid, offshor, wind, bornholm"
7,,5,"15, develop, energi, electr, project"
7,,12,"16, dkk, energi, billion, project"
7,,4,"18, electr, tax, project, energi"
7,,1,"19, energi, island, area, wind"
7,,2,"2, wind, energi, island, offshor"
7,,5,"20, convert, hvdc, offshor, grid"
7,,5,"21, energi, wind, offshor, connect"
7,,1,"23, bornholm, thoma, wind, say"
7,,2,"24, hydrogen, budget, social, reactor"
7,,3,"25, hydrogen, power, compani, nuclear"
7,,1,"29, island, energi, wind, sea"
7,,5,"3, comput, quantum, electr, municip"
7,,4,"31, price, zone, center, data"
7,,2,"32, microgrid, water, rvv, energi"
7,,1,"33, sage, plan, economi, sren"
7,,3,"35, materi, 111, million, dkk"
7,,1,"37, grid, wave, kelvin, power"
7,,4,"38, fund, receiv, energi, compani"
7,,3,"39, uniti, list, offshor, grid"
7,,4,"40, energi, wind, bornholm, grid"
7,,2,"42, energi, ptx, heat, risk"
7,,3,"44, system, climat, sector, trigener"
7,,2,"45, offshor, wind, farm, reliabl"
7,,6,"5, light, grid, power, offshor"
7,,4,"6, cool, system, control, hvdc"
7,,5,"7, offshor, grid, bornholm, power"
7,,1,"8, wind, offshor, bornholm, mill"
7,,6,Noise
7,,11,"0, hydrogen, energi, bornholm, power"
7,,1,"10, baltic, bornholm, defens, energi"
7,,3,"12, hydrogen, bornholm, busi, powertox"
7,,2,"13, grid, offshor, wind, bornholm"
7,,5,"15, develop, energi, electr, project"
7,,12,"16, dkk, energi, billion, project"
7,,4,"18, electr, tax, project, energi"
7,,1,"19, energi, island, area, wind"
7,,2,"2, wind, energi, island, offshor"
7,,5,"20, convert, hvdc, offshor, grid"
7,,5,"21, energi, wind, offshor, connect"
7,,1,"23, bornholm, thoma, wind, say"
7,,2,"24, hydrogen, budget, social, reactor"
7,,3,"25, hydrogen, power, compani, nuclear"
7,,1,"29, island, energi, wind, sea"
7,,5,"3, comput, quantum, electr, municip"
7,,4,"31, price, zone, center, data"
7,,2,"32, microgrid, water, rvv, energi"
7,,1,"33, sage, plan, economi, sren"
7,,3,"35, materi, 111, million, dkk"
7,,1,"37, grid, wave, kelvin, power"
7,,4,"38, fund, receiv, energi, compani"
7,,3,"39, uniti, list, offshor, grid"
7,,4,"40, energi, wind, bornholm, grid"
7,,2,"42, energi, ptx, heat, risk"
7,,3,"44, system, climat, sector, trigener"
7,,2,"45, offshor, wind, farm, reliabl"
7,,6,"5, light, grid, power, offshor"
7,,4,"6, cool, system, control, hvdc"
7,,5,"7, offshor, grid, bornholm, power"
7,,1,"8, wind, offshor, bornholm, mill"
7,,6,Noise
7,,11,"0, hydrogen, energi, bornholm, power"
7,,1,"10, baltic, bornholm, defens, energi"
7,,3,"12, hydrogen, bornholm, busi, powertox"
7,,2,"13, grid, offshor, wind, bornholm"
7,,5,"15, develop, energi, electr, project"
7,,12,"16, dkk, energi, billion, project"
7,,4,"18, electr, tax, project, energi"
7,,1,"19, energi, island, area, wind"
7,,2,"2, wind, energi, island, offshor"
7,,5,"20, convert, hvdc, offshor, grid"
7,,5,"21, energi, wind, offshor, connect"
7,,1,"23, bornholm, thoma, wind, say"
7,,2,"24, hydrogen, budget, social, reactor"
7,,3,"25, hydrogen, power, compani, nuclear"
7,,1,"29, island, energi, wind, sea"
7,,5,"3, comput, quantum, electr, municip"
7,,4,"31, price, zone, center, data"
7,,2,"32, microgrid, water, rvv, energi"
7,,1,"33, sage, plan, economi, sren"
7,,3,"35, materi, 111, million, dkk"
7,,1,"37, grid, wave, kelvin, power"
7,,4,"38, fund, receiv, energi, compani"
7,,3,"39, uniti, list, offshor, grid"
7,,4,"40, energi, wind, bornholm, grid"
7,,2,"42, energi, ptx, heat, risk"
7,,3,"44, system, climat, sector, trigener"
7,,2,"45, offshor, wind, farm, reliabl"
7,,6,"5, light, grid, power, offshor"
7,,4,"6, cool, system, control, hvdc"
7,,5,"7, offshor, grid, bornholm, power"
7,,1,"8, wind, offshor, bornholm, mill"
7,,6,Noise
7,,11,"0, hydrogen, energi, bornholm, power"
7,,1,"10, baltic, bornholm, defens, energi"
7,,3,"12, hydrogen, bornholm, busi, powertox"
7,,2,"13, grid, offshor, wind, bornholm"
7,,5,"15, develop, energi, electr, project"
7,,12,"16, dkk, energi, billion, project"
7,,4,"18, electr, tax, project, energi"
7,,1,"19, energi, island, area, wind"
7,,2,"2, wind, energi, island, offshor"
7,,5,"20, convert, hvdc, offshor, grid"
7,,5,"21, energi, wind, offshor, connect"
7,,1,"23, bornholm, thoma, wind, say"
7,,2,"24, hydrogen, budget, social, reactor"
7,,3,"25, hydrogen, power, compani, nuclear"
7,,1,"29, island, energi, wind, sea"
7,,5,"3, comput, quantum, electr, municip"
7,,4,"31, price, zone, center, data"
7,,2,"32, microgrid, water, rvv, energi"
7,,1,"33, sage, plan, economi, sren"
7,,3,"35, materi, 111, million, dkk"
7,,1,"37, grid, wave, kelvin, power"
7,,4,"38, fund, receiv, energi, compani"
7,,3,"39, uniti, list, offshor, grid"
7,,4,"40, energi, wind, bornholm, grid"
7,,2,"42, energi, ptx, heat, risk"
7,,3,"44, system, climat, sector, trigener"
7,,2,"45, offshor, wind, farm, reliabl"
7,,6,"5, light, grid, power, offshor"
7,,4,"6, cool, system, control, hvdc"
7,,5,"7, offshor, grid, bornholm, power"
7,,1,"8, wind, offshor, bornholm, mill"
7,,6,Noise
7,,11,"0, hydrogen, energi, bornholm, power"
7,,1,"10, baltic, bornholm, defens, energi"
7,,3,"12, hydrogen, bornholm, busi, powertox"
7,,2,"13, grid, offshor, wind, bornholm"
7,,5,"15, develop, energi, electr, project"
7,,12,"16, dkk, energi, billion, project"
7,,4,"18, electr, tax, project, energi"
7,,1,"19, energi, island, area, wind"
7,,2,"2, wind, energi, island, offshor"
7,,5,"20, convert, hvdc, offshor, grid"
7,,5,"21, energi, wind, offshor, connect"
7,,1,"23, bornholm, thoma, wind, say"
7,,2,"24, hydrogen, budget, social, reactor"
7,,3,"25, hydrogen, power, compani, nuclear"
7,,1,"29, island, energi, wind, sea"
7,,5,"3, comput, quantum, electr, municip"
7,,4,"31, price, zone, center, data"
7,,2,"32, microgrid, water, rvv, energi"
7,,1,"33, sage, plan, economi, sren"
7,,3,"35, materi, 111, million, dkk"
7,,1,"37, grid, wave, kelvin, power"
7,,4,"38, fund, receiv, energi, compani"
7,,3,"39, uniti, list, offshor, grid"
7,,4,"40, energi, wind, bornholm, grid"
7,,2,"42, energi, ptx, heat, risk"
7,,3,"44, system, climat, sector, trigener"
7,,2,"45, offshor, wind, farm, reliabl"
7,,6,"5, light, grid, power, offshor"
7,,4,"6, cool, system, control, hvdc"
7,,5,"7, offshor, grid, bornholm, power"
7,,1,"8, wind, offshor, bornholm, mill"
7,,6,Noise
7,,11,"0, hydrogen, energi, bornholm, power"
7,,1,"10, baltic, bornholm, defens, energi"
7,,3,"12, hydrogen, bornholm, busi, powertox"
7,,2,"13, grid, offshor, wind, bornholm"
7,,5,"15, develop, energi, electr, project"
7,,12,"16, dkk, energi, billion, project"
7,,4,"18, electr, tax, project, energi"
7,,1,"19, energi, island, area, wind"
7,,2,"2, wind, energi, island, offshor"
7,,5,"20, convert, hvdc, offshor, grid"
7,,5,"21, energi, wind, offshor, connect"
7,,1,"23, bornholm, thoma, wind, say"
7,,2,"24, hydrogen, budget, social, reactor"
7,,3,"25, hydrogen, power, compani, nuclear"
7,,1,"29, island, energi, wind, sea"
7,,5,"3, comput, quantum, electr, municip"
7,,4,"31, price, zone, center, data"
7,,2,"32, microgrid, water, rvv, energi"
7,,1,"33, sage, plan, economi, sren"
7,,3,"35, materi, 111, million, dkk"
7,,1,"37, grid, wave, kelvin, power"
7,,4,"38, fund, receiv, energi, compani"
7,,3,"39, uniti, list, offshor, grid"
7,,4,"40, energi, wind, bornholm, grid"
7,,2,"42, energi, ptx, heat, risk"
7,,3,"44, system, climat, sector, trigener"
7,,2,"45, offshor, wind, farm, reliabl"
7,,6,"5, light, grid, power, offshor"
7,,4,"6, cool, system, control, hvdc"
7,,5,"7, offshor, grid, bornholm, power"
7,,1,"8, wind, offshor, bornholm, mill"
7,,6,Noise
7,,11,"0, hydrogen, energi, bornholm, power"
7,,1,"10, baltic, bornholm, defens, energi"
7,,3,"12, hydrogen, bornholm, busi, powertox"
7,,2,"13, grid, offshor, wind, bornholm"
7,,5,"15, develop, energi, electr, project"
7,,12,"16, dkk, energi, billion, project"
7,,4,"18, electr, tax, project, energi"
7,,1,"19, energi, island, area, wind"
7,,2,"2, wind, energi, island, offshor"
7,,5,"20, convert, hvdc, offshor, grid"
7,,5,"21, energi, wind, offshor, connect"
7,,1,"23, bornholm, thoma, wind, say"
7,,2,"24, hydrogen, budget, social, reactor"
7,,3,"25, hydrogen, power, compani, nuclear"
7,,1,"29, island, energi, wind, sea"
7,,5,"3, comput, quantum, electr, municip"
7,,4,"31, price, zone, center, data"
7,,2,"32, microgrid, water, rvv, energi"
7,,1,"33, sage, plan, economi, sren"
7,,3,"35, materi, 111, million, dkk"
7,,1,"37, grid, wave, kelvin, power"
7,,4,"38, fund, receiv, energi, compani"
7,,3,"39, uniti, list, offshor, grid"
7,,4,"40, energi, wind, bornholm, grid"
7,,2,"42, energi, ptx, heat, risk"
7,,3,"44, system, climat, sector, trigener"
7,,2,"45, offshor, wind, farm, reliabl"
7,,6,"5, light, grid, power, offshor"
7,,4,"6, cool, system, control, hvdc"
7,,5,"7, offshor, grid, bornholm, power"
7,,1,"8, wind, offshor, bornholm, mill"
7,,6,Noise
7,,11,"0, hydrogen, energi, bornholm, power"
7,,1,"10, baltic, bornholm, defens, energi"
7,,3,"12, hydrogen, bornholm, busi, powertox"
7,,2,"13, grid, offshor, wind, bornholm"
7,,5,"15, develop, energi, electr, project"
7,,12,"16, dkk, energi, billion, project"
7,,4,"18, electr, tax, project, energi"
7,,1,"19, energi, island, area, wind"
7,,2,"2, wind, energi, island, offshor"
7,,5,"20, convert, hvdc, offshor, grid"
7,,5,"21, energi, wind, offshor, connect"
7,,1,"23, bornholm, thoma, wind, say"
7,,2,"24, hydrogen, budget, social, reactor"
7,,3,"25, hydrogen, power, compani, nuclear"
7,,1,"29, island, energi, wind, sea"
7,,5,"3, comput, quantum, electr, municip"
7,,4,"31, price, zone, center, data"
7,,2,"32, microgrid, water, rvv, energi"
7,,1,"33, sage, plan, economi, sren"
7,,3,"35, materi, 111, million, dkk"
7,,1,"37, grid, wave, kelvin, power"
7,,4,"38, fund, receiv, energi, compani"
7,,3,"39, uniti, list, offshor, grid"
7,,4,"40, energi, wind, bornholm, grid"
7,,2,"42, energi, ptx, heat, risk"
7,,3,"44, system, climat, sector, trigener"
7,,2,"45, offshor, wind, farm, reliabl"
7,,6,"5, light, grid, power, offshor"
7,,4,"6, cool, system, control, hvdc"
7,,5,"7, offshor, grid, bornholm, power"
7,,1,"8, wind, offshor, bornholm, mill"
7,,6,Noise
7,,11,"0, hydrogen, energi, bornholm, power"
7,,1,"10, baltic, bornholm, defens, energi"
7,,3,"12, hydrogen, bornholm, busi, powertox"
7,,2,"13, grid, offshor, wind, bornholm"
7,,5,"15, develop, energi, electr, project"
7,,12,"16, dkk, energi, billion, project"
7,,4,"18, electr, tax, project, energi"
7,,1,"19, energi, island, area, wind"
7,,2,"2, wind, energi, island, offshor"
7,,5,"20, convert, hvdc, offshor, grid"
7,,5,"21, energi, wind, offshor, connect"
7,,1,"23, bornholm, thoma, wind, say"
7,,2,"24, hydrogen, budget, social, reactor"
7,,3,"25, hydrogen, power, compani, nuclear"
7,,1,"29, island, energi, wind, sea"
7,,5,"3, comput, quantum, electr, municip"
7,,4,"31, price, zone, center, data"
7,,2,"32, microgrid, water, rvv, energi"
7,,1,"33, sage, plan, economi, sren"
7,,3,"35, materi, 111, million, dkk"
7,,1,"37, grid, wave, kelvin, power"
7,,4,"38, fund, receiv, energi, compani"
7,,3,"39, uniti, list, offshor, grid"
7,,4,"40, energi, wind, bornholm, grid"
7,,2,"42, energi, ptx, heat, risk"
7,,3,"44, system, climat, sector, trigener"
7,,2,"45, offshor, wind, farm, reliabl"
7,,6,"5, light, grid, power, offshor"
7,,4,"6, cool, system, control, hvdc"
7,,5,"7, offshor, grid, bornholm, power"
7,,1,"8, wind, offshor, bornholm, mill"
7,,6,Noise
7,,11,"0, hydrogen, energi, bornholm, power"
7,,1,"10, baltic, bornholm, defens, energi"
7,,3,"12, hydrogen, bornholm, busi, powertox"
7,,2,"13, grid, offshor, wind, bornholm"
7,,5,"15, develop, energi, electr, project"
7,,12,"16, dkk, energi, billion, project"
7,,4,"18, electr, tax, project, energi"
7,,1,"19, energi, island, area, wind"
7,,2,"2, wind, energi, island, offshor"
7,,5,"20, convert, hvdc, offshor, grid"
7,,5,"21, energi, wind, offshor, connect"
7,,1,"23, bornholm, thoma, wind, say"
7,,2,"24, hydrogen, budget, social, reactor"
7,,3,"25, hydrogen, power, compani, nuclear"
7,,1,"29, island, energi, wind, sea"
7,,5,"3, comput, quantum, electr, municip"
7,,4,"31, price, zone, center, data"
7,,2,"32, microgrid, water, rvv, energi"
7,,1,"33, sage, plan, economi, sren"
7,,3,"35, materi, 111, million, dkk"
7,,1,"37, grid, wave, kelvin, power"
7,,4,"38, fund, receiv, energi, compani"
7,,3,"39, uniti, list, offshor, grid"
7,,4,"40, energi, wind, bornholm, grid"
7,,2,"42, energi, ptx, heat, risk"
7,,3,"44, system, climat, sector, trigener"
7,,2,"45, offshor, wind, farm, reliabl"
7,,6,"5, light, grid, power, offshor"
7,,4,"6, cool, system, control, hvdc"
7,,5,"7, offshor, grid, bornholm, power"
7,,1,"8, wind, offshor, bornholm, mill"
7,,6,Noise
7,,11,"0, hydrogen, energi, bornholm, power"
7,,1,"10, baltic, bornholm, defens, energi"
7,,3,"12, hydrogen, bornholm, busi, powertox"
7,,2,"13, grid, offshor, wind, bornholm"
7,,5,"15, develop, energi, electr, project"
7,,12,"16, dkk, energi, billion, project"
7,,4,"18, electr, tax, project, energi"
7,,1,"19, energi, island, area, wind"
7,,2,"2, wind, energi, island, offshor"
7,,5,"20, convert, hvdc, offshor, grid"
7,,5,"21, energi, wind, offshor, connect"
7,,1,"23, bornholm, thoma, wind, say"
7,,2,"24, hydrogen, budget, social, reactor"
7,,3,"25, hydrogen, power, compani, nuclear"
7,,1,"29, island, energi, wind, sea"
7,,5,"3, comput, quantum, electr, municip"
7,,4,"31, price, zone, center, data"
7,,2,"32, microgrid, water, rvv, energi"
7,,1,"33, sage, plan, economi, sren"
7,,3,"35, materi, 111, million, dkk"
7,,1,"37, grid, wave, kelvin, power"
7,,4,"38, fund, receiv, energi, compani"
7,,3,"39, uniti, list, offshor, grid"
7,,4,"40, energi, wind, bornholm, grid"
7,,2,"42, energi, ptx, heat, risk"
7,,3,"44, system, climat, sector, trigener"
7,,2,"45, offshor, wind, farm, reliabl"
7,,6,"5, light, grid, power, offshor"
7,,4,"6, cool, system, control, hvdc"
7,,5,"7, offshor, grid, bornholm, power"
7,,1,"8, wind, offshor, bornholm, mill"
7,,6,Noise
7,,11,"0, hydrogen, energi, bornholm, power"
7,,1,"10, baltic, bornholm, defens, energi"
7,,3,"12, hydrogen, bornholm, busi, powertox"
7,,2,"13, grid, offshor, wind, bornholm"
7,,5,"15, develop, energi, electr, project"
7,,12,"16, dkk, energi, billion, project"
7,,4,"18, electr, tax, project, energi"
7,,1,"19, energi, island, area, wind"
7,,2,"2, wind, energi, island, offshor"
7,,5,"20, convert, hvdc, offshor, grid"
7,,5,"21, energi, wind, offshor, connect"
7,,1,"23, bornholm, thoma, wind, say"
7,,2,"24, hydrogen, budget, social, reactor"
7,,3,"25, hydrogen, power, compani, nuclear"
7,,1,"29, island, energi, wind, sea"
7,,5,"3, comput, quantum, electr, municip"
7,,4,"31, price, zone, center, data"
7,,2,"32, microgrid, water, rvv, energi"
7,,1,"33, sage, plan, economi, sren"
7,,3,"35, materi, 111, million, dkk"
7,,1,"37, grid, wave, kelvin, power"
7,,4,"38, fund, receiv, energi, compani"
7,,3,"39, uniti, list, offshor, grid"
7,,4,"40, energi, wind, bornholm, grid"
7,,2,"42, energi, ptx, heat, risk"
7,,3,"44, system, climat, sector, trigener"
7,,2,"45, offshor, wind, farm, reliabl"
7,,6,"5, light, grid, power, offshor"
7,,4,"6, cool, system, control, hvdc"
7,,5,"7, offshor, grid, bornholm, power"
7,,1,"8, wind, offshor, bornholm, mill"
7,,6,Noise
7,,11,"0, hydrogen, energi, bornholm, power"
7,,1,"10, baltic, bornholm, defens, energi"
7,,3,"12, hydrogen, bornholm, busi, powertox"
7,,2,"13, grid, offshor, wind, bornholm"
7,,5,"15, develop, energi, electr, project"
7,,12,"16, dkk, energi, billion, project"
7,,4,"18, electr, tax, project, energi"
7,,1,"19, energi, island, area, wind"
7,,2,"2, wind, energi, island, offshor"
7,,5,"20, convert, hvdc, offshor, grid"
7,,5,"21, energi, wind, offshor, connect"
7,,1,"23, bornholm, thoma, wind, say"
7,,2,"24, hydrogen, budget, social, reactor"
7,,3,"25, hydrogen, power, compani, nuclear"
7,,1,"29, island, energi, wind, sea"
7,,5,"3, comput, quantum, electr, municip"
7,,4,"31, price, zone, center, data"
7,,2,"32, microgrid, water, rvv, energi"
7,,1,"33, sage, plan, economi, sren"
7,,3,"35, materi, 111, million, dkk"
7,,1,"37, grid, wave, kelvin, power"
7,,4,"38, fund, receiv, energi, compani"
7,,3,"39, uniti, list, offshor, grid"
7,,4,"40, energi, wind, bornholm, grid"
7,,2,"42, energi, ptx, heat, risk"
7,,3,"44, system, climat, sector, trigener"
7,,2,"45, offshor, wind, farm, reliabl"
7,,6,"5, light, grid, power, offshor"
7,,4,"6, cool, system, control, hvdc"
7,,5,"7, offshor, grid, bornholm, power"
7,,1,"8, wind, offshor, bornholm, mill"
7,,6,Noise
11,,8,"0, hydrogen, energi, bornholm, power"
11,,2,"1, energinet, plant, build, station"
11,,9,"12, hydrogen, bornholm, busi, powertox"
11,,1,"13, grid, offshor, wind, bornholm"
11,,2,"15, develop, energi, electr, project"
11,,3,"16, dkk, energi, billion, project"
11,,3,"18, electr, tax, project, energi"
11,,2,"21, energi, wind, offshor, connect"
11,,1,"22, guard, wind, offshor, farm"
11,,8,"24, hydrogen, budget, social, reactor"
11,,7,"25, hydrogen, power, compani, nuclear"
11,,5,"26, agreement, climat, co2, dkk"
11,,4,"3, comput, quantum, electr, municip"
11,,3,"32, microgrid, water, rvv, energi"
11,,1,"33, sage, plan, economi, sren"
11,,2,"37, grid, wave, kelvin, power"
11,,5,"38, fund, receiv, energi, compani"
11,,2,"39, uniti, list, offshor, grid"
11,,4,"41, bioga, co2, plant, tonn"
11,,3,"42, energi, ptx, heat, risk"
11,,2,"44, system, climat, sector, trigener"
11,,5,"47, heat, ga, rvv, climat"
11,,6,"48, labor, emiss, co2, climat"
11,,2,"7, offshor, grid, bornholm, power"
11,,3,"9, island, bornholm, energi, offshor"
11,,8,Noise
11,,8,"0, hydrogen, energi, bornholm, power"
11,,2,"1, energinet, plant, build, station"
11,,9,"12, hydrogen, bornholm, busi, powertox"
11,,1,"13, grid, offshor, wind, bornholm"
11,,2,"15, develop, energi, electr, project"
11,,3,"16, dkk, energi, billion, project"
11,,3,"18, electr, tax, project, energi"
11,,2,"21, energi, wind, offshor, connect"
11,,1,"22, guard, wind, offshor, farm"
11,,8,"24, hydrogen, budget, social, reactor"
11,,7,"25, hydrogen, power, compani, nuclear"
11,,5,"26, agreement, climat, co2, dkk"
11,,4,"3, comput, quantum, electr, municip"
11,,3,"32, microgrid, water, rvv, energi"
11,,1,"33, sage, plan, economi, sren"
11,,2,"37, grid, wave, kelvin, power"
11,,5,"38, fund, receiv, energi, compani"
11,,2,"39, uniti, list, offshor, grid"
11,,4,"41, bioga, co2, plant, tonn"
11,,3,"42, energi, ptx, heat, risk"
11,,2,"44, system, climat, sector, trigener"
11,,5,"47, heat, ga, rvv, climat"
11,,6,"48, labor, emiss, co2, climat"
11,,2,"7, offshor, grid, bornholm, power"
11,,3,"9, island, bornholm, energi, offshor"
11,,8,Noise
11,,8,"0, hydrogen, energi, bornholm, power"
11,,2,"1, energinet, plant, build, station"
11,,9,"12, hydrogen, bornholm, busi, powertox"
11,,1,"13, grid, offshor, wind, bornholm"
11,,2,"15, develop, energi, electr, project"
11,,3,"16, dkk, energi, billion, project"
11,,3,"18, electr, tax, project, energi"
11,,2,"21, energi, wind, offshor, connect"
11,,1,"22, guard, wind, offshor, farm"
11,,8,"24, hydrogen, budget, social, reactor"
11,,7,"25, hydrogen, power, compani, nuclear"
11,,5,"26, agreement, climat, co2, dkk"
11,,4,"3, comput, quantum, electr, municip"
11,,3,"32, microgrid, water, rvv, energi"
11,,1,"33, sage, plan, economi, sren"
11,,2,"37, grid, wave, kelvin, power"
11,,5,"38, fund, receiv, energi, compani"
11,,2,"39, uniti, list, offshor, grid"
11,,4,"41, bioga, co2, plant, tonn"
11,,3,"42, energi, ptx, heat, risk"
11,,2,"44, system, climat, sector, trigener"
11,,5,"47, heat, ga, rvv, climat"
11,,6,"48, labor, emiss, co2, climat"
11,,2,"7, offshor, grid, bornholm, power"
11,,3,"9, island, bornholm, energi, offshor"
11,,8,Noise
11,,8,"0, hydrogen, energi, bornholm, power"
11,,2,"1, energinet, plant, build, station"
11,,9,"12, hydrogen, bornholm, busi, powertox"
11,,1,"13, grid, offshor, wind, bornholm"
11,,2,"15, develop, energi, electr, project"
11,,3,"16, dkk, energi, billion, project"
11,,3,"18, electr, tax, project, energi"
11,,2,"21, energi, wind, offshor, connect"
11,,1,"22, guard, wind, offshor, farm"
11,,8,"24, hydrogen, budget, social, reactor"
11,,7,"25, hydrogen, power, compani, nuclear"
11,,5,"26, agreement, climat, co2, dkk"
11,,4,"3, comput, quantum, electr, municip"
11,,3,"32, microgrid, water, rvv, energi"
11,,1,"33, sage, plan, economi, sren"
11,,2,"37, grid, wave, kelvin, power"
11,,5,"38, fund, receiv, energi, compani"
11,,2,"39, uniti, list, offshor, grid"
11,,4,"41, bioga, co2, plant, tonn"
11,,3,"42, energi, ptx, heat, risk"
11,,2,"44, system, climat, sector, trigener"
11,,5,"47, heat, ga, rvv, climat"
11,,6,"48, labor, emiss, co2, climat"
11,,2,"7, offshor, grid, bornholm, power"
11,,3,"9, island, bornholm, energi, offshor"
11,,8,Noise
11,,8,"0, hydrogen, energi, bornholm, power"
11,,2,"1, energinet, plant, build, station"
11,,9,"12, hydrogen, bornholm, busi, powertox"
11,,1,"13, grid, offshor, wind, bornholm"
11,,2,"15, develop, energi, electr, project"
11,,3,"16, dkk, energi, billion, project"
11,,3,"18, electr, tax, project, energi"
11,,2,"21, energi, wind, offshor, connect"
11,,1,"22, guard, wind, offshor, farm"
11,,8,"24, hydrogen, budget, social, reactor"
11,,7,"25, hydrogen, power, compani, nuclear"
11,,5,"26, agreement, climat, co2, dkk"
11,,4,"3, comput, quantum, electr, municip"
11,,3,"32, microgrid, water, rvv, energi"
11,,1,"33, sage, plan, economi, sren"
11,,2,"37, grid, wave, kelvin, power"
11,,5,"38, fund, receiv, energi, compani"
11,,2,"39, uniti, list, offshor, grid"
11,,4,"41, bioga, co2, plant, tonn"
11,,3,"42, energi, ptx, heat, risk"
11,,2,"44, system, climat, sector, trigener"
11,,5,"47, heat, ga, rvv, climat"
11,,6,"48, labor, emiss, co2, climat"
11,,2,"7, offshor, grid, bornholm, power"
11,,3,"9, island, bornholm, energi, offshor"
11,,8,Noise
11,,8,"0, hydrogen, energi, bornholm, power"
11,,2,"1, energinet, plant, build, station"
11,,9,"12, hydrogen, bornholm, busi, powertox"
11,,1,"13, grid, offshor, wind, bornholm"
11,,2,"15, develop, energi, electr, project"
11,,3,"16, dkk, energi, billion, project"
11,,3,"18, electr, tax, project, energi"
11,,2,"21, energi, wind, offshor, connect"
11,,1,"22, guard, wind, offshor, farm"
11,,8,"24, hydrogen, budget, social, reactor"
11,,7,"25, hydrogen, power, compani, nuclear"
11,,5,"26, agreement, climat, co2, dkk"
11,,4,"3, comput, quantum, electr, municip"
11,,3,"32, microgrid, water, rvv, energi"
11,,1,"33, sage, plan, economi, sren"
11,,2,"37, grid, wave, kelvin, power"
11,,5,"38, fund, receiv, energi, compani"
11,,2,"39, uniti, list, offshor, grid"
11,,4,"41, bioga, co2, plant, tonn"
11,,3,"42, energi, ptx, heat, risk"
11,,2,"44, system, climat, sector, trigener"
11,,5,"47, heat, ga, rvv, climat"
11,,6,"48, labor, emiss, co2, climat"
11,,2,"7, offshor, grid, bornholm, power"
11,,3,"9, island, bornholm, energi, offshor"
11,,8,Noise
11,,8,"0, hydrogen, energi, bornholm, power"
11,,2,"1, energinet, plant, build, station"
11,,9,"12, hydrogen, bornholm, busi, powertox"
11,,1,"13, grid, offshor, wind, bornholm"
11,,2,"15, develop, energi, electr, project"
11,,3,"16, dkk, energi, billion, project"
11,,3,"18, electr, tax, project, energi"
11,,2,"21, energi, wind, offshor, connect"
11,,1,"22, guard, wind, offshor, farm"
11,,8,"24, hydrogen, budget, social, reactor"
11,,7,"25, hydrogen, power, compani, nuclear"
11,,5,"26, agreement, climat, co2, dkk"
11,,4,"3, comput, quantum, electr, municip"
11,,3,"32, microgrid, water, rvv, energi"
11,,1,"33, sage, plan, economi, sren"
11,,2,"37, grid, wave, kelvin, power"
11,,5,"38, fund, receiv, energi, compani"
11,,2,"39, uniti, list, offshor, grid"
11,,4,"41, bioga, co2, plant, tonn"
11,,3,"42, energi, ptx, heat, risk"
11,,2,"44, system, climat, sector, trigener"
11,,5,"47, heat, ga, rvv, climat"
11,,6,"48, labor, emiss, co2, climat"
11,,2,"7, offshor, grid, bornholm, power"
11,,3,"9, island, bornholm, energi, offshor"
11,,8,Noise
11,,8,"0, hydrogen, energi, bornholm, power"
11,,2,"1, energinet, plant, build, station"
11,,9,"12, hydrogen, bornholm, busi, powertox"
11,,1,"13, grid, offshor, wind, bornholm"
11,,2,"15, develop, energi, electr, project"
11,,3,"16, dkk, energi, billion, project"
11,,3,"18, electr, tax, project, energi"
11,,2,"21, energi, wind, offshor, connect"
11,,1,"22, guard, wind, offshor, farm"
11,,8,"24, hydrogen, budget, social, reactor"
11,,7,"25, hydrogen, power, compani, nuclear"
11,,5,"26, agreement, climat, co2, dkk"
11,,4,"3, comput, quantum, electr, municip"
11,,3,"32, microgrid, water, rvv, energi"
11,,1,"33, sage, plan, economi, sren"
11,,2,"37, grid, wave, kelvin, power"
11,,5,"38, fund, receiv, energi, compani"
11,,2,"39, uniti, list, offshor, grid"
11,,4,"41, bioga, co2, plant, tonn"
11,,3,"42, energi, ptx, heat, risk"
11,,2,"44, system, climat, sector, trigener"
11,,5,"47, heat, ga, rvv, climat"
11,,6,"48, labor, emiss, co2, climat"
11,,2,"7, offshor, grid, bornholm, power"
11,,3,"9, island, bornholm, energi, offshor"
11,,8,Noise
11,,8,"0, hydrogen, energi, bornholm, power"
11,,2,"1, energinet, plant, build, station"
11,,9,"12, hydrogen, bornholm, busi, powertox"
11,,1,"13, grid, offshor, wind, bornholm"
11,,2,"15, develop, energi, electr, project"
11,,3,"16, dkk, energi, billion, project"
11,,3,"18, electr, tax, project, energi"
11,,2,"21, energi, wind, offshor, connect"
11,,1,"22, guard, wind, offshor, farm"
11,,8,"24, hydrogen, budget, social, reactor"
11,,7,"25, hydrogen, power, compani, nuclear"
11,,5,"26, agreement, climat, co2, dkk"
11,,4,"3, comput, quantum, electr, municip"
11,,3,"32, microgrid, water, rvv, energi"
11,,1,"33, sage, plan, economi, sren"
11,,2,"37, grid, wave, kelvin, power"
11,,5,"38, fund, receiv, energi, compani"
11,,2,"39, uniti, list, offshor, grid"
11,,4,"41, bioga, co2, plant, tonn"
11,,3,"42, energi, ptx, heat, risk"
11,,2,"44, system, climat, sector, trigener"
11,,5,"47, heat, ga, rvv, climat"
11,,6,"48, labor, emiss, co2, climat"
11,,2,"7, offshor, grid, bornholm, power"
11,,3,"9, island, bornholm, energi, offshor"
11,,8,Noise
11,,8,"0, hydrogen, energi, bornholm, power"
11,,2,"1, energinet, plant, build, station"
11,,9,"12, hydrogen, bornholm, busi, powertox"
11,,1,"13, grid, offshor, wind, bornholm"
11,,2,"15, develop, energi, electr, project"
11,,3,"16, dkk, energi, billion, project"
11,,3,"18, electr, tax, project, energi"
11,,2,"21, energi, wind, offshor, connect"
11,,1,"22, guard, wind, offshor, farm"
11,,8,"24, hydrogen, budget, social, reactor"
11,,7,"25, hydrogen, power, compani, nuclear"
11,,5,"26, agreement, climat, co2, dkk"
11,,4,"3, comput, quantum, electr, municip"
11,,3,"32, microgrid, water, rvv, energi"
11,,1,"33, sage, plan, economi, sren"
11,,2,"37, grid, wave, kelvin, power"
11,,5,"38, fund, receiv, energi, compani"
11,,2,"39, uniti, list, offshor, grid"
11,,4,"41, bioga, co2, plant, tonn"
11,,3,"42, energi, ptx, heat, risk"
11,,2,"44, system, climat, sector, trigener"
11,,5,"47, heat, ga, rvv, climat"
11,,6,"48, labor, emiss, co2, climat"
11,,2,"7, offshor, grid, bornholm, power"
11,,3,"9, island, bornholm, energi, offshor"
11,,8,Noise
11,,8,"0, hydrogen, energi, bornholm, power"
11,,2,"1, energinet, plant, build, station"
11,,9,"12, hydrogen, bornholm, busi, powertox"
11,,1,"13, grid, offshor, wind, bornholm"
11,,2,"15, develop, energi, electr, project"
11,,3,"16, dkk, energi, billion, project"
11,,3,"18, electr, tax, project, energi"
11,,2,"21, energi, wind, offshor, connect"
11,,1,"22, guard, wind, offshor, farm"
11,,8,"24, hydrogen, budget, social, reactor"
11,,7,"25, hydrogen, power, compani, nuclear"
11,,5,"26, agreement, climat, co2, dkk"
11,,4,"3, comput, quantum, electr, municip"
11,,3,"32, microgrid, water, rvv, energi"
11,,1,"33, sage, plan, economi, sren"
11,,2,"37, grid, wave, kelvin, power"
11,,5,"38, fund, receiv, energi, compani"
11,,2,"39, uniti, list, offshor, grid"
11,,4,"41, bioga, co2, plant, tonn"
11,,3,"42, energi, ptx, heat, risk"
11,,2,"44, system, climat, sector, trigener"
11,,5,"47, heat, ga, rvv, climat"
11,,6,"48, labor, emiss, co2, climat"
11,,2,"7, offshor, grid, bornholm, power"
11,,3,"9, island, bornholm, energi, offshor"
11,,8,Noise
11,,8,"0, hydrogen, energi, bornholm, power"
11,,2,"1, energinet, plant, build, station"
11,,9,"12, hydrogen, bornholm, busi, powertox"
11,,1,"13, grid, offshor, wind, bornholm"
11,,2,"15, develop, energi, electr, project"
11,,3,"16, dkk, energi, billion, project"
11,,3,"18, electr, tax, project, energi"
11,,2,"21, energi, wind, offshor, connect"
11,,1,"22, guard, wind, offshor, farm"
11,,8,"24, hydrogen, budget, social, reactor"
11,,7,"25, hydrogen, power, compani, nuclear"
11,,5,"26, agreement, climat, co2, dkk"
11,,4,"3, comput, quantum, electr, municip"
11,,3,"32, microgrid, water, rvv, energi"
11,,1,"33, sage, plan, economi, sren"
11,,2,"37, grid, wave, kelvin, power"
11,,5,"38, fund, receiv, energi, compani"
11,,2,"39, uniti, list, offshor, grid"
11,,4,"41, bioga, co2, plant, tonn"
11,,3,"42, energi, ptx, heat, risk"
11,,2,"44, system, climat, sector, trigener"
11,,5,"47, heat, ga, rvv, climat"
11,,6,"48, labor, emiss, co2, climat"
11,,2,"7, offshor, grid, bornholm, power"
11,,3,"9, island, bornholm, energi, offshor"
11,,8,Noise
11,,8,"0, hydrogen, energi, bornholm, power"
11,,2,"1, energinet, plant, build, station"
11,,9,"12, hydrogen, bornholm, busi, powertox"
11,,1,"13, grid, offshor, wind, bornholm"
11,,2,"15, develop, energi, electr, project"
11,,3,"16, dkk, energi, billion, project"
11,,3,"18, electr, tax, project, energi"
11,,2,"21, energi, wind, offshor, connect"
11,,1,"22, guard, wind, offshor, farm"
11,,8,"24, hydrogen, budget, social, reactor"
11,,7,"25, hydrogen, power, compani, nuclear"
11,,5,"26, agreement, climat, co2, dkk"
11,,4,"3, comput, quantum, electr, municip"
11,,3,"32, microgrid, water, rvv, energi"
11,,1,"33, sage, plan, economi, sren"
11,,2,"37, grid, wave, kelvin, power"
11,,5,"38, fund, receiv, energi, compani"
11,,2,"39, uniti, list, offshor, grid"
11,,4,"41, bioga, co2, plant, tonn"
11,,3,"42, energi, ptx, heat, risk"
11,,2,"44, system, climat, sector, trigener"
11,,5,"47, heat, ga, rvv, climat"
11,,6,"48, labor, emiss, co2, climat"
11,,2,"7, offshor, grid, bornholm, power"
11,,3,"9, island, bornholm, energi, offshor"
11,,8,Noise
11,,8,"0, hydrogen, energi, bornholm, power"
11,,2,"1, energinet, plant, build, station"
11,,9,"12, hydrogen, bornholm, busi, powertox"
11,,1,"13, grid, offshor, wind, bornholm"
11,,2,"15, develop, energi, electr, project"
11,,3,"16, dkk, energi, billion, project"
11,,3,"18, electr, tax, project, energi"
11,,2,"21, energi, wind, offshor, connect"
11,,1,"22, guard, wind, offshor, farm"
11,,8,"24, hydrogen, budget, social, reactor"
11,,7,"25, hydrogen, power, compani, nuclear"
11,,5,"26, agreement, climat, co2, dkk"
11,,4,"3, comput, quantum, electr, municip"
11,,3,"32, microgrid, water, rvv, energi"
11,,1,"33, sage, plan, economi, sren"
11,,2,"37, grid, wave, kelvin, power"
11,,5,"38, fund, receiv, energi, compani"
11,,2,"39, uniti, list, offshor, grid"
11,,4,"41, bioga, co2, plant, tonn"
11,,3,"42, energi, ptx, heat, risk"
11,,2,"44, system, climat, sector, trigener"
11,,5,"47, heat, ga, rvv, climat"
11,,6,"48, labor, emiss, co2, climat"
11,,2,"7, offshor, grid, bornholm, power"
11,,3,"9, island, bornholm, energi, offshor"
11,,8,Noise
11,,8,"0, hydrogen, energi, bornholm, power"
11,,2,"1, energinet, plant, build, station"
11,,9,"12, hydrogen, bornholm, busi, powertox"
11,,1,"13, grid, offshor, wind, bornholm"
11,,2,"15, develop, energi, electr, project"
11,,3,"16, dkk, energi, billion, project"
11,,3,"18, electr, tax, project, energi"
11,,2,"21, energi, wind, offshor, connect"
11,,1,"22, guard, wind, offshor, farm"
11,,8,"24, hydrogen, budget, social, reactor"
11,,7,"25, hydrogen, power, compani, nuclear"
11,,5,"26, agreement, climat, co2, dkk"
11,,4,"3, comput, quantum, electr, municip"
11,,3,"32, microgrid, water, rvv, energi"
11,,1,"33, sage, plan, economi, sren"
11,,2,"37, grid, wave, kelvin, power"
11,,5,"38, fund, receiv, energi, compani"
11,,2,"39, uniti, list, offshor, grid"
11,,4,"41, bioga, co2, plant, tonn"
11,,3,"42, energi, ptx, heat, risk"
11,,2,"44, system, climat, sector, trigener"
11,,5,"47, heat, ga, rvv, climat"
11,,6,"48, labor, emiss, co2, climat"
11,,2,"7, offshor, grid, bornholm, power"
11,,3,"9, island, bornholm, energi, offshor"
11,,8,Noise
11,,8,"0, hydrogen, energi, bornholm, power"
11,,2,"1, energinet, plant, build, station"
11,,9,"12, hydrogen, bornholm, busi, powertox"
11,,1,"13, grid, offshor, wind, bornholm"
11,,2,"15, develop, energi, electr, project"
11,,3,"16, dkk, energi, billion, project"
11,,3,"18, electr, tax, project, energi"
11,,2,"21, energi, wind, offshor, connect"
11,,1,"22, guard, wind, offshor, farm"
11,,8,"24, hydrogen, budget, social, reactor"
11,,7,"25, hydrogen, power, compani, nuclear"
11,,5,"26, agreement, climat, co2, dkk"
11,,4,"3, comput, quantum, electr, municip"
11,,3,"32, microgrid, water, rvv, energi"
11,,1,"33, sage, plan, economi, sren"
11,,2,"37, grid, wave, kelvin, power"
11,,5,"38, fund, receiv, energi, compani"
11,,2,"39, uniti, list, offshor, grid"
11,,4,"41, bioga, co2, plant, tonn"
11,,3,"42, energi, ptx, heat, risk"
11,,2,"44, system, climat, sector, trigener"
11,,5,"47, heat, ga, rvv, climat"
11,,6,"48, labor, emiss, co2, climat"
11,,2,"7, offshor, grid, bornholm, power"
11,,3,"9, island, bornholm, energi, offshor"
11,,8,Noise
11,,8,"0, hydrogen, energi, bornholm, power"
11,,2,"1, energinet, plant, build, station"
11,,9,"12, hydrogen, bornholm, busi, powertox"
11,,1,"13, grid, offshor, wind, bornholm"
11,,2,"15, develop, energi, electr, project"
11,,3,"16, dkk, energi, billion, project"
11,,3,"18, electr, tax, project, energi"
11,,2,"21, energi, wind, offshor, connect"
11,,1,"22, guard, wind, offshor, farm"
11,,8,"24, hydrogen, budget, social, reactor"
11,,7,"25, hydrogen, power, compani, nuclear"
11,,5,"26, agreement, climat, co2, dkk"
11,,4,"3, comput, quantum, electr, municip"
11,,3,"32, microgrid, water, rvv, energi"
11,,1,"33, sage, plan, economi, sren"
11,,2,"37, grid, wave, kelvin, power"
11,,5,"38, fund, receiv, energi, compani"
11,,2,"39, uniti, list, offshor, grid"
11,,4,"41, bioga, co2, plant, tonn"
11,,3,"42, energi, ptx, heat, risk"
11,,2,"44, system, climat, sector, trigener"
11,,5,"47, heat, ga, rvv, climat"
11,,6,"48, labor, emiss, co2, climat"
11,,2,"7, offshor, grid, bornholm, power"
11,,3,"9, island, bornholm, energi, offshor"
11,,8,Noise
11,,8,"0, hydrogen, energi, bornholm, power"
11,,2,"1, energinet, plant, build, station"
11,,9,"12, hydrogen, bornholm, busi, powertox"
11,,1,"13, grid, offshor, wind, bornholm"
11,,2,"15, develop, energi, electr, project"
11,,3,"16, dkk, energi, billion, project"
11,,3,"18, electr, tax, project, energi"
11,,2,"21, energi, wind, offshor, connect"
11,,1,"22, guard, wind, offshor, farm"
11,,8,"24, hydrogen, budget, social, reactor"
11,,7,"25, hydrogen, power, compani, nuclear"
11,,5,"26, agreement, climat, co2, dkk"
11,,4,"3, comput, quantum, electr, municip"
11,,3,"32, microgrid, water, rvv, energi"
11,,1,"33, sage, plan, economi, sren"
11,,2,"37, grid, wave, kelvin, power"
11,,5,"38, fund, receiv, energi, compani"
11,,2,"39, uniti, list, offshor, grid"
11,,4,"41, bioga, co2, plant, tonn"
11,,3,"42, energi, ptx, heat, risk"
11,,2,"44, system, climat, sector, trigener"
11,,5,"47, heat, ga, rvv, climat"
11,,6,"48, labor, emiss, co2, climat"
11,,2,"7, offshor, grid, bornholm, power"
11,,3,"9, island, bornholm, energi, offshor"
11,,8,Noise
11,,8,"0, hydrogen, energi, bornholm, power"
11,,2,"1, energinet, plant, build, station"
11,,9,"12, hydrogen, bornholm, busi, powertox"
11,,1,"13, grid, offshor, wind, bornholm"
11,,2,"15, develop, energi, electr, project"
11,,3,"16, dkk, energi, billion, project"
11,,3,"18, electr, tax, project, energi"
11,,2,"21, energi, wind, offshor, connect"
11,,1,"22, guard, wind, offshor, farm"
11,,8,"24, hydrogen, budget, social, reactor"
11,,7,"25, hydrogen, power, compani, nuclear"
11,,5,"26, agreement, climat, co2, dkk"
11,,4,"3, comput, quantum, electr, municip"
11,,3,"32, microgrid, water, rvv, energi"
11,,1,"33, sage, plan, economi, sren"
11,,2,"37, grid, wave, kelvin, power"
11,,5,"38, fund, receiv, energi, compani"
11,,2,"39, uniti, list, offshor, grid"
11,,4,"41, bioga, co2, plant, tonn"
11,,3,"42, energi, ptx, heat, risk"
11,,2,"44, system, climat, sector, trigener"
11,,5,"47, heat, ga, rvv, climat"
11,,6,"48, labor, emiss, co2, climat"
11,,2,"7, offshor, grid, bornholm, power"
11,,3,"9, island, bornholm, energi, offshor"
11,,8,Noise
11,,8,"0, hydrogen, energi, bornholm, power"
11,,2,"1, energinet, plant, build, station"
11,,9,"12, hydrogen, bornholm, busi, powertox"
11,,1,"13, grid, offshor, wind, bornholm"
11,,2,"15, develop, energi, electr, project"
11,,3,"16, dkk, energi, billion, project"
11,,3,"18, electr, tax, project, energi"
11,,2,"21, energi, wind, offshor, connect"
11,,1,"22, guard, wind, offshor, farm"
11,,8,"24, hydrogen, budget, social, reactor"
11,,7,"25, hydrogen, power, compani, nuclear"
11,,5,"26, agreement, climat, co2, dkk"
11,,4,"3, comput, quantum, electr, municip"
11,,3,"32, microgrid, water, rvv, energi"
11,,1,"33, sage, plan, economi, sren"
11,,2,"37, grid, wave, kelvin, power"
11,,5,"38, fund, receiv, energi, compani"
11,,2,"39, uniti, list, offshor, grid"
11,,4,"41, bioga, co2, plant, tonn"
11,,3,"42, energi, ptx, heat, risk"
11,,2,"44, system, climat, sector, trigener"
11,,5,"47, heat, ga, rvv, climat"
11,,6,"48, labor, emiss, co2, climat"
11,,2,"7, offshor, grid, bornholm, power"
11,,3,"9, island, bornholm, energi, offshor"
11,,8,Noise
11,,8,"0, hydrogen, energi, bornholm, power"
11,,2,"1, energinet, plant, build, station"
11,,9,"12, hydrogen, bornholm, busi, powertox"
11,,1,"13, grid, offshor, wind, bornholm"
11,,2,"15, develop, energi, electr, project"
11,,3,"16, dkk, energi, billion, project"
11,,3,"18, electr, tax, project, energi"
11,,2,"21, energi, wind, offshor, connect"
11,,1,"22, guard, wind, offshor, farm"
11,,8,"24, hydrogen, budget, social, reactor"
11,,7,"25, hydrogen, power, compani, nuclear"
11,,5,"26, agreement, climat, co2, dkk"
11,,4,"3, comput, quantum, electr, municip"
11,,3,"32, microgrid, water, rvv, energi"
11,,1,"33, sage, plan, economi, sren"
11,,2,"37, grid, wave, kelvin, power"
11,,5,"38, fund, receiv, energi, compani"
11,,2,"39, uniti, list, offshor, grid"
11,,4,"41, bioga, co2, plant, tonn"
11,,3,"42, energi, ptx, heat, risk"
11,,2,"44, system, climat, sector, trigener"
11,,5,"47, heat, ga, rvv, climat"
11,,6,"48, labor, emiss, co2, climat"
11,,2,"7, offshor, grid, bornholm, power"
11,,3,"9, island, bornholm, energi, offshor"
11,,8,Noise
11,,8,"0, hydrogen, energi, bornholm, power"
11,,2,"1, energinet, plant, build, station"
11,,9,"12, hydrogen, bornholm, busi, powertox"
11,,1,"13, grid, offshor, wind, bornholm"
11,,2,"15, develop, energi, electr, project"
11,,3,"16, dkk, energi, billion, project"
11,,3,"18, electr, tax, project, energi"
11,,2,"21, energi, wind, offshor, connect"
11,,1,"22, guard, wind, offshor, farm"
11,,8,"24, hydrogen, budget, social, reactor"
11,,7,"25, hydrogen, power, compani, nuclear"
11,,5,"26, agreement, climat, co2, dkk"
11,,4,"3, comput, quantum, electr, municip"
11,,3,"32, microgrid, water, rvv, energi"
11,,1,"33, sage, plan, economi, sren"
11,,2,"37, grid, wave, kelvin, power"
11,,5,"38, fund, receiv, energi, compani"
11,,2,"39, uniti, list, offshor, grid"
11,,4,"41, bioga, co2, plant, tonn"
11,,3,"42, energi, ptx, heat, risk"
11,,2,"44, system, climat, sector, trigener"
11,,5,"47, heat, ga, rvv, climat"
11,,6,"48, labor, emiss, co2, climat"
11,,2,"7, offshor, grid, bornholm, power"
11,,3,"9, island, bornholm, energi, offshor"
11,,8,Noise
11,,8,"0, hydrogen, energi, bornholm, power"
11,,2,"1, energinet, plant, build, station"
11,,9,"12, hydrogen, bornholm, busi, powertox"
11,,1,"13, grid, offshor, wind, bornholm"
11,,2,"15, develop, energi, electr, project"
11,,3,"16, dkk, energi, billion, project"
11,,3,"18, electr, tax, project, energi"
11,,2,"21, energi, wind, offshor, connect"
11,,1,"22, guard, wind, offshor, farm"
11,,8,"24, hydrogen, budget, social, reactor"
11,,7,"25, hydrogen, power, compani, nuclear"
11,,5,"26, agreement, climat, co2, dkk"
11,,4,"3, comput, quantum, electr, municip"
11,,3,"32, microgrid, water, rvv, energi"
11,,1,"33, sage, plan, economi, sren"
11,,2,"37, grid, wave, kelvin, power"
11,,5,"38, fund, receiv, energi, compani"
11,,2,"39, uniti, list, offshor, grid"
11,,4,"41, bioga, co2, plant, tonn"
11,,3,"42, energi, ptx, heat, risk"
11,,2,"44, system, climat, sector, trigener"
11,,5,"47, heat, ga, rvv, climat"
11,,6,"48, labor, emiss, co2, climat"
11,,2,"7, offshor, grid, bornholm, power"
11,,3,"9, island, bornholm, energi, offshor"
11,,8,Noise
11,,8,"0, hydrogen, energi, bornholm, power"
11,,2,"1, energinet, plant, build, station"
11,,9,"12, hydrogen, bornholm, busi, powertox"
11,,1,"13, grid, offshor, wind, bornholm"
11,,2,"15, develop, energi, electr, project"
11,,3,"16, dkk, energi, billion, project"
11,,3,"18, electr, tax, project, energi"
11,,2,"21, energi, wind, offshor, connect"
11,,1,"22, guard, wind, offshor, farm"
11,,8,"24, hydrogen, budget, social, reactor"
11,,7,"25, hydrogen, power, compani, nuclear"
11,,5,"26, agreement, climat, co2, dkk"
11,,4,"3, comput, quantum, electr, municip"
11,,3,"32, microgrid, water, rvv, energi"
11,,1,"33, sage, plan, economi, sren"
11,,2,"37, grid, wave, kelvin, power"
11,,5,"38, fund, receiv, energi, compani"
11,,2,"39, uniti, list, offshor, grid"
11,,4,"41, bioga, co2, plant, tonn"
11,,3,"42, energi, ptx, heat, risk"
11,,2,"44, system, climat, sector, trigener"
11,,5,"47, heat, ga, rvv, climat"
11,,6,"48, labor, emiss, co2, climat"
11,,2,"7, offshor, grid, bornholm, power"
11,,3,"9, island, bornholm, energi, offshor"
11,,8,Noise
11,,8,"0, hydrogen, energi, bornholm, power"
11,,2,"1, energinet, plant, build, station"
11,,9,"12, hydrogen, bornholm, busi, powertox"
11,,1,"13, grid, offshor, wind, bornholm"
11,,2,"15, develop, energi, electr, project"
11,,3,"16, dkk, energi, billion, project"
11,,3,"18, electr, tax, project, energi"
11,,2,"21, energi, wind, offshor, connect"
11,,1,"22, guard, wind, offshor, farm"
11,,8,"24, hydrogen, budget, social, reactor"
11,,7,"25, hydrogen, power, compani, nuclear"
11,,5,"26, agreement, climat, co2, dkk"
11,,4,"3, comput, quantum, electr, municip"
11,,3,"32, microgrid, water, rvv, energi"
11,,1,"33, sage, plan, economi, sren"
11,,2,"37, grid, wave, kelvin, power"
11,,5,"38, fund, receiv, energi, compani"
11,,2,"39, uniti, list, offshor, grid"
11,,4,"41, bioga, co2, plant, tonn"
11,,3,"42, energi, ptx, heat, risk"
11,,2,"44, system, climat, sector, trigener"
11,,5,"47, heat, ga, rvv, climat"
11,,6,"48, labor, emiss, co2, climat"
11,,2,"7, offshor, grid, bornholm, power"
11,,3,"9, island, bornholm, energi, offshor"
11,,8,Noise
11,,8,"0, hydrogen, energi, bornholm, power"
11,,2,"1, energinet, plant, build, station"
11,,9,"12, hydrogen, bornholm, busi, powertox"
11,,1,"13, grid, offshor, wind, bornholm"
11,,2,"15, develop, energi, electr, project"
11,,3,"16, dkk, energi, billion, project"
11,,3,"18, electr, tax, project, energi"
11,,2,"21, energi, wind, offshor, connect"
11,,1,"22, guard, wind, offshor, farm"
11,,8,"24, hydrogen, budget, social, reactor"
11,,7,"25, hydrogen, power, compani, nuclear"
11,,5,"26, agreement, climat, co2, dkk"
11,,4,"3, comput, quantum, electr, municip"
11,,3,"32, microgrid, water, rvv, energi"
11,,1,"33, sage, plan, economi, sren"
11,,2,"37, grid, wave, kelvin, power"
11,,5,"38, fund, receiv, energi, compani"
11,,2,"39, uniti, list, offshor, grid"
11,,4,"41, bioga, co2, plant, tonn"
11,,3,"42, energi, ptx, heat, risk"
11,,2,"44, system, climat, sector, trigener"
11,,5,"47, heat, ga, rvv, climat"
11,,6,"48, labor, emiss, co2, climat"
11,,2,"7, offshor, grid, bornholm, power"
11,,3,"9, island, bornholm, energi, offshor"
11,,8,Noise
11,,8,"0, hydrogen, energi, bornholm, power"
11,,2,"1, energinet, plant, build, station"
11,,9,"12, hydrogen, bornholm, busi, powertox"
11,,1,"13, grid, offshor, wind, bornholm"
11,,2,"15, develop, energi, electr, project"
11,,3,"16, dkk, energi, billion, project"
11,,3,"18, electr, tax, project, energi"
11,,2,"21, energi, wind, offshor, connect"
11,,1,"22, guard, wind, offshor, farm"
11,,8,"24, hydrogen, budget, social, reactor"
11,,7,"25, hydrogen, power, compani, nuclear"
11,,5,"26, agreement, climat, co2, dkk"
11,,4,"3, comput, quantum, electr, municip"
11,,3,"32, microgrid, water, rvv, energi"
11,,1,"33, sage, plan, economi, sren"
11,,2,"37, grid, wave, kelvin, power"
11,,5,"38, fund, receiv, energi, compani"
11,,2,"39, uniti, list, offshor, grid"
11,,4,"41, bioga, co2, plant, tonn"
11,,3,"42, energi, ptx, heat, risk"
11,,2,"44, system, climat, sector, trigener"
11,,5,"47, heat, ga, rvv, climat"
11,,6,"48, labor, emiss, co2, climat"
11,,2,"7, offshor, grid, bornholm, power"
11,,3,"9, island, bornholm, energi, offshor"
11,,8,Noise
11,,8,"0, hydrogen, energi, bornholm, power"
11,,2,"1, energinet, plant, build, station"
11,,9,"12, hydrogen, bornholm, busi, powertox"
11,,1,"13, grid, offshor, wind, bornholm"
11,,2,"15, develop, energi, electr, project"
11,,3,"16, dkk, energi, billion, project"
11,,3,"18, electr, tax, project, energi"
11,,2,"21, energi, wind, offshor, connect"
11,,1,"22, guard, wind, offshor, farm"
11,,8,"24, hydrogen, budget, social, reactor"
11,,7,"25, hydrogen, power, compani, nuclear"
11,,5,"26, agreement, climat, co2, dkk"
11,,4,"3, comput, quantum, electr, municip"
11,,3,"32, microgrid, water, rvv, energi"
11,,1,"33, sage, plan, economi, sren"
11,,2,"37, grid, wave, kelvin, power"
11,,5,"38, fund, receiv, energi, compani"
11,,2,"39, uniti, list, offshor, grid"
11,,4,"41, bioga, co2, plant, tonn"
11,,3,"42, energi, ptx, heat, risk"
11,,2,"44, system, climat, sector, trigener"
11,,5,"47, heat, ga, rvv, climat"
11,,6,"48, labor, emiss, co2, climat"
11,,2,"7, offshor, grid, bornholm, power"
11,,3,"9, island, bornholm, energi, offshor"
11,,8,Noise
11,,8,"0, hydrogen, energi, bornholm, power"
11,,2,"1, energinet, plant, build, station"
11,,9,"12, hydrogen, bornholm, busi, powertox"
11,,1,"13, grid, offshor, wind, bornholm"
11,,2,"15, develop, energi, electr, project"
11,,3,"16, dkk, energi, billion, project"
11,,3,"18, electr, tax, project, energi"
11,,2,"21, energi, wind, offshor, connect"
11,,1,"22, guard, wind, offshor, farm"
11,,8,"24, hydrogen, budget, social, reactor"
11,,7,"25, hydrogen, power, compani, nuclear"
11,,5,"26, agreement, climat, co2, dkk"
11,,4,"3, comput, quantum, electr, municip"
11,,3,"32, microgrid, water, rvv, energi"
11,,1,"33, sage, plan, economi, sren"
11,,2,"37, grid, wave, kelvin, power"
11,,5,"38, fund, receiv, energi, compani"
11,,2,"39, uniti, list, offshor, grid"
11,,4,"41, bioga, co2, plant, tonn"
11,,3,"42, energi, ptx, heat, risk"
11,,2,"44, system, climat, sector, trigener"
11,,5,"47, heat, ga, rvv, climat"
11,,6,"48, labor, emiss, co2, climat"
11,,2,"7, offshor, grid, bornholm, power"
11,,3,"9, island, bornholm, energi, offshor"
11,,8,Noise
11,,8,"0, hydrogen, energi, bornholm, power"
11,,2,"1, energinet, plant, build, station"
11,,9,"12, hydrogen, bornholm, busi, powertox"
11,,1,"13, grid, offshor, wind, bornholm"
11,,2,"15, develop, energi, electr, project"
11,,3,"16, dkk, energi, billion, project"
11,,3,"18, electr, tax, project, energi"
11,,2,"21, energi, wind, offshor, connect"
11,,1,"22, guard, wind, offshor, farm"
11,,8,"24, hydrogen, budget, social, reactor"
11,,7,"25, hydrogen, power, compani, nuclear"
11,,5,"26, agreement, climat, co2, dkk"
11,,4,"3, comput, quantum, electr, municip"
11,,3,"32, microgrid, water, rvv, energi"
11,,1,"33, sage, plan, economi, sren"
11,,2,"37, grid, wave, kelvin, power"
11,,5,"38, fund, receiv, energi, compani"
11,,2,"39, uniti, list, offshor, grid"
11,,4,"41, bioga, co2, plant, tonn"
11,,3,"42, energi, ptx, heat, risk"
11,,2,"44, system, climat, sector, trigener"
11,,5,"47, heat, ga, rvv, climat"
11,,6,"48, labor, emiss, co2, climat"
11,,2,"7, offshor, grid, bornholm, power"
11,,3,"9, island, bornholm, energi, offshor"
11,,8,Noise
11,,8,"0, hydrogen, energi, bornholm, power"
11,,2,"1, energinet, plant, build, station"
11,,9,"12, hydrogen, bornholm, busi, powertox"
11,,1,"13, grid, offshor, wind, bornholm"
11,,2,"15, develop, energi, electr, project"
11,,3,"16, dkk, energi, billion, project"
11,,3,"18, electr, tax, project, energi"
11,,2,"21, energi, wind, offshor, connect"
11,,1,"22, guard, wind, offshor, farm"
11,,8,"24, hydrogen, budget, social, reactor"
11,,7,"25, hydrogen, power, compani, nuclear"
11,,5,"26, agreement, climat, co2, dkk"
11,,4,"3, comput, quantum, electr, municip"
11,,3,"32, microgrid, water, rvv, energi"
11,,1,"33, sage, plan, economi, sren"
11,,2,"37, grid, wave, kelvin, power"
11,,5,"38, fund, receiv, energi, compani"
11,,2,"39, uniti, list, offshor, grid"
11,,4,"41, bioga, co2, plant, tonn"
11,,3,"42, energi, ptx, heat, risk"
11,,2,"44, system, climat, sector, trigener"
11,,5,"47, heat, ga, rvv, climat"
11,,6,"48, labor, emiss, co2, climat"
11,,2,"7, offshor, grid, bornholm, power"
11,,3,"9, island, bornholm, energi, offshor"
11,,8,Noise
11,,8,"0, hydrogen, energi, bornholm, power"
11,,2,"1, energinet, plant, build, station"
11,,9,"12, hydrogen, bornholm, busi, powertox"
11,,1,"13, grid, offshor, wind, bornholm"
11,,2,"15, develop, energi, electr, project"
11,,3,"16, dkk, energi, billion, project"
11,,3,"18, electr, tax, project, energi"
11,,2,"21, energi, wind, offshor, connect"
11,,1,"22, guard, wind, offshor, farm"
11,,8,"24, hydrogen, budget, social, reactor"
11,,7,"25, hydrogen, power, compani, nuclear"
11,,5,"26, agreement, climat, co2, dkk"
11,,4,"3, comput, quantum, electr, municip"
11,,3,"32, microgrid, water, rvv, energi"
11,,1,"33, sage, plan, economi, sren"
11,,2,"37, grid, wave, kelvin, power"
11,,5,"38, fund, receiv, energi, compani"
11,,2,"39, uniti, list, offshor, grid"
11,,4,"41, bioga, co2, plant, tonn"
11,,3,"42, energi, ptx, heat, risk"
11,,2,"44, system, climat, sector, trigener"
11,,5,"47, heat, ga, rvv, climat"
11,,6,"48, labor, emiss, co2, climat"
11,,2,"7, offshor, grid, bornholm, power"
11,,3,"9, island, bornholm, energi, offshor"
11,,8,Noise
11,,8,"0, hydrogen, energi, bornholm, power"
11,,2,"1, energinet, plant, build, station"
11,,9,"12, hydrogen, bornholm, busi, powertox"
11,,1,"13, grid, offshor, wind, bornholm"
11,,2,"15, develop, energi, electr, project"
11,,3,"16, dkk, energi, billion, project"
11,,3,"18, electr, tax, project, energi"
11,,2,"21, energi, wind, offshor, connect"
11,,1,"22, guard, wind, offshor, farm"
11,,8,"24, hydrogen, budget, social, reactor"
11,,7,"25, hydrogen, power, compani, nuclear"
11,,5,"26, agreement, climat, co2, dkk"
11,,4,"3, comput, quantum, electr, municip"
11,,3,"32, microgrid, water, rvv, energi"
11,,1,"33, sage, plan, economi, sren"
11,,2,"37, grid, wave, kelvin, power"
11,,5,"38, fund, receiv, energi, compani"
11,,2,"39, uniti, list, offshor, grid"
11,,4,"41, bioga, co2, plant, tonn"
11,,3,"42, energi, ptx, heat, risk"
11,,2,"44, system, climat, sector, trigener"
11,,5,"47, heat, ga, rvv, climat"
11,,6,"48, labor, emiss, co2, climat"
11,,2,"7, offshor, grid, bornholm, power"
11,,3,"9, island, bornholm, energi, offshor"
11,,8,Noise
11,,8,"0, hydrogen, energi, bornholm, power"
11,,2,"1, energinet, plant, build, station"
11,,9,"12, hydrogen, bornholm, busi, powertox"
11,,1,"13, grid, offshor, wind, bornholm"
11,,2,"15, develop, energi, electr, project"
11,,3,"16, dkk, energi, billion, project"
11,,3,"18, electr, tax, project, energi"
11,,2,"21, energi, wind, offshor, connect"
11,,1,"22, guard, wind, offshor, farm"
11,,8,"24, hydrogen, budget, social, reactor"
11,,7,"25, hydrogen, power, compani, nuclear"
11,,5,"26, agreement, climat, co2, dkk"
11,,4,"3, comput, quantum, electr, municip"
11,,3,"32, microgrid, water, rvv, energi"
11,,1,"33, sage, plan, economi, sren"
11,,2,"37, grid, wave, kelvin, power"
11,,5,"38, fund, receiv, energi, compani"
11,,2,"39, uniti, list, offshor, grid"
11,,4,"41, bioga, co2, plant, tonn"
11,,3,"42, energi, ptx, heat, risk"
11,,2,"44, system, climat, sector, trigener"
11,,5,"47, heat, ga, rvv, climat"
11,,6,"48, labor, emiss, co2, climat"
11,,2,"7, offshor, grid, bornholm, power"
11,,3,"9, island, bornholm, energi, offshor"
11,,8,Noise
11,,8,"0, hydrogen, energi, bornholm, power"
11,,2,"1, energinet, plant, build, station"
11,,9,"12, hydrogen, bornholm, busi, powertox"
11,,1,"13, grid, offshor, wind, bornholm"
11,,2,"15, develop, energi, electr, project"
11,,3,"16, dkk, energi, billion, project"
11,,3,"18, electr, tax, project, energi"
11,,2,"21, energi, wind, offshor, connect"
11,,1,"22, guard, wind, offshor, farm"
11,,8,"24, hydrogen, budget, social, reactor"
11,,7,"25, hydrogen, power, compani, nuclear"
11,,5,"26, agreement, climat, co2, dkk"
11,,4,"3, comput, quantum, electr, municip"
11,,3,"32, microgrid, water, rvv, energi"
11,,1,"33, sage, plan, economi, sren"
11,,2,"37, grid, wave, kelvin, power"
11,,5,"38, fund, receiv, energi, compani"
11,,2,"39, uniti, list, offshor, grid"
11,,4,"41, bioga, co2, plant, tonn"
11,,3,"42, energi, ptx, heat, risk"
11,,2,"44, system, climat, sector, trigener"
11,,5,"47, heat, ga, rvv, climat"
11,,6,"48, labor, emiss, co2, climat"
11,,2,"7, offshor, grid, bornholm, power"
11,,3,"9, island, bornholm, energi, offshor"
11,,8,Noise
11,,8,"0, hydrogen, energi, bornholm, power"
11,,2,"1, energinet, plant, build, station"
11,,9,"12, hydrogen, bornholm, busi, powertox"
11,,1,"13, grid, offshor, wind, bornholm"
11,,2,"15, develop, energi, electr, project"
11,,3,"16, dkk, energi, billion, project"
11,,3,"18, electr, tax, project, energi"
11,,2,"21, energi, wind, offshor, connect"
11,,1,"22, guard, wind, offshor, farm"
11,,8,"24, hydrogen, budget, social, reactor"
11,,7,"25, hydrogen, power, compani, nuclear"
11,,5,"26, agreement, climat, co2, dkk"
11,,4,"3, comput, quantum, electr, municip"
11,,3,"32, microgrid, water, rvv, energi"
11,,1,"33, sage, plan, economi, sren"
11,,2,"37, grid, wave, kelvin, power"
11,,5,"38, fund, receiv, energi, compani"
11,,2,"39, uniti, list, offshor, grid"
11,,4,"41, bioga, co2, plant, tonn"
11,,3,"42, energi, ptx, heat, risk"
11,,2,"44, system, climat, sector, trigener"
11,,5,"47, heat, ga, rvv, climat"
11,,6,"48, labor, emiss, co2, climat"
11,,2,"7, offshor, grid, bornholm, power"
11,,3,"9, island, bornholm, energi, offshor"
11,,8,Noise
11,,8,"0, hydrogen, energi, bornholm, power"
11,,2,"1, energinet, plant, build, station"
11,,9,"12, hydrogen, bornholm, busi, powertox"
11,,1,"13, grid, offshor, wind, bornholm"
11,,2,"15, develop, energi, electr, project"
11,,3,"16, dkk, energi, billion, project"
11,,3,"18, electr, tax, project, energi"
11,,2,"21, energi, wind, offshor, connect"
11,,1,"22, guard, wind, offshor, farm"
11,,8,"24, hydrogen, budget, social, reactor"
11,,7,"25, hydrogen, power, compani, nuclear"
11,,5,"26, agreement, climat, co2, dkk"
11,,4,"3, comput, quantum, electr, municip"
11,,3,"32, microgrid, water, rvv, energi"
11,,1,"33, sage, plan, economi, sren"
11,,2,"37, grid, wave, kelvin, power"
11,,5,"38, fund, receiv, energi, compani"
11,,2,"39, uniti, list, offshor, grid"
11,,4,"41, bioga, co2, plant, tonn"
11,,3,"42, energi, ptx, heat, risk"
11,,2,"44, system, climat, sector, trigener"
11,,5,"47, heat, ga, rvv, climat"
11,,6,"48, labor, emiss, co2, climat"
11,,2,"7, offshor, grid, bornholm, power"
11,,3,"9, island, bornholm, energi, offshor"
11,,8,Noise
11,,8,"0, hydrogen, energi, bornholm, power"
11,,2,"1, energinet, plant, build, station"
11,,9,"12, hydrogen, bornholm, busi, powertox"
11,,1,"13, grid, offshor, wind, bornholm"
11,,2,"15, develop, energi, electr, project"
11,,3,"16, dkk, energi, billion, project"
11,,3,"18, electr, tax, project, energi"
11,,2,"21, energi, wind, offshor, connect"
11,,1,"22, guard, wind, offshor, farm"
11,,8,"24, hydrogen, budget, social, reactor"
11,,7,"25, hydrogen, power, compani, nuclear"
11,,5,"26, agreement, climat, co2, dkk"
11,,4,"3, comput, quantum, electr, municip"
11,,3,"32, microgrid, water, rvv, energi"
11,,1,"33, sage, plan, economi, sren"
11,,2,"37, grid, wave, kelvin, power"
11,,5,"38, fund, receiv, energi, compani"
11,,2,"39, uniti, list, offshor, grid"
11,,4,"41, bioga, co2, plant, tonn"
11,,3,"42, energi, ptx, heat, risk"
11,,2,"44, system, climat, sector, trigener"
11,,5,"47, heat, ga, rvv, climat"
11,,6,"48, labor, emiss, co2, climat"
11,,2,"7, offshor, grid, bornholm, power"
11,,3,"9, island, bornholm, energi, offshor"
11,,8,Noise
11,,8,"0, hydrogen, energi, bornholm, power"
11,,2,"1, energinet, plant, build, station"
11,,9,"12, hydrogen, bornholm, busi, powertox"
11,,1,"13, grid, offshor, wind, bornholm"
11,,2,"15, develop, energi, electr, project"
11,,3,"16, dkk, energi, billion, project"
11,,3,"18, electr, tax, project, energi"
11,,2,"21, energi, wind, offshor, connect"
11,,1,"22, guard, wind, offshor, farm"
11,,8,"24, hydrogen, budget, social, reactor"
11,,7,"25, hydrogen, power, compani, nuclear"
11,,5,"26, agreement, climat, co2, dkk"
11,,4,"3, comput, quantum, electr, municip"
11,,3,"32, microgrid, water, rvv, energi"
11,,1,"33, sage, plan, economi, sren"
11,,2,"37, grid, wave, kelvin, power"
11,,5,"38, fund, receiv, energi, compani"
11,,2,"39, uniti, list, offshor, grid"
11,,4,"41, bioga, co2, plant, tonn"
11,,3,"42, energi, ptx, heat, risk"
11,,2,"44, system, climat, sector, trigener"
11,,5,"47, heat, ga, rvv, climat"
11,,6,"48, labor, emiss, co2, climat"
11,,2,"7, offshor, grid, bornholm, power"
11,,3,"9, island, bornholm, energi, offshor"
11,,8,Noise
11,,8,"0, hydrogen, energi, bornholm, power"
11,,2,"1, energinet, plant, build, station"
11,,9,"12, hydrogen, bornholm, busi, powertox"
11,,1,"13, grid, offshor, wind, bornholm"
11,,2,"15, develop, energi, electr, project"
11,,3,"16, dkk, energi, billion, project"
11,,3,"18, electr, tax, project, energi"
11,,2,"21, energi, wind, offshor, connect"
11,,1,"22, guard, wind, offshor, farm"
11,,8,"24, hydrogen, budget, social, reactor"
11,,7,"25, hydrogen, power, compani, nuclear"
11,,5,"26, agreement, climat, co2, dkk"
11,,4,"3, comput, quantum, electr, municip"
11,,3,"32, microgrid, water, rvv, energi"
11,,1,"33, sage, plan, economi, sren"
11,,2,"37, grid, wave, kelvin, power"
11,,5,"38, fund, receiv, energi, compani"
11,,2,"39, uniti, list, offshor, grid"
11,,4,"41, bioga, co2, plant, tonn"
11,,3,"42, energi, ptx, heat, risk"
11,,2,"44, system, climat, sector, trigener"
11,,5,"47, heat, ga, rvv, climat"
11,,6,"48, labor, emiss, co2, climat"
11,,2,"7, offshor, grid, bornholm, power"
11,,3,"9, island, bornholm, energi, offshor"
11,,8,Noise
11,,8,"0, hydrogen, energi, bornholm, power"
11,,2,"1, energinet, plant, build, station"
11,,9,"12, hydrogen, bornholm, busi, powertox"
11,,1,"13, grid, offshor, wind, bornholm"
11,,2,"15, develop, energi, electr, project"
11,,3,"16, dkk, energi, billion, project"
11,,3,"18, electr, tax, project, energi"
11,,2,"21, energi, wind, offshor, connect"
11,,1,"22, guard, wind, offshor, farm"
11,,8,"24, hydrogen, budget, social, reactor"
11,,7,"25, hydrogen, power, compani, nuclear"
11,,5,"26, agreement, climat, co2, dkk"
11,,4,"3, comput, quantum, electr, municip"
11,,3,"32, microgrid, water, rvv, energi"
11,,1,"33, sage, plan, economi, sren"
11,,2,"37, grid, wave, kelvin, power"
11,,5,"38, fund, receiv, energi, compani"
11,,2,"39, uniti, list, offshor, grid"
11,,4,"41, bioga, co2, plant, tonn"
11,,3,"42, energi, ptx, heat, risk"
11,,2,"44, system, climat, sector, trigener"
11,,5,"47, heat, ga, rvv, climat"
11,,6,"48, labor, emiss, co2, climat"
11,,2,"7, offshor, grid, bornholm, power"
11,,3,"9, island, bornholm, energi, offshor"
11,,8,Noise
11,,8,"0, hydrogen, energi, bornholm, power"
11,,2,"1, energinet, plant, build, station"
11,,9,"12, hydrogen, bornholm, busi, powertox"
11,,1,"13, grid, offshor, wind, bornholm"
11,,2,"15, develop, energi, electr, project"
11,,3,"16, dkk, energi, billion, project"
11,,3,"18, electr, tax, project, energi"
11,,2,"21, energi, wind, offshor, connect"
11,,1,"22, guard, wind, offshor, farm"
11,,8,"24, hydrogen, budget, social, reactor"
11,,7,"25, hydrogen, power, compani, nuclear"
11,,5,"26, agreement, climat, co2, dkk"
11,,4,"3, comput, quantum, electr, municip"
11,,3,"32, microgrid, water, rvv, energi"
11,,1,"33, sage, plan, economi, sren"
11,,2,"37, grid, wave, kelvin, power"
11,,5,"38, fund, receiv, energi, compani"
11,,2,"39, uniti, list, offshor, grid"
11,,4,"41, bioga, co2, plant, tonn"
11,,3,"42, energi, ptx, heat, risk"
11,,2,"44, system, climat, sector, trigener"
11,,5,"47, heat, ga, rvv, climat"
11,,6,"48, labor, emiss, co2, climat"
11,,2,"7, offshor, grid, bornholm, power"
11,,3,"9, island, bornholm, energi, offshor"
11,,8,Noise
11,,8,"0, hydrogen, energi, bornholm, power"
11,,2,"1, energinet, plant, build, station"
11,,9,"12, hydrogen, bornholm, busi, powertox"
11,,1,"13, grid, offshor, wind, bornholm"
11,,2,"15, develop, energi, electr, project"
11,,3,"16, dkk, energi, billion, project"
11,,3,"18, electr, tax, project, energi"
11,,2,"21, energi, wind, offshor, connect"
11,,1,"22, guard, wind, offshor, farm"
11,,8,"24, hydrogen, budget, social, reactor"
11,,7,"25, hydrogen, power, compani, nuclear"
11,,5,"26, agreement, climat, co2, dkk"
11,,4,"3, comput, quantum, electr, municip"
11,,3,"32, microgrid, water, rvv, energi"
11,,1,"33, sage, plan, economi, sren"
11,,2,"37, grid, wave, kelvin, power"
11,,5,"38, fund, receiv, energi, compani"
11,,2,"39, uniti, list, offshor, grid"
11,,4,"41, bioga, co2, plant, tonn"
11,,3,"42, energi, ptx, heat, risk"
11,,2,"44, system, climat, sector, trigener"
11,,5,"47, heat, ga, rvv, climat"
11,,6,"48, labor, emiss, co2, climat"
11,,2,"7, offshor, grid, bornholm, power"
11,,3,"9, island, bornholm, energi, offshor"
11,,8,Noise
11,,8,"0, hydrogen, energi, bornholm, power"
11,,2,"1, energinet, plant, build, station"
11,,9,"12, hydrogen, bornholm, busi, powertox"
11,,1,"13, grid, offshor, wind, bornholm"
11,,2,"15, develop, energi, electr, project"
11,,3,"16, dkk, energi, billion, project"
11,,3,"18, electr, tax, project, energi"
11,,2,"21, energi, wind, offshor, connect"
11,,1,"22, guard, wind, offshor, farm"
11,,8,"24, hydrogen, budget, social, reactor"
11,,7,"25, hydrogen, power, compani, nuclear"
11,,5,"26, agreement, climat, co2, dkk"
11,,4,"3, comput, quantum, electr, municip"
11,,3,"32, microgrid, water, rvv, energi"
11,,1,"33, sage, plan, economi, sren"
11,,2,"37, grid, wave, kelvin, power"
11,,5,"38, fund, receiv, energi, compani"
11,,2,"39, uniti, list, offshor, grid"
11,,4,"41, bioga, co2, plant, tonn"
11,,3,"42, energi, ptx, heat, risk"
11,,2,"44, system, climat, sector, trigener"
11,,5,"47, heat, ga, rvv, climat"
11,,6,"48, labor, emiss, co2, climat"
11,,2,"7, offshor, grid, bornholm, power"
11,,3,"9, island, bornholm, energi, offshor"
11,,8,Noise
11,,8,"0, hydrogen, energi, bornholm, power"
11,,2,"1, energinet, plant, build, station"
11,,9,"12, hydrogen, bornholm, busi, powertox"
11,,1,"13, grid, offshor, wind, bornholm"
11,,2,"15, develop, energi, electr, project"
11,,3,"16, dkk, energi, billion, project"
11,,3,"18, electr, tax, project, energi"
11,,2,"21, energi, wind, offshor, connect"
11,,1,"22, guard, wind, offshor, farm"
11,,8,"24, hydrogen, budget, social, reactor"
11,,7,"25, hydrogen, power, compani, nuclear"
11,,5,"26, agreement, climat, co2, dkk"
11,,4,"3, comput, quantum, electr, municip"
11,,3,"32, microgrid, water, rvv, energi"
11,,1,"33, sage, plan, economi, sren"
11,,2,"37, grid, wave, kelvin, power"
11,,5,"38, fund, receiv, energi, compani"
11,,2,"39, uniti, list, offshor, grid"
11,,4,"41, bioga, co2, plant, tonn"
11,,3,"42, energi, ptx, heat, risk"
11,,2,"44, system, climat, sector, trigener"
11,,5,"47, heat, ga, rvv, climat"
11,,6,"48, labor, emiss, co2, climat"
11,,2,"7, offshor, grid, bornholm, power"
11,,3,"9, island, bornholm, energi, offshor"
11,,8,Noise
11,,8,"0, hydrogen, energi, bornholm, power"
11,,2,"1, energinet, plant, build, station"
11,,9,"12, hydrogen, bornholm, busi, powertox"
11,,1,"13, grid, offshor, wind, bornholm"
11,,2,"15, develop, energi, electr, project"
11,,3,"16, dkk, energi, billion, project"
11,,3,"18, electr, tax, project, energi"
11,,2,"21, energi, wind, offshor, connect"
11,,1,"22, guard, wind, offshor, farm"
11,,8,"24, hydrogen, budget, social, reactor"
11,,7,"25, hydrogen, power, compani, nuclear"
11,,5,"26, agreement, climat, co2, dkk"
11,,4,"3, comput, quantum, electr, municip"
11,,3,"32, microgrid, water, rvv, energi"
11,,1,"33, sage, plan, economi, sren"
11,,2,"37, grid, wave, kelvin, power"
11,,5,"38, fund, receiv, energi, compani"
11,,2,"39, uniti, list, offshor, grid"
11,,4,"41, bioga, co2, plant, tonn"
11,,3,"42, energi, ptx, heat, risk"
11,,2,"44, system, climat, sector, trigener"
11,,5,"47, heat, ga, rvv, climat"
11,,6,"48, labor, emiss, co2, climat"
11,,2,"7, offshor, grid, bornholm, power"
11,,3,"9, island, bornholm, energi, offshor"
11,,8,Noise
11,,8,"0, hydrogen, energi, bornholm, power"
11,,2,"1, energinet, plant, build, station"
11,,9,"12, hydrogen, bornholm, busi, powertox"
11,,1,"13, grid, offshor, wind, bornholm"
11,,2,"15, develop, energi, electr, project"
11,,3,"16, dkk, energi, billion, project"
11,,3,"18, electr, tax, project, energi"
11,,2,"21, energi, wind, offshor, connect"
11,,1,"22, guard, wind, offshor, farm"
11,,8,"24, hydrogen, budget, social, reactor"
11,,7,"25, hydrogen, power, compani, nuclear"
11,,5,"26, agreement, climat, co2, dkk"
11,,4,"3, comput, quantum, electr, municip"
11,,3,"32, microgrid, water, rvv, energi"
11,,1,"33, sage, plan, economi, sren"
11,,2,"37, grid, wave, kelvin, power"
11,,5,"38, fund, receiv, energi, compani"
11,,2,"39, uniti, list, offshor, grid"
11,,4,"41, bioga, co2, plant, tonn"
11,,3,"42, energi, ptx, heat, risk"
11,,2,"44, system, climat, sector, trigener"
11,,5,"47, heat, ga, rvv, climat"
11,,6,"48, labor, emiss, co2, climat"
11,,2,"7, offshor, grid, bornholm, power"
11,,3,"9, island, bornholm, energi, offshor"
11,,8,Noise
11,,8,"0, hydrogen, energi, bornholm, power"
11,,2,"1, energinet, plant, build, station"
11,,9,"12, hydrogen, bornholm, busi, powertox"
11,,1,"13, grid, offshor, wind, bornholm"
11,,2,"15, develop, energi, electr, project"
11,,3,"16, dkk, energi, billion, project"
11,,3,"18, electr, tax, project, energi"
11,,2,"21, energi, wind, offshor, connect"
11,,1,"22, guard, wind, offshor, farm"
11,,8,"24, hydrogen, budget, social, reactor"
11,,7,"25, hydrogen, power, compani, nuclear"
11,,5,"26, agreement, climat, co2, dkk"
11,,4,"3, comput, quantum, electr, municip"
11,,3,"32, microgrid, water, rvv, energi"
11,,1,"33, sage, plan, economi, sren"
11,,2,"37, grid, wave, kelvin, power"
11,,5,"38, fund, receiv, energi, compani"
11,,2,"39, uniti, list, offshor, grid"
11,,4,"41, bioga, co2, plant, tonn"
11,,3,"42, energi, ptx, heat, risk"
11,,2,"44, system, climat, sector, trigener"
11,,5,"47, heat, ga, rvv, climat"
11,,6,"48, labor, emiss, co2, climat"
11,,2,"7, offshor, grid, bornholm, power"
11,,3,"9, island, bornholm, energi, offshor"
11,,8,Noise
11,,8,"0, hydrogen, energi, bornholm, power"
11,,2,"1, energinet, plant, build, station"
11,,9,"12, hydrogen, bornholm, busi, powertox"
11,,1,"13, grid, offshor, wind, bornholm"
11,,2,"15, develop, energi, electr, project"
11,,3,"16, dkk, energi, billion, project"
11,,3,"18, electr, tax, project, energi"
11,,2,"21, energi, wind, offshor, connect"
11,,1,"22, guard, wind, offshor, farm"
11,,8,"24, hydrogen, budget, social, reactor"
11,,7,"25, hydrogen, power, compani, nuclear"
11,,5,"26, agreement, climat, co2, dkk"
11,,4,"3, comput, quantum, electr, municip"
11,,3,"32, microgrid, water, rvv, energi"
11,,1,"33, sage, plan, economi, sren"
11,,2,"37, grid, wave, kelvin, power"
11,,5,"38, fund, receiv, energi, compani"
11,,2,"39, uniti, list, offshor, grid"
11,,4,"41, bioga, co2, plant, tonn"
11,,3,"42, energi, ptx, heat, risk"
11,,2,"44, system, climat, sector, trigener"
11,,5,"47, heat, ga, rvv, climat"
11,,6,"48, labor, emiss, co2, climat"
11,,2,"7, offshor, grid, bornholm, power"
11,,3,"9, island, bornholm, energi, offshor"
11,,8,Noise
11,,8,"0, hydrogen, energi, bornholm, power"
11,,2,"1, energinet, plant, build, station"
11,,9,"12, hydrogen, bornholm, busi, powertox"
11,,1,"13, grid, offshor, wind, bornholm"
11,,2,"15, develop, energi, electr, project"
11,,3,"16, dkk, energi, billion, project"
11,,3,"18, electr, tax, project, energi"
11,,2,"21, energi, wind, offshor, connect"
11,,1,"22, guard, wind, offshor, farm"
11,,8,"24, hydrogen, budget, social, reactor"
11,,7,"25, hydrogen, power, compani, nuclear"
11,,5,"26, agreement, climat, co2, dkk"
11,,4,"3, comput, quantum, electr, municip"
11,,3,"32, microgrid, water, rvv, energi"
11,,1,"33, sage, plan, economi, sren"
11,,2,"37, grid, wave, kelvin, power"
11,,5,"38, fund, receiv, energi, compani"
11,,2,"39, uniti, list, offshor, grid"
11,,4,"41, bioga, co2, plant, tonn"
11,,3,"42, energi, ptx, heat, risk"
11,,2,"44, system, climat, sector, trigener"
11,,5,"47, heat, ga, rvv, climat"
11,,6,"48, labor, emiss, co2, climat"
11,,2,"7, offshor, grid, bornholm, power"
11,,3,"9, island, bornholm, energi, offshor"
11,,8,Noise
5,,12,"0, hydrogen, energi, bornholm, power"
5,,1,"11, offshor, wind, park, busi"
5,,7,"12, hydrogen, bornholm, busi, powertox"
5,,16,"20, convert, hvdc, offshor, grid"
5,,8,"21, energi, wind, offshor, connect"
5,,4,"24, hydrogen, budget, social, reactor"
5,,1,"25, hydrogen, power, compani, nuclear"
5,,4,"28, municip, grid, offshor, wermelin"
5,,1,"3, comput, quantum, electr, municip"
5,,13,"31, price, zone, center, data"
5,,8,"33, sage, plan, economi, sren"
5,,12,"37, grid, wave, kelvin, power"
5,,2,"39, uniti, list, offshor, grid"
5,,4,"40, energi, wind, bornholm, grid"
5,,6,"45, offshor, wind, farm, reliabl"
5,,9,"5, light, grid, power, offshor"
5,,21,"6, cool, system, control, hvdc"
5,,11,"7, offshor, grid, bornholm, power"
5,,1,"9, island, bornholm, energi, offshor"
5,,1,Noise
5,,12,"0, hydrogen, energi, bornholm, power"
5,,1,"11, offshor, wind, park, busi"
5,,7,"12, hydrogen, bornholm, busi, powertox"
5,,16,"20, convert, hvdc, offshor, grid"
5,,8,"21, energi, wind, offshor, connect"
5,,4,"24, hydrogen, budget, social, reactor"
5,,1,"25, hydrogen, power, compani, nuclear"
5,,4,"28, municip, grid, offshor, wermelin"
5,,1,"3, comput, quantum, electr, municip"
5,,13,"31, price, zone, center, data"
5,,8,"33, sage, plan, economi, sren"
5,,12,"37, grid, wave, kelvin, power"
5,,2,"39, uniti, list, offshor, grid"
5,,4,"40, energi, wind, bornholm, grid"
5,,6,"45, offshor, wind, farm, reliabl"
5,,9,"5, light, grid, power, offshor"
5,,21,"6, cool, system, control, hvdc"
5,,11,"7, offshor, grid, bornholm, power"
5,,1,"9, island, bornholm, energi, offshor"
5,,1,Noise
5,,12,"0, hydrogen, energi, bornholm, power"
5,,1,"11, offshor, wind, park, busi"
5,,7,"12, hydrogen, bornholm, busi, powertox"
5,,16,"20, convert, hvdc, offshor, grid"
5,,8,"21, energi, wind, offshor, connect"
5,,4,"24, hydrogen, budget, social, reactor"
5,,1,"25, hydrogen, power, compani, nuclear"
5,,4,"28, municip, grid, offshor, wermelin"
5,,1,"3, comput, quantum, electr, municip"
5,,13,"31, price, zone, center, data"
5,,8,"33, sage, plan, economi, sren"
5,,12,"37, grid, wave, kelvin, power"
5,,2,"39, uniti, list, offshor, grid"
5,,4,"40, energi, wind, bornholm, grid"
5,,6,"45, offshor, wind, farm, reliabl"
5,,9,"5, light, grid, power, offshor"
5,,21,"6, cool, system, control, hvdc"
5,,11,"7, offshor, grid, bornholm, power"
5,,1,"9, island, bornholm, energi, offshor"
5,,1,Noise
5,,12,"0, hydrogen, energi, bornholm, power"
5,,1,"11, offshor, wind, park, busi"
5,,7,"12, hydrogen, bornholm, busi, powertox"
5,,16,"20, convert, hvdc, offshor, grid"
5,,8,"21, energi, wind, offshor, connect"
5,,4,"24, hydrogen, budget, social, reactor"
5,,1,"25, hydrogen, power, compani, nuclear"
5,,4,"28, municip, grid, offshor, wermelin"
5,,1,"3, comput, quantum, electr, municip"
5,,13,"31, price, zone, center, data"
5,,8,"33, sage, plan, economi, sren"
5,,12,"37, grid, wave, kelvin, power"
5,,2,"39, uniti, list, offshor, grid"
5,,4,"40, energi, wind, bornholm, grid"
5,,6,"45, offshor, wind, farm, reliabl"
5,,9,"5, light, grid, power, offshor"
5,,21,"6, cool, system, control, hvdc"
5,,11,"7, offshor, grid, bornholm, power"
5,,1,"9, island, bornholm, energi, offshor"
5,,1,Noise
5,,12,"0, hydrogen, energi, bornholm, power"
5,,1,"11, offshor, wind, park, busi"
5,,7,"12, hydrogen, bornholm, busi, powertox"
5,,16,"20, convert, hvdc, offshor, grid"
5,,8,"21, energi, wind, offshor, connect"
5,,4,"24, hydrogen, budget, social, reactor"
5,,1,"25, hydrogen, power, compani, nuclear"
5,,4,"28, municip, grid, offshor, wermelin"
5,,1,"3, comput, quantum, electr, municip"
5,,13,"31, price, zone, center, data"
5,,8,"33, sage, plan, economi, sren"
5,,12,"37, grid, wave, kelvin, power"
5,,2,"39, uniti, list, offshor, grid"
5,,4,"40, energi, wind, bornholm, grid"
5,,6,"45, offshor, wind, farm, reliabl"
5,,9,"5, light, grid, power, offshor"
5,,21,"6, cool, system, control, hvdc"
5,,11,"7, offshor, grid, bornholm, power"
5,,1,"9, island, bornholm, energi, offshor"
5,,1,Noise
5,,12,"0, hydrogen, energi, bornholm, power"
5,,1,"11, offshor, wind, park, busi"
5,,7,"12, hydrogen, bornholm, busi, powertox"
5,,16,"20, convert, hvdc, offshor, grid"
5,,8,"21, energi, wind, offshor, connect"
5,,4,"24, hydrogen, budget, social, reactor"
5,,1,"25, hydrogen, power, compani, nuclear"
5,,4,"28, municip, grid, offshor, wermelin"
5,,1,"3, comput, quantum, electr, municip"
5,,13,"31, price, zone, center, data"
5,,8,"33, sage, plan, economi, sren"
5,,12,"37, grid, wave, kelvin, power"
5,,2,"39, uniti, list, offshor, grid"
5,,4,"40, energi, wind, bornholm, grid"
5,,6,"45, offshor, wind, farm, reliabl"
5,,9,"5, light, grid, power, offshor"
5,,21,"6, cool, system, control, hvdc"
5,,11,"7, offshor, grid, bornholm, power"
5,,1,"9, island, bornholm, energi, offshor"
5,,1,Noise
5,,12,"0, hydrogen, energi, bornholm, power"
5,,1,"11, offshor, wind, park, busi"
5,,7,"12, hydrogen, bornholm, busi, powertox"
5,,16,"20, convert, hvdc, offshor, grid"
5,,8,"21, energi, wind, offshor, connect"
5,,4,"24, hydrogen, budget, social, reactor"
5,,1,"25, hydrogen, power, compani, nuclear"
5,,4,"28, municip, grid, offshor, wermelin"
5,,1,"3, comput, quantum, electr, municip"
5,,13,"31, price, zone, center, data"
5,,8,"33, sage, plan, economi, sren"
5,,12,"37, grid, wave, kelvin, power"
5,,2,"39, uniti, list, offshor, grid"
5,,4,"40, energi, wind, bornholm, grid"
5,,6,"45, offshor, wind, farm, reliabl"
5,,9,"5, light, grid, power, offshor"
5,,21,"6, cool, system, control, hvdc"
5,,11,"7, offshor, grid, bornholm, power"
5,,1,"9, island, bornholm, energi, offshor"
5,,1,Noise
5,,12,"0, hydrogen, energi, bornholm, power"
5,,1,"11, offshor, wind, park, busi"
5,,7,"12, hydrogen, bornholm, busi, powertox"
5,,16,"20, convert, hvdc, offshor, grid"
5,,8,"21, energi, wind, offshor, connect"
5,,4,"24, hydrogen, budget, social, reactor"
5,,1,"25, hydrogen, power, compani, nuclear"
5,,4,"28, municip, grid, offshor, wermelin"
5,,1,"3, comput, quantum, electr, municip"
5,,13,"31, price, zone, center, data"
5,,8,"33, sage, plan, economi, sren"
5,,12,"37, grid, wave, kelvin, power"
5,,2,"39, uniti, list, offshor, grid"
5,,4,"40, energi, wind, bornholm, grid"
5,,6,"45, offshor, wind, farm, reliabl"
5,,9,"5, light, grid, power, offshor"
5,,21,"6, cool, system, control, hvdc"
5,,11,"7, offshor, grid, bornholm, power"
5,,1,"9, island, bornholm, energi, offshor"
5,,1,Noise
5,,12,"0, hydrogen, energi, bornholm, power"
5,,1,"11, offshor, wind, park, busi"
5,,7,"12, hydrogen, bornholm, busi, powertox"
5,,16,"20, convert, hvdc, offshor, grid"
5,,8,"21, energi, wind, offshor, connect"
5,,4,"24, hydrogen, budget, social, reactor"
5,,1,"25, hydrogen, power, compani, nuclear"
5,,4,"28, municip, grid, offshor, wermelin"
5,,1,"3, comput, quantum, electr, municip"
5,,13,"31, price, zone, center, data"
5,,8,"33, sage, plan, economi, sren"
5,,12,"37, grid, wave, kelvin, power"
5,,2,"39, uniti, list, offshor, grid"
5,,4,"40, energi, wind, bornholm, grid"
5,,6,"45, offshor, wind, farm, reliabl"
5,,9,"5, light, grid, power, offshor"
5,,21,"6, cool, system, control, hvdc"
5,,11,"7, offshor, grid, bornholm, power"
5,,1,"9, island, bornholm, energi, offshor"
5,,1,Noise
5,,12,"0, hydrogen, energi, bornholm, power"
5,,1,"11, offshor, wind, park, busi"
5,,7,"12, hydrogen, bornholm, busi, powertox"
5,,16,"20, convert, hvdc, offshor, grid"
5,,8,"21, energi, wind, offshor, connect"
5,,4,"24, hydrogen, budget, social, reactor"
5,,1,"25, hydrogen, power, compani, nuclear"
5,,4,"28, municip, grid, offshor, wermelin"
5,,1,"3, comput, quantum, electr, municip"
5,,13,"31, price, zone, center, data"
5,,8,"33, sage, plan, economi, sren"
5,,12,"37, grid, wave, kelvin, power"
5,,2,"39, uniti, list, offshor, grid"
5,,4,"40, energi, wind, bornholm, grid"
5,,6,"45, offshor, wind, farm, reliabl"
5,,9,"5, light, grid, power, offshor"
5,,21,"6, cool, system, control, hvdc"
5,,11,"7, offshor, grid, bornholm, power"
5,,1,"9, island, bornholm, energi, offshor"
5,,1,Noise
5,,12,"0, hydrogen, energi, bornholm, power"
5,,1,"11, offshor, wind, park, busi"
5,,7,"12, hydrogen, bornholm, busi, powertox"
5,,16,"20, convert, hvdc, offshor, grid"
5,,8,"21, energi, wind, offshor, connect"
5,,4,"24, hydrogen, budget, social, reactor"
5,,1,"25, hydrogen, power, compani, nuclear"
5,,4,"28, municip, grid, offshor, wermelin"
5,,1,"3, comput, quantum, electr, municip"
5,,13,"31, price, zone, center, data"
5,,8,"33, sage, plan, economi, sren"
5,,12,"37, grid, wave, kelvin, power"
5,,2,"39, uniti, list, offshor, grid"
5,,4,"40, energi, wind, bornholm, grid"
5,,6,"45, offshor, wind, farm, reliabl"
5,,9,"5, light, grid, power, offshor"
5,,21,"6, cool, system, control, hvdc"
5,,11,"7, offshor, grid, bornholm, power"
5,,1,"9, island, bornholm, energi, offshor"
5,,1,Noise
5,,12,"0, hydrogen, energi, bornholm, power"
5,,1,"11, offshor, wind, park, busi"
5,,7,"12, hydrogen, bornholm, busi, powertox"
5,,16,"20, convert, hvdc, offshor, grid"
5,,8,"21, energi, wind, offshor, connect"
5,,4,"24, hydrogen, budget, social, reactor"
5,,1,"25, hydrogen, power, compani, nuclear"
5,,4,"28, municip, grid, offshor, wermelin"
5,,1,"3, comput, quantum, electr, municip"
5,,13,"31, price, zone, center, data"
5,,8,"33, sage, plan, economi, sren"
5,,12,"37, grid, wave, kelvin, power"
5,,2,"39, uniti, list, offshor, grid"
5,,4,"40, energi, wind, bornholm, grid"
5,,6,"45, offshor, wind, farm, reliabl"
5,,9,"5, light, grid, power, offshor"
5,,21,"6, cool, system, control, hvdc"
5,,11,"7, offshor, grid, bornholm, power"
5,,1,"9, island, bornholm, energi, offshor"
5,,1,Noise
5,,12,"0, hydrogen, energi, bornholm, power"
5,,1,"11, offshor, wind, park, busi"
5,,7,"12, hydrogen, bornholm, busi, powertox"
5,,16,"20, convert, hvdc, offshor, grid"
5,,8,"21, energi, wind, offshor, connect"
5,,4,"24, hydrogen, budget, social, reactor"
5,,1,"25, hydrogen, power, compani, nuclear"
5,,4,"28, municip, grid, offshor, wermelin"
5,,1,"3, comput, quantum, electr, municip"
5,,13,"31, price, zone, center, data"
5,,8,"33, sage, plan, economi, sren"
5,,12,"37, grid, wave, kelvin, power"
5,,2,"39, uniti, list, offshor, grid"
5,,4,"40, energi, wind, bornholm, grid"
5,,6,"45, offshor, wind, farm, reliabl"
5,,9,"5, light, grid, power, offshor"
5,,21,"6, cool, system, control, hvdc"
5,,11,"7, offshor, grid, bornholm, power"
5,,1,"9, island, bornholm, energi, offshor"
5,,1,Noise
5,,12,"0, hydrogen, energi, bornholm, power"
5,,1,"11, offshor, wind, park, busi"
5,,7,"12, hydrogen, bornholm, busi, powertox"
5,,16,"20, convert, hvdc, offshor, grid"
5,,8,"21, energi, wind, offshor, connect"
5,,4,"24, hydrogen, budget, social, reactor"
5,,1,"25, hydrogen, power, compani, nuclear"
5,,4,"28, municip, grid, offshor, wermelin"
5,,1,"3, comput, quantum, electr, municip"
5,,13,"31, price, zone, center, data"
5,,8,"33, sage, plan, economi, sren"
5,,12,"37, grid, wave, kelvin, power"
5,,2,"39, uniti, list, offshor, grid"
5,,4,"40, energi, wind, bornholm, grid"
5,,6,"45, offshor, wind, farm, reliabl"
5,,9,"5, light, grid, power, offshor"
5,,21,"6, cool, system, control, hvdc"
5,,11,"7, offshor, grid, bornholm, power"
5,,1,"9, island, bornholm, energi, offshor"
5,,1,Noise
5,,12,"0, hydrogen, energi, bornholm, power"
5,,1,"11, offshor, wind, park, busi"
5,,7,"12, hydrogen, bornholm, busi, powertox"
5,,16,"20, convert, hvdc, offshor, grid"
5,,8,"21, energi, wind, offshor, connect"
5,,4,"24, hydrogen, budget, social, reactor"
5,,1,"25, hydrogen, power, compani, nuclear"
5,,4,"28, municip, grid, offshor, wermelin"
5,,1,"3, comput, quantum, electr, municip"
5,,13,"31, price, zone, center, data"
5,,8,"33, sage, plan, economi, sren"
5,,12,"37, grid, wave, kelvin, power"
5,,2,"39, uniti, list, offshor, grid"
5,,4,"40, energi, wind, bornholm, grid"
5,,6,"45, offshor, wind, farm, reliabl"
5,,9,"5, light, grid, power, offshor"
5,,21,"6, cool, system, control, hvdc"
5,,11,"7, offshor, grid, bornholm, power"
5,,1,"9, island, bornholm, energi, offshor"
5,,1,Noise
5,,12,"0, hydrogen, energi, bornholm, power"
5,,1,"11, offshor, wind, park, busi"
5,,7,"12, hydrogen, bornholm, busi, powertox"
5,,16,"20, convert, hvdc, offshor, grid"
5,,8,"21, energi, wind, offshor, connect"
5,,4,"24, hydrogen, budget, social, reactor"
5,,1,"25, hydrogen, power, compani, nuclear"
5,,4,"28, municip, grid, offshor, wermelin"
5,,1,"3, comput, quantum, electr, municip"
5,,13,"31, price, zone, center, data"
5,,8,"33, sage, plan, economi, sren"
5,,12,"37, grid, wave, kelvin, power"
5,,2,"39, uniti, list, offshor, grid"
5,,4,"40, energi, wind, bornholm, grid"
5,,6,"45, offshor, wind, farm, reliabl"
5,,9,"5, light, grid, power, offshor"
5,,21,"6, cool, system, control, hvdc"
5,,11,"7, offshor, grid, bornholm, power"
5,,1,"9, island, bornholm, energi, offshor"
5,,1,Noise
5,,12,"0, hydrogen, energi, bornholm, power"
5,,1,"11, offshor, wind, park, busi"
5,,7,"12, hydrogen, bornholm, busi, powertox"
5,,16,"20, convert, hvdc, offshor, grid"
5,,8,"21, energi, wind, offshor, connect"
5,,4,"24, hydrogen, budget, social, reactor"
5,,1,"25, hydrogen, power, compani, nuclear"
5,,4,"28, municip, grid, offshor, wermelin"
5,,1,"3, comput, quantum, electr, municip"
5,,13,"31, price, zone, center, data"
5,,8,"33, sage, plan, economi, sren"
5,,12,"37, grid, wave, kelvin, power"
5,,2,"39, uniti, list, offshor, grid"
5,,4,"40, energi, wind, bornholm, grid"
5,,6,"45, offshor, wind, farm, reliabl"
5,,9,"5, light, grid, power, offshor"
5,,21,"6, cool, system, control, hvdc"
5,,11,"7, offshor, grid, bornholm, power"
5,,1,"9, island, bornholm, energi, offshor"
5,,1,Noise
5,,12,"0, hydrogen, energi, bornholm, power"
5,,1,"11, offshor, wind, park, busi"
5,,7,"12, hydrogen, bornholm, busi, powertox"
5,,16,"20, convert, hvdc, offshor, grid"
5,,8,"21, energi, wind, offshor, connect"
5,,4,"24, hydrogen, budget, social, reactor"
5,,1,"25, hydrogen, power, compani, nuclear"
5,,4,"28, municip, grid, offshor, wermelin"
5,,1,"3, comput, quantum, electr, municip"
5,,13,"31, price, zone, center, data"
5,,8,"33, sage, plan, economi, sren"
5,,12,"37, grid, wave, kelvin, power"
5,,2,"39, uniti, list, offshor, grid"
5,,4,"40, energi, wind, bornholm, grid"
5,,6,"45, offshor, wind, farm, reliabl"
5,,9,"5, light, grid, power, offshor"
5,,21,"6, cool, system, control, hvdc"
5,,11,"7, offshor, grid, bornholm, power"
5,,1,"9, island, bornholm, energi, offshor"
5,,1,Noise
5,,12,"0, hydrogen, energi, bornholm, power"
5,,1,"11, offshor, wind, park, busi"
5,,7,"12, hydrogen, bornholm, busi, powertox"
5,,16,"20, convert, hvdc, offshor, grid"
5,,8,"21, energi, wind, offshor, connect"
5,,4,"24, hydrogen, budget, social, reactor"
5,,1,"25, hydrogen, power, compani, nuclear"
5,,4,"28, municip, grid, offshor, wermelin"
5,,1,"3, comput, quantum, electr, municip"
5,,13,"31, price, zone, center, data"
5,,8,"33, sage, plan, economi, sren"
5,,12,"37, grid, wave, kelvin, power"
5,,2,"39, uniti, list, offshor, grid"
5,,4,"40, energi, wind, bornholm, grid"
5,,6,"45, offshor, wind, farm, reliabl"
5,,9,"5, light, grid, power, offshor"
5,,21,"6, cool, system, control, hvdc"
5,,11,"7, offshor, grid, bornholm, power"
5,,1,"9, island, bornholm, energi, offshor"
5,,1,Noise
5,,12,"0, hydrogen, energi, bornholm, power"
5,,1,"11, offshor, wind, park, busi"
5,,7,"12, hydrogen, bornholm, busi, powertox"
5,,16,"20, convert, hvdc, offshor, grid"
5,,8,"21, energi, wind, offshor, connect"
5,,4,"24, hydrogen, budget, social, reactor"
5,,1,"25, hydrogen, power, compani, nuclear"
5,,4,"28, municip, grid, offshor, wermelin"
5,,1,"3, comput, quantum, electr, municip"
5,,13,"31, price, zone, center, data"
5,,8,"33, sage, plan, economi, sren"
5,,12,"37, grid, wave, kelvin, power"
5,,2,"39, uniti, list, offshor, grid"
5,,4,"40, energi, wind, bornholm, grid"
5,,6,"45, offshor, wind, farm, reliabl"
5,,9,"5, light, grid, power, offshor"
5,,21,"6, cool, system, control, hvdc"
5,,11,"7, offshor, grid, bornholm, power"
5,,1,"9, island, bornholm, energi, offshor"
5,,1,Noise
5,,12,"0, hydrogen, energi, bornholm, power"
5,,1,"11, offshor, wind, park, busi"
5,,7,"12, hydrogen, bornholm, busi, powertox"
5,,16,"20, convert, hvdc, offshor, grid"
5,,8,"21, energi, wind, offshor, connect"
5,,4,"24, hydrogen, budget, social, reactor"
5,,1,"25, hydrogen, power, compani, nuclear"
5,,4,"28, municip, grid, offshor, wermelin"
5,,1,"3, comput, quantum, electr, municip"
5,,13,"31, price, zone, center, data"
5,,8,"33, sage, plan, economi, sren"
5,,12,"37, grid, wave, kelvin, power"
5,,2,"39, uniti, list, offshor, grid"
5,,4,"40, energi, wind, bornholm, grid"
5,,6,"45, offshor, wind, farm, reliabl"
5,,9,"5, light, grid, power, offshor"
5,,21,"6, cool, system, control, hvdc"
5,,11,"7, offshor, grid, bornholm, power"
5,,1,"9, island, bornholm, energi, offshor"
5,,1,Noise
5,,12,"0, hydrogen, energi, bornholm, power"
5,,1,"11, offshor, wind, park, busi"
5,,7,"12, hydrogen, bornholm, busi, powertox"
5,,16,"20, convert, hvdc, offshor, grid"
5,,8,"21, energi, wind, offshor, connect"
5,,4,"24, hydrogen, budget, social, reactor"
5,,1,"25, hydrogen, power, compani, nuclear"
5,,4,"28, municip, grid, offshor, wermelin"
5,,1,"3, comput, quantum, electr, municip"
5,,13,"31, price, zone, center, data"
5,,8,"33, sage, plan, economi, sren"
5,,12,"37, grid, wave, kelvin, power"
5,,2,"39, uniti, list, offshor, grid"
5,,4,"40, energi, wind, bornholm, grid"
5,,6,"45, offshor, wind, farm, reliabl"
5,,9,"5, light, grid, power, offshor"
5,,21,"6, cool, system, control, hvdc"
5,,11,"7, offshor, grid, bornholm, power"
5,,1,"9, island, bornholm, energi, offshor"
5,,1,Noise
5,,12,"0, hydrogen, energi, bornholm, power"
5,,1,"11, offshor, wind, park, busi"
5,,7,"12, hydrogen, bornholm, busi, powertox"
5,,16,"20, convert, hvdc, offshor, grid"
5,,8,"21, energi, wind, offshor, connect"
5,,4,"24, hydrogen, budget, social, reactor"
5,,1,"25, hydrogen, power, compani, nuclear"
5,,4,"28, municip, grid, offshor, wermelin"
5,,1,"3, comput, quantum, electr, municip"
5,,13,"31, price, zone, center, data"
5,,8,"33, sage, plan, economi, sren"
5,,12,"37, grid, wave, kelvin, power"
5,,2,"39, uniti, list, offshor, grid"
5,,4,"40, energi, wind, bornholm, grid"
5,,6,"45, offshor, wind, farm, reliabl"
5,,9,"5, light, grid, power, offshor"
5,,21,"6, cool, system, control, hvdc"
5,,11,"7, offshor, grid, bornholm, power"
5,,1,"9, island, bornholm, energi, offshor"
5,,1,Noise
5,,12,"0, hydrogen, energi, bornholm, power"
5,,1,"11, offshor, wind, park, busi"
5,,7,"12, hydrogen, bornholm, busi, powertox"
5,,16,"20, convert, hvdc, offshor, grid"
5,,8,"21, energi, wind, offshor, connect"
5,,4,"24, hydrogen, budget, social, reactor"
5,,1,"25, hydrogen, power, compani, nuclear"
5,,4,"28, municip, grid, offshor, wermelin"
5,,1,"3, comput, quantum, electr, municip"
5,,13,"31, price, zone, center, data"
5,,8,"33, sage, plan, economi, sren"
5,,12,"37, grid, wave, kelvin, power"
5,,2,"39, uniti, list, offshor, grid"
5,,4,"40, energi, wind, bornholm, grid"
5,,6,"45, offshor, wind, farm, reliabl"
5,,9,"5, light, grid, power, offshor"
5,,21,"6, cool, system, control, hvdc"
5,,11,"7, offshor, grid, bornholm, power"
5,,1,"9, island, bornholm, energi, offshor"
5,,1,Noise
5,,12,"0, hydrogen, energi, bornholm, power"
5,,1,"11, offshor, wind, park, busi"
5,,7,"12, hydrogen, bornholm, busi, powertox"
5,,16,"20, convert, hvdc, offshor, grid"
5,,8,"21, energi, wind, offshor, connect"
5,,4,"24, hydrogen, budget, social, reactor"
5,,1,"25, hydrogen, power, compani, nuclear"
5,,4,"28, municip, grid, offshor, wermelin"
5,,1,"3, comput, quantum, electr, municip"
5,,13,"31, price, zone, center, data"
5,,8,"33, sage, plan, economi, sren"
5,,12,"37, grid, wave, kelvin, power"
5,,2,"39, uniti, list, offshor, grid"
5,,4,"40, energi, wind, bornholm, grid"
5,,6,"45, offshor, wind, farm, reliabl"
5,,9,"5, light, grid, power, offshor"
5,,21,"6, cool, system, control, hvdc"
5,,11,"7, offshor, grid, bornholm, power"
5,,1,"9, island, bornholm, energi, offshor"
5,,1,Noise
5,,12,"0, hydrogen, energi, bornholm, power"
5,,1,"11, offshor, wind, park, busi"
5,,7,"12, hydrogen, bornholm, busi, powertox"
5,,16,"20, convert, hvdc, offshor, grid"
5,,8,"21, energi, wind, offshor, connect"
5,,4,"24, hydrogen, budget, social, reactor"
5,,1,"25, hydrogen, power, compani, nuclear"
5,,4,"28, municip, grid, offshor, wermelin"
5,,1,"3, comput, quantum, electr, municip"
5,,13,"31, price, zone, center, data"
5,,8,"33, sage, plan, economi, sren"
5,,12,"37, grid, wave, kelvin, power"
5,,2,"39, uniti, list, offshor, grid"
5,,4,"40, energi, wind, bornholm, grid"
5,,6,"45, offshor, wind, farm, reliabl"
5,,9,"5, light, grid, power, offshor"
5,,21,"6, cool, system, control, hvdc"
5,,11,"7, offshor, grid, bornholm, power"
5,,1,"9, island, bornholm, energi, offshor"
5,,1,Noise
5,,12,"0, hydrogen, energi, bornholm, power"
5,,1,"11, offshor, wind, park, busi"
5,,7,"12, hydrogen, bornholm, busi, powertox"
5,,16,"20, convert, hvdc, offshor, grid"
5,,8,"21, energi, wind, offshor, connect"
5,,4,"24, hydrogen, budget, social, reactor"
5,,1,"25, hydrogen, power, compani, nuclear"
5,,4,"28, municip, grid, offshor, wermelin"
5,,1,"3, comput, quantum, electr, municip"
5,,13,"31, price, zone, center, data"
5,,8,"33, sage, plan, economi, sren"
5,,12,"37, grid, wave, kelvin, power"
5,,2,"39, uniti, list, offshor, grid"
5,,4,"40, energi, wind, bornholm, grid"
5,,6,"45, offshor, wind, farm, reliabl"
5,,9,"5, light, grid, power, offshor"
5,,21,"6, cool, system, control, hvdc"
5,,11,"7, offshor, grid, bornholm, power"
5,,1,"9, island, bornholm, energi, offshor"
5,,1,Noise
5,,12,"0, hydrogen, energi, bornholm, power"
5,,1,"11, offshor, wind, park, busi"
5,,7,"12, hydrogen, bornholm, busi, powertox"
5,,16,"20, convert, hvdc, offshor, grid"
5,,8,"21, energi, wind, offshor, connect"
5,,4,"24, hydrogen, budget, social, reactor"
5,,1,"25, hydrogen, power, compani, nuclear"
5,,4,"28, municip, grid, offshor, wermelin"
5,,1,"3, comput, quantum, electr, municip"
5,,13,"31, price, zone, center, data"
5,,8,"33, sage, plan, economi, sren"
5,,12,"37, grid, wave, kelvin, power"
5,,2,"39, uniti, list, offshor, grid"
5,,4,"40, energi, wind, bornholm, grid"
5,,6,"45, offshor, wind, farm, reliabl"
5,,9,"5, light, grid, power, offshor"
5,,21,"6, cool, system, control, hvdc"
5,,11,"7, offshor, grid, bornholm, power"
5,,1,"9, island, bornholm, energi, offshor"
5,,1,Noise
5,,12,"0, hydrogen, energi, bornholm, power"
5,,1,"11, offshor, wind, park, busi"
5,,7,"12, hydrogen, bornholm, busi, powertox"
5,,16,"20, convert, hvdc, offshor, grid"
5,,8,"21, energi, wind, offshor, connect"
5,,4,"24, hydrogen, budget, social, reactor"
5,,1,"25, hydrogen, power, compani, nuclear"
5,,4,"28, municip, grid, offshor, wermelin"
5,,1,"3, comput, quantum, electr, municip"
5,,13,"31, price, zone, center, data"
5,,8,"33, sage, plan, economi, sren"
5,,12,"37, grid, wave, kelvin, power"
5,,2,"39, uniti, list, offshor, grid"
5,,4,"40, energi, wind, bornholm, grid"
5,,6,"45, offshor, wind, farm, reliabl"
5,,9,"5, light, grid, power, offshor"
5,,21,"6, cool, system, control, hvdc"
5,,11,"7, offshor, grid, bornholm, power"
5,,1,"9, island, bornholm, energi, offshor"
5,,1,Noise
5,,12,"0, hydrogen, energi, bornholm, power"
5,,1,"11, offshor, wind, park, busi"
5,,7,"12, hydrogen, bornholm, busi, powertox"
5,,16,"20, convert, hvdc, offshor, grid"
5,,8,"21, energi, wind, offshor, connect"
5,,4,"24, hydrogen, budget, social, reactor"
5,,1,"25, hydrogen, power, compani, nuclear"
5,,4,"28, municip, grid, offshor, wermelin"
5,,1,"3, comput, quantum, electr, municip"
5,,13,"31, price, zone, center, data"
5,,8,"33, sage, plan, economi, sren"
5,,12,"37, grid, wave, kelvin, power"
5,,2,"39, uniti, list, offshor, grid"
5,,4,"40, energi, wind, bornholm, grid"
5,,6,"45, offshor, wind, farm, reliabl"
5,,9,"5, light, grid, power, offshor"
5,,21,"6, cool, system, control, hvdc"
5,,11,"7, offshor, grid, bornholm, power"
5,,1,"9, island, bornholm, energi, offshor"
5,,1,Noise
5,,12,"0, hydrogen, energi, bornholm, power"
5,,1,"11, offshor, wind, park, busi"
5,,7,"12, hydrogen, bornholm, busi, powertox"
5,,16,"20, convert, hvdc, offshor, grid"
5,,8,"21, energi, wind, offshor, connect"
5,,4,"24, hydrogen, budget, social, reactor"
5,,1,"25, hydrogen, power, compani, nuclear"
5,,4,"28, municip, grid, offshor, wermelin"
5,,1,"3, comput, quantum, electr, municip"
5,,13,"31, price, zone, center, data"
5,,8,"33, sage, plan, economi, sren"
5,,12,"37, grid, wave, kelvin, power"
5,,2,"39, uniti, list, offshor, grid"
5,,4,"40, energi, wind, bornholm, grid"
5,,6,"45, offshor, wind, farm, reliabl"
5,,9,"5, light, grid, power, offshor"
5,,21,"6, cool, system, control, hvdc"
5,,11,"7, offshor, grid, bornholm, power"
5,,1,"9, island, bornholm, energi, offshor"
5,,1,Noise
5,,12,"0, hydrogen, energi, bornholm, power"
5,,1,"11, offshor, wind, park, busi"
5,,7,"12, hydrogen, bornholm, busi, powertox"
5,,16,"20, convert, hvdc, offshor, grid"
5,,8,"21, energi, wind, offshor, connect"
5,,4,"24, hydrogen, budget, social, reactor"
5,,1,"25, hydrogen, power, compani, nuclear"
5,,4,"28, municip, grid, offshor, wermelin"
5,,1,"3, comput, quantum, electr, municip"
5,,13,"31, price, zone, center, data"
5,,8,"33, sage, plan, economi, sren"
5,,12,"37, grid, wave, kelvin, power"
5,,2,"39, uniti, list, offshor, grid"
5,,4,"40, energi, wind, bornholm, grid"
5,,6,"45, offshor, wind, farm, reliabl"
5,,9,"5, light, grid, power, offshor"
5,,21,"6, cool, system, control, hvdc"
5,,11,"7, offshor, grid, bornholm, power"
5,,1,"9, island, bornholm, energi, offshor"
5,,1,Noise
5,,12,"0, hydrogen, energi, bornholm, power"
5,,1,"11, offshor, wind, park, busi"
5,,7,"12, hydrogen, bornholm, busi, powertox"
5,,16,"20, convert, hvdc, offshor, grid"
5,,8,"21, energi, wind, offshor, connect"
5,,4,"24, hydrogen, budget, social, reactor"
5,,1,"25, hydrogen, power, compani, nuclear"
5,,4,"28, municip, grid, offshor, wermelin"
5,,1,"3, comput, quantum, electr, municip"
5,,13,"31, price, zone, center, data"
5,,8,"33, sage, plan, economi, sren"
5,,12,"37, grid, wave, kelvin, power"
5,,2,"39, uniti, list, offshor, grid"
5,,4,"40, energi, wind, bornholm, grid"
5,,6,"45, offshor, wind, farm, reliabl"
5,,9,"5, light, grid, power, offshor"
5,,21,"6, cool, system, control, hvdc"
5,,11,"7, offshor, grid, bornholm, power"
5,,1,"9, island, bornholm, energi, offshor"
5,,1,Noise
5,,12,"0, hydrogen, energi, bornholm, power"
5,,1,"11, offshor, wind, park, busi"
5,,7,"12, hydrogen, bornholm, busi, powertox"
5,,16,"20, convert, hvdc, offshor, grid"
5,,8,"21, energi, wind, offshor, connect"
5,,4,"24, hydrogen, budget, social, reactor"
5,,1,"25, hydrogen, power, compani, nuclear"
5,,4,"28, municip, grid, offshor, wermelin"
5,,1,"3, comput, quantum, electr, municip"
5,,13,"31, price, zone, center, data"
5,,8,"33, sage, plan, economi, sren"
5,,12,"37, grid, wave, kelvin, power"
5,,2,"39, uniti, list, offshor, grid"
5,,4,"40, energi, wind, bornholm, grid"
5,,6,"45, offshor, wind, farm, reliabl"
5,,9,"5, light, grid, power, offshor"
5,,21,"6, cool, system, control, hvdc"
5,,11,"7, offshor, grid, bornholm, power"
5,,1,"9, island, bornholm, energi, offshor"
5,,1,Noise
5,,12,"0, hydrogen, energi, bornholm, power"
5,,1,"11, offshor, wind, park, busi"
5,,7,"12, hydrogen, bornholm, busi, powertox"
5,,16,"20, convert, hvdc, offshor, grid"
5,,8,"21, energi, wind, offshor, connect"
5,,4,"24, hydrogen, budget, social, reactor"
5,,1,"25, hydrogen, power, compani, nuclear"
5,,4,"28, municip, grid, offshor, wermelin"
5,,1,"3, comput, quantum, electr, municip"
5,,13,"31, price, zone, center, data"
5,,8,"33, sage, plan, economi, sren"
5,,12,"37, grid, wave, kelvin, power"
5,,2,"39, uniti, list, offshor, grid"
5,,4,"40, energi, wind, bornholm, grid"
5,,6,"45, offshor, wind, farm, reliabl"
5,,9,"5, light, grid, power, offshor"
5,,21,"6, cool, system, control, hvdc"
5,,11,"7, offshor, grid, bornholm, power"
5,,1,"9, island, bornholm, energi, offshor"
5,,1,Noise
5,,12,"0, hydrogen, energi, bornholm, power"
5,,1,"11, offshor, wind, park, busi"
5,,7,"12, hydrogen, bornholm, busi, powertox"
5,,16,"20, convert, hvdc, offshor, grid"
5,,8,"21, energi, wind, offshor, connect"
5,,4,"24, hydrogen, budget, social, reactor"
5,,1,"25, hydrogen, power, compani, nuclear"
5,,4,"28, municip, grid, offshor, wermelin"
5,,1,"3, comput, quantum, electr, municip"
5,,13,"31, price, zone, center, data"
5,,8,"33, sage, plan, economi, sren"
5,,12,"37, grid, wave, kelvin, power"
5,,2,"39, uniti, list, offshor, grid"
5,,4,"40, energi, wind, bornholm, grid"
5,,6,"45, offshor, wind, farm, reliabl"
5,,9,"5, light, grid, power, offshor"
5,,21,"6, cool, system, control, hvdc"
5,,11,"7, offshor, grid, bornholm, power"
5,,1,"9, island, bornholm, energi, offshor"
5,,1,Noise
5,,12,"0, hydrogen, energi, bornholm, power"
5,,1,"11, offshor, wind, park, busi"
5,,7,"12, hydrogen, bornholm, busi, powertox"
5,,16,"20, convert, hvdc, offshor, grid"
5,,8,"21, energi, wind, offshor, connect"
5,,4,"24, hydrogen, budget, social, reactor"
5,,1,"25, hydrogen, power, compani, nuclear"
5,,4,"28, municip, grid, offshor, wermelin"
5,,1,"3, comput, quantum, electr, municip"
5,,13,"31, price, zone, center, data"
5,,8,"33, sage, plan, economi, sren"
5,,12,"37, grid, wave, kelvin, power"
5,,2,"39, uniti, list, offshor, grid"
5,,4,"40, energi, wind, bornholm, grid"
5,,6,"45, offshor, wind, farm, reliabl"
5,,9,"5, light, grid, power, offshor"
5,,21,"6, cool, system, control, hvdc"
5,,11,"7, offshor, grid, bornholm, power"
5,,1,"9, island, bornholm, energi, offshor"
5,,1,Noise
5,,12,"0, hydrogen, energi, bornholm, power"
5,,1,"11, offshor, wind, park, busi"
5,,7,"12, hydrogen, bornholm, busi, powertox"
5,,16,"20, convert, hvdc, offshor, grid"
5,,8,"21, energi, wind, offshor, connect"
5,,4,"24, hydrogen, budget, social, reactor"
5,,1,"25, hydrogen, power, compani, nuclear"
5,,4,"28, municip, grid, offshor, wermelin"
5,,1,"3, comput, quantum, electr, municip"
5,,13,"31, price, zone, center, data"
5,,8,"33, sage, plan, economi, sren"
5,,12,"37, grid, wave, kelvin, power"
5,,2,"39, uniti, list, offshor, grid"
5,,4,"40, energi, wind, bornholm, grid"
5,,6,"45, offshor, wind, farm, reliabl"
5,,9,"5, light, grid, power, offshor"
5,,21,"6, cool, system, control, hvdc"
5,,11,"7, offshor, grid, bornholm, power"
5,,1,"9, island, bornholm, energi, offshor"
5,,1,Noise
5,,12,"0, hydrogen, energi, bornholm, power"
5,,1,"11, offshor, wind, park, busi"
5,,7,"12, hydrogen, bornholm, busi, powertox"
5,,16,"20, convert, hvdc, offshor, grid"
5,,8,"21, energi, wind, offshor, connect"
5,,4,"24, hydrogen, budget, social, reactor"
5,,1,"25, hydrogen, power, compani, nuclear"
5,,4,"28, municip, grid, offshor, wermelin"
5,,1,"3, comput, quantum, electr, municip"
5,,13,"31, price, zone, center, data"
5,,8,"33, sage, plan, economi, sren"
5,,12,"37, grid, wave, kelvin, power"
5,,2,"39, uniti, list, offshor, grid"
5,,4,"40, energi, wind, bornholm, grid"
5,,6,"45, offshor, wind, farm, reliabl"
5,,9,"5, light, grid, power, offshor"
5,,21,"6, cool, system, control, hvdc"
5,,11,"7, offshor, grid, bornholm, power"
5,,1,"9, island, bornholm, energi, offshor"
5,,1,Noise
5,,12,"0, hydrogen, energi, bornholm, power"
5,,1,"11, offshor, wind, park, busi"
5,,7,"12, hydrogen, bornholm, busi, powertox"
5,,16,"20, convert, hvdc, offshor, grid"
5,,8,"21, energi, wind, offshor, connect"
5,,4,"24, hydrogen, budget, social, reactor"
5,,1,"25, hydrogen, power, compani, nuclear"
5,,4,"28, municip, grid, offshor, wermelin"
5,,1,"3, comput, quantum, electr, municip"
5,,13,"31, price, zone, center, data"
5,,8,"33, sage, plan, economi, sren"
5,,12,"37, grid, wave, kelvin, power"
5,,2,"39, uniti, list, offshor, grid"
5,,4,"40, energi, wind, bornholm, grid"
5,,6,"45, offshor, wind, farm, reliabl"
5,,9,"5, light, grid, power, offshor"
5,,21,"6, cool, system, control, hvdc"
5,,11,"7, offshor, grid, bornholm, power"
5,,1,"9, island, bornholm, energi, offshor"
5,,1,Noise
5,,12,"0, hydrogen, energi, bornholm, power"
5,,1,"11, offshor, wind, park, busi"
5,,7,"12, hydrogen, bornholm, busi, powertox"
5,,16,"20, convert, hvdc, offshor, grid"
5,,8,"21, energi, wind, offshor, connect"
5,,4,"24, hydrogen, budget, social, reactor"
5,,1,"25, hydrogen, power, compani, nuclear"
5,,4,"28, municip, grid, offshor, wermelin"
5,,1,"3, comput, quantum, electr, municip"
5,,13,"31, price, zone, center, data"
5,,8,"33, sage, plan, economi, sren"
5,,12,"37, grid, wave, kelvin, power"
5,,2,"39, uniti, list, offshor, grid"
5,,4,"40, energi, wind, bornholm, grid"
5,,6,"45, offshor, wind, farm, reliabl"
5,,9,"5, light, grid, power, offshor"
5,,21,"6, cool, system, control, hvdc"
5,,11,"7, offshor, grid, bornholm, power"
5,,1,"9, island, bornholm, energi, offshor"
5,,1,Noise
5,,12,"0, hydrogen, energi, bornholm, power"
5,,1,"11, offshor, wind, park, busi"
5,,7,"12, hydrogen, bornholm, busi, powertox"
5,,16,"20, convert, hvdc, offshor, grid"
5,,8,"21, energi, wind, offshor, connect"
5,,4,"24, hydrogen, budget, social, reactor"
5,,1,"25, hydrogen, power, compani, nuclear"
5,,4,"28, municip, grid, offshor, wermelin"
5,,1,"3, comput, quantum, electr, municip"
5,,13,"31, price, zone, center, data"
5,,8,"33, sage, plan, economi, sren"
5,,12,"37, grid, wave, kelvin, power"
5,,2,"39, uniti, list, offshor, grid"
5,,4,"40, energi, wind, bornholm, grid"
5,,6,"45, offshor, wind, farm, reliabl"
5,,9,"5, light, grid, power, offshor"
5,,21,"6, cool, system, control, hvdc"
5,,11,"7, offshor, grid, bornholm, power"
5,,1,"9, island, bornholm, energi, offshor"
5,,1,Noise
5,,12,"0, hydrogen, energi, bornholm, power"
5,,1,"11, offshor, wind, park, busi"
5,,7,"12, hydrogen, bornholm, busi, powertox"
5,,16,"20, convert, hvdc, offshor, grid"
5,,8,"21, energi, wind, offshor, connect"
5,,4,"24, hydrogen, budget, social, reactor"
5,,1,"25, hydrogen, power, compani, nuclear"
5,,4,"28, municip, grid, offshor, wermelin"
5,,1,"3, comput, quantum, electr, municip"
5,,13,"31, price, zone, center, data"
5,,8,"33, sage, plan, economi, sren"
5,,12,"37, grid, wave, kelvin, power"
5,,2,"39, uniti, list, offshor, grid"
5,,4,"40, energi, wind, bornholm, grid"
5,,6,"45, offshor, wind, farm, reliabl"
5,,9,"5, light, grid, power, offshor"
5,,21,"6, cool, system, control, hvdc"
5,,11,"7, offshor, grid, bornholm, power"
5,,1,"9, island, bornholm, energi, offshor"
5,,1,Noise
5,,12,"0, hydrogen, energi, bornholm, power"
5,,1,"11, offshor, wind, park, busi"
5,,7,"12, hydrogen, bornholm, busi, powertox"
5,,16,"20, convert, hvdc, offshor, grid"
5,,8,"21, energi, wind, offshor, connect"
5,,4,"24, hydrogen, budget, social, reactor"
5,,1,"25, hydrogen, power, compani, nuclear"
5,,4,"28, municip, grid, offshor, wermelin"
5,,1,"3, comput, quantum, electr, municip"
5,,13,"31, price, zone, center, data"
5,,8,"33, sage, plan, economi, sren"
5,,12,"37, grid, wave, kelvin, power"
5,,2,"39, uniti, list, offshor, grid"
5,,4,"40, energi, wind, bornholm, grid"
5,,6,"45, offshor, wind, farm, reliabl"
5,,9,"5, light, grid, power, offshor"
5,,21,"6, cool, system, control, hvdc"
5,,11,"7, offshor, grid, bornholm, power"
5,,1,"9, island, bornholm, energi, offshor"
5,,1,Noise
5,,12,"0, hydrogen, energi, bornholm, power"
5,,1,"11, offshor, wind, park, busi"
5,,7,"12, hydrogen, bornholm, busi, powertox"
5,,16,"20, convert, hvdc, offshor, grid"
5,,8,"21, energi, wind, offshor, connect"
5,,4,"24, hydrogen, budget, social, reactor"
5,,1,"25, hydrogen, power, compani, nuclear"
5,,4,"28, municip, grid, offshor, wermelin"
5,,1,"3, comput, quantum, electr, municip"
5,,13,"31, price, zone, center, data"
5,,8,"33, sage, plan, economi, sren"
5,,12,"37, grid, wave, kelvin, power"
5,,2,"39, uniti, list, offshor, grid"
5,,4,"40, energi, wind, bornholm, grid"
5,,6,"45, offshor, wind, farm, reliabl"
5,,9,"5, light, grid, power, offshor"
5,,21,"6, cool, system, control, hvdc"
5,,11,"7, offshor, grid, bornholm, power"
5,,1,"9, island, bornholm, energi, offshor"
5,,1,Noise
5,,12,"0, hydrogen, energi, bornholm, power"
5,,1,"11, offshor, wind, park, busi"
5,,7,"12, hydrogen, bornholm, busi, powertox"
5,,16,"20, convert, hvdc, offshor, grid"
5,,8,"21, energi, wind, offshor, connect"
5,,4,"24, hydrogen, budget, social, reactor"
5,,1,"25, hydrogen, power, compani, nuclear"
5,,4,"28, municip, grid, offshor, wermelin"
5,,1,"3, comput, quantum, electr, municip"
5,,13,"31, price, zone, center, data"
5,,8,"33, sage, plan, economi, sren"
5,,12,"37, grid, wave, kelvin, power"
5,,2,"39, uniti, list, offshor, grid"
5,,4,"40, energi, wind, bornholm, grid"
5,,6,"45, offshor, wind, farm, reliabl"
5,,9,"5, light, grid, power, offshor"
5,,21,"6, cool, system, control, hvdc"
5,,11,"7, offshor, grid, bornholm, power"
5,,1,"9, island, bornholm, energi, offshor"
5,,1,Noise
5,,12,"0, hydrogen, energi, bornholm, power"
5,,1,"11, offshor, wind, park, busi"
5,,7,"12, hydrogen, bornholm, busi, powertox"
5,,16,"20, convert, hvdc, offshor, grid"
5,,8,"21, energi, wind, offshor, connect"
5,,4,"24, hydrogen, budget, social, reactor"
5,,1,"25, hydrogen, power, compani, nuclear"
5,,4,"28, municip, grid, offshor, wermelin"
5,,1,"3, comput, quantum, electr, municip"
5,,13,"31, price, zone, center, data"
5,,8,"33, sage, plan, economi, sren"
5,,12,"37, grid, wave, kelvin, power"
5,,2,"39, uniti, list, offshor, grid"
5,,4,"40, energi, wind, bornholm, grid"
5,,6,"45, offshor, wind, farm, reliabl"
5,,9,"5, light, grid, power, offshor"
5,,21,"6, cool, system, control, hvdc"
5,,11,"7, offshor, grid, bornholm, power"
5,,1,"9, island, bornholm, energi, offshor"
5,,1,Noise
5,,12,"0, hydrogen, energi, bornholm, power"
5,,1,"11, offshor, wind, park, busi"
5,,7,"12, hydrogen, bornholm, busi, powertox"
5,,16,"20, convert, hvdc, offshor, grid"
5,,8,"21, energi, wind, offshor, connect"
5,,4,"24, hydrogen, budget, social, reactor"
5,,1,"25, hydrogen, power, compani, nuclear"
5,,4,"28, municip, grid, offshor, wermelin"
5,,1,"3, comput, quantum, electr, municip"
5,,13,"31, price, zone, center, data"
5,,8,"33, sage, plan, economi, sren"
5,,12,"37, grid, wave, kelvin, power"
5,,2,"39, uniti, list, offshor, grid"
5,,4,"40, energi, wind, bornholm, grid"
5,,6,"45, offshor, wind, farm, reliabl"
5,,9,"5, light, grid, power, offshor"
5,,21,"6, cool, system, control, hvdc"
5,,11,"7, offshor, grid, bornholm, power"
5,,1,"9, island, bornholm, energi, offshor"
5,,1,Noise
5,,12,"0, hydrogen, energi, bornholm, power"
5,,1,"11, offshor, wind, park, busi"
5,,7,"12, hydrogen, bornholm, busi, powertox"
5,,16,"20, convert, hvdc, offshor, grid"
5,,8,"21, energi, wind, offshor, connect"
5,,4,"24, hydrogen, budget, social, reactor"
5,,1,"25, hydrogen, power, compani, nuclear"
5,,4,"28, municip, grid, offshor, wermelin"
5,,1,"3, comput, quantum, electr, municip"
5,,13,"31, price, zone, center, data"
5,,8,"33, sage, plan, economi, sren"
5,,12,"37, grid, wave, kelvin, power"
5,,2,"39, uniti, list, offshor, grid"
5,,4,"40, energi, wind, bornholm, grid"
5,,6,"45, offshor, wind, farm, reliabl"
5,,9,"5, light, grid, power, offshor"
5,,21,"6, cool, system, control, hvdc"
5,,11,"7, offshor, grid, bornholm, power"
5,,1,"9, island, bornholm, energi, offshor"
5,,1,Noise
5,,12,"0, hydrogen, energi, bornholm, power"
5,,1,"11, offshor, wind, park, busi"
5,,7,"12, hydrogen, bornholm, busi, powertox"
5,,16,"20, convert, hvdc, offshor, grid"
5,,8,"21, energi, wind, offshor, connect"
5,,4,"24, hydrogen, budget, social, reactor"
5,,1,"25, hydrogen, power, compani, nuclear"
5,,4,"28, municip, grid, offshor, wermelin"
5,,1,"3, comput, quantum, electr, municip"
5,,13,"31, price, zone, center, data"
5,,8,"33, sage, plan, economi, sren"
5,,12,"37, grid, wave, kelvin, power"
5,,2,"39, uniti, list, offshor, grid"
5,,4,"40, energi, wind, bornholm, grid"
5,,6,"45, offshor, wind, farm, reliabl"
5,,9,"5, light, grid, power, offshor"
5,,21,"6, cool, system, control, hvdc"
5,,11,"7, offshor, grid, bornholm, power"
5,,1,"9, island, bornholm, energi, offshor"
5,,1,Noise
10,,9,"0, hydrogen, energi, bornholm, power"
10,,2,"11, offshor, wind, park, busi"
10,,2,"12, hydrogen, bornholm, busi, powertox"
10,,3,"13, grid, offshor, wind, bornholm"
10,,1,"18, electr, tax, project, energi"
10,,1,"19, energi, island, area, wind"
10,,1,"20, convert, hvdc, offshor, grid"
10,,7,"21, energi, wind, offshor, connect"
10,,2,"22, guard, wind, offshor, farm"
10,,2,"28, municip, grid, offshor, wermelin"
10,,7,"3, comput, quantum, electr, municip"
10,,1,"31, price, zone, center, data"
10,,1,"32, microgrid, water, rvv, energi"
10,,6,"33, sage, plan, economi, sren"
10,,1,"35, materi, 111, million, dkk"
10,,5,"37, grid, wave, kelvin, power"
10,,7,"39, uniti, list, offshor, grid"
10,,6,"40, energi, wind, bornholm, grid"
10,,1,"44, system, climat, sector, trigener"
10,,6,"45, offshor, wind, farm, reliabl"
10,,9,"5, light, grid, power, offshor"
10,,3,"6, cool, system, control, hvdc"
10,,10,"7, offshor, grid, bornholm, power"
10,,1,"9, island, bornholm, energi, offshor"
10,,9,"0, hydrogen, energi, bornholm, power"
10,,2,"11, offshor, wind, park, busi"
10,,2,"12, hydrogen, bornholm, busi, powertox"
10,,3,"13, grid, offshor, wind, bornholm"
10,,1,"18, electr, tax, project, energi"
10,,1,"19, energi, island, area, wind"
10,,1,"20, convert, hvdc, offshor, grid"
10,,7,"21, energi, wind, offshor, connect"
10,,2,"22, guard, wind, offshor, farm"
10,,2,"28, municip, grid, offshor, wermelin"
10,,7,"3, comput, quantum, electr, municip"
10,,1,"31, price, zone, center, data"
10,,1,"32, microgrid, water, rvv, energi"
10,,6,"33, sage, plan, economi, sren"
10,,1,"35, materi, 111, million, dkk"
10,,5,"37, grid, wave, kelvin, power"
10,,7,"39, uniti, list, offshor, grid"
10,,6,"40, energi, wind, bornholm, grid"
10,,1,"44, system, climat, sector, trigener"
10,,6,"45, offshor, wind, farm, reliabl"
10,,9,"5, light, grid, power, offshor"
10,,3,"6, cool, system, control, hvdc"
10,,10,"7, offshor, grid, bornholm, power"
10,,1,"9, island, bornholm, energi, offshor"
10,,9,"0, hydrogen, energi, bornholm, power"
10,,2,"11, offshor, wind, park, busi"
10,,2,"12, hydrogen, bornholm, busi, powertox"
10,,3,"13, grid, offshor, wind, bornholm"
10,,1,"18, electr, tax, project, energi"
10,,1,"19, energi, island, area, wind"
10,,1,"20, convert, hvdc, offshor, grid"
10,,7,"21, energi, wind, offshor, connect"
10,,2,"22, guard, wind, offshor, farm"
10,,2,"28, municip, grid, offshor, wermelin"
10,,7,"3, comput, quantum, electr, municip"
10,,1,"31, price, zone, center, data"
10,,1,"32, microgrid, water, rvv, energi"
10,,6,"33, sage, plan, economi, sren"
10,,1,"35, materi, 111, million, dkk"
10,,5,"37, grid, wave, kelvin, power"
10,,7,"39, uniti, list, offshor, grid"
10,,6,"40, energi, wind, bornholm, grid"
10,,1,"44, system, climat, sector, trigener"
10,,6,"45, offshor, wind, farm, reliabl"
10,,9,"5, light, grid, power, offshor"
10,,3,"6, cool, system, control, hvdc"
10,,10,"7, offshor, grid, bornholm, power"
10,,1,"9, island, bornholm, energi, offshor"
10,,9,"0, hydrogen, energi, bornholm, power"
10,,2,"11, offshor, wind, park, busi"
10,,2,"12, hydrogen, bornholm, busi, powertox"
10,,3,"13, grid, offshor, wind, bornholm"
10,,1,"18, electr, tax, project, energi"
10,,1,"19, energi, island, area, wind"
10,,1,"20, convert, hvdc, offshor, grid"
10,,7,"21, energi, wind, offshor, connect"
10,,2,"22, guard, wind, offshor, farm"
10,,2,"28, municip, grid, offshor, wermelin"
10,,7,"3, comput, quantum, electr, municip"
10,,1,"31, price, zone, center, data"
10,,1,"32, microgrid, water, rvv, energi"
10,,6,"33, sage, plan, economi, sren"
10,,1,"35, materi, 111, million, dkk"
10,,5,"37, grid, wave, kelvin, power"
10,,7,"39, uniti, list, offshor, grid"
10,,6,"40, energi, wind, bornholm, grid"
10,,1,"44, system, climat, sector, trigener"
10,,6,"45, offshor, wind, farm, reliabl"
10,,9,"5, light, grid, power, offshor"
10,,3,"6, cool, system, control, hvdc"
10,,10,"7, offshor, grid, bornholm, power"
10,,1,"9, island, bornholm, energi, offshor"
10,,9,"0, hydrogen, energi, bornholm, power"
10,,2,"11, offshor, wind, park, busi"
10,,2,"12, hydrogen, bornholm, busi, powertox"
10,,3,"13, grid, offshor, wind, bornholm"
10,,1,"18, electr, tax, project, energi"
10,,1,"19, energi, island, area, wind"
10,,1,"20, convert, hvdc, offshor, grid"
10,,7,"21, energi, wind, offshor, connect"
10,,2,"22, guard, wind, offshor, farm"
10,,2,"28, municip, grid, offshor, wermelin"
10,,7,"3, comput, quantum, electr, municip"
10,,1,"31, price, zone, center, data"
10,,1,"32, microgrid, water, rvv, energi"
10,,6,"33, sage, plan, economi, sren"
10,,1,"35, materi, 111, million, dkk"
10,,5,"37, grid, wave, kelvin, power"
10,,7,"39, uniti, list, offshor, grid"
10,,6,"40, energi, wind, bornholm, grid"
10,,1,"44, system, climat, sector, trigener"
10,,6,"45, offshor, wind, farm, reliabl"
10,,9,"5, light, grid, power, offshor"
10,,3,"6, cool, system, control, hvdc"
10,,10,"7, offshor, grid, bornholm, power"
10,,1,"9, island, bornholm, energi, offshor"
10,,9,"0, hydrogen, energi, bornholm, power"
10,,2,"11, offshor, wind, park, busi"
10,,2,"12, hydrogen, bornholm, busi, powertox"
10,,3,"13, grid, offshor, wind, bornholm"
10,,1,"18, electr, tax, project, energi"
10,,1,"19, energi, island, area, wind"
10,,1,"20, convert, hvdc, offshor, grid"
10,,7,"21, energi, wind, offshor, connect"
10,,2,"22, guard, wind, offshor, farm"
10,,2,"28, municip, grid, offshor, wermelin"
10,,7,"3, comput, quantum, electr, municip"
10,,1,"31, price, zone, center, data"
10,,1,"32, microgrid, water, rvv, energi"
10,,6,"33, sage, plan, economi, sren"
10,,1,"35, materi, 111, million, dkk"
10,,5,"37, grid, wave, kelvin, power"
10,,7,"39, uniti, list, offshor, grid"
10,,6,"40, energi, wind, bornholm, grid"
10,,1,"44, system, climat, sector, trigener"
10,,6,"45, offshor, wind, farm, reliabl"
10,,9,"5, light, grid, power, offshor"
10,,3,"6, cool, system, control, hvdc"
10,,10,"7, offshor, grid, bornholm, power"
10,,1,"9, island, bornholm, energi, offshor"
10,,9,"0, hydrogen, energi, bornholm, power"
10,,2,"11, offshor, wind, park, busi"
10,,2,"12, hydrogen, bornholm, busi, powertox"
10,,3,"13, grid, offshor, wind, bornholm"
10,,1,"18, electr, tax, project, energi"
10,,1,"19, energi, island, area, wind"
10,,1,"20, convert, hvdc, offshor, grid"
10,,7,"21, energi, wind, offshor, connect"
10,,2,"22, guard, wind, offshor, farm"
10,,2,"28, municip, grid, offshor, wermelin"
10,,7,"3, comput, quantum, electr, municip"
10,,1,"31, price, zone, center, data"
10,,1,"32, microgrid, water, rvv, energi"
10,,6,"33, sage, plan, economi, sren"
10,,1,"35, materi, 111, million, dkk"
10,,5,"37, grid, wave, kelvin, power"
10,,7,"39, uniti, list, offshor, grid"
10,,6,"40, energi, wind, bornholm, grid"
10,,1,"44, system, climat, sector, trigener"
10,,6,"45, offshor, wind, farm, reliabl"
10,,9,"5, light, grid, power, offshor"
10,,3,"6, cool, system, control, hvdc"
10,,10,"7, offshor, grid, bornholm, power"
10,,1,"9, island, bornholm, energi, offshor"
10,,9,"0, hydrogen, energi, bornholm, power"
10,,2,"11, offshor, wind, park, busi"
10,,2,"12, hydrogen, bornholm, busi, powertox"
10,,3,"13, grid, offshor, wind, bornholm"
10,,1,"18, electr, tax, project, energi"
10,,1,"19, energi, island, area, wind"
10,,1,"20, convert, hvdc, offshor, grid"
10,,7,"21, energi, wind, offshor, connect"
10,,2,"22, guard, wind, offshor, farm"
10,,2,"28, municip, grid, offshor, wermelin"
10,,7,"3, comput, quantum, electr, municip"
10,,1,"31, price, zone, center, data"
10,,1,"32, microgrid, water, rvv, energi"
10,,6,"33, sage, plan, economi, sren"
10,,1,"35, materi, 111, million, dkk"
10,,5,"37, grid, wave, kelvin, power"
10,,7,"39, uniti, list, offshor, grid"
10,,6,"40, energi, wind, bornholm, grid"
10,,1,"44, system, climat, sector, trigener"
10,,6,"45, offshor, wind, farm, reliabl"
10,,9,"5, light, grid, power, offshor"
10,,3,"6, cool, system, control, hvdc"
10,,10,"7, offshor, grid, bornholm, power"
10,,1,"9, island, bornholm, energi, offshor"
10,,9,"0, hydrogen, energi, bornholm, power"
10,,2,"11, offshor, wind, park, busi"
10,,2,"12, hydrogen, bornholm, busi, powertox"
10,,3,"13, grid, offshor, wind, bornholm"
10,,1,"18, electr, tax, project, energi"
10,,1,"19, energi, island, area, wind"
10,,1,"20, convert, hvdc, offshor, grid"
10,,7,"21, energi, wind, offshor, connect"
10,,2,"22, guard, wind, offshor, farm"
10,,2,"28, municip, grid, offshor, wermelin"
10,,7,"3, comput, quantum, electr, municip"
10,,1,"31, price, zone, center, data"
10,,1,"32, microgrid, water, rvv, energi"
10,,6,"33, sage, plan, economi, sren"
10,,1,"35, materi, 111, million, dkk"
10,,5,"37, grid, wave, kelvin, power"
10,,7,"39, uniti, list, offshor, grid"
10,,6,"40, energi, wind, bornholm, grid"
10,,1,"44, system, climat, sector, trigener"
10,,6,"45, offshor, wind, farm, reliabl"
10,,9,"5, light, grid, power, offshor"
10,,3,"6, cool, system, control, hvdc"
10,,10,"7, offshor, grid, bornholm, power"
10,,1,"9, island, bornholm, energi, offshor"
10,,9,"0, hydrogen, energi, bornholm, power"
10,,2,"11, offshor, wind, park, busi"
10,,2,"12, hydrogen, bornholm, busi, powertox"
10,,3,"13, grid, offshor, wind, bornholm"
10,,1,"18, electr, tax, project, energi"
10,,1,"19, energi, island, area, wind"
10,,1,"20, convert, hvdc, offshor, grid"
10,,7,"21, energi, wind, offshor, connect"
10,,2,"22, guard, wind, offshor, farm"
10,,2,"28, municip, grid, offshor, wermelin"
10,,7,"3, comput, quantum, electr, municip"
10,,1,"31, price, zone, center, data"
10,,1,"32, microgrid, water, rvv, energi"
10,,6,"33, sage, plan, economi, sren"
10,,1,"35, materi, 111, million, dkk"
10,,5,"37, grid, wave, kelvin, power"
10,,7,"39, uniti, list, offshor, grid"
10,,6,"40, energi, wind, bornholm, grid"
10,,1,"44, system, climat, sector, trigener"
10,,6,"45, offshor, wind, farm, reliabl"
10,,9,"5, light, grid, power, offshor"
10,,3,"6, cool, system, control, hvdc"
10,,10,"7, offshor, grid, bornholm, power"
10,,1,"9, island, bornholm, energi, offshor"
10,,9,"0, hydrogen, energi, bornholm, power"
10,,2,"11, offshor, wind, park, busi"
10,,2,"12, hydrogen, bornholm, busi, powertox"
10,,3,"13, grid, offshor, wind, bornholm"
10,,1,"18, electr, tax, project, energi"
10,,1,"19, energi, island, area, wind"
10,,1,"20, convert, hvdc, offshor, grid"
10,,7,"21, energi, wind, offshor, connect"
10,,2,"22, guard, wind, offshor, farm"
10,,2,"28, municip, grid, offshor, wermelin"
10,,7,"3, comput, quantum, electr, municip"
10,,1,"31, price, zone, center, data"
10,,1,"32, microgrid, water, rvv, energi"
10,,6,"33, sage, plan, economi, sren"
10,,1,"35, materi, 111, million, dkk"
10,,5,"37, grid, wave, kelvin, power"
10,,7,"39, uniti, list, offshor, grid"
10,,6,"40, energi, wind, bornholm, grid"
10,,1,"44, system, climat, sector, trigener"
10,,6,"45, offshor, wind, farm, reliabl"
10,,9,"5, light, grid, power, offshor"
10,,3,"6, cool, system, control, hvdc"
10,,10,"7, offshor, grid, bornholm, power"
10,,1,"9, island, bornholm, energi, offshor"
10,,9,"0, hydrogen, energi, bornholm, power"
10,,2,"11, offshor, wind, park, busi"
10,,2,"12, hydrogen, bornholm, busi, powertox"
10,,3,"13, grid, offshor, wind, bornholm"
10,,1,"18, electr, tax, project, energi"
10,,1,"19, energi, island, area, wind"
10,,1,"20, convert, hvdc, offshor, grid"
10,,7,"21, energi, wind, offshor, connect"
10,,2,"22, guard, wind, offshor, farm"
10,,2,"28, municip, grid, offshor, wermelin"
10,,7,"3, comput, quantum, electr, municip"
10,,1,"31, price, zone, center, data"
10,,1,"32, microgrid, water, rvv, energi"
10,,6,"33, sage, plan, economi, sren"
10,,1,"35, materi, 111, million, dkk"
10,,5,"37, grid, wave, kelvin, power"
10,,7,"39, uniti, list, offshor, grid"
10,,6,"40, energi, wind, bornholm, grid"
10,,1,"44, system, climat, sector, trigener"
10,,6,"45, offshor, wind, farm, reliabl"
10,,9,"5, light, grid, power, offshor"
10,,3,"6, cool, system, control, hvdc"
10,,10,"7, offshor, grid, bornholm, power"
10,,1,"9, island, bornholm, energi, offshor"
10,,9,"0, hydrogen, energi, bornholm, power"
10,,2,"11, offshor, wind, park, busi"
10,,2,"12, hydrogen, bornholm, busi, powertox"
10,,3,"13, grid, offshor, wind, bornholm"
10,,1,"18, electr, tax, project, energi"
10,,1,"19, energi, island, area, wind"
10,,1,"20, convert, hvdc, offshor, grid"
10,,7,"21, energi, wind, offshor, connect"
10,,2,"22, guard, wind, offshor, farm"
10,,2,"28, municip, grid, offshor, wermelin"
10,,7,"3, comput, quantum, electr, municip"
10,,1,"31, price, zone, center, data"
10,,1,"32, microgrid, water, rvv, energi"
10,,6,"33, sage, plan, economi, sren"
10,,1,"35, materi, 111, million, dkk"
10,,5,"37, grid, wave, kelvin, power"
10,,7,"39, uniti, list, offshor, grid"
10,,6,"40, energi, wind, bornholm, grid"
10,,1,"44, system, climat, sector, trigener"
10,,6,"45, offshor, wind, farm, reliabl"
10,,9,"5, light, grid, power, offshor"
10,,3,"6, cool, system, control, hvdc"
10,,10,"7, offshor, grid, bornholm, power"
10,,1,"9, island, bornholm, energi, offshor"
10,,9,"0, hydrogen, energi, bornholm, power"
10,,2,"11, offshor, wind, park, busi"
10,,2,"12, hydrogen, bornholm, busi, powertox"
10,,3,"13, grid, offshor, wind, bornholm"
10,,1,"18, electr, tax, project, energi"
10,,1,"19, energi, island, area, wind"
10,,1,"20, convert, hvdc, offshor, grid"
10,,7,"21, energi, wind, offshor, connect"
10,,2,"22, guard, wind, offshor, farm"
10,,2,"28, municip, grid, offshor, wermelin"
10,,7,"3, comput, quantum, electr, municip"
10,,1,"31, price, zone, center, data"
10,,1,"32, microgrid, water, rvv, energi"
10,,6,"33, sage, plan, economi, sren"
10,,1,"35, materi, 111, million, dkk"
10,,5,"37, grid, wave, kelvin, power"
10,,7,"39, uniti, list, offshor, grid"
10,,6,"40, energi, wind, bornholm, grid"
10,,1,"44, system, climat, sector, trigener"
10,,6,"45, offshor, wind, farm, reliabl"
10,,9,"5, light, grid, power, offshor"
10,,3,"6, cool, system, control, hvdc"
10,,10,"7, offshor, grid, bornholm, power"
10,,1,"9, island, bornholm, energi, offshor"
10,,9,"0, hydrogen, energi, bornholm, power"
10,,2,"11, offshor, wind, park, busi"
10,,2,"12, hydrogen, bornholm, busi, powertox"
10,,3,"13, grid, offshor, wind, bornholm"
10,,1,"18, electr, tax, project, energi"
10,,1,"19, energi, island, area, wind"
10,,1,"20, convert, hvdc, offshor, grid"
10,,7,"21, energi, wind, offshor, connect"
10,,2,"22, guard, wind, offshor, farm"
10,,2,"28, municip, grid, offshor, wermelin"
10,,7,"3, comput, quantum, electr, municip"
10,,1,"31, price, zone, center, data"
10,,1,"32, microgrid, water, rvv, energi"
10,,6,"33, sage, plan, economi, sren"
10,,1,"35, materi, 111, million, dkk"
10,,5,"37, grid, wave, kelvin, power"
10,,7,"39, uniti, list, offshor, grid"
10,,6,"40, energi, wind, bornholm, grid"
10,,1,"44, system, climat, sector, trigener"
10,,6,"45, offshor, wind, farm, reliabl"
10,,9,"5, light, grid, power, offshor"
10,,3,"6, cool, system, control, hvdc"
10,,10,"7, offshor, grid, bornholm, power"
10,,1,"9, island, bornholm, energi, offshor"
10,,9,"0, hydrogen, energi, bornholm, power"
10,,2,"11, offshor, wind, park, busi"
10,,2,"12, hydrogen, bornholm, busi, powertox"
10,,3,"13, grid, offshor, wind, bornholm"
10,,1,"18, electr, tax, project, energi"
10,,1,"19, energi, island, area, wind"
10,,1,"20, convert, hvdc, offshor, grid"
10,,7,"21, energi, wind, offshor, connect"
10,,2,"22, guard, wind, offshor, farm"
10,,2,"28, municip, grid, offshor, wermelin"
10,,7,"3, comput, quantum, electr, municip"
10,,1,"31, price, zone, center, data"
10,,1,"32, microgrid, water, rvv, energi"
10,,6,"33, sage, plan, economi, sren"
10,,1,"35, materi, 111, million, dkk"
10,,5,"37, grid, wave, kelvin, power"
10,,7,"39, uniti, list, offshor, grid"
10,,6,"40, energi, wind, bornholm, grid"
10,,1,"44, system, climat, sector, trigener"
10,,6,"45, offshor, wind, farm, reliabl"
10,,9,"5, light, grid, power, offshor"
10,,3,"6, cool, system, control, hvdc"
10,,10,"7, offshor, grid, bornholm, power"
10,,1,"9, island, bornholm, energi, offshor"
10,,9,"0, hydrogen, energi, bornholm, power"
10,,2,"11, offshor, wind, park, busi"
10,,2,"12, hydrogen, bornholm, busi, powertox"
10,,3,"13, grid, offshor, wind, bornholm"
10,,1,"18, electr, tax, project, energi"
10,,1,"19, energi, island, area, wind"
10,,1,"20, convert, hvdc, offshor, grid"
10,,7,"21, energi, wind, offshor, connect"
10,,2,"22, guard, wind, offshor, farm"
10,,2,"28, municip, grid, offshor, wermelin"
10,,7,"3, comput, quantum, electr, municip"
10,,1,"31, price, zone, center, data"
10,,1,"32, microgrid, water, rvv, energi"
10,,6,"33, sage, plan, economi, sren"
10,,1,"35, materi, 111, million, dkk"
10,,5,"37, grid, wave, kelvin, power"
10,,7,"39, uniti, list, offshor, grid"
10,,6,"40, energi, wind, bornholm, grid"
10,,1,"44, system, climat, sector, trigener"
10,,6,"45, offshor, wind, farm, reliabl"
10,,9,"5, light, grid, power, offshor"
10,,3,"6, cool, system, control, hvdc"
10,,10,"7, offshor, grid, bornholm, power"
10,,1,"9, island, bornholm, energi, offshor"
10,,9,"0, hydrogen, energi, bornholm, power"
10,,2,"11, offshor, wind, park, busi"
10,,2,"12, hydrogen, bornholm, busi, powertox"
10,,3,"13, grid, offshor, wind, bornholm"
10,,1,"18, electr, tax, project, energi"
10,,1,"19, energi, island, area, wind"
10,,1,"20, convert, hvdc, offshor, grid"
10,,7,"21, energi, wind, offshor, connect"
10,,2,"22, guard, wind, offshor, farm"
10,,2,"28, municip, grid, offshor, wermelin"
10,,7,"3, comput, quantum, electr, municip"
10,,1,"31, price, zone, center, data"
10,,1,"32, microgrid, water, rvv, energi"
10,,6,"33, sage, plan, economi, sren"
10,,1,"35, materi, 111, million, dkk"
10,,5,"37, grid, wave, kelvin, power"
10,,7,"39, uniti, list, offshor, grid"
10,,6,"40, energi, wind, bornholm, grid"
10,,1,"44, system, climat, sector, trigener"
10,,6,"45, offshor, wind, farm, reliabl"
10,,9,"5, light, grid, power, offshor"
10,,3,"6, cool, system, control, hvdc"
10,,10,"7, offshor, grid, bornholm, power"
10,,1,"9, island, bornholm, energi, offshor"
10,,9,"0, hydrogen, energi, bornholm, power"
10,,2,"11, offshor, wind, park, busi"
10,,2,"12, hydrogen, bornholm, busi, powertox"
10,,3,"13, grid, offshor, wind, bornholm"
10,,1,"18, electr, tax, project, energi"
10,,1,"19, energi, island, area, wind"
10,,1,"20, convert, hvdc, offshor, grid"
10,,7,"21, energi, wind, offshor, connect"
10,,2,"22, guard, wind, offshor, farm"
10,,2,"28, municip, grid, offshor, wermelin"
10,,7,"3, comput, quantum, electr, municip"
10,,1,"31, price, zone, center, data"
10,,1,"32, microgrid, water, rvv, energi"
10,,6,"33, sage, plan, economi, sren"
10,,1,"35, materi, 111, million, dkk"
10,,5,"37, grid, wave, kelvin, power"
10,,7,"39, uniti, list, offshor, grid"
10,,6,"40, energi, wind, bornholm, grid"
10,,1,"44, system, climat, sector, trigener"
10,,6,"45, offshor, wind, farm, reliabl"
10,,9,"5, light, grid, power, offshor"
10,,3,"6, cool, system, control, hvdc"
10,,10,"7, offshor, grid, bornholm, power"
10,,1,"9, island, bornholm, energi, offshor"
10,,9,"0, hydrogen, energi, bornholm, power"
10,,2,"11, offshor, wind, park, busi"
10,,2,"12, hydrogen, bornholm, busi, powertox"
10,,3,"13, grid, offshor, wind, bornholm"
10,,1,"18, electr, tax, project, energi"
10,,1,"19, energi, island, area, wind"
10,,1,"20, convert, hvdc, offshor, grid"
10,,7,"21, energi, wind, offshor, connect"
10,,2,"22, guard, wind, offshor, farm"
10,,2,"28, municip, grid, offshor, wermelin"
10,,7,"3, comput, quantum, electr, municip"
10,,1,"31, price, zone, center, data"
10,,1,"32, microgrid, water, rvv, energi"
10,,6,"33, sage, plan, economi, sren"
10,,1,"35, materi, 111, million, dkk"
10,,5,"37, grid, wave, kelvin, power"
10,,7,"39, uniti, list, offshor, grid"
10,,6,"40, energi, wind, bornholm, grid"
10,,1,"44, system, climat, sector, trigener"
10,,6,"45, offshor, wind, farm, reliabl"
10,,9,"5, light, grid, power, offshor"
10,,3,"6, cool, system, control, hvdc"
10,,10,"7, offshor, grid, bornholm, power"
10,,1,"9, island, bornholm, energi, offshor"
10,,9,"0, hydrogen, energi, bornholm, power"
10,,2,"11, offshor, wind, park, busi"
10,,2,"12, hydrogen, bornholm, busi, powertox"
10,,3,"13, grid, offshor, wind, bornholm"
10,,1,"18, electr, tax, project, energi"
10,,1,"19, energi, island, area, wind"
10,,1,"20, convert, hvdc, offshor, grid"
10,,7,"21, energi, wind, offshor, connect"
10,,2,"22, guard, wind, offshor, farm"
10,,2,"28, municip, grid, offshor, wermelin"
10,,7,"3, comput, quantum, electr, municip"
10,,1,"31, price, zone, center, data"
10,,1,"32, microgrid, water, rvv, energi"
10,,6,"33, sage, plan, economi, sren"
10,,1,"35, materi, 111, million, dkk"
10,,5,"37, grid, wave, kelvin, power"
10,,7,"39, uniti, list, offshor, grid"
10,,6,"40, energi, wind, bornholm, grid"
10,,1,"44, system, climat, sector, trigener"
10,,6,"45, offshor, wind, farm, reliabl"
10,,9,"5, light, grid, power, offshor"
10,,3,"6, cool, system, control, hvdc"
10,,10,"7, offshor, grid, bornholm, power"
10,,1,"9, island, bornholm, energi, offshor"
10,,9,"0, hydrogen, energi, bornholm, power"
10,,2,"11, offshor, wind, park, busi"
10,,2,"12, hydrogen, bornholm, busi, powertox"
10,,3,"13, grid, offshor, wind, bornholm"
10,,1,"18, electr, tax, project, energi"
10,,1,"19, energi, island, area, wind"
10,,1,"20, convert, hvdc, offshor, grid"
10,,7,"21, energi, wind, offshor, connect"
10,,2,"22, guard, wind, offshor, farm"
10,,2,"28, municip, grid, offshor, wermelin"
10,,7,"3, comput, quantum, electr, municip"
10,,1,"31, price, zone, center, data"
10,,1,"32, microgrid, water, rvv, energi"
10,,6,"33, sage, plan, economi, sren"
10,,1,"35, materi, 111, million, dkk"
10,,5,"37, grid, wave, kelvin, power"
10,,7,"39, uniti, list, offshor, grid"
10,,6,"40, energi, wind, bornholm, grid"
10,,1,"44, system, climat, sector, trigener"
10,,6,"45, offshor, wind, farm, reliabl"
10,,9,"5, light, grid, power, offshor"
10,,3,"6, cool, system, control, hvdc"
10,,10,"7, offshor, grid, bornholm, power"
10,,1,"9, island, bornholm, energi, offshor"
10,,9,"0, hydrogen, energi, bornholm, power"
10,,2,"11, offshor, wind, park, busi"
10,,2,"12, hydrogen, bornholm, busi, powertox"
10,,3,"13, grid, offshor, wind, bornholm"
10,,1,"18, electr, tax, project, energi"
10,,1,"19, energi, island, area, wind"
10,,1,"20, convert, hvdc, offshor, grid"
10,,7,"21, energi, wind, offshor, connect"
10,,2,"22, guard, wind, offshor, farm"
10,,2,"28, municip, grid, offshor, wermelin"
10,,7,"3, comput, quantum, electr, municip"
10,,1,"31, price, zone, center, data"
10,,1,"32, microgrid, water, rvv, energi"
10,,6,"33, sage, plan, economi, sren"
10,,1,"35, materi, 111, million, dkk"
10,,5,"37, grid, wave, kelvin, power"
10,,7,"39, uniti, list, offshor, grid"
10,,6,"40, energi, wind, bornholm, grid"
10,,1,"44, system, climat, sector, trigener"
10,,6,"45, offshor, wind, farm, reliabl"
10,,9,"5, light, grid, power, offshor"
10,,3,"6, cool, system, control, hvdc"
10,,10,"7, offshor, grid, bornholm, power"
10,,1,"9, island, bornholm, energi, offshor"
10,,9,"0, hydrogen, energi, bornholm, power"
10,,2,"11, offshor, wind, park, busi"
10,,2,"12, hydrogen, bornholm, busi, powertox"
10,,3,"13, grid, offshor, wind, bornholm"
10,,1,"18, electr, tax, project, energi"
10,,1,"19, energi, island, area, wind"
10,,1,"20, convert, hvdc, offshor, grid"
10,,7,"21, energi, wind, offshor, connect"
10,,2,"22, guard, wind, offshor, farm"
10,,2,"28, municip, grid, offshor, wermelin"
10,,7,"3, comput, quantum, electr, municip"
10,,1,"31, price, zone, center, data"
10,,1,"32, microgrid, water, rvv, energi"
10,,6,"33, sage, plan, economi, sren"
10,,1,"35, materi, 111, million, dkk"
10,,5,"37, grid, wave, kelvin, power"
10,,7,"39, uniti, list, offshor, grid"
10,,6,"40, energi, wind, bornholm, grid"
10,,1,"44, system, climat, sector, trigener"
10,,6,"45, offshor, wind, farm, reliabl"
10,,9,"5, light, grid, power, offshor"
10,,3,"6, cool, system, control, hvdc"
10,,10,"7, offshor, grid, bornholm, power"
10,,1,"9, island, bornholm, energi, offshor"
10,,9,"0, hydrogen, energi, bornholm, power"
10,,2,"11, offshor, wind, park, busi"
10,,2,"12, hydrogen, bornholm, busi, powertox"
10,,3,"13, grid, offshor, wind, bornholm"
10,,1,"18, electr, tax, project, energi"
10,,1,"19, energi, island, area, wind"
10,,1,"20, convert, hvdc, offshor, grid"
10,,7,"21, energi, wind, offshor, connect"
10,,2,"22, guard, wind, offshor, farm"
10,,2,"28, municip, grid, offshor, wermelin"
10,,7,"3, comput, quantum, electr, municip"
10,,1,"31, price, zone, center, data"
10,,1,"32, microgrid, water, rvv, energi"
10,,6,"33, sage, plan, economi, sren"
10,,1,"35, materi, 111, million, dkk"
10,,5,"37, grid, wave, kelvin, power"
10,,7,"39, uniti, list, offshor, grid"
10,,6,"40, energi, wind, bornholm, grid"
10,,1,"44, system, climat, sector, trigener"
10,,6,"45, offshor, wind, farm, reliabl"
10,,9,"5, light, grid, power, offshor"
10,,3,"6, cool, system, control, hvdc"
10,,10,"7, offshor, grid, bornholm, power"
10,,1,"9, island, bornholm, energi, offshor"
10,,9,"0, hydrogen, energi, bornholm, power"
10,,2,"11, offshor, wind, park, busi"
10,,2,"12, hydrogen, bornholm, busi, powertox"
10,,3,"13, grid, offshor, wind, bornholm"
10,,1,"18, electr, tax, project, energi"
10,,1,"19, energi, island, area, wind"
10,,1,"20, convert, hvdc, offshor, grid"
10,,7,"21, energi, wind, offshor, connect"
10,,2,"22, guard, wind, offshor, farm"
10,,2,"28, municip, grid, offshor, wermelin"
10,,7,"3, comput, quantum, electr, municip"
10,,1,"31, price, zone, center, data"
10,,1,"32, microgrid, water, rvv, energi"
10,,6,"33, sage, plan, economi, sren"
10,,1,"35, materi, 111, million, dkk"
10,,5,"37, grid, wave, kelvin, power"
10,,7,"39, uniti, list, offshor, grid"
10,,6,"40, energi, wind, bornholm, grid"
10,,1,"44, system, climat, sector, trigener"
10,,6,"45, offshor, wind, farm, reliabl"
10,,9,"5, light, grid, power, offshor"
10,,3,"6, cool, system, control, hvdc"
10,,10,"7, offshor, grid, bornholm, power"
10,,1,"9, island, bornholm, energi, offshor"
10,,9,"0, hydrogen, energi, bornholm, power"
10,,2,"11, offshor, wind, park, busi"
10,,2,"12, hydrogen, bornholm, busi, powertox"
10,,3,"13, grid, offshor, wind, bornholm"
10,,1,"18, electr, tax, project, energi"
10,,1,"19, energi, island, area, wind"
10,,1,"20, convert, hvdc, offshor, grid"
10,,7,"21, energi, wind, offshor, connect"
10,,2,"22, guard, wind, offshor, farm"
10,,2,"28, municip, grid, offshor, wermelin"
10,,7,"3, comput, quantum, electr, municip"
10,,1,"31, price, zone, center, data"
10,,1,"32, microgrid, water, rvv, energi"
10,,6,"33, sage, plan, economi, sren"
10,,1,"35, materi, 111, million, dkk"
10,,5,"37, grid, wave, kelvin, power"
10,,7,"39, uniti, list, offshor, grid"
10,,6,"40, energi, wind, bornholm, grid"
10,,1,"44, system, climat, sector, trigener"
10,,6,"45, offshor, wind, farm, reliabl"
10,,9,"5, light, grid, power, offshor"
10,,3,"6, cool, system, control, hvdc"
10,,10,"7, offshor, grid, bornholm, power"
10,,1,"9, island, bornholm, energi, offshor"
10,,9,"0, hydrogen, energi, bornholm, power"
10,,2,"11, offshor, wind, park, busi"
10,,2,"12, hydrogen, bornholm, busi, powertox"
10,,3,"13, grid, offshor, wind, bornholm"
10,,1,"18, electr, tax, project, energi"
10,,1,"19, energi, island, area, wind"
10,,1,"20, convert, hvdc, offshor, grid"
10,,7,"21, energi, wind, offshor, connect"
10,,2,"22, guard, wind, offshor, farm"
10,,2,"28, municip, grid, offshor, wermelin"
10,,7,"3, comput, quantum, electr, municip"
10,,1,"31, price, zone, center, data"
10,,1,"32, microgrid, water, rvv, energi"
10,,6,"33, sage, plan, economi, sren"
10,,1,"35, materi, 111, million, dkk"
10,,5,"37, grid, wave, kelvin, power"
10,,7,"39, uniti, list, offshor, grid"
10,,6,"40, energi, wind, bornholm, grid"
10,,1,"44, system, climat, sector, trigener"
10,,6,"45, offshor, wind, farm, reliabl"
10,,9,"5, light, grid, power, offshor"
10,,3,"6, cool, system, control, hvdc"
10,,10,"7, offshor, grid, bornholm, power"
10,,1,"9, island, bornholm, energi, offshor"
10,,9,"0, hydrogen, energi, bornholm, power"
10,,2,"11, offshor, wind, park, busi"
10,,2,"12, hydrogen, bornholm, busi, powertox"
10,,3,"13, grid, offshor, wind, bornholm"
10,,1,"18, electr, tax, project, energi"
10,,1,"19, energi, island, area, wind"
10,,1,"20, convert, hvdc, offshor, grid"
10,,7,"21, energi, wind, offshor, connect"
10,,2,"22, guard, wind, offshor, farm"
10,,2,"28, municip, grid, offshor, wermelin"
10,,7,"3, comput, quantum, electr, municip"
10,,1,"31, price, zone, center, data"
10,,1,"32, microgrid, water, rvv, energi"
10,,6,"33, sage, plan, economi, sren"
10,,1,"35, materi, 111, million, dkk"
10,,5,"37, grid, wave, kelvin, power"
10,,7,"39, uniti, list, offshor, grid"
10,,6,"40, energi, wind, bornholm, grid"
10,,1,"44, system, climat, sector, trigener"
10,,6,"45, offshor, wind, farm, reliabl"
10,,9,"5, light, grid, power, offshor"
10,,3,"6, cool, system, control, hvdc"
10,,10,"7, offshor, grid, bornholm, power"
10,,1,"9, island, bornholm, energi, offshor"
10,,9,"0, hydrogen, energi, bornholm, power"
10,,2,"11, offshor, wind, park, busi"
10,,2,"12, hydrogen, bornholm, busi, powertox"
10,,3,"13, grid, offshor, wind, bornholm"
10,,1,"18, electr, tax, project, energi"
10,,1,"19, energi, island, area, wind"
10,,1,"20, convert, hvdc, offshor, grid"
10,,7,"21, energi, wind, offshor, connect"
10,,2,"22, guard, wind, offshor, farm"
10,,2,"28, municip, grid, offshor, wermelin"
10,,7,"3, comput, quantum, electr, municip"
10,,1,"31, price, zone, center, data"
10,,1,"32, microgrid, water, rvv, energi"
10,,6,"33, sage, plan, economi, sren"
10,,1,"35, materi, 111, million, dkk"
10,,5,"37, grid, wave, kelvin, power"
10,,7,"39, uniti, list, offshor, grid"
10,,6,"40, energi, wind, bornholm, grid"
10,,1,"44, system, climat, sector, trigener"
10,,6,"45, offshor, wind, farm, reliabl"
10,,9,"5, light, grid, power, offshor"
10,,3,"6, cool, system, control, hvdc"
10,,10,"7, offshor, grid, bornholm, power"
10,,1,"9, island, bornholm, energi, offshor"
10,,9,"0, hydrogen, energi, bornholm, power"
10,,2,"11, offshor, wind, park, busi"
10,,2,"12, hydrogen, bornholm, busi, powertox"
10,,3,"13, grid, offshor, wind, bornholm"
10,,1,"18, electr, tax, project, energi"
10,,1,"19, energi, island, area, wind"
10,,1,"20, convert, hvdc, offshor, grid"
10,,7,"21, energi, wind, offshor, connect"
10,,2,"22, guard, wind, offshor, farm"
10,,2,"28, municip, grid, offshor, wermelin"
10,,7,"3, comput, quantum, electr, municip"
10,,1,"31, price, zone, center, data"
10,,1,"32, microgrid, water, rvv, energi"
10,,6,"33, sage, plan, economi, sren"
10,,1,"35, materi, 111, million, dkk"
10,,5,"37, grid, wave, kelvin, power"
10,,7,"39, uniti, list, offshor, grid"
10,,6,"40, energi, wind, bornholm, grid"
10,,1,"44, system, climat, sector, trigener"
10,,6,"45, offshor, wind, farm, reliabl"
10,,9,"5, light, grid, power, offshor"
10,,3,"6, cool, system, control, hvdc"
10,,10,"7, offshor, grid, bornholm, power"
10,,1,"9, island, bornholm, energi, offshor"
10,,9,"0, hydrogen, energi, bornholm, power"
10,,2,"11, offshor, wind, park, busi"
10,,2,"12, hydrogen, bornholm, busi, powertox"
10,,3,"13, grid, offshor, wind, bornholm"
10,,1,"18, electr, tax, project, energi"
10,,1,"19, energi, island, area, wind"
10,,1,"20, convert, hvdc, offshor, grid"
10,,7,"21, energi, wind, offshor, connect"
10,,2,"22, guard, wind, offshor, farm"
10,,2,"28, municip, grid, offshor, wermelin"
10,,7,"3, comput, quantum, electr, municip"
10,,1,"31, price, zone, center, data"
10,,1,"32, microgrid, water, rvv, energi"
10,,6,"33, sage, plan, economi, sren"
10,,1,"35, materi, 111, million, dkk"
10,,5,"37, grid, wave, kelvin, power"
10,,7,"39, uniti, list, offshor, grid"
10,,6,"40, energi, wind, bornholm, grid"
10,,1,"44, system, climat, sector, trigener"
10,,6,"45, offshor, wind, farm, reliabl"
10,,9,"5, light, grid, power, offshor"
10,,3,"6, cool, system, control, hvdc"
10,,10,"7, offshor, grid, bornholm, power"
10,,1,"9, island, bornholm, energi, offshor"
10,,9,"0, hydrogen, energi, bornholm, power"
10,,2,"11, offshor, wind, park, busi"
10,,2,"12, hydrogen, bornholm, busi, powertox"
10,,3,"13, grid, offshor, wind, bornholm"
10,,1,"18, electr, tax, project, energi"
10,,1,"19, energi, island, area, wind"
10,,1,"20, convert, hvdc, offshor, grid"
10,,7,"21, energi, wind, offshor, connect"
10,,2,"22, guard, wind, offshor, farm"
10,,2,"28, municip, grid, offshor, wermelin"
10,,7,"3, comput, quantum, electr, municip"
10,,1,"31, price, zone, center, data"
10,,1,"32, microgrid, water, rvv, energi"
10,,6,"33, sage, plan, economi, sren"
10,,1,"35, materi, 111, million, dkk"
10,,5,"37, grid, wave, kelvin, power"
10,,7,"39, uniti, list, offshor, grid"
10,,6,"40, energi, wind, bornholm, grid"
10,,1,"44, system, climat, sector, trigener"
10,,6,"45, offshor, wind, farm, reliabl"
10,,9,"5, light, grid, power, offshor"
10,,3,"6, cool, system, control, hvdc"
10,,10,"7, offshor, grid, bornholm, power"
10,,1,"9, island, bornholm, energi, offshor"
10,,9,"0, hydrogen, energi, bornholm, power"
10,,2,"11, offshor, wind, park, busi"
10,,2,"12, hydrogen, bornholm, busi, powertox"
10,,3,"13, grid, offshor, wind, bornholm"
10,,1,"18, electr, tax, project, energi"
10,,1,"19, energi, island, area, wind"
10,,1,"20, convert, hvdc, offshor, grid"
10,,7,"21, energi, wind, offshor, connect"
10,,2,"22, guard, wind, offshor, farm"
10,,2,"28, municip, grid, offshor, wermelin"
10,,7,"3, comput, quantum, electr, municip"
10,,1,"31, price, zone, center, data"
10,,1,"32, microgrid, water, rvv, energi"
10,,6,"33, sage, plan, economi, sren"
10,,1,"35, materi, 111, million, dkk"
10,,5,"37, grid, wave, kelvin, power"
10,,7,"39, uniti, list, offshor, grid"
10,,6,"40, energi, wind, bornholm, grid"
10,,1,"44, system, climat, sector, trigener"
10,,6,"45, offshor, wind, farm, reliabl"
10,,9,"5, light, grid, power, offshor"
10,,3,"6, cool, system, control, hvdc"
10,,10,"7, offshor, grid, bornholm, power"
10,,1,"9, island, bornholm, energi, offshor"
10,,9,"0, hydrogen, energi, bornholm, power"
10,,2,"11, offshor, wind, park, busi"
10,,2,"12, hydrogen, bornholm, busi, powertox"
10,,3,"13, grid, offshor, wind, bornholm"
10,,1,"18, electr, tax, project, energi"
10,,1,"19, energi, island, area, wind"
10,,1,"20, convert, hvdc, offshor, grid"
10,,7,"21, energi, wind, offshor, connect"
10,,2,"22, guard, wind, offshor, farm"
10,,2,"28, municip, grid, offshor, wermelin"
10,,7,"3, comput, quantum, electr, municip"
10,,1,"31, price, zone, center, data"
10,,1,"32, microgrid, water, rvv, energi"
10,,6,"33, sage, plan, economi, sren"
10,,1,"35, materi, 111, million, dkk"
10,,5,"37, grid, wave, kelvin, power"
10,,7,"39, uniti, list, offshor, grid"
10,,6,"40, energi, wind, bornholm, grid"
10,,1,"44, system, climat, sector, trigener"
10,,6,"45, offshor, wind, farm, reliabl"
10,,9,"5, light, grid, power, offshor"
10,,3,"6, cool, system, control, hvdc"
10,,10,"7, offshor, grid, bornholm, power"
10,,1,"9, island, bornholm, energi, offshor"
10,,9,"0, hydrogen, energi, bornholm, power"
10,,2,"11, offshor, wind, park, busi"
10,,2,"12, hydrogen, bornholm, busi, powertox"
10,,3,"13, grid, offshor, wind, bornholm"
10,,1,"18, electr, tax, project, energi"
10,,1,"19, energi, island, area, wind"
10,,1,"20, convert, hvdc, offshor, grid"
10,,7,"21, energi, wind, offshor, connect"
10,,2,"22, guard, wind, offshor, farm"
10,,2,"28, municip, grid, offshor, wermelin"
10,,7,"3, comput, quantum, electr, municip"
10,,1,"31, price, zone, center, data"
10,,1,"32, microgrid, water, rvv, energi"
10,,6,"33, sage, plan, economi, sren"
10,,1,"35, materi, 111, million, dkk"
10,,5,"37, grid, wave, kelvin, power"
10,,7,"39, uniti, list, offshor, grid"
10,,6,"40, energi, wind, bornholm, grid"
10,,1,"44, system, climat, sector, trigener"
10,,6,"45, offshor, wind, farm, reliabl"
10,,9,"5, light, grid, power, offshor"
10,,3,"6, cool, system, control, hvdc"
10,,10,"7, offshor, grid, bornholm, power"
10,,1,"9, island, bornholm, energi, offshor"
10,,9,"0, hydrogen, energi, bornholm, power"
10,,2,"11, offshor, wind, park, busi"
10,,2,"12, hydrogen, bornholm, busi, powertox"
10,,3,"13, grid, offshor, wind, bornholm"
10,,1,"18, electr, tax, project, energi"
10,,1,"19, energi, island, area, wind"
10,,1,"20, convert, hvdc, offshor, grid"
10,,7,"21, energi, wind, offshor, connect"
10,,2,"22, guard, wind, offshor, farm"
10,,2,"28, municip, grid, offshor, wermelin"
10,,7,"3, comput, quantum, electr, municip"
10,,1,"31, price, zone, center, data"
10,,1,"32, microgrid, water, rvv, energi"
10,,6,"33, sage, plan, economi, sren"
10,,1,"35, materi, 111, million, dkk"
10,,5,"37, grid, wave, kelvin, power"
10,,7,"39, uniti, list, offshor, grid"
10,,6,"40, energi, wind, bornholm, grid"
10,,1,"44, system, climat, sector, trigener"
10,,6,"45, offshor, wind, farm, reliabl"
10,,9,"5, light, grid, power, offshor"
10,,3,"6, cool, system, control, hvdc"
10,,10,"7, offshor, grid, bornholm, power"
10,,1,"9, island, bornholm, energi, offshor"
10,,9,"0, hydrogen, energi, bornholm, power"
10,,2,"11, offshor, wind, park, busi"
10,,2,"12, hydrogen, bornholm, busi, powertox"
10,,3,"13, grid, offshor, wind, bornholm"
10,,1,"18, electr, tax, project, energi"
10,,1,"19, energi, island, area, wind"
10,,1,"20, convert, hvdc, offshor, grid"
10,,7,"21, energi, wind, offshor, connect"
10,,2,"22, guard, wind, offshor, farm"
10,,2,"28, municip, grid, offshor, wermelin"
10,,7,"3, comput, quantum, electr, municip"
10,,1,"31, price, zone, center, data"
10,,1,"32, microgrid, water, rvv, energi"
10,,6,"33, sage, plan, economi, sren"
10,,1,"35, materi, 111, million, dkk"
10,,5,"37, grid, wave, kelvin, power"
10,,7,"39, uniti, list, offshor, grid"
10,,6,"40, energi, wind, bornholm, grid"
10,,1,"44, system, climat, sector, trigener"
10,,6,"45, offshor, wind, farm, reliabl"
10,,9,"5, light, grid, power, offshor"
10,,3,"6, cool, system, control, hvdc"
10,,10,"7, offshor, grid, bornholm, power"
10,,1,"9, island, bornholm, energi, offshor"
10,,9,"0, hydrogen, energi, bornholm, power"
10,,2,"11, offshor, wind, park, busi"
10,,2,"12, hydrogen, bornholm, busi, powertox"
10,,3,"13, grid, offshor, wind, bornholm"
10,,1,"18, electr, tax, project, energi"
10,,1,"19, energi, island, area, wind"
10,,1,"20, convert, hvdc, offshor, grid"
10,,7,"21, energi, wind, offshor, connect"
10,,2,"22, guard, wind, offshor, farm"
10,,2,"28, municip, grid, offshor, wermelin"
10,,7,"3, comput, quantum, electr, municip"
10,,1,"31, price, zone, center, data"
10,,1,"32, microgrid, water, rvv, energi"
10,,6,"33, sage, plan, economi, sren"
10,,1,"35, materi, 111, million, dkk"
10,,5,"37, grid, wave, kelvin, power"
10,,7,"39, uniti, list, offshor, grid"
10,,6,"40, energi, wind, bornholm, grid"
10,,1,"44, system, climat, sector, trigener"
10,,6,"45, offshor, wind, farm, reliabl"
10,,9,"5, light, grid, power, offshor"
10,,3,"6, cool, system, control, hvdc"
10,,10,"7, offshor, grid, bornholm, power"
10,,1,"9, island, bornholm, energi, offshor"
10,,9,"0, hydrogen, energi, bornholm, power"
10,,2,"11, offshor, wind, park, busi"
10,,2,"12, hydrogen, bornholm, busi, powertox"
10,,3,"13, grid, offshor, wind, bornholm"
10,,1,"18, electr, tax, project, energi"
10,,1,"19, energi, island, area, wind"
10,,1,"20, convert, hvdc, offshor, grid"
10,,7,"21, energi, wind, offshor, connect"
10,,2,"22, guard, wind, offshor, farm"
10,,2,"28, municip, grid, offshor, wermelin"
10,,7,"3, comput, quantum, electr, municip"
10,,1,"31, price, zone, center, data"
10,,1,"32, microgrid, water, rvv, energi"
10,,6,"33, sage, plan, economi, sren"
10,,1,"35, materi, 111, million, dkk"
10,,5,"37, grid, wave, kelvin, power"
10,,7,"39, uniti, list, offshor, grid"
10,,6,"40, energi, wind, bornholm, grid"
10,,1,"44, system, climat, sector, trigener"
10,,6,"45, offshor, wind, farm, reliabl"
10,,9,"5, light, grid, power, offshor"
10,,3,"6, cool, system, control, hvdc"
10,,10,"7, offshor, grid, bornholm, power"
10,,1,"9, island, bornholm, energi, offshor"
10,,9,"0, hydrogen, energi, bornholm, power"
10,,2,"11, offshor, wind, park, busi"
10,,2,"12, hydrogen, bornholm, busi, powertox"
10,,3,"13, grid, offshor, wind, bornholm"
10,,1,"18, electr, tax, project, energi"
10,,1,"19, energi, island, area, wind"
10,,1,"20, convert, hvdc, offshor, grid"
10,,7,"21, energi, wind, offshor, connect"
10,,2,"22, guard, wind, offshor, farm"
10,,2,"28, municip, grid, offshor, wermelin"
10,,7,"3, comput, quantum, electr, municip"
10,,1,"31, price, zone, center, data"
10,,1,"32, microgrid, water, rvv, energi"
10,,6,"33, sage, plan, economi, sren"
10,,1,"35, materi, 111, million, dkk"
10,,5,"37, grid, wave, kelvin, power"
10,,7,"39, uniti, list, offshor, grid"
10,,6,"40, energi, wind, bornholm, grid"
10,,1,"44, system, climat, sector, trigener"
10,,6,"45, offshor, wind, farm, reliabl"
10,,9,"5, light, grid, power, offshor"
10,,3,"6, cool, system, control, hvdc"
10,,10,"7, offshor, grid, bornholm, power"
10,,1,"9, island, bornholm, energi, offshor"
10,,9,"0, hydrogen, energi, bornholm, power"
10,,2,"11, offshor, wind, park, busi"
10,,2,"12, hydrogen, bornholm, busi, powertox"
10,,3,"13, grid, offshor, wind, bornholm"
10,,1,"18, electr, tax, project, energi"
10,,1,"19, energi, island, area, wind"
10,,1,"20, convert, hvdc, offshor, grid"
10,,7,"21, energi, wind, offshor, connect"
10,,2,"22, guard, wind, offshor, farm"
10,,2,"28, municip, grid, offshor, wermelin"
10,,7,"3, comput, quantum, electr, municip"
10,,1,"31, price, zone, center, data"
10,,1,"32, microgrid, water, rvv, energi"
10,,6,"33, sage, plan, economi, sren"
10,,1,"35, materi, 111, million, dkk"
10,,5,"37, grid, wave, kelvin, power"
10,,7,"39, uniti, list, offshor, grid"
10,,6,"40, energi, wind, bornholm, grid"
10,,1,"44, system, climat, sector, trigener"
10,,6,"45, offshor, wind, farm, reliabl"
10,,9,"5, light, grid, power, offshor"
10,,3,"6, cool, system, control, hvdc"
10,,10,"7, offshor, grid, bornholm, power"
10,,1,"9, island, bornholm, energi, offshor"
10,,9,"0, hydrogen, energi, bornholm, power"
10,,2,"11, offshor, wind, park, busi"
10,,2,"12, hydrogen, bornholm, busi, powertox"
10,,3,"13, grid, offshor, wind, bornholm"
10,,1,"18, electr, tax, project, energi"
10,,1,"19, energi, island, area, wind"
10,,1,"20, convert, hvdc, offshor, grid"
10,,7,"21, energi, wind, offshor, connect"
10,,2,"22, guard, wind, offshor, farm"
10,,2,"28, municip, grid, offshor, wermelin"
10,,7,"3, comput, quantum, electr, municip"
10,,1,"31, price, zone, center, data"
10,,1,"32, microgrid, water, rvv, energi"
10,,6,"33, sage, plan, economi, sren"
10,,1,"35, materi, 111, million, dkk"
10,,5,"37, grid, wave, kelvin, power"
10,,7,"39, uniti, list, offshor, grid"
10,,6,"40, energi, wind, bornholm, grid"
10,,1,"44, system, climat, sector, trigener"
10,,6,"45, offshor, wind, farm, reliabl"
10,,9,"5, light, grid, power, offshor"
10,,3,"6, cool, system, control, hvdc"
10,,10,"7, offshor, grid, bornholm, power"
10,,1,"9, island, bornholm, energi, offshor"
10,,9,"0, hydrogen, energi, bornholm, power"
10,,2,"11, offshor, wind, park, busi"
10,,2,"12, hydrogen, bornholm, busi, powertox"
10,,3,"13, grid, offshor, wind, bornholm"
10,,1,"18, electr, tax, project, energi"
10,,1,"19, energi, island, area, wind"
10,,1,"20, convert, hvdc, offshor, grid"
10,,7,"21, energi, wind, offshor, connect"
10,,2,"22, guard, wind, offshor, farm"
10,,2,"28, municip, grid, offshor, wermelin"
10,,7,"3, comput, quantum, electr, municip"
10,,1,"31, price, zone, center, data"
10,,1,"32, microgrid, water, rvv, energi"
10,,6,"33, sage, plan, economi, sren"
10,,1,"35, materi, 111, million, dkk"
10,,5,"37, grid, wave, kelvin, power"
10,,7,"39, uniti, list, offshor, grid"
10,,6,"40, energi, wind, bornholm, grid"
10,,1,"44, system, climat, sector, trigener"
10,,6,"45, offshor, wind, farm, reliabl"
10,,9,"5, light, grid, power, offshor"
10,,3,"6, cool, system, control, hvdc"
10,,10,"7, offshor, grid, bornholm, power"
10,,1,"9, island, bornholm, energi, offshor"
10,,9,"0, hydrogen, energi, bornholm, power"
10,,2,"11, offshor, wind, park, busi"
10,,2,"12, hydrogen, bornholm, busi, powertox"
10,,3,"13, grid, offshor, wind, bornholm"
10,,1,"18, electr, tax, project, energi"
10,,1,"19, energi, island, area, wind"
10,,1,"20, convert, hvdc, offshor, grid"
10,,7,"21, energi, wind, offshor, connect"
10,,2,"22, guard, wind, offshor, farm"
10,,2,"28, municip, grid, offshor, wermelin"
10,,7,"3, comput, quantum, electr, municip"
10,,1,"31, price, zone, center, data"
10,,1,"32, microgrid, water, rvv, energi"
10,,6,"33, sage, plan, economi, sren"
10,,1,"35, materi, 111, million, dkk"
10,,5,"37, grid, wave, kelvin, power"
10,,7,"39, uniti, list, offshor, grid"
10,,6,"40, energi, wind, bornholm, grid"
10,,1,"44, system, climat, sector, trigener"
10,,6,"45, offshor, wind, farm, reliabl"
10,,9,"5, light, grid, power, offshor"
10,,3,"6, cool, system, control, hvdc"
10,,10,"7, offshor, grid, bornholm, power"
10,,1,"9, island, bornholm, energi, offshor"
10,,9,"0, hydrogen, energi, bornholm, power"
10,,2,"11, offshor, wind, park, busi"
10,,2,"12, hydrogen, bornholm, busi, powertox"
10,,3,"13, grid, offshor, wind, bornholm"
10,,1,"18, electr, tax, project, energi"
10,,1,"19, energi, island, area, wind"
10,,1,"20, convert, hvdc, offshor, grid"
10,,7,"21, energi, wind, offshor, connect"
10,,2,"22, guard, wind, offshor, farm"
10,,2,"28, municip, grid, offshor, wermelin"
10,,7,"3, comput, quantum, electr, municip"
10,,1,"31, price, zone, center, data"
10,,1,"32, microgrid, water, rvv, energi"
10,,6,"33, sage, plan, economi, sren"
10,,1,"35, materi, 111, million, dkk"
10,,5,"37, grid, wave, kelvin, power"
10,,7,"39, uniti, list, offshor, grid"
10,,6,"40, energi, wind, bornholm, grid"
10,,1,"44, system, climat, sector, trigener"
10,,6,"45, offshor, wind, farm, reliabl"
10,,9,"5, light, grid, power, offshor"
10,,3,"6, cool, system, control, hvdc"
10,,10,"7, offshor, grid, bornholm, power"
10,,1,"9, island, bornholm, energi, offshor"
10,,9,"0, hydrogen, energi, bornholm, power"
10,,2,"11, offshor, wind, park, busi"
10,,2,"12, hydrogen, bornholm, busi, powertox"
10,,3,"13, grid, offshor, wind, bornholm"
10,,1,"18, electr, tax, project, energi"
10,,1,"19, energi, island, area, wind"
10,,1,"20, convert, hvdc, offshor, grid"
10,,7,"21, energi, wind, offshor, connect"
10,,2,"22, guard, wind, offshor, farm"
10,,2,"28, municip, grid, offshor, wermelin"
10,,7,"3, comput, quantum, electr, municip"
10,,1,"31, price, zone, center, data"
10,,1,"32, microgrid, water, rvv, energi"
10,,6,"33, sage, plan, economi, sren"
10,,1,"35, materi, 111, million, dkk"
10,,5,"37, grid, wave, kelvin, power"
10,,7,"39, uniti, list, offshor, grid"
10,,6,"40, energi, wind, bornholm, grid"
10,,1,"44, system, climat, sector, trigener"
10,,6,"45, offshor, wind, farm, reliabl"
10,,9,"5, light, grid, power, offshor"
10,,3,"6, cool, system, control, hvdc"
10,,10,"7, offshor, grid, bornholm, power"
10,,1,"9, island, bornholm, energi, offshor"
10,,9,"0, hydrogen, energi, bornholm, power"
10,,2,"11, offshor, wind, park, busi"
10,,2,"12, hydrogen, bornholm, busi, powertox"
10,,3,"13, grid, offshor, wind, bornholm"
10,,1,"18, electr, tax, project, energi"
10,,1,"19, energi, island, area, wind"
10,,1,"20, convert, hvdc, offshor, grid"
10,,7,"21, energi, wind, offshor, connect"
10,,2,"22, guard, wind, offshor, farm"
10,,2,"28, municip, grid, offshor, wermelin"
10,,7,"3, comput, quantum, electr, municip"
10,,1,"31, price, zone, center, data"
10,,1,"32, microgrid, water, rvv, energi"
10,,6,"33, sage, plan, economi, sren"
10,,1,"35, materi, 111, million, dkk"
10,,5,"37, grid, wave, kelvin, power"
10,,7,"39, uniti, list, offshor, grid"
10,,6,"40, energi, wind, bornholm, grid"
10,,1,"44, system, climat, sector, trigener"
10,,6,"45, offshor, wind, farm, reliabl"
10,,9,"5, light, grid, power, offshor"
10,,3,"6, cool, system, control, hvdc"
10,,10,"7, offshor, grid, bornholm, power"
10,,1,"9, island, bornholm, energi, offshor"
10,,9,"0, hydrogen, energi, bornholm, power"
10,,2,"11, offshor, wind, park, busi"
10,,2,"12, hydrogen, bornholm, busi, powertox"
10,,3,"13, grid, offshor, wind, bornholm"
10,,1,"18, electr, tax, project, energi"
10,,1,"19, energi, island, area, wind"
10,,1,"20, convert, hvdc, offshor, grid"
10,,7,"21, energi, wind, offshor, connect"
10,,2,"22, guard, wind, offshor, farm"
10,,2,"28, municip, grid, offshor, wermelin"
10,,7,"3, comput, quantum, electr, municip"
10,,1,"31, price, zone, center, data"
10,,1,"32, microgrid, water, rvv, energi"
10,,6,"33, sage, plan, economi, sren"
10,,1,"35, materi, 111, million, dkk"
10,,5,"37, grid, wave, kelvin, power"
10,,7,"39, uniti, list, offshor, grid"
10,,6,"40, energi, wind, bornholm, grid"
10,,1,"44, system, climat, sector, trigener"
10,,6,"45, offshor, wind, farm, reliabl"
10,,9,"5, light, grid, power, offshor"
10,,3,"6, cool, system, control, hvdc"
10,,10,"7, offshor, grid, bornholm, power"
10,,1,"9, island, bornholm, energi, offshor"
10,,9,"0, hydrogen, energi, bornholm, power"
10,,2,"11, offshor, wind, park, busi"
10,,2,"12, hydrogen, bornholm, busi, powertox"
10,,3,"13, grid, offshor, wind, bornholm"
10,,1,"18, electr, tax, project, energi"
10,,1,"19, energi, island, area, wind"
10,,1,"20, convert, hvdc, offshor, grid"
10,,7,"21, energi, wind, offshor, connect"
10,,2,"22, guard, wind, offshor, farm"
10,,2,"28, municip, grid, offshor, wermelin"
10,,7,"3, comput, quantum, electr, municip"
10,,1,"31, price, zone, center, data"
10,,1,"32, microgrid, water, rvv, energi"
10,,6,"33, sage, plan, economi, sren"
10,,1,"35, materi, 111, million, dkk"
10,,5,"37, grid, wave, kelvin, power"
10,,7,"39, uniti, list, offshor, grid"
10,,6,"40, energi, wind, bornholm, grid"
10,,1,"44, system, climat, sector, trigener"
10,,6,"45, offshor, wind, farm, reliabl"
10,,9,"5, light, grid, power, offshor"
10,,3,"6, cool, system, control, hvdc"
10,,10,"7, offshor, grid, bornholm, power"
10,,1,"9, island, bornholm, energi, offshor"
3,,1,"0, hydrogen, energi, bornholm, power"
3,,1,"12, hydrogen, bornholm, busi, powertox"
3,,4,"15, develop, energi, electr, project"
3,,11,"16, dkk, energi, billion, project"
3,,3,"24, hydrogen, budget, social, reactor"
3,,1,"25, hydrogen, power, compani, nuclear"
3,,17,"26, agreement, climat, co2, dkk"
3,,4,"32, microgrid, water, rvv, energi"
3,,1,"34, bornholm, baltic, energi, harbor"
3,,1,"35, materi, 111, million, dkk"
3,,7,"38, fund, receiv, energi, compani"
3,,1,"40, energi, wind, bornholm, grid"
3,,14,"41, bioga, co2, plant, tonn"
3,,3,"42, energi, ptx, heat, risk"
3,,19,"43, island, energi, renew, water"
3,,4,"44, system, climat, sector, trigener"
3,,4,"47, heat, ga, rvv, climat"
3,,3,"48, labor, emiss, co2, climat"
3,,4,Noise
3,,1,"0, hydrogen, energi, bornholm, power"
3,,1,"12, hydrogen, bornholm, busi, powertox"
3,,4,"15, develop, energi, electr, project"
3,,11,"16, dkk, energi, billion, project"
3,,3,"24, hydrogen, budget, social, reactor"
3,,1,"25, hydrogen, power, compani, nuclear"
3,,17,"26, agreement, climat, co2, dkk"
3,,4,"32, microgrid, water, rvv, energi"
3,,1,"34, bornholm, baltic, energi, harbor"
3,,1,"35, materi, 111, million, dkk"
3,,7,"38, fund, receiv, energi, compani"
3,,1,"40, energi, wind, bornholm, grid"
3,,14,"41, bioga, co2, plant, tonn"
3,,3,"42, energi, ptx, heat, risk"
3,,19,"43, island, energi, renew, water"
3,,4,"44, system, climat, sector, trigener"
3,,4,"47, heat, ga, rvv, climat"
3,,3,"48, labor, emiss, co2, climat"
3,,4,Noise
3,,1,"0, hydrogen, energi, bornholm, power"
3,,1,"12, hydrogen, bornholm, busi, powertox"
3,,4,"15, develop, energi, electr, project"
3,,11,"16, dkk, energi, billion, project"
3,,3,"24, hydrogen, budget, social, reactor"
3,,1,"25, hydrogen, power, compani, nuclear"
3,,17,"26, agreement, climat, co2, dkk"
3,,4,"32, microgrid, water, rvv, energi"
3,,1,"34, bornholm, baltic, energi, harbor"
3,,1,"35, materi, 111, million, dkk"
3,,7,"38, fund, receiv, energi, compani"
3,,1,"40, energi, wind, bornholm, grid"
3,,14,"41, bioga, co2, plant, tonn"
3,,3,"42, energi, ptx, heat, risk"
3,,19,"43, island, energi, renew, water"
3,,4,"44, system, climat, sector, trigener"
3,,4,"47, heat, ga, rvv, climat"
3,,3,"48, labor, emiss, co2, climat"
3,,4,Noise
3,,1,"0, hydrogen, energi, bornholm, power"
3,,1,"12, hydrogen, bornholm, busi, powertox"
3,,4,"15, develop, energi, electr, project"
3,,11,"16, dkk, energi, billion, project"
3,,3,"24, hydrogen, budget, social, reactor"
3,,1,"25, hydrogen, power, compani, nuclear"
3,,17,"26, agreement, climat, co2, dkk"
3,,4,"32, microgrid, water, rvv, energi"
3,,1,"34, bornholm, baltic, energi, harbor"
3,,1,"35, materi, 111, million, dkk"
3,,7,"38, fund, receiv, energi, compani"
3,,1,"40, energi, wind, bornholm, grid"
3,,14,"41, bioga, co2, plant, tonn"
3,,3,"42, energi, ptx, heat, risk"
3,,19,"43, island, energi, renew, water"
3,,4,"44, system, climat, sector, trigener"
3,,4,"47, heat, ga, rvv, climat"
3,,3,"48, labor, emiss, co2, climat"
3,,4,Noise
3,,1,"0, hydrogen, energi, bornholm, power"
3,,1,"12, hydrogen, bornholm, busi, powertox"
3,,4,"15, develop, energi, electr, project"
3,,11,"16, dkk, energi, billion, project"
3,,3,"24, hydrogen, budget, social, reactor"
3,,1,"25, hydrogen, power, compani, nuclear"
3,,17,"26, agreement, climat, co2, dkk"
3,,4,"32, microgrid, water, rvv, energi"
3,,1,"34, bornholm, baltic, energi, harbor"
3,,1,"35, materi, 111, million, dkk"
3,,7,"38, fund, receiv, energi, compani"
3,,1,"40, energi, wind, bornholm, grid"
3,,14,"41, bioga, co2, plant, tonn"
3,,3,"42, energi, ptx, heat, risk"
3,,19,"43, island, energi, renew, water"
3,,4,"44, system, climat, sector, trigener"
3,,4,"47, heat, ga, rvv, climat"
3,,3,"48, labor, emiss, co2, climat"
3,,4,Noise
3,,1,"0, hydrogen, energi, bornholm, power"
3,,1,"12, hydrogen, bornholm, busi, powertox"
3,,4,"15, develop, energi, electr, project"
3,,11,"16, dkk, energi, billion, project"
3,,3,"24, hydrogen, budget, social, reactor"
3,,1,"25, hydrogen, power, compani, nuclear"
3,,17,"26, agreement, climat, co2, dkk"
3,,4,"32, microgrid, water, rvv, energi"
3,,1,"34, bornholm, baltic, energi, harbor"
3,,1,"35, materi, 111, million, dkk"
3,,7,"38, fund, receiv, energi, compani"
3,,1,"40, energi, wind, bornholm, grid"
3,,14,"41, bioga, co2, plant, tonn"
3,,3,"42, energi, ptx, heat, risk"
3,,19,"43, island, energi, renew, water"
3,,4,"44, system, climat, sector, trigener"
3,,4,"47, heat, ga, rvv, climat"
3,,3,"48, labor, emiss, co2, climat"
3,,4,Noise
3,,1,"0, hydrogen, energi, bornholm, power"
3,,1,"12, hydrogen, bornholm, busi, powertox"
3,,4,"15, develop, energi, electr, project"
3,,11,"16, dkk, energi, billion, project"
3,,3,"24, hydrogen, budget, social, reactor"
3,,1,"25, hydrogen, power, compani, nuclear"
3,,17,"26, agreement, climat, co2, dkk"
3,,4,"32, microgrid, water, rvv, energi"
3,,1,"34, bornholm, baltic, energi, harbor"
3,,1,"35, materi, 111, million, dkk"
3,,7,"38, fund, receiv, energi, compani"
3,,1,"40, energi, wind, bornholm, grid"
3,,14,"41, bioga, co2, plant, tonn"
3,,3,"42, energi, ptx, heat, risk"
3,,19,"43, island, energi, renew, water"
3,,4,"44, system, climat, sector, trigener"
3,,4,"47, heat, ga, rvv, climat"
3,,3,"48, labor, emiss, co2, climat"
3,,4,Noise
3,,1,"0, hydrogen, energi, bornholm, power"
3,,1,"12, hydrogen, bornholm, busi, powertox"
3,,4,"15, develop, energi, electr, project"
3,,11,"16, dkk, energi, billion, project"
3,,3,"24, hydrogen, budget, social, reactor"
3,,1,"25, hydrogen, power, compani, nuclear"
3,,17,"26, agreement, climat, co2, dkk"
3,,4,"32, microgrid, water, rvv, energi"
3,,1,"34, bornholm, baltic, energi, harbor"
3,,1,"35, materi, 111, million, dkk"
3,,7,"38, fund, receiv, energi, compani"
3,,1,"40, energi, wind, bornholm, grid"
3,,14,"41, bioga, co2, plant, tonn"
3,,3,"42, energi, ptx, heat, risk"
3,,19,"43, island, energi, renew, water"
3,,4,"44, system, climat, sector, trigener"
3,,4,"47, heat, ga, rvv, climat"
3,,3,"48, labor, emiss, co2, climat"
3,,4,Noise
3,,1,"0, hydrogen, energi, bornholm, power"
3,,1,"12, hydrogen, bornholm, busi, powertox"
3,,4,"15, develop, energi, electr, project"
3,,11,"16, dkk, energi, billion, project"
3,,3,"24, hydrogen, budget, social, reactor"
3,,1,"25, hydrogen, power, compani, nuclear"
3,,17,"26, agreement, climat, co2, dkk"
3,,4,"32, microgrid, water, rvv, energi"
3,,1,"34, bornholm, baltic, energi, harbor"
3,,1,"35, materi, 111, million, dkk"
3,,7,"38, fund, receiv, energi, compani"
3,,1,"40, energi, wind, bornholm, grid"
3,,14,"41, bioga, co2, plant, tonn"
3,,3,"42, energi, ptx, heat, risk"
3,,19,"43, island, energi, renew, water"
3,,4,"44, system, climat, sector, trigener"
3,,4,"47, heat, ga, rvv, climat"
3,,3,"48, labor, emiss, co2, climat"
3,,4,Noise
3,,1,"0, hydrogen, energi, bornholm, power"
3,,1,"12, hydrogen, bornholm, busi, powertox"
3,,4,"15, develop, energi, electr, project"
3,,11,"16, dkk, energi, billion, project"
3,,3,"24, hydrogen, budget, social, reactor"
3,,1,"25, hydrogen, power, compani, nuclear"
3,,17,"26, agreement, climat, co2, dkk"
3,,4,"32, microgrid, water, rvv, energi"
3,,1,"34, bornholm, baltic, energi, harbor"
3,,1,"35, materi, 111, million, dkk"
3,,7,"38, fund, receiv, energi, compani"
3,,1,"40, energi, wind, bornholm, grid"
3,,14,"41, bioga, co2, plant, tonn"
3,,3,"42, energi, ptx, heat, risk"
3,,19,"43, island, energi, renew, water"
3,,4,"44, system, climat, sector, trigener"
3,,4,"47, heat, ga, rvv, climat"
3,,3,"48, labor, emiss, co2, climat"
3,,4,Noise
3,,1,"0, hydrogen, energi, bornholm, power"
3,,1,"12, hydrogen, bornholm, busi, powertox"
3,,4,"15, develop, energi, electr, project"
3,,11,"16, dkk, energi, billion, project"
3,,3,"24, hydrogen, budget, social, reactor"
3,,1,"25, hydrogen, power, compani, nuclear"
3,,17,"26, agreement, climat, co2, dkk"
3,,4,"32, microgrid, water, rvv, energi"
3,,1,"34, bornholm, baltic, energi, harbor"
3,,1,"35, materi, 111, million, dkk"
3,,7,"38, fund, receiv, energi, compani"
3,,1,"40, energi, wind, bornholm, grid"
3,,14,"41, bioga, co2, plant, tonn"
3,,3,"42, energi, ptx, heat, risk"
3,,19,"43, island, energi, renew, water"
3,,4,"44, system, climat, sector, trigener"
3,,4,"47, heat, ga, rvv, climat"
3,,3,"48, labor, emiss, co2, climat"
3,,4,Noise
3,,1,"0, hydrogen, energi, bornholm, power"
3,,1,"12, hydrogen, bornholm, busi, powertox"
3,,4,"15, develop, energi, electr, project"
3,,11,"16, dkk, energi, billion, project"
3,,3,"24, hydrogen, budget, social, reactor"
3,,1,"25, hydrogen, power, compani, nuclear"
3,,17,"26, agreement, climat, co2, dkk"
3,,4,"32, microgrid, water, rvv, energi"
3,,1,"34, bornholm, baltic, energi, harbor"
3,,1,"35, materi, 111, million, dkk"
3,,7,"38, fund, receiv, energi, compani"
3,,1,"40, energi, wind, bornholm, grid"
3,,14,"41, bioga, co2, plant, tonn"
3,,3,"42, energi, ptx, heat, risk"
3,,19,"43, island, energi, renew, water"
3,,4,"44, system, climat, sector, trigener"
3,,4,"47, heat, ga, rvv, climat"
3,,3,"48, labor, emiss, co2, climat"
3,,4,Noise
3,,1,"0, hydrogen, energi, bornholm, power"
3,,1,"12, hydrogen, bornholm, busi, powertox"
3,,4,"15, develop, energi, electr, project"
3,,11,"16, dkk, energi, billion, project"
3,,3,"24, hydrogen, budget, social, reactor"
3,,1,"25, hydrogen, power, compani, nuclear"
3,,17,"26, agreement, climat, co2, dkk"
3,,4,"32, microgrid, water, rvv, energi"
3,,1,"34, bornholm, baltic, energi, harbor"
3,,1,"35, materi, 111, million, dkk"
3,,7,"38, fund, receiv, energi, compani"
3,,1,"40, energi, wind, bornholm, grid"
3,,14,"41, bioga, co2, plant, tonn"
3,,3,"42, energi, ptx, heat, risk"
3,,19,"43, island, energi, renew, water"
3,,4,"44, system, climat, sector, trigener"
3,,4,"47, heat, ga, rvv, climat"
3,,3,"48, labor, emiss, co2, climat"
3,,4,Noise
3,,1,"0, hydrogen, energi, bornholm, power"
3,,1,"12, hydrogen, bornholm, busi, powertox"
3,,4,"15, develop, energi, electr, project"
3,,11,"16, dkk, energi, billion, project"
3,,3,"24, hydrogen, budget, social, reactor"
3,,1,"25, hydrogen, power, compani, nuclear"
3,,17,"26, agreement, climat, co2, dkk"
3,,4,"32, microgrid, water, rvv, energi"
3,,1,"34, bornholm, baltic, energi, harbor"
3,,1,"35, materi, 111, million, dkk"
3,,7,"38, fund, receiv, energi, compani"
3,,1,"40, energi, wind, bornholm, grid"
3,,14,"41, bioga, co2, plant, tonn"
3,,3,"42, energi, ptx, heat, risk"
3,,19,"43, island, energi, renew, water"
3,,4,"44, system, climat, sector, trigener"
3,,4,"47, heat, ga, rvv, climat"
3,,3,"48, labor, emiss, co2, climat"
3,,4,Noise
3,,1,"0, hydrogen, energi, bornholm, power"
3,,1,"12, hydrogen, bornholm, busi, powertox"
3,,4,"15, develop, energi, electr, project"
3,,11,"16, dkk, energi, billion, project"
3,,3,"24, hydrogen, budget, social, reactor"
3,,1,"25, hydrogen, power, compani, nuclear"
3,,17,"26, agreement, climat, co2, dkk"
3,,4,"32, microgrid, water, rvv, energi"
3,,1,"34, bornholm, baltic, energi, harbor"
3,,1,"35, materi, 111, million, dkk"
3,,7,"38, fund, receiv, energi, compani"
3,,1,"40, energi, wind, bornholm, grid"
3,,14,"41, bioga, co2, plant, tonn"
3,,3,"42, energi, ptx, heat, risk"
3,,19,"43, island, energi, renew, water"
3,,4,"44, system, climat, sector, trigener"
3,,4,"47, heat, ga, rvv, climat"
3,,3,"48, labor, emiss, co2, climat"
3,,4,Noise
3,,1,"0, hydrogen, energi, bornholm, power"
3,,1,"12, hydrogen, bornholm, busi, powertox"
3,,4,"15, develop, energi, electr, project"
3,,11,"16, dkk, energi, billion, project"
3,,3,"24, hydrogen, budget, social, reactor"
3,,1,"25, hydrogen, power, compani, nuclear"
3,,17,"26, agreement, climat, co2, dkk"
3,,4,"32, microgrid, water, rvv, energi"
3,,1,"34, bornholm, baltic, energi, harbor"
3,,1,"35, materi, 111, million, dkk"
3,,7,"38, fund, receiv, energi, compani"
3,,1,"40, energi, wind, bornholm, grid"
3,,14,"41, bioga, co2, plant, tonn"
3,,3,"42, energi, ptx, heat, risk"
3,,19,"43, island, energi, renew, water"
3,,4,"44, system, climat, sector, trigener"
3,,4,"47, heat, ga, rvv, climat"
3,,3,"48, labor, emiss, co2, climat"
3,,4,Noise
3,,1,"0, hydrogen, energi, bornholm, power"
3,,1,"12, hydrogen, bornholm, busi, powertox"
3,,4,"15, develop, energi, electr, project"
3,,11,"16, dkk, energi, billion, project"
3,,3,"24, hydrogen, budget, social, reactor"
3,,1,"25, hydrogen, power, compani, nuclear"
3,,17,"26, agreement, climat, co2, dkk"
3,,4,"32, microgrid, water, rvv, energi"
3,,1,"34, bornholm, baltic, energi, harbor"
3,,1,"35, materi, 111, million, dkk"
3,,7,"38, fund, receiv, energi, compani"
3,,1,"40, energi, wind, bornholm, grid"
3,,14,"41, bioga, co2, plant, tonn"
3,,3,"42, energi, ptx, heat, risk"
3,,19,"43, island, energi, renew, water"
3,,4,"44, system, climat, sector, trigener"
3,,4,"47, heat, ga, rvv, climat"
3,,3,"48, labor, emiss, co2, climat"
3,,4,Noise
3,,1,"0, hydrogen, energi, bornholm, power"
3,,1,"12, hydrogen, bornholm, busi, powertox"
3,,4,"15, develop, energi, electr, project"
3,,11,"16, dkk, energi, billion, project"
3,,3,"24, hydrogen, budget, social, reactor"
3,,1,"25, hydrogen, power, compani, nuclear"
3,,17,"26, agreement, climat, co2, dkk"
3,,4,"32, microgrid, water, rvv, energi"
3,,1,"34, bornholm, baltic, energi, harbor"
3,,1,"35, materi, 111, million, dkk"
3,,7,"38, fund, receiv, energi, compani"
3,,1,"40, energi, wind, bornholm, grid"
3,,14,"41, bioga, co2, plant, tonn"
3,,3,"42, energi, ptx, heat, risk"
3,,19,"43, island, energi, renew, water"
3,,4,"44, system, climat, sector, trigener"
3,,4,"47, heat, ga, rvv, climat"
3,,3,"48, labor, emiss, co2, climat"
3,,4,Noise
3,,1,"0, hydrogen, energi, bornholm, power"
3,,1,"12, hydrogen, bornholm, busi, powertox"
3,,4,"15, develop, energi, electr, project"
3,,11,"16, dkk, energi, billion, project"
3,,3,"24, hydrogen, budget, social, reactor"
3,,1,"25, hydrogen, power, compani, nuclear"
3,,17,"26, agreement, climat, co2, dkk"
3,,4,"32, microgrid, water, rvv, energi"
3,,1,"34, bornholm, baltic, energi, harbor"
3,,1,"35, materi, 111, million, dkk"
3,,7,"38, fund, receiv, energi, compani"
3,,1,"40, energi, wind, bornholm, grid"
3,,14,"41, bioga, co2, plant, tonn"
3,,3,"42, energi, ptx, heat, risk"
3,,19,"43, island, energi, renew, water"
3,,4,"44, system, climat, sector, trigener"
3,,4,"47, heat, ga, rvv, climat"
3,,3,"48, labor, emiss, co2, climat"
3,,4,Noise
3,,1,"0, hydrogen, energi, bornholm, power"
3,,1,"12, hydrogen, bornholm, busi, powertox"
3,,4,"15, develop, energi, electr, project"
3,,11,"16, dkk, energi, billion, project"
3,,3,"24, hydrogen, budget, social, reactor"
3,,1,"25, hydrogen, power, compani, nuclear"
3,,17,"26, agreement, climat, co2, dkk"
3,,4,"32, microgrid, water, rvv, energi"
3,,1,"34, bornholm, baltic, energi, harbor"
3,,1,"35, materi, 111, million, dkk"
3,,7,"38, fund, receiv, energi, compani"
3,,1,"40, energi, wind, bornholm, grid"
3,,14,"41, bioga, co2, plant, tonn"
3,,3,"42, energi, ptx, heat, risk"
3,,19,"43, island, energi, renew, water"
3,,4,"44, system, climat, sector, trigener"
3,,4,"47, heat, ga, rvv, climat"
3,,3,"48, labor, emiss, co2, climat"
3,,4,Noise
3,,1,"0, hydrogen, energi, bornholm, power"
3,,1,"12, hydrogen, bornholm, busi, powertox"
3,,4,"15, develop, energi, electr, project"
3,,11,"16, dkk, energi, billion, project"
3,,3,"24, hydrogen, budget, social, reactor"
3,,1,"25, hydrogen, power, compani, nuclear"
3,,17,"26, agreement, climat, co2, dkk"
3,,4,"32, microgrid, water, rvv, energi"
3,,1,"34, bornholm, baltic, energi, harbor"
3,,1,"35, materi, 111, million, dkk"
3,,7,"38, fund, receiv, energi, compani"
3,,1,"40, energi, wind, bornholm, grid"
3,,14,"41, bioga, co2, plant, tonn"
3,,3,"42, energi, ptx, heat, risk"
3,,19,"43, island, energi, renew, water"
3,,4,"44, system, climat, sector, trigener"
3,,4,"47, heat, ga, rvv, climat"
3,,3,"48, labor, emiss, co2, climat"
3,,4,Noise
3,,1,"0, hydrogen, energi, bornholm, power"
3,,1,"12, hydrogen, bornholm, busi, powertox"
3,,4,"15, develop, energi, electr, project"
3,,11,"16, dkk, energi, billion, project"
3,,3,"24, hydrogen, budget, social, reactor"
3,,1,"25, hydrogen, power, compani, nuclear"
3,,17,"26, agreement, climat, co2, dkk"
3,,4,"32, microgrid, water, rvv, energi"
3,,1,"34, bornholm, baltic, energi, harbor"
3,,1,"35, materi, 111, million, dkk"
3,,7,"38, fund, receiv, energi, compani"
3,,1,"40, energi, wind, bornholm, grid"
3,,14,"41, bioga, co2, plant, tonn"
3,,3,"42, energi, ptx, heat, risk"
3,,19,"43, island, energi, renew, water"
3,,4,"44, system, climat, sector, trigener"
3,,4,"47, heat, ga, rvv, climat"
3,,3,"48, labor, emiss, co2, climat"
3,,4,Noise
3,,1,"0, hydrogen, energi, bornholm, power"
3,,1,"12, hydrogen, bornholm, busi, powertox"
3,,4,"15, develop, energi, electr, project"
3,,11,"16, dkk, energi, billion, project"
3,,3,"24, hydrogen, budget, social, reactor"
3,,1,"25, hydrogen, power, compani, nuclear"
3,,17,"26, agreement, climat, co2, dkk"
3,,4,"32, microgrid, water, rvv, energi"
3,,1,"34, bornholm, baltic, energi, harbor"
3,,1,"35, materi, 111, million, dkk"
3,,7,"38, fund, receiv, energi, compani"
3,,1,"40, energi, wind, bornholm, grid"
3,,14,"41, bioga, co2, plant, tonn"
3,,3,"42, energi, ptx, heat, risk"
3,,19,"43, island, energi, renew, water"
3,,4,"44, system, climat, sector, trigener"
3,,4,"47, heat, ga, rvv, climat"
3,,3,"48, labor, emiss, co2, climat"
3,,4,Noise
3,,1,"0, hydrogen, energi, bornholm, power"
3,,1,"12, hydrogen, bornholm, busi, powertox"
3,,4,"15, develop, energi, electr, project"
3,,11,"16, dkk, energi, billion, project"
3,,3,"24, hydrogen, budget, social, reactor"
3,,1,"25, hydrogen, power, compani, nuclear"
3,,17,"26, agreement, climat, co2, dkk"
3,,4,"32, microgrid, water, rvv, energi"
3,,1,"34, bornholm, baltic, energi, harbor"
3,,1,"35, materi, 111, million, dkk"
3,,7,"38, fund, receiv, energi, compani"
3,,1,"40, energi, wind, bornholm, grid"
3,,14,"41, bioga, co2, plant, tonn"
3,,3,"42, energi, ptx, heat, risk"
3,,19,"43, island, energi, renew, water"
3,,4,"44, system, climat, sector, trigener"
3,,4,"47, heat, ga, rvv, climat"
3,,3,"48, labor, emiss, co2, climat"
3,,4,Noise
3,,1,"0, hydrogen, energi, bornholm, power"
3,,1,"12, hydrogen, bornholm, busi, powertox"
3,,4,"15, develop, energi, electr, project"
3,,11,"16, dkk, energi, billion, project"
3,,3,"24, hydrogen, budget, social, reactor"
3,,1,"25, hydrogen, power, compani, nuclear"
3,,17,"26, agreement, climat, co2, dkk"
3,,4,"32, microgrid, water, rvv, energi"
3,,1,"34, bornholm, baltic, energi, harbor"
3,,1,"35, materi, 111, million, dkk"
3,,7,"38, fund, receiv, energi, compani"
3,,1,"40, energi, wind, bornholm, grid"
3,,14,"41, bioga, co2, plant, tonn"
3,,3,"42, energi, ptx, heat, risk"
3,,19,"43, island, energi, renew, water"
3,,4,"44, system, climat, sector, trigener"
3,,4,"47, heat, ga, rvv, climat"
3,,3,"48, labor, emiss, co2, climat"
3,,4,Noise
3,,1,"0, hydrogen, energi, bornholm, power"
3,,1,"12, hydrogen, bornholm, busi, powertox"
3,,4,"15, develop, energi, electr, project"
3,,11,"16, dkk, energi, billion, project"
3,,3,"24, hydrogen, budget, social, reactor"
3,,1,"25, hydrogen, power, compani, nuclear"
3,,17,"26, agreement, climat, co2, dkk"
3,,4,"32, microgrid, water, rvv, energi"
3,,1,"34, bornholm, baltic, energi, harbor"
3,,1,"35, materi, 111, million, dkk"
3,,7,"38, fund, receiv, energi, compani"
3,,1,"40, energi, wind, bornholm, grid"
3,,14,"41, bioga, co2, plant, tonn"
3,,3,"42, energi, ptx, heat, risk"
3,,19,"43, island, energi, renew, water"
3,,4,"44, system, climat, sector, trigener"
3,,4,"47, heat, ga, rvv, climat"
3,,3,"48, labor, emiss, co2, climat"
3,,4,Noise
3,,1,"0, hydrogen, energi, bornholm, power"
3,,1,"12, hydrogen, bornholm, busi, powertox"
3,,4,"15, develop, energi, electr, project"
3,,11,"16, dkk, energi, billion, project"
3,,3,"24, hydrogen, budget, social, reactor"
3,,1,"25, hydrogen, power, compani, nuclear"
3,,17,"26, agreement, climat, co2, dkk"
3,,4,"32, microgrid, water, rvv, energi"
3,,1,"34, bornholm, baltic, energi, harbor"
3,,1,"35, materi, 111, million, dkk"
3,,7,"38, fund, receiv, energi, compani"
3,,1,"40, energi, wind, bornholm, grid"
3,,14,"41, bioga, co2, plant, tonn"
3,,3,"42, energi, ptx, heat, risk"
3,,19,"43, island, energi, renew, water"
3,,4,"44, system, climat, sector, trigener"
3,,4,"47, heat, ga, rvv, climat"
3,,3,"48, labor, emiss, co2, climat"
3,,4,Noise
3,,1,"0, hydrogen, energi, bornholm, power"
3,,1,"12, hydrogen, bornholm, busi, powertox"
3,,4,"15, develop, energi, electr, project"
3,,11,"16, dkk, energi, billion, project"
3,,3,"24, hydrogen, budget, social, reactor"
3,,1,"25, hydrogen, power, compani, nuclear"
3,,17,"26, agreement, climat, co2, dkk"
3,,4,"32, microgrid, water, rvv, energi"
3,,1,"34, bornholm, baltic, energi, harbor"
3,,1,"35, materi, 111, million, dkk"
3,,7,"38, fund, receiv, energi, compani"
3,,1,"40, energi, wind, bornholm, grid"
3,,14,"41, bioga, co2, plant, tonn"
3,,3,"42, energi, ptx, heat, risk"
3,,19,"43, island, energi, renew, water"
3,,4,"44, system, climat, sector, trigener"
3,,4,"47, heat, ga, rvv, climat"
3,,3,"48, labor, emiss, co2, climat"
3,,4,Noise
3,,1,"0, hydrogen, energi, bornholm, power"
3,,1,"12, hydrogen, bornholm, busi, powertox"
3,,4,"15, develop, energi, electr, project"
3,,11,"16, dkk, energi, billion, project"
3,,3,"24, hydrogen, budget, social, reactor"
3,,1,"25, hydrogen, power, compani, nuclear"
3,,17,"26, agreement, climat, co2, dkk"
3,,4,"32, microgrid, water, rvv, energi"
3,,1,"34, bornholm, baltic, energi, harbor"
3,,1,"35, materi, 111, million, dkk"
3,,7,"38, fund, receiv, energi, compani"
3,,1,"40, energi, wind, bornholm, grid"
3,,14,"41, bioga, co2, plant, tonn"
3,,3,"42, energi, ptx, heat, risk"
3,,19,"43, island, energi, renew, water"
3,,4,"44, system, climat, sector, trigener"
3,,4,"47, heat, ga, rvv, climat"
3,,3,"48, labor, emiss, co2, climat"
3,,4,Noise
3,,1,"0, hydrogen, energi, bornholm, power"
3,,1,"12, hydrogen, bornholm, busi, powertox"
3,,4,"15, develop, energi, electr, project"
3,,11,"16, dkk, energi, billion, project"
3,,3,"24, hydrogen, budget, social, reactor"
3,,1,"25, hydrogen, power, compani, nuclear"
3,,17,"26, agreement, climat, co2, dkk"
3,,4,"32, microgrid, water, rvv, energi"
3,,1,"34, bornholm, baltic, energi, harbor"
3,,1,"35, materi, 111, million, dkk"
3,,7,"38, fund, receiv, energi, compani"
3,,1,"40, energi, wind, bornholm, grid"
3,,14,"41, bioga, co2, plant, tonn"
3,,3,"42, energi, ptx, heat, risk"
3,,19,"43, island, energi, renew, water"
3,,4,"44, system, climat, sector, trigener"
3,,4,"47, heat, ga, rvv, climat"
3,,3,"48, labor, emiss, co2, climat"
3,,4,Noise
3,,1,"0, hydrogen, energi, bornholm, power"
3,,1,"12, hydrogen, bornholm, busi, powertox"
3,,4,"15, develop, energi, electr, project"
3,,11,"16, dkk, energi, billion, project"
3,,3,"24, hydrogen, budget, social, reactor"
3,,1,"25, hydrogen, power, compani, nuclear"
3,,17,"26, agreement, climat, co2, dkk"
3,,4,"32, microgrid, water, rvv, energi"
3,,1,"34, bornholm, baltic, energi, harbor"
3,,1,"35, materi, 111, million, dkk"
3,,7,"38, fund, receiv, energi, compani"
3,,1,"40, energi, wind, bornholm, grid"
3,,14,"41, bioga, co2, plant, tonn"
3,,3,"42, energi, ptx, heat, risk"
3,,19,"43, island, energi, renew, water"
3,,4,"44, system, climat, sector, trigener"
3,,4,"47, heat, ga, rvv, climat"
3,,3,"48, labor, emiss, co2, climat"
3,,4,Noise
3,,1,"0, hydrogen, energi, bornholm, power"
3,,1,"12, hydrogen, bornholm, busi, powertox"
3,,4,"15, develop, energi, electr, project"
3,,11,"16, dkk, energi, billion, project"
3,,3,"24, hydrogen, budget, social, reactor"
3,,1,"25, hydrogen, power, compani, nuclear"
3,,17,"26, agreement, climat, co2, dkk"
3,,4,"32, microgrid, water, rvv, energi"
3,,1,"34, bornholm, baltic, energi, harbor"
3,,1,"35, materi, 111, million, dkk"
3,,7,"38, fund, receiv, energi, compani"
3,,1,"40, energi, wind, bornholm, grid"
3,,14,"41, bioga, co2, plant, tonn"
3,,3,"42, energi, ptx, heat, risk"
3,,19,"43, island, energi, renew, water"
3,,4,"44, system, climat, sector, trigener"
3,,4,"47, heat, ga, rvv, climat"
3,,3,"48, labor, emiss, co2, climat"
3,,4,Noise
3,,1,"0, hydrogen, energi, bornholm, power"
3,,1,"12, hydrogen, bornholm, busi, powertox"
3,,4,"15, develop, energi, electr, project"
3,,11,"16, dkk, energi, billion, project"
3,,3,"24, hydrogen, budget, social, reactor"
3,,1,"25, hydrogen, power, compani, nuclear"
3,,17,"26, agreement, climat, co2, dkk"
3,,4,"32, microgrid, water, rvv, energi"
3,,1,"34, bornholm, baltic, energi, harbor"
3,,1,"35, materi, 111, million, dkk"
3,,7,"38, fund, receiv, energi, compani"
3,,1,"40, energi, wind, bornholm, grid"
3,,14,"41, bioga, co2, plant, tonn"
3,,3,"42, energi, ptx, heat, risk"
3,,19,"43, island, energi, renew, water"
3,,4,"44, system, climat, sector, trigener"
3,,4,"47, heat, ga, rvv, climat"
3,,3,"48, labor, emiss, co2, climat"
3,,4,Noise
3,,1,"0, hydrogen, energi, bornholm, power"
3,,1,"12, hydrogen, bornholm, busi, powertox"
3,,4,"15, develop, energi, electr, project"
3,,11,"16, dkk, energi, billion, project"
3,,3,"24, hydrogen, budget, social, reactor"
3,,1,"25, hydrogen, power, compani, nuclear"
3,,17,"26, agreement, climat, co2, dkk"
3,,4,"32, microgrid, water, rvv, energi"
3,,1,"34, bornholm, baltic, energi, harbor"
3,,1,"35, materi, 111, million, dkk"
3,,7,"38, fund, receiv, energi, compani"
3,,1,"40, energi, wind, bornholm, grid"
3,,14,"41, bioga, co2, plant, tonn"
3,,3,"42, energi, ptx, heat, risk"
3,,19,"43, island, energi, renew, water"
3,,4,"44, system, climat, sector, trigener"
3,,4,"47, heat, ga, rvv, climat"
3,,3,"48, labor, emiss, co2, climat"
3,,4,Noise
3,,1,"0, hydrogen, energi, bornholm, power"
3,,1,"12, hydrogen, bornholm, busi, powertox"
3,,4,"15, develop, energi, electr, project"
3,,11,"16, dkk, energi, billion, project"
3,,3,"24, hydrogen, budget, social, reactor"
3,,1,"25, hydrogen, power, compani, nuclear"
3,,17,"26, agreement, climat, co2, dkk"
3,,4,"32, microgrid, water, rvv, energi"
3,,1,"34, bornholm, baltic, energi, harbor"
3,,1,"35, materi, 111, million, dkk"
3,,7,"38, fund, receiv, energi, compani"
3,,1,"40, energi, wind, bornholm, grid"
3,,14,"41, bioga, co2, plant, tonn"
3,,3,"42, energi, ptx, heat, risk"
3,,19,"43, island, energi, renew, water"
3,,4,"44, system, climat, sector, trigener"
3,,4,"47, heat, ga, rvv, climat"
3,,3,"48, labor, emiss, co2, climat"
3,,4,Noise
3,,1,"0, hydrogen, energi, bornholm, power"
3,,1,"12, hydrogen, bornholm, busi, powertox"
3,,4,"15, develop, energi, electr, project"
3,,11,"16, dkk, energi, billion, project"
3,,3,"24, hydrogen, budget, social, reactor"
3,,1,"25, hydrogen, power, compani, nuclear"
3,,17,"26, agreement, climat, co2, dkk"
3,,4,"32, microgrid, water, rvv, energi"
3,,1,"34, bornholm, baltic, energi, harbor"
3,,1,"35, materi, 111, million, dkk"
3,,7,"38, fund, receiv, energi, compani"
3,,1,"40, energi, wind, bornholm, grid"
3,,14,"41, bioga, co2, plant, tonn"
3,,3,"42, energi, ptx, heat, risk"
3,,19,"43, island, energi, renew, water"
3,,4,"44, system, climat, sector, trigener"
3,,4,"47, heat, ga, rvv, climat"
3,,3,"48, labor, emiss, co2, climat"
3,,4,Noise
3,,1,"0, hydrogen, energi, bornholm, power"
3,,1,"12, hydrogen, bornholm, busi, powertox"
3,,4,"15, develop, energi, electr, project"
3,,11,"16, dkk, energi, billion, project"
3,,3,"24, hydrogen, budget, social, reactor"
3,,1,"25, hydrogen, power, compani, nuclear"
3,,17,"26, agreement, climat, co2, dkk"
3,,4,"32, microgrid, water, rvv, energi"
3,,1,"34, bornholm, baltic, energi, harbor"
3,,1,"35, materi, 111, million, dkk"
3,,7,"38, fund, receiv, energi, compani"
3,,1,"40, energi, wind, bornholm, grid"
3,,14,"41, bioga, co2, plant, tonn"
3,,3,"42, energi, ptx, heat, risk"
3,,19,"43, island, energi, renew, water"
3,,4,"44, system, climat, sector, trigener"
3,,4,"47, heat, ga, rvv, climat"
3,,3,"48, labor, emiss, co2, climat"
3,,4,Noise
3,,1,"0, hydrogen, energi, bornholm, power"
3,,1,"12, hydrogen, bornholm, busi, powertox"
3,,4,"15, develop, energi, electr, project"
3,,11,"16, dkk, energi, billion, project"
3,,3,"24, hydrogen, budget, social, reactor"
3,,1,"25, hydrogen, power, compani, nuclear"
3,,17,"26, agreement, climat, co2, dkk"
3,,4,"32, microgrid, water, rvv, energi"
3,,1,"34, bornholm, baltic, energi, harbor"
3,,1,"35, materi, 111, million, dkk"
3,,7,"38, fund, receiv, energi, compani"
3,,1,"40, energi, wind, bornholm, grid"
3,,14,"41, bioga, co2, plant, tonn"
3,,3,"42, energi, ptx, heat, risk"
3,,19,"43, island, energi, renew, water"
3,,4,"44, system, climat, sector, trigener"
3,,4,"47, heat, ga, rvv, climat"
3,,3,"48, labor, emiss, co2, climat"
3,,4,Noise
3,,1,"0, hydrogen, energi, bornholm, power"
3,,1,"12, hydrogen, bornholm, busi, powertox"
3,,4,"15, develop, energi, electr, project"
3,,11,"16, dkk, energi, billion, project"
3,,3,"24, hydrogen, budget, social, reactor"
3,,1,"25, hydrogen, power, compani, nuclear"
3,,17,"26, agreement, climat, co2, dkk"
3,,4,"32, microgrid, water, rvv, energi"
3,,1,"34, bornholm, baltic, energi, harbor"
3,,1,"35, materi, 111, million, dkk"
3,,7,"38, fund, receiv, energi, compani"
3,,1,"40, energi, wind, bornholm, grid"
3,,14,"41, bioga, co2, plant, tonn"
3,,3,"42, energi, ptx, heat, risk"
3,,19,"43, island, energi, renew, water"
3,,4,"44, system, climat, sector, trigener"
3,,4,"47, heat, ga, rvv, climat"
3,,3,"48, labor, emiss, co2, climat"
3,,4,Noise
3,,1,"0, hydrogen, energi, bornholm, power"
3,,1,"12, hydrogen, bornholm, busi, powertox"
3,,4,"15, develop, energi, electr, project"
3,,11,"16, dkk, energi, billion, project"
3,,3,"24, hydrogen, budget, social, reactor"
3,,1,"25, hydrogen, power, compani, nuclear"
3,,17,"26, agreement, climat, co2, dkk"
3,,4,"32, microgrid, water, rvv, energi"
3,,1,"34, bornholm, baltic, energi, harbor"
3,,1,"35, materi, 111, million, dkk"
3,,7,"38, fund, receiv, energi, compani"
3,,1,"40, energi, wind, bornholm, grid"
3,,14,"41, bioga, co2, plant, tonn"
3,,3,"42, energi, ptx, heat, risk"
3,,19,"43, island, energi, renew, water"
3,,4,"44, system, climat, sector, trigener"
3,,4,"47, heat, ga, rvv, climat"
3,,3,"48, labor, emiss, co2, climat"
3,,4,Noise
3,,1,"0, hydrogen, energi, bornholm, power"
3,,1,"12, hydrogen, bornholm, busi, powertox"
3,,4,"15, develop, energi, electr, project"
3,,11,"16, dkk, energi, billion, project"
3,,3,"24, hydrogen, budget, social, reactor"
3,,1,"25, hydrogen, power, compani, nuclear"
3,,17,"26, agreement, climat, co2, dkk"
3,,4,"32, microgrid, water, rvv, energi"
3,,1,"34, bornholm, baltic, energi, harbor"
3,,1,"35, materi, 111, million, dkk"
3,,7,"38, fund, receiv, energi, compani"
3,,1,"40, energi, wind, bornholm, grid"
3,,14,"41, bioga, co2, plant, tonn"
3,,3,"42, energi, ptx, heat, risk"
3,,19,"43, island, energi, renew, water"
3,,4,"44, system, climat, sector, trigener"
3,,4,"47, heat, ga, rvv, climat"
3,,3,"48, labor, emiss, co2, climat"
3,,4,Noise
3,,1,"0, hydrogen, energi, bornholm, power"
3,,1,"12, hydrogen, bornholm, busi, powertox"
3,,4,"15, develop, energi, electr, project"
3,,11,"16, dkk, energi, billion, project"
3,,3,"24, hydrogen, budget, social, reactor"
3,,1,"25, hydrogen, power, compani, nuclear"
3,,17,"26, agreement, climat, co2, dkk"
3,,4,"32, microgrid, water, rvv, energi"
3,,1,"34, bornholm, baltic, energi, harbor"
3,,1,"35, materi, 111, million, dkk"
3,,7,"38, fund, receiv, energi, compani"
3,,1,"40, energi, wind, bornholm, grid"
3,,14,"41, bioga, co2, plant, tonn"
3,,3,"42, energi, ptx, heat, risk"
3,,19,"43, island, energi, renew, water"
3,,4,"44, system, climat, sector, trigener"
3,,4,"47, heat, ga, rvv, climat"
3,,3,"48, labor, emiss, co2, climat"
3,,4,Noise
3,,1,"0, hydrogen, energi, bornholm, power"
3,,1,"12, hydrogen, bornholm, busi, powertox"
3,,4,"15, develop, energi, electr, project"
3,,11,"16, dkk, energi, billion, project"
3,,3,"24, hydrogen, budget, social, reactor"
3,,1,"25, hydrogen, power, compani, nuclear"
3,,17,"26, agreement, climat, co2, dkk"
3,,4,"32, microgrid, water, rvv, energi"
3,,1,"34, bornholm, baltic, energi, harbor"
3,,1,"35, materi, 111, million, dkk"
3,,7,"38, fund, receiv, energi, compani"
3,,1,"40, energi, wind, bornholm, grid"
3,,14,"41, bioga, co2, plant, tonn"
3,,3,"42, energi, ptx, heat, risk"
3,,19,"43, island, energi, renew, water"
3,,4,"44, system, climat, sector, trigener"
3,,4,"47, heat, ga, rvv, climat"
3,,3,"48, labor, emiss, co2, climat"
3,,4,Noise
3,,1,"0, hydrogen, energi, bornholm, power"
3,,1,"12, hydrogen, bornholm, busi, powertox"
3,,4,"15, develop, energi, electr, project"
3,,11,"16, dkk, energi, billion, project"
3,,3,"24, hydrogen, budget, social, reactor"
3,,1,"25, hydrogen, power, compani, nuclear"
3,,17,"26, agreement, climat, co2, dkk"
3,,4,"32, microgrid, water, rvv, energi"
3,,1,"34, bornholm, baltic, energi, harbor"
3,,1,"35, materi, 111, million, dkk"
3,,7,"38, fund, receiv, energi, compani"
3,,1,"40, energi, wind, bornholm, grid"
3,,14,"41, bioga, co2, plant, tonn"
3,,3,"42, energi, ptx, heat, risk"
3,,19,"43, island, energi, renew, water"
3,,4,"44, system, climat, sector, trigener"
3,,4,"47, heat, ga, rvv, climat"
3,,3,"48, labor, emiss, co2, climat"
3,,4,Noise
3,,1,"0, hydrogen, energi, bornholm, power"
3,,1,"12, hydrogen, bornholm, busi, powertox"
3,,4,"15, develop, energi, electr, project"
3,,11,"16, dkk, energi, billion, project"
3,,3,"24, hydrogen, budget, social, reactor"
3,,1,"25, hydrogen, power, compani, nuclear"
3,,17,"26, agreement, climat, co2, dkk"
3,,4,"32, microgrid, water, rvv, energi"
3,,1,"34, bornholm, baltic, energi, harbor"
3,,1,"35, materi, 111, million, dkk"
3,,7,"38, fund, receiv, energi, compani"
3,,1,"40, energi, wind, bornholm, grid"
3,,14,"41, bioga, co2, plant, tonn"
3,,3,"42, energi, ptx, heat, risk"
3,,19,"43, island, energi, renew, water"
3,,4,"44, system, climat, sector, trigener"
3,,4,"47, heat, ga, rvv, climat"
3,,3,"48, labor, emiss, co2, climat"
3,,4,Noise
3,,1,"0, hydrogen, energi, bornholm, power"
3,,1,"12, hydrogen, bornholm, busi, powertox"
3,,4,"15, develop, energi, electr, project"
3,,11,"16, dkk, energi, billion, project"
3,,3,"24, hydrogen, budget, social, reactor"
3,,1,"25, hydrogen, power, compani, nuclear"
3,,17,"26, agreement, climat, co2, dkk"
3,,4,"32, microgrid, water, rvv, energi"
3,,1,"34, bornholm, baltic, energi, harbor"
3,,1,"35, materi, 111, million, dkk"
3,,7,"38, fund, receiv, energi, compani"
3,,1,"40, energi, wind, bornholm, grid"
3,,14,"41, bioga, co2, plant, tonn"
3,,3,"42, energi, ptx, heat, risk"
3,,19,"43, island, energi, renew, water"
3,,4,"44, system, climat, sector, trigener"
3,,4,"47, heat, ga, rvv, climat"
3,,3,"48, labor, emiss, co2, climat"
3,,4,Noise
3,,1,"0, hydrogen, energi, bornholm, power"
3,,1,"12, hydrogen, bornholm, busi, powertox"
3,,4,"15, develop, energi, electr, project"
3,,11,"16, dkk, energi, billion, project"
3,,3,"24, hydrogen, budget, social, reactor"
3,,1,"25, hydrogen, power, compani, nuclear"
3,,17,"26, agreement, climat, co2, dkk"
3,,4,"32, microgrid, water, rvv, energi"
3,,1,"34, bornholm, baltic, energi, harbor"
3,,1,"35, materi, 111, million, dkk"
3,,7,"38, fund, receiv, energi, compani"
3,,1,"40, energi, wind, bornholm, grid"
3,,14,"41, bioga, co2, plant, tonn"
3,,3,"42, energi, ptx, heat, risk"
3,,19,"43, island, energi, renew, water"
3,,4,"44, system, climat, sector, trigener"
3,,4,"47, heat, ga, rvv, climat"
3,,3,"48, labor, emiss, co2, climat"
3,,4,Noise
3,,1,"0, hydrogen, energi, bornholm, power"
3,,1,"12, hydrogen, bornholm, busi, powertox"
3,,4,"15, develop, energi, electr, project"
3,,11,"16, dkk, energi, billion, project"
3,,3,"24, hydrogen, budget, social, reactor"
3,,1,"25, hydrogen, power, compani, nuclear"
3,,17,"26, agreement, climat, co2, dkk"
3,,4,"32, microgrid, water, rvv, energi"
3,,1,"34, bornholm, baltic, energi, harbor"
3,,1,"35, materi, 111, million, dkk"
3,,7,"38, fund, receiv, energi, compani"
3,,1,"40, energi, wind, bornholm, grid"
3,,14,"41, bioga, co2, plant, tonn"
3,,3,"42, energi, ptx, heat, risk"
3,,19,"43, island, energi, renew, water"
3,,4,"44, system, climat, sector, trigener"
3,,4,"47, heat, ga, rvv, climat"
3,,3,"48, labor, emiss, co2, climat"
3,,4,Noise
3,,1,"0, hydrogen, energi, bornholm, power"
3,,1,"12, hydrogen, bornholm, busi, powertox"
3,,4,"15, develop, energi, electr, project"
3,,11,"16, dkk, energi, billion, project"
3,,3,"24, hydrogen, budget, social, reactor"
3,,1,"25, hydrogen, power, compani, nuclear"
3,,17,"26, agreement, climat, co2, dkk"
3,,4,"32, microgrid, water, rvv, energi"
3,,1,"34, bornholm, baltic, energi, harbor"
3,,1,"35, materi, 111, million, dkk"
3,,7,"38, fund, receiv, energi, compani"
3,,1,"40, energi, wind, bornholm, grid"
3,,14,"41, bioga, co2, plant, tonn"
3,,3,"42, energi, ptx, heat, risk"
3,,19,"43, island, energi, renew, water"
3,,4,"44, system, climat, sector, trigener"
3,,4,"47, heat, ga, rvv, climat"
3,,3,"48, labor, emiss, co2, climat"
3,,4,Noise
3,,1,"0, hydrogen, energi, bornholm, power"
3,,1,"12, hydrogen, bornholm, busi, powertox"
3,,4,"15, develop, energi, electr, project"
3,,11,"16, dkk, energi, billion, project"
3,,3,"24, hydrogen, budget, social, reactor"
3,,1,"25, hydrogen, power, compani, nuclear"
3,,17,"26, agreement, climat, co2, dkk"
3,,4,"32, microgrid, water, rvv, energi"
3,,1,"34, bornholm, baltic, energi, harbor"
3,,1,"35, materi, 111, million, dkk"
3,,7,"38, fund, receiv, energi, compani"
3,,1,"40, energi, wind, bornholm, grid"
3,,14,"41, bioga, co2, plant, tonn"
3,,3,"42, energi, ptx, heat, risk"
3,,19,"43, island, energi, renew, water"
3,,4,"44, system, climat, sector, trigener"
3,,4,"47, heat, ga, rvv, climat"
3,,3,"48, labor, emiss, co2, climat"
3,,4,Noise
9,,7,"0, hydrogen, energi, bornholm, power"
9,,14,"15, develop, energi, electr, project"
9,,2,"16, dkk, energi, billion, project"
9,,10,"18, electr, tax, project, energi"
9,,3,"24, hydrogen, budget, social, reactor"
9,,4,"25, hydrogen, power, compani, nuclear"
9,,1,"26, agreement, climat, co2, dkk"
9,,14,"3, comput, quantum, electr, municip"
9,,1,"31, price, zone, center, data"
9,,12,"32, microgrid, water, rvv, energi"
9,,10,"35, materi, 111, million, dkk"
9,,3,"38, fund, receiv, energi, compani"
9,,8,"42, energi, ptx, heat, risk"
9,,7,"44, system, climat, sector, trigener"
9,,3,"47, heat, ga, rvv, climat"
9,,2,"48, labor, emiss, co2, climat"
9,,2,"6, cool, system, control, hvdc"
9,,6,Noise
9,,7,"0, hydrogen, energi, bornholm, power"
9,,14,"15, develop, energi, electr, project"
9,,2,"16, dkk, energi, billion, project"
9,,10,"18, electr, tax, project, energi"
9,,3,"24, hydrogen, budget, social, reactor"
9,,4,"25, hydrogen, power, compani, nuclear"
9,,1,"26, agreement, climat, co2, dkk"
9,,14,"3, comput, quantum, electr, municip"
9,,1,"31, price, zone, center, data"
9,,12,"32, microgrid, water, rvv, energi"
9,,10,"35, materi, 111, million, dkk"
9,,3,"38, fund, receiv, energi, compani"
9,,8,"42, energi, ptx, heat, risk"
9,,7,"44, system, climat, sector, trigener"
9,,3,"47, heat, ga, rvv, climat"
9,,2,"48, labor, emiss, co2, climat"
9,,2,"6, cool, system, control, hvdc"
9,,6,Noise
9,,7,"0, hydrogen, energi, bornholm, power"
9,,14,"15, develop, energi, electr, project"
9,,2,"16, dkk, energi, billion, project"
9,,10,"18, electr, tax, project, energi"
9,,3,"24, hydrogen, budget, social, reactor"
9,,4,"25, hydrogen, power, compani, nuclear"
9,,1,"26, agreement, climat, co2, dkk"
9,,14,"3, comput, quantum, electr, municip"
9,,1,"31, price, zone, center, data"
9,,12,"32, microgrid, water, rvv, energi"
9,,10,"35, materi, 111, million, dkk"
9,,3,"38, fund, receiv, energi, compani"
9,,8,"42, energi, ptx, heat, risk"
9,,7,"44, system, climat, sector, trigener"
9,,3,"47, heat, ga, rvv, climat"
9,,2,"48, labor, emiss, co2, climat"
9,,2,"6, cool, system, control, hvdc"
9,,6,Noise
9,,7,"0, hydrogen, energi, bornholm, power"
9,,14,"15, develop, energi, electr, project"
9,,2,"16, dkk, energi, billion, project"
9,,10,"18, electr, tax, project, energi"
9,,3,"24, hydrogen, budget, social, reactor"
9,,4,"25, hydrogen, power, compani, nuclear"
9,,1,"26, agreement, climat, co2, dkk"
9,,14,"3, comput, quantum, electr, municip"
9,,1,"31, price, zone, center, data"
9,,12,"32, microgrid, water, rvv, energi"
9,,10,"35, materi, 111, million, dkk"
9,,3,"38, fund, receiv, energi, compani"
9,,8,"42, energi, ptx, heat, risk"
9,,7,"44, system, climat, sector, trigener"
9,,3,"47, heat, ga, rvv, climat"
9,,2,"48, labor, emiss, co2, climat"
9,,2,"6, cool, system, control, hvdc"
9,,6,Noise
9,,7,"0, hydrogen, energi, bornholm, power"
9,,14,"15, develop, energi, electr, project"
9,,2,"16, dkk, energi, billion, project"
9,,10,"18, electr, tax, project, energi"
9,,3,"24, hydrogen, budget, social, reactor"
9,,4,"25, hydrogen, power, compani, nuclear"
9,,1,"26, agreement, climat, co2, dkk"
9,,14,"3, comput, quantum, electr, municip"
9,,1,"31, price, zone, center, data"
9,,12,"32, microgrid, water, rvv, energi"
9,,10,"35, materi, 111, million, dkk"
9,,3,"38, fund, receiv, energi, compani"
9,,8,"42, energi, ptx, heat, risk"
9,,7,"44, system, climat, sector, trigener"
9,,3,"47, heat, ga, rvv, climat"
9,,2,"48, labor, emiss, co2, climat"
9,,2,"6, cool, system, control, hvdc"
9,,6,Noise
9,,7,"0, hydrogen, energi, bornholm, power"
9,,14,"15, develop, energi, electr, project"
9,,2,"16, dkk, energi, billion, project"
9,,10,"18, electr, tax, project, energi"
9,,3,"24, hydrogen, budget, social, reactor"
9,,4,"25, hydrogen, power, compani, nuclear"
9,,1,"26, agreement, climat, co2, dkk"
9,,14,"3, comput, quantum, electr, municip"
9,,1,"31, price, zone, center, data"
9,,12,"32, microgrid, water, rvv, energi"
9,,10,"35, materi, 111, million, dkk"
9,,3,"38, fund, receiv, energi, compani"
9,,8,"42, energi, ptx, heat, risk"
9,,7,"44, system, climat, sector, trigener"
9,,3,"47, heat, ga, rvv, climat"
9,,2,"48, labor, emiss, co2, climat"
9,,2,"6, cool, system, control, hvdc"
9,,6,Noise
9,,7,"0, hydrogen, energi, bornholm, power"
9,,14,"15, develop, energi, electr, project"
9,,2,"16, dkk, energi, billion, project"
9,,10,"18, electr, tax, project, energi"
9,,3,"24, hydrogen, budget, social, reactor"
9,,4,"25, hydrogen, power, compani, nuclear"
9,,1,"26, agreement, climat, co2, dkk"
9,,14,"3, comput, quantum, electr, municip"
9,,1,"31, price, zone, center, data"
9,,12,"32, microgrid, water, rvv, energi"
9,,10,"35, materi, 111, million, dkk"
9,,3,"38, fund, receiv, energi, compani"
9,,8,"42, energi, ptx, heat, risk"
9,,7,"44, system, climat, sector, trigener"
9,,3,"47, heat, ga, rvv, climat"
9,,2,"48, labor, emiss, co2, climat"
9,,2,"6, cool, system, control, hvdc"
9,,6,Noise
9,,7,"0, hydrogen, energi, bornholm, power"
9,,14,"15, develop, energi, electr, project"
9,,2,"16, dkk, energi, billion, project"
9,,10,"18, electr, tax, project, energi"
9,,3,"24, hydrogen, budget, social, reactor"
9,,4,"25, hydrogen, power, compani, nuclear"
9,,1,"26, agreement, climat, co2, dkk"
9,,14,"3, comput, quantum, electr, municip"
9,,1,"31, price, zone, center, data"
9,,12,"32, microgrid, water, rvv, energi"
9,,10,"35, materi, 111, million, dkk"
9,,3,"38, fund, receiv, energi, compani"
9,,8,"42, energi, ptx, heat, risk"
9,,7,"44, system, climat, sector, trigener"
9,,3,"47, heat, ga, rvv, climat"
9,,2,"48, labor, emiss, co2, climat"
9,,2,"6, cool, system, control, hvdc"
9,,6,Noise
9,,7,"0, hydrogen, energi, bornholm, power"
9,,14,"15, develop, energi, electr, project"
9,,2,"16, dkk, energi, billion, project"
9,,10,"18, electr, tax, project, energi"
9,,3,"24, hydrogen, budget, social, reactor"
9,,4,"25, hydrogen, power, compani, nuclear"
9,,1,"26, agreement, climat, co2, dkk"
9,,14,"3, comput, quantum, electr, municip"
9,,1,"31, price, zone, center, data"
9,,12,"32, microgrid, water, rvv, energi"
9,,10,"35, materi, 111, million, dkk"
9,,3,"38, fund, receiv, energi, compani"
9,,8,"42, energi, ptx, heat, risk"
9,,7,"44, system, climat, sector, trigener"
9,,3,"47, heat, ga, rvv, climat"
9,,2,"48, labor, emiss, co2, climat"
9,,2,"6, cool, system, control, hvdc"
9,,6,Noise
9,,7,"0, hydrogen, energi, bornholm, power"
9,,14,"15, develop, energi, electr, project"
9,,2,"16, dkk, energi, billion, project"
9,,10,"18, electr, tax, project, energi"
9,,3,"24, hydrogen, budget, social, reactor"
9,,4,"25, hydrogen, power, compani, nuclear"
9,,1,"26, agreement, climat, co2, dkk"
9,,14,"3, comput, quantum, electr, municip"
9,,1,"31, price, zone, center, data"
9,,12,"32, microgrid, water, rvv, energi"
9,,10,"35, materi, 111, million, dkk"
9,,3,"38, fund, receiv, energi, compani"
9,,8,"42, energi, ptx, heat, risk"
9,,7,"44, system, climat, sector, trigener"
9,,3,"47, heat, ga, rvv, climat"
9,,2,"48, labor, emiss, co2, climat"
9,,2,"6, cool, system, control, hvdc"
9,,6,Noise
9,,7,"0, hydrogen, energi, bornholm, power"
9,,14,"15, develop, energi, electr, project"
9,,2,"16, dkk, energi, billion, project"
9,,10,"18, electr, tax, project, energi"
9,,3,"24, hydrogen, budget, social, reactor"
9,,4,"25, hydrogen, power, compani, nuclear"
9,,1,"26, agreement, climat, co2, dkk"
9,,14,"3, comput, quantum, electr, municip"
9,,1,"31, price, zone, center, data"
9,,12,"32, microgrid, water, rvv, energi"
9,,10,"35, materi, 111, million, dkk"
9,,3,"38, fund, receiv, energi, compani"
9,,8,"42, energi, ptx, heat, risk"
9,,7,"44, system, climat, sector, trigener"
9,,3,"47, heat, ga, rvv, climat"
9,,2,"48, labor, emiss, co2, climat"
9,,2,"6, cool, system, control, hvdc"
9,,6,Noise
9,,7,"0, hydrogen, energi, bornholm, power"
9,,14,"15, develop, energi, electr, project"
9,,2,"16, dkk, energi, billion, project"
9,,10,"18, electr, tax, project, energi"
9,,3,"24, hydrogen, budget, social, reactor"
9,,4,"25, hydrogen, power, compani, nuclear"
9,,1,"26, agreement, climat, co2, dkk"
9,,14,"3, comput, quantum, electr, municip"
9,,1,"31, price, zone, center, data"
9,,12,"32, microgrid, water, rvv, energi"
9,,10,"35, materi, 111, million, dkk"
9,,3,"38, fund, receiv, energi, compani"
9,,8,"42, energi, ptx, heat, risk"
9,,7,"44, system, climat, sector, trigener"
9,,3,"47, heat, ga, rvv, climat"
9,,2,"48, labor, emiss, co2, climat"
9,,2,"6, cool, system, control, hvdc"
9,,6,Noise
9,,7,"0, hydrogen, energi, bornholm, power"
9,,14,"15, develop, energi, electr, project"
9,,2,"16, dkk, energi, billion, project"
9,,10,"18, electr, tax, project, energi"
9,,3,"24, hydrogen, budget, social, reactor"
9,,4,"25, hydrogen, power, compani, nuclear"
9,,1,"26, agreement, climat, co2, dkk"
9,,14,"3, comput, quantum, electr, municip"
9,,1,"31, price, zone, center, data"
9,,12,"32, microgrid, water, rvv, energi"
9,,10,"35, materi, 111, million, dkk"
9,,3,"38, fund, receiv, energi, compani"
9,,8,"42, energi, ptx, heat, risk"
9,,7,"44, system, climat, sector, trigener"
9,,3,"47, heat, ga, rvv, climat"
9,,2,"48, labor, emiss, co2, climat"
9,,2,"6, cool, system, control, hvdc"
9,,6,Noise
9,,7,"0, hydrogen, energi, bornholm, power"
9,,14,"15, develop, energi, electr, project"
9,,2,"16, dkk, energi, billion, project"
9,,10,"18, electr, tax, project, energi"
9,,3,"24, hydrogen, budget, social, reactor"
9,,4,"25, hydrogen, power, compani, nuclear"
9,,1,"26, agreement, climat, co2, dkk"
9,,14,"3, comput, quantum, electr, municip"
9,,1,"31, price, zone, center, data"
9,,12,"32, microgrid, water, rvv, energi"
9,,10,"35, materi, 111, million, dkk"
9,,3,"38, fund, receiv, energi, compani"
9,,8,"42, energi, ptx, heat, risk"
9,,7,"44, system, climat, sector, trigener"
9,,3,"47, heat, ga, rvv, climat"
9,,2,"48, labor, emiss, co2, climat"
9,,2,"6, cool, system, control, hvdc"
9,,6,Noise
9,,7,"0, hydrogen, energi, bornholm, power"
9,,14,"15, develop, energi, electr, project"
9,,2,"16, dkk, energi, billion, project"
9,,10,"18, electr, tax, project, energi"
9,,3,"24, hydrogen, budget, social, reactor"
9,,4,"25, hydrogen, power, compani, nuclear"
9,,1,"26, agreement, climat, co2, dkk"
9,,14,"3, comput, quantum, electr, municip"
9,,1,"31, price, zone, center, data"
9,,12,"32, microgrid, water, rvv, energi"
9,,10,"35, materi, 111, million, dkk"
9,,3,"38, fund, receiv, energi, compani"
9,,8,"42, energi, ptx, heat, risk"
9,,7,"44, system, climat, sector, trigener"
9,,3,"47, heat, ga, rvv, climat"
9,,2,"48, labor, emiss, co2, climat"
9,,2,"6, cool, system, control, hvdc"
9,,6,Noise
9,,7,"0, hydrogen, energi, bornholm, power"
9,,14,"15, develop, energi, electr, project"
9,,2,"16, dkk, energi, billion, project"
9,,10,"18, electr, tax, project, energi"
9,,3,"24, hydrogen, budget, social, reactor"
9,,4,"25, hydrogen, power, compani, nuclear"
9,,1,"26, agreement, climat, co2, dkk"
9,,14,"3, comput, quantum, electr, municip"
9,,1,"31, price, zone, center, data"
9,,12,"32, microgrid, water, rvv, energi"
9,,10,"35, materi, 111, million, dkk"
9,,3,"38, fund, receiv, energi, compani"
9,,8,"42, energi, ptx, heat, risk"
9,,7,"44, system, climat, sector, trigener"
9,,3,"47, heat, ga, rvv, climat"
9,,2,"48, labor, emiss, co2, climat"
9,,2,"6, cool, system, control, hvdc"
9,,6,Noise
9,,7,"0, hydrogen, energi, bornholm, power"
9,,14,"15, develop, energi, electr, project"
9,,2,"16, dkk, energi, billion, project"
9,,10,"18, electr, tax, project, energi"
9,,3,"24, hydrogen, budget, social, reactor"
9,,4,"25, hydrogen, power, compani, nuclear"
9,,1,"26, agreement, climat, co2, dkk"
9,,14,"3, comput, quantum, electr, municip"
9,,1,"31, price, zone, center, data"
9,,12,"32, microgrid, water, rvv, energi"
9,,10,"35, materi, 111, million, dkk"
9,,3,"38, fund, receiv, energi, compani"
9,,8,"42, energi, ptx, heat, risk"
9,,7,"44, system, climat, sector, trigener"
9,,3,"47, heat, ga, rvv, climat"
9,,2,"48, labor, emiss, co2, climat"
9,,2,"6, cool, system, control, hvdc"
9,,6,Noise
9,,7,"0, hydrogen, energi, bornholm, power"
9,,14,"15, develop, energi, electr, project"
9,,2,"16, dkk, energi, billion, project"
9,,10,"18, electr, tax, project, energi"
9,,3,"24, hydrogen, budget, social, reactor"
9,,4,"25, hydrogen, power, compani, nuclear"
9,,1,"26, agreement, climat, co2, dkk"
9,,14,"3, comput, quantum, electr, municip"
9,,1,"31, price, zone, center, data"
9,,12,"32, microgrid, water, rvv, energi"
9,,10,"35, materi, 111, million, dkk"
9,,3,"38, fund, receiv, energi, compani"
9,,8,"42, energi, ptx, heat, risk"
9,,7,"44, system, climat, sector, trigener"
9,,3,"47, heat, ga, rvv, climat"
9,,2,"48, labor, emiss, co2, climat"
9,,2,"6, cool, system, control, hvdc"
9,,6,Noise
9,,7,"0, hydrogen, energi, bornholm, power"
9,,14,"15, develop, energi, electr, project"
9,,2,"16, dkk, energi, billion, project"
9,,10,"18, electr, tax, project, energi"
9,,3,"24, hydrogen, budget, social, reactor"
9,,4,"25, hydrogen, power, compani, nuclear"
9,,1,"26, agreement, climat, co2, dkk"
9,,14,"3, comput, quantum, electr, municip"
9,,1,"31, price, zone, center, data"
9,,12,"32, microgrid, water, rvv, energi"
9,,10,"35, materi, 111, million, dkk"
9,,3,"38, fund, receiv, energi, compani"
9,,8,"42, energi, ptx, heat, risk"
9,,7,"44, system, climat, sector, trigener"
9,,3,"47, heat, ga, rvv, climat"
9,,2,"48, labor, emiss, co2, climat"
9,,2,"6, cool, system, control, hvdc"
9,,6,Noise
9,,7,"0, hydrogen, energi, bornholm, power"
9,,14,"15, develop, energi, electr, project"
9,,2,"16, dkk, energi, billion, project"
9,,10,"18, electr, tax, project, energi"
9,,3,"24, hydrogen, budget, social, reactor"
9,,4,"25, hydrogen, power, compani, nuclear"
9,,1,"26, agreement, climat, co2, dkk"
9,,14,"3, comput, quantum, electr, municip"
9,,1,"31, price, zone, center, data"
9,,12,"32, microgrid, water, rvv, energi"
9,,10,"35, materi, 111, million, dkk"
9,,3,"38, fund, receiv, energi, compani"
9,,8,"42, energi, ptx, heat, risk"
9,,7,"44, system, climat, sector, trigener"
9,,3,"47, heat, ga, rvv, climat"
9,,2,"48, labor, emiss, co2, climat"
9,,2,"6, cool, system, control, hvdc"
9,,6,Noise
9,,7,"0, hydrogen, energi, bornholm, power"
9,,14,"15, develop, energi, electr, project"
9,,2,"16, dkk, energi, billion, project"
9,,10,"18, electr, tax, project, energi"
9,,3,"24, hydrogen, budget, social, reactor"
9,,4,"25, hydrogen, power, compani, nuclear"
9,,1,"26, agreement, climat, co2, dkk"
9,,14,"3, comput, quantum, electr, municip"
9,,1,"31, price, zone, center, data"
9,,12,"32, microgrid, water, rvv, energi"
9,,10,"35, materi, 111, million, dkk"
9,,3,"38, fund, receiv, energi, compani"
9,,8,"42, energi, ptx, heat, risk"
9,,7,"44, system, climat, sector, trigener"
9,,3,"47, heat, ga, rvv, climat"
9,,2,"48, labor, emiss, co2, climat"
9,,2,"6, cool, system, control, hvdc"
9,,6,Noise
9,,7,"0, hydrogen, energi, bornholm, power"
9,,14,"15, develop, energi, electr, project"
9,,2,"16, dkk, energi, billion, project"
9,,10,"18, electr, tax, project, energi"
9,,3,"24, hydrogen, budget, social, reactor"
9,,4,"25, hydrogen, power, compani, nuclear"
9,,1,"26, agreement, climat, co2, dkk"
9,,14,"3, comput, quantum, electr, municip"
9,,1,"31, price, zone, center, data"
9,,12,"32, microgrid, water, rvv, energi"
9,,10,"35, materi, 111, million, dkk"
9,,3,"38, fund, receiv, energi, compani"
9,,8,"42, energi, ptx, heat, risk"
9,,7,"44, system, climat, sector, trigener"
9,,3,"47, heat, ga, rvv, climat"
9,,2,"48, labor, emiss, co2, climat"
9,,2,"6, cool, system, control, hvdc"
9,,6,Noise
9,,7,"0, hydrogen, energi, bornholm, power"
9,,14,"15, develop, energi, electr, project"
9,,2,"16, dkk, energi, billion, project"
9,,10,"18, electr, tax, project, energi"
9,,3,"24, hydrogen, budget, social, reactor"
9,,4,"25, hydrogen, power, compani, nuclear"
9,,1,"26, agreement, climat, co2, dkk"
9,,14,"3, comput, quantum, electr, municip"
9,,1,"31, price, zone, center, data"
9,,12,"32, microgrid, water, rvv, energi"
9,,10,"35, materi, 111, million, dkk"
9,,3,"38, fund, receiv, energi, compani"
9,,8,"42, energi, ptx, heat, risk"
9,,7,"44, system, climat, sector, trigener"
9,,3,"47, heat, ga, rvv, climat"
9,,2,"48, labor, emiss, co2, climat"
9,,2,"6, cool, system, control, hvdc"
9,,6,Noise
9,,7,"0, hydrogen, energi, bornholm, power"
9,,14,"15, develop, energi, electr, project"
9,,2,"16, dkk, energi, billion, project"
9,,10,"18, electr, tax, project, energi"
9,,3,"24, hydrogen, budget, social, reactor"
9,,4,"25, hydrogen, power, compani, nuclear"
9,,1,"26, agreement, climat, co2, dkk"
9,,14,"3, comput, quantum, electr, municip"
9,,1,"31, price, zone, center, data"
9,,12,"32, microgrid, water, rvv, energi"
9,,10,"35, materi, 111, million, dkk"
9,,3,"38, fund, receiv, energi, compani"
9,,8,"42, energi, ptx, heat, risk"
9,,7,"44, system, climat, sector, trigener"
9,,3,"47, heat, ga, rvv, climat"
9,,2,"48, labor, emiss, co2, climat"
9,,2,"6, cool, system, control, hvdc"
9,,6,Noise
9,,7,"0, hydrogen, energi, bornholm, power"
9,,14,"15, develop, energi, electr, project"
9,,2,"16, dkk, energi, billion, project"
9,,10,"18, electr, tax, project, energi"
9,,3,"24, hydrogen, budget, social, reactor"
9,,4,"25, hydrogen, power, compani, nuclear"
9,,1,"26, agreement, climat, co2, dkk"
9,,14,"3, comput, quantum, electr, municip"
9,,1,"31, price, zone, center, data"
9,,12,"32, microgrid, water, rvv, energi"
9,,10,"35, materi, 111, million, dkk"
9,,3,"38, fund, receiv, energi, compani"
9,,8,"42, energi, ptx, heat, risk"
9,,7,"44, system, climat, sector, trigener"
9,,3,"47, heat, ga, rvv, climat"
9,,2,"48, labor, emiss, co2, climat"
9,,2,"6, cool, system, control, hvdc"
9,,6,Noise
9,,7,"0, hydrogen, energi, bornholm, power"
9,,14,"15, develop, energi, electr, project"
9,,2,"16, dkk, energi, billion, project"
9,,10,"18, electr, tax, project, energi"
9,,3,"24, hydrogen, budget, social, reactor"
9,,4,"25, hydrogen, power, compani, nuclear"
9,,1,"26, agreement, climat, co2, dkk"
9,,14,"3, comput, quantum, electr, municip"
9,,1,"31, price, zone, center, data"
9,,12,"32, microgrid, water, rvv, energi"
9,,10,"35, materi, 111, million, dkk"
9,,3,"38, fund, receiv, energi, compani"
9,,8,"42, energi, ptx, heat, risk"
9,,7,"44, system, climat, sector, trigener"
9,,3,"47, heat, ga, rvv, climat"
9,,2,"48, labor, emiss, co2, climat"
9,,2,"6, cool, system, control, hvdc"
9,,6,Noise
9,,7,"0, hydrogen, energi, bornholm, power"
9,,14,"15, develop, energi, electr, project"
9,,2,"16, dkk, energi, billion, project"
9,,10,"18, electr, tax, project, energi"
9,,3,"24, hydrogen, budget, social, reactor"
9,,4,"25, hydrogen, power, compani, nuclear"
9,,1,"26, agreement, climat, co2, dkk"
9,,14,"3, comput, quantum, electr, municip"
9,,1,"31, price, zone, center, data"
9,,12,"32, microgrid, water, rvv, energi"
9,,10,"35, materi, 111, million, dkk"
9,,3,"38, fund, receiv, energi, compani"
9,,8,"42, energi, ptx, heat, risk"
9,,7,"44, system, climat, sector, trigener"
9,,3,"47, heat, ga, rvv, climat"
9,,2,"48, labor, emiss, co2, climat"
9,,2,"6, cool, system, control, hvdc"
9,,6,Noise
9,,7,"0, hydrogen, energi, bornholm, power"
9,,14,"15, develop, energi, electr, project"
9,,2,"16, dkk, energi, billion, project"
9,,10,"18, electr, tax, project, energi"
9,,3,"24, hydrogen, budget, social, reactor"
9,,4,"25, hydrogen, power, compani, nuclear"
9,,1,"26, agreement, climat, co2, dkk"
9,,14,"3, comput, quantum, electr, municip"
9,,1,"31, price, zone, center, data"
9,,12,"32, microgrid, water, rvv, energi"
9,,10,"35, materi, 111, million, dkk"
9,,3,"38, fund, receiv, energi, compani"
9,,8,"42, energi, ptx, heat, risk"
9,,7,"44, system, climat, sector, trigener"
9,,3,"47, heat, ga, rvv, climat"
9,,2,"48, labor, emiss, co2, climat"
9,,2,"6, cool, system, control, hvdc"
9,,6,Noise
9,,7,"0, hydrogen, energi, bornholm, power"
9,,14,"15, develop, energi, electr, project"
9,,2,"16, dkk, energi, billion, project"
9,,10,"18, electr, tax, project, energi"
9,,3,"24, hydrogen, budget, social, reactor"
9,,4,"25, hydrogen, power, compani, nuclear"
9,,1,"26, agreement, climat, co2, dkk"
9,,14,"3, comput, quantum, electr, municip"
9,,1,"31, price, zone, center, data"
9,,12,"32, microgrid, water, rvv, energi"
9,,10,"35, materi, 111, million, dkk"
9,,3,"38, fund, receiv, energi, compani"
9,,8,"42, energi, ptx, heat, risk"
9,,7,"44, system, climat, sector, trigener"
9,,3,"47, heat, ga, rvv, climat"
9,,2,"48, labor, emiss, co2, climat"
9,,2,"6, cool, system, control, hvdc"
9,,6,Noise
9,,7,"0, hydrogen, energi, bornholm, power"
9,,14,"15, develop, energi, electr, project"
9,,2,"16, dkk, energi, billion, project"
9,,10,"18, electr, tax, project, energi"
9,,3,"24, hydrogen, budget, social, reactor"
9,,4,"25, hydrogen, power, compani, nuclear"
9,,1,"26, agreement, climat, co2, dkk"
9,,14,"3, comput, quantum, electr, municip"
9,,1,"31, price, zone, center, data"
9,,12,"32, microgrid, water, rvv, energi"
9,,10,"35, materi, 111, million, dkk"
9,,3,"38, fund, receiv, energi, compani"
9,,8,"42, energi, ptx, heat, risk"
9,,7,"44, system, climat, sector, trigener"
9,,3,"47, heat, ga, rvv, climat"
9,,2,"48, labor, emiss, co2, climat"
9,,2,"6, cool, system, control, hvdc"
9,,6,Noise
9,,7,"0, hydrogen, energi, bornholm, power"
9,,14,"15, develop, energi, electr, project"
9,,2,"16, dkk, energi, billion, project"
9,,10,"18, electr, tax, project, energi"
9,,3,"24, hydrogen, budget, social, reactor"
9,,4,"25, hydrogen, power, compani, nuclear"
9,,1,"26, agreement, climat, co2, dkk"
9,,14,"3, comput, quantum, electr, municip"
9,,1,"31, price, zone, center, data"
9,,12,"32, microgrid, water, rvv, energi"
9,,10,"35, materi, 111, million, dkk"
9,,3,"38, fund, receiv, energi, compani"
9,,8,"42, energi, ptx, heat, risk"
9,,7,"44, system, climat, sector, trigener"
9,,3,"47, heat, ga, rvv, climat"
9,,2,"48, labor, emiss, co2, climat"
9,,2,"6, cool, system, control, hvdc"
9,,6,Noise
9,,7,"0, hydrogen, energi, bornholm, power"
9,,14,"15, develop, energi, electr, project"
9,,2,"16, dkk, energi, billion, project"
9,,10,"18, electr, tax, project, energi"
9,,3,"24, hydrogen, budget, social, reactor"
9,,4,"25, hydrogen, power, compani, nuclear"
9,,1,"26, agreement, climat, co2, dkk"
9,,14,"3, comput, quantum, electr, municip"
9,,1,"31, price, zone, center, data"
9,,12,"32, microgrid, water, rvv, energi"
9,,10,"35, materi, 111, million, dkk"
9,,3,"38, fund, receiv, energi, compani"
9,,8,"42, energi, ptx, heat, risk"
9,,7,"44, system, climat, sector, trigener"
9,,3,"47, heat, ga, rvv, climat"
9,,2,"48, labor, emiss, co2, climat"
9,,2,"6, cool, system, control, hvdc"
9,,6,Noise
9,,7,"0, hydrogen, energi, bornholm, power"
9,,14,"15, develop, energi, electr, project"
9,,2,"16, dkk, energi, billion, project"
9,,10,"18, electr, tax, project, energi"
9,,3,"24, hydrogen, budget, social, reactor"
9,,4,"25, hydrogen, power, compani, nuclear"
9,,1,"26, agreement, climat, co2, dkk"
9,,14,"3, comput, quantum, electr, municip"
9,,1,"31, price, zone, center, data"
9,,12,"32, microgrid, water, rvv, energi"
9,,10,"35, materi, 111, million, dkk"
9,,3,"38, fund, receiv, energi, compani"
9,,8,"42, energi, ptx, heat, risk"
9,,7,"44, system, climat, sector, trigener"
9,,3,"47, heat, ga, rvv, climat"
9,,2,"48, labor, emiss, co2, climat"
9,,2,"6, cool, system, control, hvdc"
9,,6,Noise
9,,7,"0, hydrogen, energi, bornholm, power"
9,,14,"15, develop, energi, electr, project"
9,,2,"16, dkk, energi, billion, project"
9,,10,"18, electr, tax, project, energi"
9,,3,"24, hydrogen, budget, social, reactor"
9,,4,"25, hydrogen, power, compani, nuclear"
9,,1,"26, agreement, climat, co2, dkk"
9,,14,"3, comput, quantum, electr, municip"
9,,1,"31, price, zone, center, data"
9,,12,"32, microgrid, water, rvv, energi"
9,,10,"35, materi, 111, million, dkk"
9,,3,"38, fund, receiv, energi, compani"
9,,8,"42, energi, ptx, heat, risk"
9,,7,"44, system, climat, sector, trigener"
9,,3,"47, heat, ga, rvv, climat"
9,,2,"48, labor, emiss, co2, climat"
9,,2,"6, cool, system, control, hvdc"
9,,6,Noise
9,,7,"0, hydrogen, energi, bornholm, power"
9,,14,"15, develop, energi, electr, project"
9,,2,"16, dkk, energi, billion, project"
9,,10,"18, electr, tax, project, energi"
9,,3,"24, hydrogen, budget, social, reactor"
9,,4,"25, hydrogen, power, compani, nuclear"
9,,1,"26, agreement, climat, co2, dkk"
9,,14,"3, comput, quantum, electr, municip"
9,,1,"31, price, zone, center, data"
9,,12,"32, microgrid, water, rvv, energi"
9,,10,"35, materi, 111, million, dkk"
9,,3,"38, fund, receiv, energi, compani"
9,,8,"42, energi, ptx, heat, risk"
9,,7,"44, system, climat, sector, trigener"
9,,3,"47, heat, ga, rvv, climat"
9,,2,"48, labor, emiss, co2, climat"
9,,2,"6, cool, system, control, hvdc"
9,,6,Noise
9,,7,"0, hydrogen, energi, bornholm, power"
9,,14,"15, develop, energi, electr, project"
9,,2,"16, dkk, energi, billion, project"
9,,10,"18, electr, tax, project, energi"
9,,3,"24, hydrogen, budget, social, reactor"
9,,4,"25, hydrogen, power, compani, nuclear"
9,,1,"26, agreement, climat, co2, dkk"
9,,14,"3, comput, quantum, electr, municip"
9,,1,"31, price, zone, center, data"
9,,12,"32, microgrid, water, rvv, energi"
9,,10,"35, materi, 111, million, dkk"
9,,3,"38, fund, receiv, energi, compani"
9,,8,"42, energi, ptx, heat, risk"
9,,7,"44, system, climat, sector, trigener"
9,,3,"47, heat, ga, rvv, climat"
9,,2,"48, labor, emiss, co2, climat"
9,,2,"6, cool, system, control, hvdc"
9,,6,Noise
9,,7,"0, hydrogen, energi, bornholm, power"
9,,14,"15, develop, energi, electr, project"
9,,2,"16, dkk, energi, billion, project"
9,,10,"18, electr, tax, project, energi"
9,,3,"24, hydrogen, budget, social, reactor"
9,,4,"25, hydrogen, power, compani, nuclear"
9,,1,"26, agreement, climat, co2, dkk"
9,,14,"3, comput, quantum, electr, municip"
9,,1,"31, price, zone, center, data"
9,,12,"32, microgrid, water, rvv, energi"
9,,10,"35, materi, 111, million, dkk"
9,,3,"38, fund, receiv, energi, compani"
9,,8,"42, energi, ptx, heat, risk"
9,,7,"44, system, climat, sector, trigener"
9,,3,"47, heat, ga, rvv, climat"
9,,2,"48, labor, emiss, co2, climat"
9,,2,"6, cool, system, control, hvdc"
9,,6,Noise
9,,7,"0, hydrogen, energi, bornholm, power"
9,,14,"15, develop, energi, electr, project"
9,,2,"16, dkk, energi, billion, project"
9,,10,"18, electr, tax, project, energi"
9,,3,"24, hydrogen, budget, social, reactor"
9,,4,"25, hydrogen, power, compani, nuclear"
9,,1,"26, agreement, climat, co2, dkk"
9,,14,"3, comput, quantum, electr, municip"
9,,1,"31, price, zone, center, data"
9,,12,"32, microgrid, water, rvv, energi"
9,,10,"35, materi, 111, million, dkk"
9,,3,"38, fund, receiv, energi, compani"
9,,8,"42, energi, ptx, heat, risk"
9,,7,"44, system, climat, sector, trigener"
9,,3,"47, heat, ga, rvv, climat"
9,,2,"48, labor, emiss, co2, climat"
9,,2,"6, cool, system, control, hvdc"
9,,6,Noise
9,,7,"0, hydrogen, energi, bornholm, power"
9,,14,"15, develop, energi, electr, project"
9,,2,"16, dkk, energi, billion, project"
9,,10,"18, electr, tax, project, energi"
9,,3,"24, hydrogen, budget, social, reactor"
9,,4,"25, hydrogen, power, compani, nuclear"
9,,1,"26, agreement, climat, co2, dkk"
9,,14,"3, comput, quantum, electr, municip"
9,,1,"31, price, zone, center, data"
9,,12,"32, microgrid, water, rvv, energi"
9,,10,"35, materi, 111, million, dkk"
9,,3,"38, fund, receiv, energi, compani"
9,,8,"42, energi, ptx, heat, risk"
9,,7,"44, system, climat, sector, trigener"
9,,3,"47, heat, ga, rvv, climat"
9,,2,"48, labor, emiss, co2, climat"
9,,2,"6, cool, system, control, hvdc"
9,,6,Noise
9,,7,"0, hydrogen, energi, bornholm, power"
9,,14,"15, develop, energi, electr, project"
9,,2,"16, dkk, energi, billion, project"
9,,10,"18, electr, tax, project, energi"
9,,3,"24, hydrogen, budget, social, reactor"
9,,4,"25, hydrogen, power, compani, nuclear"
9,,1,"26, agreement, climat, co2, dkk"
9,,14,"3, comput, quantum, electr, municip"
9,,1,"31, price, zone, center, data"
9,,12,"32, microgrid, water, rvv, energi"
9,,10,"35, materi, 111, million, dkk"
9,,3,"38, fund, receiv, energi, compani"
9,,8,"42, energi, ptx, heat, risk"
9,,7,"44, system, climat, sector, trigener"
9,,3,"47, heat, ga, rvv, climat"
9,,2,"48, labor, emiss, co2, climat"
9,,2,"6, cool, system, control, hvdc"
9,,6,Noise
9,,7,"0, hydrogen, energi, bornholm, power"
9,,14,"15, develop, energi, electr, project"
9,,2,"16, dkk, energi, billion, project"
9,,10,"18, electr, tax, project, energi"
9,,3,"24, hydrogen, budget, social, reactor"
9,,4,"25, hydrogen, power, compani, nuclear"
9,,1,"26, agreement, climat, co2, dkk"
9,,14,"3, comput, quantum, electr, municip"
9,,1,"31, price, zone, center, data"
9,,12,"32, microgrid, water, rvv, energi"
9,,10,"35, materi, 111, million, dkk"
9,,3,"38, fund, receiv, energi, compani"
9,,8,"42, energi, ptx, heat, risk"
9,,7,"44, system, climat, sector, trigener"
9,,3,"47, heat, ga, rvv, climat"
9,,2,"48, labor, emiss, co2, climat"
9,,2,"6, cool, system, control, hvdc"
9,,6,Noise
9,,7,"0, hydrogen, energi, bornholm, power"
9,,14,"15, develop, energi, electr, project"
9,,2,"16, dkk, energi, billion, project"
9,,10,"18, electr, tax, project, energi"
9,,3,"24, hydrogen, budget, social, reactor"
9,,4,"25, hydrogen, power, compani, nuclear"
9,,1,"26, agreement, climat, co2, dkk"
9,,14,"3, comput, quantum, electr, municip"
9,,1,"31, price, zone, center, data"
9,,12,"32, microgrid, water, rvv, energi"
9,,10,"35, materi, 111, million, dkk"
9,,3,"38, fund, receiv, energi, compani"
9,,8,"42, energi, ptx, heat, risk"
9,,7,"44, system, climat, sector, trigener"
9,,3,"47, heat, ga, rvv, climat"
9,,2,"48, labor, emiss, co2, climat"
9,,2,"6, cool, system, control, hvdc"
9,,6,Noise
9,,7,"0, hydrogen, energi, bornholm, power"
9,,14,"15, develop, energi, electr, project"
9,,2,"16, dkk, energi, billion, project"
9,,10,"18, electr, tax, project, energi"
9,,3,"24, hydrogen, budget, social, reactor"
9,,4,"25, hydrogen, power, compani, nuclear"
9,,1,"26, agreement, climat, co2, dkk"
9,,14,"3, comput, quantum, electr, municip"
9,,1,"31, price, zone, center, data"
9,,12,"32, microgrid, water, rvv, energi"
9,,10,"35, materi, 111, million, dkk"
9,,3,"38, fund, receiv, energi, compani"
9,,8,"42, energi, ptx, heat, risk"
9,,7,"44, system, climat, sector, trigener"
9,,3,"47, heat, ga, rvv, climat"
9,,2,"48, labor, emiss, co2, climat"
9,,2,"6, cool, system, control, hvdc"
9,,6,Noise
9,,7,"0, hydrogen, energi, bornholm, power"
9,,14,"15, develop, energi, electr, project"
9,,2,"16, dkk, energi, billion, project"
9,,10,"18, electr, tax, project, energi"
9,,3,"24, hydrogen, budget, social, reactor"
9,,4,"25, hydrogen, power, compani, nuclear"
9,,1,"26, agreement, climat, co2, dkk"
9,,14,"3, comput, quantum, electr, municip"
9,,1,"31, price, zone, center, data"
9,,12,"32, microgrid, water, rvv, energi"
9,,10,"35, materi, 111, million, dkk"
9,,3,"38, fund, receiv, energi, compani"
9,,8,"42, energi, ptx, heat, risk"
9,,7,"44, system, climat, sector, trigener"
9,,3,"47, heat, ga, rvv, climat"
9,,2,"48, labor, emiss, co2, climat"
9,,2,"6, cool, system, control, hvdc"
9,,6,Noise
9,,7,"0, hydrogen, energi, bornholm, power"
9,,14,"15, develop, energi, electr, project"
9,,2,"16, dkk, energi, billion, project"
9,,10,"18, electr, tax, project, energi"
9,,3,"24, hydrogen, budget, social, reactor"
9,,4,"25, hydrogen, power, compani, nuclear"
9,,1,"26, agreement, climat, co2, dkk"
9,,14,"3, comput, quantum, electr, municip"
9,,1,"31, price, zone, center, data"
9,,12,"32, microgrid, water, rvv, energi"
9,,10,"35, materi, 111, million, dkk"
9,,3,"38, fund, receiv, energi, compani"
9,,8,"42, energi, ptx, heat, risk"
9,,7,"44, system, climat, sector, trigener"
9,,3,"47, heat, ga, rvv, climat"
9,,2,"48, labor, emiss, co2, climat"
9,,2,"6, cool, system, control, hvdc"
9,,6,Noise
9,,7,"0, hydrogen, energi, bornholm, power"
9,,14,"15, develop, energi, electr, project"
9,,2,"16, dkk, energi, billion, project"
9,,10,"18, electr, tax, project, energi"
9,,3,"24, hydrogen, budget, social, reactor"
9,,4,"25, hydrogen, power, compani, nuclear"
9,,1,"26, agreement, climat, co2, dkk"
9,,14,"3, comput, quantum, electr, municip"
9,,1,"31, price, zone, center, data"
9,,12,"32, microgrid, water, rvv, energi"
9,,10,"35, materi, 111, million, dkk"
9,,3,"38, fund, receiv, energi, compani"
9,,8,"42, energi, ptx, heat, risk"
9,,7,"44, system, climat, sector, trigener"
9,,3,"47, heat, ga, rvv, climat"
9,,2,"48, labor, emiss, co2, climat"
9,,2,"6, cool, system, control, hvdc"
9,,6,Noise
9,,7,"0, hydrogen, energi, bornholm, power"
9,,14,"15, develop, energi, electr, project"
9,,2,"16, dkk, energi, billion, project"
9,,10,"18, electr, tax, project, energi"
9,,3,"24, hydrogen, budget, social, reactor"
9,,4,"25, hydrogen, power, compani, nuclear"
9,,1,"26, agreement, climat, co2, dkk"
9,,14,"3, comput, quantum, electr, municip"
9,,1,"31, price, zone, center, data"
9,,12,"32, microgrid, water, rvv, energi"
9,,10,"35, materi, 111, million, dkk"
9,,3,"38, fund, receiv, energi, compani"
9,,8,"42, energi, ptx, heat, risk"
9,,7,"44, system, climat, sector, trigener"
9,,3,"47, heat, ga, rvv, climat"
9,,2,"48, labor, emiss, co2, climat"
9,,2,"6, cool, system, control, hvdc"
9,,6,Noise
9,,7,"0, hydrogen, energi, bornholm, power"
9,,14,"15, develop, energi, electr, project"
9,,2,"16, dkk, energi, billion, project"
9,,10,"18, electr, tax, project, energi"
9,,3,"24, hydrogen, budget, social, reactor"
9,,4,"25, hydrogen, power, compani, nuclear"
9,,1,"26, agreement, climat, co2, dkk"
9,,14,"3, comput, quantum, electr, municip"
9,,1,"31, price, zone, center, data"
9,,12,"32, microgrid, water, rvv, energi"
9,,10,"35, materi, 111, million, dkk"
9,,3,"38, fund, receiv, energi, compani"
9,,8,"42, energi, ptx, heat, risk"
9,,7,"44, system, climat, sector, trigener"
9,,3,"47, heat, ga, rvv, climat"
9,,2,"48, labor, emiss, co2, climat"
9,,2,"6, cool, system, control, hvdc"
9,,6,Noise
9,,7,"0, hydrogen, energi, bornholm, power"
9,,14,"15, develop, energi, electr, project"
9,,2,"16, dkk, energi, billion, project"
9,,10,"18, electr, tax, project, energi"
9,,3,"24, hydrogen, budget, social, reactor"
9,,4,"25, hydrogen, power, compani, nuclear"
9,,1,"26, agreement, climat, co2, dkk"
9,,14,"3, comput, quantum, electr, municip"
9,,1,"31, price, zone, center, data"
9,,12,"32, microgrid, water, rvv, energi"
9,,10,"35, materi, 111, million, dkk"
9,,3,"38, fund, receiv, energi, compani"
9,,8,"42, energi, ptx, heat, risk"
9,,7,"44, system, climat, sector, trigener"
9,,3,"47, heat, ga, rvv, climat"
9,,2,"48, labor, emiss, co2, climat"
9,,2,"6, cool, system, control, hvdc"
9,,6,Noise
9,,7,"0, hydrogen, energi, bornholm, power"
9,,14,"15, develop, energi, electr, project"
9,,2,"16, dkk, energi, billion, project"
9,,10,"18, electr, tax, project, energi"
9,,3,"24, hydrogen, budget, social, reactor"
9,,4,"25, hydrogen, power, compani, nuclear"
9,,1,"26, agreement, climat, co2, dkk"
9,,14,"3, comput, quantum, electr, municip"
9,,1,"31, price, zone, center, data"
9,,12,"32, microgrid, water, rvv, energi"
9,,10,"35, materi, 111, million, dkk"
9,,3,"38, fund, receiv, energi, compani"
9,,8,"42, energi, ptx, heat, risk"
9,,7,"44, system, climat, sector, trigener"
9,,3,"47, heat, ga, rvv, climat"
9,,2,"48, labor, emiss, co2, climat"
9,,2,"6, cool, system, control, hvdc"
9,,6,Noise
1,,5,"0, hydrogen, energi, bornholm, power"
1,,8,"11, offshor, wind, park, busi"
1,,14,"13, grid, offshor, wind, bornholm"
1,,8,"19, energi, island, area, wind"
1,,8,"2, wind, energi, island, offshor"
1,,13,"22, guard, wind, offshor, farm"
1,,6,"23, bornholm, thoma, wind, say"
1,,2,"25, hydrogen, power, compani, nuclear"
1,,10,"28, municip, grid, offshor, wermelin"
1,,7,"30, wind, turbin, offshor, energi"
1,,4,"36, island, energi, wind, sea"
1,,1,"37, grid, wave, kelvin, power"
1,,4,"39, uniti, list, offshor, grid"
1,,7,"5, light, grid, power, offshor"
1,,13,"9, island, bornholm, energi, offshor"
1,,5,"0, hydrogen, energi, bornholm, power"
1,,8,"11, offshor, wind, park, busi"
1,,14,"13, grid, offshor, wind, bornholm"
1,,8,"19, energi, island, area, wind"
1,,8,"2, wind, energi, island, offshor"
1,,13,"22, guard, wind, offshor, farm"
1,,6,"23, bornholm, thoma, wind, say"
1,,2,"25, hydrogen, power, compani, nuclear"
1,,10,"28, municip, grid, offshor, wermelin"
1,,7,"30, wind, turbin, offshor, energi"
1,,4,"36, island, energi, wind, sea"
1,,1,"37, grid, wave, kelvin, power"
1,,4,"39, uniti, list, offshor, grid"
1,,7,"5, light, grid, power, offshor"
1,,13,"9, island, bornholm, energi, offshor"
1,,5,"0, hydrogen, energi, bornholm, power"
1,,8,"11, offshor, wind, park, busi"
1,,14,"13, grid, offshor, wind, bornholm"
1,,8,"19, energi, island, area, wind"
1,,8,"2, wind, energi, island, offshor"
1,,13,"22, guard, wind, offshor, farm"
1,,6,"23, bornholm, thoma, wind, say"
1,,2,"25, hydrogen, power, compani, nuclear"
1,,10,"28, municip, grid, offshor, wermelin"
1,,7,"30, wind, turbin, offshor, energi"
1,,4,"36, island, energi, wind, sea"
1,,1,"37, grid, wave, kelvin, power"
1,,4,"39, uniti, list, offshor, grid"
1,,7,"5, light, grid, power, offshor"
1,,13,"9, island, bornholm, energi, offshor"
1,,5,"0, hydrogen, energi, bornholm, power"
1,,8,"11, offshor, wind, park, busi"
1,,14,"13, grid, offshor, wind, bornholm"
1,,8,"19, energi, island, area, wind"
1,,8,"2, wind, energi, island, offshor"
1,,13,"22, guard, wind, offshor, farm"
1,,6,"23, bornholm, thoma, wind, say"
1,,2,"25, hydrogen, power, compani, nuclear"
1,,10,"28, municip, grid, offshor, wermelin"
1,,7,"30, wind, turbin, offshor, energi"
1,,4,"36, island, energi, wind, sea"
1,,1,"37, grid, wave, kelvin, power"
1,,4,"39, uniti, list, offshor, grid"
1,,7,"5, light, grid, power, offshor"
1,,13,"9, island, bornholm, energi, offshor"
1,,5,"0, hydrogen, energi, bornholm, power"
1,,8,"11, offshor, wind, park, busi"
1,,14,"13, grid, offshor, wind, bornholm"
1,,8,"19, energi, island, area, wind"
1,,8,"2, wind, energi, island, offshor"
1,,13,"22, guard, wind, offshor, farm"
1,,6,"23, bornholm, thoma, wind, say"
1,,2,"25, hydrogen, power, compani, nuclear"
1,,10,"28, municip, grid, offshor, wermelin"
1,,7,"30, wind, turbin, offshor, energi"
1,,4,"36, island, energi, wind, sea"
1,,1,"37, grid, wave, kelvin, power"
1,,4,"39, uniti, list, offshor, grid"
1,,7,"5, light, grid, power, offshor"
1,,13,"9, island, bornholm, energi, offshor"
1,,5,"0, hydrogen, energi, bornholm, power"
1,,8,"11, offshor, wind, park, busi"
1,,14,"13, grid, offshor, wind, bornholm"
1,,8,"19, energi, island, area, wind"
1,,8,"2, wind, energi, island, offshor"
1,,13,"22, guard, wind, offshor, farm"
1,,6,"23, bornholm, thoma, wind, say"
1,,2,"25, hydrogen, power, compani, nuclear"
1,,10,"28, municip, grid, offshor, wermelin"
1,,7,"30, wind, turbin, offshor, energi"
1,,4,"36, island, energi, wind, sea"
1,,1,"37, grid, wave, kelvin, power"
1,,4,"39, uniti, list, offshor, grid"
1,,7,"5, light, grid, power, offshor"
1,,13,"9, island, bornholm, energi, offshor"
1,,5,"0, hydrogen, energi, bornholm, power"
1,,8,"11, offshor, wind, park, busi"
1,,14,"13, grid, offshor, wind, bornholm"
1,,8,"19, energi, island, area, wind"
1,,8,"2, wind, energi, island, offshor"
1,,13,"22, guard, wind, offshor, farm"
1,,6,"23, bornholm, thoma, wind, say"
1,,2,"25, hydrogen, power, compani, nuclear"
1,,10,"28, municip, grid, offshor, wermelin"
1,,7,"30, wind, turbin, offshor, energi"
1,,4,"36, island, energi, wind, sea"
1,,1,"37, grid, wave, kelvin, power"
1,,4,"39, uniti, list, offshor, grid"
1,,7,"5, light, grid, power, offshor"
1,,13,"9, island, bornholm, energi, offshor"
1,,5,"0, hydrogen, energi, bornholm, power"
1,,8,"11, offshor, wind, park, busi"
1,,14,"13, grid, offshor, wind, bornholm"
1,,8,"19, energi, island, area, wind"
1,,8,"2, wind, energi, island, offshor"
1,,13,"22, guard, wind, offshor, farm"
1,,6,"23, bornholm, thoma, wind, say"
1,,2,"25, hydrogen, power, compani, nuclear"
1,,10,"28, municip, grid, offshor, wermelin"
1,,7,"30, wind, turbin, offshor, energi"
1,,4,"36, island, energi, wind, sea"
1,,1,"37, grid, wave, kelvin, power"
1,,4,"39, uniti, list, offshor, grid"
1,,7,"5, light, grid, power, offshor"
1,,13,"9, island, bornholm, energi, offshor"
1,,5,"0, hydrogen, energi, bornholm, power"
1,,8,"11, offshor, wind, park, busi"
1,,14,"13, grid, offshor, wind, bornholm"
1,,8,"19, energi, island, area, wind"
1,,8,"2, wind, energi, island, offshor"
1,,13,"22, guard, wind, offshor, farm"
1,,6,"23, bornholm, thoma, wind, say"
1,,2,"25, hydrogen, power, compani, nuclear"
1,,10,"28, municip, grid, offshor, wermelin"
1,,7,"30, wind, turbin, offshor, energi"
1,,4,"36, island, energi, wind, sea"
1,,1,"37, grid, wave, kelvin, power"
1,,4,"39, uniti, list, offshor, grid"
1,,7,"5, light, grid, power, offshor"
1,,13,"9, island, bornholm, energi, offshor"
1,,5,"0, hydrogen, energi, bornholm, power"
1,,8,"11, offshor, wind, park, busi"
1,,14,"13, grid, offshor, wind, bornholm"
1,,8,"19, energi, island, area, wind"
1,,8,"2, wind, energi, island, offshor"
1,,13,"22, guard, wind, offshor, farm"
1,,6,"23, bornholm, thoma, wind, say"
1,,2,"25, hydrogen, power, compani, nuclear"
1,,10,"28, municip, grid, offshor, wermelin"
1,,7,"30, wind, turbin, offshor, energi"
1,,4,"36, island, energi, wind, sea"
1,,1,"37, grid, wave, kelvin, power"
1,,4,"39, uniti, list, offshor, grid"
1,,7,"5, light, grid, power, offshor"
1,,13,"9, island, bornholm, energi, offshor"
1,,5,"0, hydrogen, energi, bornholm, power"
1,,8,"11, offshor, wind, park, busi"
1,,14,"13, grid, offshor, wind, bornholm"
1,,8,"19, energi, island, area, wind"
1,,8,"2, wind, energi, island, offshor"
1,,13,"22, guard, wind, offshor, farm"
1,,6,"23, bornholm, thoma, wind, say"
1,,2,"25, hydrogen, power, compani, nuclear"
1,,10,"28, municip, grid, offshor, wermelin"
1,,7,"30, wind, turbin, offshor, energi"
1,,4,"36, island, energi, wind, sea"
1,,1,"37, grid, wave, kelvin, power"
1,,4,"39, uniti, list, offshor, grid"
1,,7,"5, light, grid, power, offshor"
1,,13,"9, island, bornholm, energi, offshor"
1,,5,"0, hydrogen, energi, bornholm, power"
1,,8,"11, offshor, wind, park, busi"
1,,14,"13, grid, offshor, wind, bornholm"
1,,8,"19, energi, island, area, wind"
1,,8,"2, wind, energi, island, offshor"
1,,13,"22, guard, wind, offshor, farm"
1,,6,"23, bornholm, thoma, wind, say"
1,,2,"25, hydrogen, power, compani, nuclear"
1,,10,"28, municip, grid, offshor, wermelin"
1,,7,"30, wind, turbin, offshor, energi"
1,,4,"36, island, energi, wind, sea"
1,,1,"37, grid, wave, kelvin, power"
1,,4,"39, uniti, list, offshor, grid"
1,,7,"5, light, grid, power, offshor"
1,,13,"9, island, bornholm, energi, offshor"
1,,5,"0, hydrogen, energi, bornholm, power"
1,,8,"11, offshor, wind, park, busi"
1,,14,"13, grid, offshor, wind, bornholm"
1,,8,"19, energi, island, area, wind"
1,,8,"2, wind, energi, island, offshor"
1,,13,"22, guard, wind, offshor, farm"
1,,6,"23, bornholm, thoma, wind, say"
1,,2,"25, hydrogen, power, compani, nuclear"
1,,10,"28, municip, grid, offshor, wermelin"
1,,7,"30, wind, turbin, offshor, energi"
1,,4,"36, island, energi, wind, sea"
1,,1,"37, grid, wave, kelvin, power"
1,,4,"39, uniti, list, offshor, grid"
1,,7,"5, light, grid, power, offshor"
1,,13,"9, island, bornholm, energi, offshor"
1,,5,"0, hydrogen, energi, bornholm, power"
1,,8,"11, offshor, wind, park, busi"
1,,14,"13, grid, offshor, wind, bornholm"
1,,8,"19, energi, island, area, wind"
1,,8,"2, wind, energi, island, offshor"
1,,13,"22, guard, wind, offshor, farm"
1,,6,"23, bornholm, thoma, wind, say"
1,,2,"25, hydrogen, power, compani, nuclear"
1,,10,"28, municip, grid, offshor, wermelin"
1,,7,"30, wind, turbin, offshor, energi"
1,,4,"36, island, energi, wind, sea"
1,,1,"37, grid, wave, kelvin, power"
1,,4,"39, uniti, list, offshor, grid"
1,,7,"5, light, grid, power, offshor"
1,,13,"9, island, bornholm, energi, offshor"
1,,5,"0, hydrogen, energi, bornholm, power"
1,,8,"11, offshor, wind, park, busi"
1,,14,"13, grid, offshor, wind, bornholm"
1,,8,"19, energi, island, area, wind"
1,,8,"2, wind, energi, island, offshor"
1,,13,"22, guard, wind, offshor, farm"
1,,6,"23, bornholm, thoma, wind, say"
1,,2,"25, hydrogen, power, compani, nuclear"
1,,10,"28, municip, grid, offshor, wermelin"
1,,7,"30, wind, turbin, offshor, energi"
1,,4,"36, island, energi, wind, sea"
1,,1,"37, grid, wave, kelvin, power"
1,,4,"39, uniti, list, offshor, grid"
1,,7,"5, light, grid, power, offshor"
1,,13,"9, island, bornholm, energi, offshor"
1,,5,"0, hydrogen, energi, bornholm, power"
1,,8,"11, offshor, wind, park, busi"
1,,14,"13, grid, offshor, wind, bornholm"
1,,8,"19, energi, island, area, wind"
1,,8,"2, wind, energi, island, offshor"
1,,13,"22, guard, wind, offshor, farm"
1,,6,"23, bornholm, thoma, wind, say"
1,,2,"25, hydrogen, power, compani, nuclear"
1,,10,"28, municip, grid, offshor, wermelin"
1,,7,"30, wind, turbin, offshor, energi"
1,,4,"36, island, energi, wind, sea"
1,,1,"37, grid, wave, kelvin, power"
1,,4,"39, uniti, list, offshor, grid"
1,,7,"5, light, grid, power, offshor"
1,,13,"9, island, bornholm, energi, offshor"
1,,5,"0, hydrogen, energi, bornholm, power"
1,,8,"11, offshor, wind, park, busi"
1,,14,"13, grid, offshor, wind, bornholm"
1,,8,"19, energi, island, area, wind"
1,,8,"2, wind, energi, island, offshor"
1,,13,"22, guard, wind, offshor, farm"
1,,6,"23, bornholm, thoma, wind, say"
1,,2,"25, hydrogen, power, compani, nuclear"
1,,10,"28, municip, grid, offshor, wermelin"
1,,7,"30, wind, turbin, offshor, energi"
1,,4,"36, island, energi, wind, sea"
1,,1,"37, grid, wave, kelvin, power"
1,,4,"39, uniti, list, offshor, grid"
1,,7,"5, light, grid, power, offshor"
1,,13,"9, island, bornholm, energi, offshor"
1,,5,"0, hydrogen, energi, bornholm, power"
1,,8,"11, offshor, wind, park, busi"
1,,14,"13, grid, offshor, wind, bornholm"
1,,8,"19, energi, island, area, wind"
1,,8,"2, wind, energi, island, offshor"
1,,13,"22, guard, wind, offshor, farm"
1,,6,"23, bornholm, thoma, wind, say"
1,,2,"25, hydrogen, power, compani, nuclear"
1,,10,"28, municip, grid, offshor, wermelin"
1,,7,"30, wind, turbin, offshor, energi"
1,,4,"36, island, energi, wind, sea"
1,,1,"37, grid, wave, kelvin, power"
1,,4,"39, uniti, list, offshor, grid"
1,,7,"5, light, grid, power, offshor"
1,,13,"9, island, bornholm, energi, offshor"
1,,5,"0, hydrogen, energi, bornholm, power"
1,,8,"11, offshor, wind, park, busi"
1,,14,"13, grid, offshor, wind, bornholm"
1,,8,"19, energi, island, area, wind"
1,,8,"2, wind, energi, island, offshor"
1,,13,"22, guard, wind, offshor, farm"
1,,6,"23, bornholm, thoma, wind, say"
1,,2,"25, hydrogen, power, compani, nuclear"
1,,10,"28, municip, grid, offshor, wermelin"
1,,7,"30, wind, turbin, offshor, energi"
1,,4,"36, island, energi, wind, sea"
1,,1,"37, grid, wave, kelvin, power"
1,,4,"39, uniti, list, offshor, grid"
1,,7,"5, light, grid, power, offshor"
1,,13,"9, island, bornholm, energi, offshor"
1,,5,"0, hydrogen, energi, bornholm, power"
1,,8,"11, offshor, wind, park, busi"
1,,14,"13, grid, offshor, wind, bornholm"
1,,8,"19, energi, island, area, wind"
1,,8,"2, wind, energi, island, offshor"
1,,13,"22, guard, wind, offshor, farm"
1,,6,"23, bornholm, thoma, wind, say"
1,,2,"25, hydrogen, power, compani, nuclear"
1,,10,"28, municip, grid, offshor, wermelin"
1,,7,"30, wind, turbin, offshor, energi"
1,,4,"36, island, energi, wind, sea"
1,,1,"37, grid, wave, kelvin, power"
1,,4,"39, uniti, list, offshor, grid"
1,,7,"5, light, grid, power, offshor"
1,,13,"9, island, bornholm, energi, offshor"
1,,5,"0, hydrogen, energi, bornholm, power"
1,,8,"11, offshor, wind, park, busi"
1,,14,"13, grid, offshor, wind, bornholm"
1,,8,"19, energi, island, area, wind"
1,,8,"2, wind, energi, island, offshor"
1,,13,"22, guard, wind, offshor, farm"
1,,6,"23, bornholm, thoma, wind, say"
1,,2,"25, hydrogen, power, compani, nuclear"
1,,10,"28, municip, grid, offshor, wermelin"
1,,7,"30, wind, turbin, offshor, energi"
1,,4,"36, island, energi, wind, sea"
1,,1,"37, grid, wave, kelvin, power"
1,,4,"39, uniti, list, offshor, grid"
1,,7,"5, light, grid, power, offshor"
1,,13,"9, island, bornholm, energi, offshor"
1,,5,"0, hydrogen, energi, bornholm, power"
1,,8,"11, offshor, wind, park, busi"
1,,14,"13, grid, offshor, wind, bornholm"
1,,8,"19, energi, island, area, wind"
1,,8,"2, wind, energi, island, offshor"
1,,13,"22, guard, wind, offshor, farm"
1,,6,"23, bornholm, thoma, wind, say"
1,,2,"25, hydrogen, power, compani, nuclear"
1,,10,"28, municip, grid, offshor, wermelin"
1,,7,"30, wind, turbin, offshor, energi"
1,,4,"36, island, energi, wind, sea"
1,,1,"37, grid, wave, kelvin, power"
1,,4,"39, uniti, list, offshor, grid"
1,,7,"5, light, grid, power, offshor"
1,,13,"9, island, bornholm, energi, offshor"
1,,5,"0, hydrogen, energi, bornholm, power"
1,,8,"11, offshor, wind, park, busi"
1,,14,"13, grid, offshor, wind, bornholm"
1,,8,"19, energi, island, area, wind"
1,,8,"2, wind, energi, island, offshor"
1,,13,"22, guard, wind, offshor, farm"
1,,6,"23, bornholm, thoma, wind, say"
1,,2,"25, hydrogen, power, compani, nuclear"
1,,10,"28, municip, grid, offshor, wermelin"
1,,7,"30, wind, turbin, offshor, energi"
1,,4,"36, island, energi, wind, sea"
1,,1,"37, grid, wave, kelvin, power"
1,,4,"39, uniti, list, offshor, grid"
1,,7,"5, light, grid, power, offshor"
1,,13,"9, island, bornholm, energi, offshor"
1,,5,"0, hydrogen, energi, bornholm, power"
1,,8,"11, offshor, wind, park, busi"
1,,14,"13, grid, offshor, wind, bornholm"
1,,8,"19, energi, island, area, wind"
1,,8,"2, wind, energi, island, offshor"
1,,13,"22, guard, wind, offshor, farm"
1,,6,"23, bornholm, thoma, wind, say"
1,,2,"25, hydrogen, power, compani, nuclear"
1,,10,"28, municip, grid, offshor, wermelin"
1,,7,"30, wind, turbin, offshor, energi"
1,,4,"36, island, energi, wind, sea"
1,,1,"37, grid, wave, kelvin, power"
1,,4,"39, uniti, list, offshor, grid"
1,,7,"5, light, grid, power, offshor"
1,,13,"9, island, bornholm, energi, offshor"
1,,5,"0, hydrogen, energi, bornholm, power"
1,,8,"11, offshor, wind, park, busi"
1,,14,"13, grid, offshor, wind, bornholm"
1,,8,"19, energi, island, area, wind"
1,,8,"2, wind, energi, island, offshor"
1,,13,"22, guard, wind, offshor, farm"
1,,6,"23, bornholm, thoma, wind, say"
1,,2,"25, hydrogen, power, compani, nuclear"
1,,10,"28, municip, grid, offshor, wermelin"
1,,7,"30, wind, turbin, offshor, energi"
1,,4,"36, island, energi, wind, sea"
1,,1,"37, grid, wave, kelvin, power"
1,,4,"39, uniti, list, offshor, grid"
1,,7,"5, light, grid, power, offshor"
1,,13,"9, island, bornholm, energi, offshor"
1,,5,"0, hydrogen, energi, bornholm, power"
1,,8,"11, offshor, wind, park, busi"
1,,14,"13, grid, offshor, wind, bornholm"
1,,8,"19, energi, island, area, wind"
1,,8,"2, wind, energi, island, offshor"
1,,13,"22, guard, wind, offshor, farm"
1,,6,"23, bornholm, thoma, wind, say"
1,,2,"25, hydrogen, power, compani, nuclear"
1,,10,"28, municip, grid, offshor, wermelin"
1,,7,"30, wind, turbin, offshor, energi"
1,,4,"36, island, energi, wind, sea"
1,,1,"37, grid, wave, kelvin, power"
1,,4,"39, uniti, list, offshor, grid"
1,,7,"5, light, grid, power, offshor"
1,,13,"9, island, bornholm, energi, offshor"
1,,5,"0, hydrogen, energi, bornholm, power"
1,,8,"11, offshor, wind, park, busi"
1,,14,"13, grid, offshor, wind, bornholm"
1,,8,"19, energi, island, area, wind"
1,,8,"2, wind, energi, island, offshor"
1,,13,"22, guard, wind, offshor, farm"
1,,6,"23, bornholm, thoma, wind, say"
1,,2,"25, hydrogen, power, compani, nuclear"
1,,10,"28, municip, grid, offshor, wermelin"
1,,7,"30, wind, turbin, offshor, energi"
1,,4,"36, island, energi, wind, sea"
1,,1,"37, grid, wave, kelvin, power"
1,,4,"39, uniti, list, offshor, grid"
1,,7,"5, light, grid, power, offshor"
1,,13,"9, island, bornholm, energi, offshor"
1,,5,"0, hydrogen, energi, bornholm, power"
1,,8,"11, offshor, wind, park, busi"
1,,14,"13, grid, offshor, wind, bornholm"
1,,8,"19, energi, island, area, wind"
1,,8,"2, wind, energi, island, offshor"
1,,13,"22, guard, wind, offshor, farm"
1,,6,"23, bornholm, thoma, wind, say"
1,,2,"25, hydrogen, power, compani, nuclear"
1,,10,"28, municip, grid, offshor, wermelin"
1,,7,"30, wind, turbin, offshor, energi"
1,,4,"36, island, energi, wind, sea"
1,,1,"37, grid, wave, kelvin, power"
1,,4,"39, uniti, list, offshor, grid"
1,,7,"5, light, grid, power, offshor"
1,,13,"9, island, bornholm, energi, offshor"
1,,5,"0, hydrogen, energi, bornholm, power"
1,,8,"11, offshor, wind, park, busi"
1,,14,"13, grid, offshor, wind, bornholm"
1,,8,"19, energi, island, area, wind"
1,,8,"2, wind, energi, island, offshor"
1,,13,"22, guard, wind, offshor, farm"
1,,6,"23, bornholm, thoma, wind, say"
1,,2,"25, hydrogen, power, compani, nuclear"
1,,10,"28, municip, grid, offshor, wermelin"
1,,7,"30, wind, turbin, offshor, energi"
1,,4,"36, island, energi, wind, sea"
1,,1,"37, grid, wave, kelvin, power"
1,,4,"39, uniti, list, offshor, grid"
1,,7,"5, light, grid, power, offshor"
1,,13,"9, island, bornholm, energi, offshor"
1,,5,"0, hydrogen, energi, bornholm, power"
1,,8,"11, offshor, wind, park, busi"
1,,14,"13, grid, offshor, wind, bornholm"
1,,8,"19, energi, island, area, wind"
1,,8,"2, wind, energi, island, offshor"
1,,13,"22, guard, wind, offshor, farm"
1,,6,"23, bornholm, thoma, wind, say"
1,,2,"25, hydrogen, power, compani, nuclear"
1,,10,"28, municip, grid, offshor, wermelin"
1,,7,"30, wind, turbin, offshor, energi"
1,,4,"36, island, energi, wind, sea"
1,,1,"37, grid, wave, kelvin, power"
1,,4,"39, uniti, list, offshor, grid"
1,,7,"5, light, grid, power, offshor"
1,,13,"9, island, bornholm, energi, offshor"
1,,5,"0, hydrogen, energi, bornholm, power"
1,,8,"11, offshor, wind, park, busi"
1,,14,"13, grid, offshor, wind, bornholm"
1,,8,"19, energi, island, area, wind"
1,,8,"2, wind, energi, island, offshor"
1,,13,"22, guard, wind, offshor, farm"
1,,6,"23, bornholm, thoma, wind, say"
1,,2,"25, hydrogen, power, compani, nuclear"
1,,10,"28, municip, grid, offshor, wermelin"
1,,7,"30, wind, turbin, offshor, energi"
1,,4,"36, island, energi, wind, sea"
1,,1,"37, grid, wave, kelvin, power"
1,,4,"39, uniti, list, offshor, grid"
1,,7,"5, light, grid, power, offshor"
1,,13,"9, island, bornholm, energi, offshor"
1,,5,"0, hydrogen, energi, bornholm, power"
1,,8,"11, offshor, wind, park, busi"
1,,14,"13, grid, offshor, wind, bornholm"
1,,8,"19, energi, island, area, wind"
1,,8,"2, wind, energi, island, offshor"
1,,13,"22, guard, wind, offshor, farm"
1,,6,"23, bornholm, thoma, wind, say"
1,,2,"25, hydrogen, power, compani, nuclear"
1,,10,"28, municip, grid, offshor, wermelin"
1,,7,"30, wind, turbin, offshor, energi"
1,,4,"36, island, energi, wind, sea"
1,,1,"37, grid, wave, kelvin, power"
1,,4,"39, uniti, list, offshor, grid"
1,,7,"5, light, grid, power, offshor"
1,,13,"9, island, bornholm, energi, offshor"
1,,5,"0, hydrogen, energi, bornholm, power"
1,,8,"11, offshor, wind, park, busi"
1,,14,"13, grid, offshor, wind, bornholm"
1,,8,"19, energi, island, area, wind"
1,,8,"2, wind, energi, island, offshor"
1,,13,"22, guard, wind, offshor, farm"
1,,6,"23, bornholm, thoma, wind, say"
1,,2,"25, hydrogen, power, compani, nuclear"
1,,10,"28, municip, grid, offshor, wermelin"
1,,7,"30, wind, turbin, offshor, energi"
1,,4,"36, island, energi, wind, sea"
1,,1,"37, grid, wave, kelvin, power"
1,,4,"39, uniti, list, offshor, grid"
1,,7,"5, light, grid, power, offshor"
1,,13,"9, island, bornholm, energi, offshor"
1,,5,"0, hydrogen, energi, bornholm, power"
1,,8,"11, offshor, wind, park, busi"
1,,14,"13, grid, offshor, wind, bornholm"
1,,8,"19, energi, island, area, wind"
1,,8,"2, wind, energi, island, offshor"
1,,13,"22, guard, wind, offshor, farm"
1,,6,"23, bornholm, thoma, wind, say"
1,,2,"25, hydrogen, power, compani, nuclear"
1,,10,"28, municip, grid, offshor, wermelin"
1,,7,"30, wind, turbin, offshor, energi"
1,,4,"36, island, energi, wind, sea"
1,,1,"37, grid, wave, kelvin, power"
1,,4,"39, uniti, list, offshor, grid"
1,,7,"5, light, grid, power, offshor"
1,,13,"9, island, bornholm, energi, offshor"
1,,5,"0, hydrogen, energi, bornholm, power"
1,,8,"11, offshor, wind, park, busi"
1,,14,"13, grid, offshor, wind, bornholm"
1,,8,"19, energi, island, area, wind"
1,,8,"2, wind, energi, island, offshor"
1,,13,"22, guard, wind, offshor, farm"
1,,6,"23, bornholm, thoma, wind, say"
1,,2,"25, hydrogen, power, compani, nuclear"
1,,10,"28, municip, grid, offshor, wermelin"
1,,7,"30, wind, turbin, offshor, energi"
1,,4,"36, island, energi, wind, sea"
1,,1,"37, grid, wave, kelvin, power"
1,,4,"39, uniti, list, offshor, grid"
1,,7,"5, light, grid, power, offshor"
1,,13,"9, island, bornholm, energi, offshor"
1,,5,"0, hydrogen, energi, bornholm, power"
1,,8,"11, offshor, wind, park, busi"
1,,14,"13, grid, offshor, wind, bornholm"
1,,8,"19, energi, island, area, wind"
1,,8,"2, wind, energi, island, offshor"
1,,13,"22, guard, wind, offshor, farm"
1,,6,"23, bornholm, thoma, wind, say"
1,,2,"25, hydrogen, power, compani, nuclear"
1,,10,"28, municip, grid, offshor, wermelin"
1,,7,"30, wind, turbin, offshor, energi"
1,,4,"36, island, energi, wind, sea"
1,,1,"37, grid, wave, kelvin, power"
1,,4,"39, uniti, list, offshor, grid"
1,,7,"5, light, grid, power, offshor"
1,,13,"9, island, bornholm, energi, offshor"
1,,5,"0, hydrogen, energi, bornholm, power"
1,,8,"11, offshor, wind, park, busi"
1,,14,"13, grid, offshor, wind, bornholm"
1,,8,"19, energi, island, area, wind"
1,,8,"2, wind, energi, island, offshor"
1,,13,"22, guard, wind, offshor, farm"
1,,6,"23, bornholm, thoma, wind, say"
1,,2,"25, hydrogen, power, compani, nuclear"
1,,10,"28, municip, grid, offshor, wermelin"
1,,7,"30, wind, turbin, offshor, energi"
1,,4,"36, island, energi, wind, sea"
1,,1,"37, grid, wave, kelvin, power"
1,,4,"39, uniti, list, offshor, grid"
1,,7,"5, light, grid, power, offshor"
1,,13,"9, island, bornholm, energi, offshor"
1,,5,"0, hydrogen, energi, bornholm, power"
1,,8,"11, offshor, wind, park, busi"
1,,14,"13, grid, offshor, wind, bornholm"
1,,8,"19, energi, island, area, wind"
1,,8,"2, wind, energi, island, offshor"
1,,13,"22, guard, wind, offshor, farm"
1,,6,"23, bornholm, thoma, wind, say"
1,,2,"25, hydrogen, power, compani, nuclear"
1,,10,"28, municip, grid, offshor, wermelin"
1,,7,"30, wind, turbin, offshor, energi"
1,,4,"36, island, energi, wind, sea"
1,,1,"37, grid, wave, kelvin, power"
1,,4,"39, uniti, list, offshor, grid"
1,,7,"5, light, grid, power, offshor"
1,,13,"9, island, bornholm, energi, offshor"
1,,5,"0, hydrogen, energi, bornholm, power"
1,,8,"11, offshor, wind, park, busi"
1,,14,"13, grid, offshor, wind, bornholm"
1,,8,"19, energi, island, area, wind"
1,,8,"2, wind, energi, island, offshor"
1,,13,"22, guard, wind, offshor, farm"
1,,6,"23, bornholm, thoma, wind, say"
1,,2,"25, hydrogen, power, compani, nuclear"
1,,10,"28, municip, grid, offshor, wermelin"
1,,7,"30, wind, turbin, offshor, energi"
1,,4,"36, island, energi, wind, sea"
1,,1,"37, grid, wave, kelvin, power"
1,,4,"39, uniti, list, offshor, grid"
1,,7,"5, light, grid, power, offshor"
1,,13,"9, island, bornholm, energi, offshor"
1,,5,"0, hydrogen, energi, bornholm, power"
1,,8,"11, offshor, wind, park, busi"
1,,14,"13, grid, offshor, wind, bornholm"
1,,8,"19, energi, island, area, wind"
1,,8,"2, wind, energi, island, offshor"
1,,13,"22, guard, wind, offshor, farm"
1,,6,"23, bornholm, thoma, wind, say"
1,,2,"25, hydrogen, power, compani, nuclear"
1,,10,"28, municip, grid, offshor, wermelin"
1,,7,"30, wind, turbin, offshor, energi"
1,,4,"36, island, energi, wind, sea"
1,,1,"37, grid, wave, kelvin, power"
1,,4,"39, uniti, list, offshor, grid"
1,,7,"5, light, grid, power, offshor"
1,,13,"9, island, bornholm, energi, offshor"
1,,5,"0, hydrogen, energi, bornholm, power"
1,,8,"11, offshor, wind, park, busi"
1,,14,"13, grid, offshor, wind, bornholm"
1,,8,"19, energi, island, area, wind"
1,,8,"2, wind, energi, island, offshor"
1,,13,"22, guard, wind, offshor, farm"
1,,6,"23, bornholm, thoma, wind, say"
1,,2,"25, hydrogen, power, compani, nuclear"
1,,10,"28, municip, grid, offshor, wermelin"
1,,7,"30, wind, turbin, offshor, energi"
1,,4,"36, island, energi, wind, sea"
1,,1,"37, grid, wave, kelvin, power"
1,,4,"39, uniti, list, offshor, grid"
1,,7,"5, light, grid, power, offshor"
1,,13,"9, island, bornholm, energi, offshor"
1,,5,"0, hydrogen, energi, bornholm, power"
1,,8,"11, offshor, wind, park, busi"
1,,14,"13, grid, offshor, wind, bornholm"
1,,8,"19, energi, island, area, wind"
1,,8,"2, wind, energi, island, offshor"
1,,13,"22, guard, wind, offshor, farm"
1,,6,"23, bornholm, thoma, wind, say"
1,,2,"25, hydrogen, power, compani, nuclear"
1,,10,"28, municip, grid, offshor, wermelin"
1,,7,"30, wind, turbin, offshor, energi"
1,,4,"36, island, energi, wind, sea"
1,,1,"37, grid, wave, kelvin, power"
1,,4,"39, uniti, list, offshor, grid"
1,,7,"5, light, grid, power, offshor"
1,,13,"9, island, bornholm, energi, offshor"
1,,5,"0, hydrogen, energi, bornholm, power"
1,,8,"11, offshor, wind, park, busi"
1,,14,"13, grid, offshor, wind, bornholm"
1,,8,"19, energi, island, area, wind"
1,,8,"2, wind, energi, island, offshor"
1,,13,"22, guard, wind, offshor, farm"
1,,6,"23, bornholm, thoma, wind, say"
1,,2,"25, hydrogen, power, compani, nuclear"
1,,10,"28, municip, grid, offshor, wermelin"
1,,7,"30, wind, turbin, offshor, energi"
1,,4,"36, island, energi, wind, sea"
1,,1,"37, grid, wave, kelvin, power"
1,,4,"39, uniti, list, offshor, grid"
1,,7,"5, light, grid, power, offshor"
1,,13,"9, island, bornholm, energi, offshor"
1,,5,"0, hydrogen, energi, bornholm, power"
1,,8,"11, offshor, wind, park, busi"
1,,14,"13, grid, offshor, wind, bornholm"
1,,8,"19, energi, island, area, wind"
1,,8,"2, wind, energi, island, offshor"
1,,13,"22, guard, wind, offshor, farm"
1,,6,"23, bornholm, thoma, wind, say"
1,,2,"25, hydrogen, power, compani, nuclear"
1,,10,"28, municip, grid, offshor, wermelin"
1,,7,"30, wind, turbin, offshor, energi"
1,,4,"36, island, energi, wind, sea"
1,,1,"37, grid, wave, kelvin, power"
1,,4,"39, uniti, list, offshor, grid"
1,,7,"5, light, grid, power, offshor"
1,,13,"9, island, bornholm, energi, offshor"
1,,5,"0, hydrogen, energi, bornholm, power"
1,,8,"11, offshor, wind, park, busi"
1,,14,"13, grid, offshor, wind, bornholm"
1,,8,"19, energi, island, area, wind"
1,,8,"2, wind, energi, island, offshor"
1,,13,"22, guard, wind, offshor, farm"
1,,6,"23, bornholm, thoma, wind, say"
1,,2,"25, hydrogen, power, compani, nuclear"
1,,10,"28, municip, grid, offshor, wermelin"
1,,7,"30, wind, turbin, offshor, energi"
1,,4,"36, island, energi, wind, sea"
1,,1,"37, grid, wave, kelvin, power"
1,,4,"39, uniti, list, offshor, grid"
1,,7,"5, light, grid, power, offshor"
1,,13,"9, island, bornholm, energi, offshor"
1,,5,"0, hydrogen, energi, bornholm, power"
1,,8,"11, offshor, wind, park, busi"
1,,14,"13, grid, offshor, wind, bornholm"
1,,8,"19, energi, island, area, wind"
1,,8,"2, wind, energi, island, offshor"
1,,13,"22, guard, wind, offshor, farm"
1,,6,"23, bornholm, thoma, wind, say"
1,,2,"25, hydrogen, power, compani, nuclear"
1,,10,"28, municip, grid, offshor, wermelin"
1,,7,"30, wind, turbin, offshor, energi"
1,,4,"36, island, energi, wind, sea"
1,,1,"37, grid, wave, kelvin, power"
1,,4,"39, uniti, list, offshor, grid"
1,,7,"5, light, grid, power, offshor"
1,,13,"9, island, bornholm, energi, offshor"
1,,5,"0, hydrogen, energi, bornholm, power"
1,,8,"11, offshor, wind, park, busi"
1,,14,"13, grid, offshor, wind, bornholm"
1,,8,"19, energi, island, area, wind"
1,,8,"2, wind, energi, island, offshor"
1,,13,"22, guard, wind, offshor, farm"
1,,6,"23, bornholm, thoma, wind, say"
1,,2,"25, hydrogen, power, compani, nuclear"
1,,10,"28, municip, grid, offshor, wermelin"
1,,7,"30, wind, turbin, offshor, energi"
1,,4,"36, island, energi, wind, sea"
1,,1,"37, grid, wave, kelvin, power"
1,,4,"39, uniti, list, offshor, grid"
1,,7,"5, light, grid, power, offshor"
1,,13,"9, island, bornholm, energi, offshor"
1,,5,"0, hydrogen, energi, bornholm, power"
1,,8,"11, offshor, wind, park, busi"
1,,14,"13, grid, offshor, wind, bornholm"
1,,8,"19, energi, island, area, wind"
1,,8,"2, wind, energi, island, offshor"
1,,13,"22, guard, wind, offshor, farm"
1,,6,"23, bornholm, thoma, wind, say"
1,,2,"25, hydrogen, power, compani, nuclear"
1,,10,"28, municip, grid, offshor, wermelin"
1,,7,"30, wind, turbin, offshor, energi"
1,,4,"36, island, energi, wind, sea"
1,,1,"37, grid, wave, kelvin, power"
1,,4,"39, uniti, list, offshor, grid"
1,,7,"5, light, grid, power, offshor"
1,,13,"9, island, bornholm, energi, offshor"
1,,5,"0, hydrogen, energi, bornholm, power"
1,,8,"11, offshor, wind, park, busi"
1,,14,"13, grid, offshor, wind, bornholm"
1,,8,"19, energi, island, area, wind"
1,,8,"2, wind, energi, island, offshor"
1,,13,"22, guard, wind, offshor, farm"
1,,6,"23, bornholm, thoma, wind, say"
1,,2,"25, hydrogen, power, compani, nuclear"
1,,10,"28, municip, grid, offshor, wermelin"
1,,7,"30, wind, turbin, offshor, energi"
1,,4,"36, island, energi, wind, sea"
1,,1,"37, grid, wave, kelvin, power"
1,,4,"39, uniti, list, offshor, grid"
1,,7,"5, light, grid, power, offshor"
1,,13,"9, island, bornholm, energi, offshor"
1,,5,"0, hydrogen, energi, bornholm, power"
1,,8,"11, offshor, wind, park, busi"
1,,14,"13, grid, offshor, wind, bornholm"
1,,8,"19, energi, island, area, wind"
1,,8,"2, wind, energi, island, offshor"
1,,13,"22, guard, wind, offshor, farm"
1,,6,"23, bornholm, thoma, wind, say"
1,,2,"25, hydrogen, power, compani, nuclear"
1,,10,"28, municip, grid, offshor, wermelin"
1,,7,"30, wind, turbin, offshor, energi"
1,,4,"36, island, energi, wind, sea"
1,,1,"37, grid, wave, kelvin, power"
1,,4,"39, uniti, list, offshor, grid"
1,,7,"5, light, grid, power, offshor"
1,,13,"9, island, bornholm, energi, offshor"
6,,7,"0, hydrogen, energi, bornholm, power"
6,,2,"10, baltic, bornholm, defens, energi"
6,,5,"11, offshor, wind, park, busi"
6,,3,"12, hydrogen, bornholm, busi, powertox"
6,,2,"13, grid, offshor, wind, bornholm"
6,,1,"16, dkk, energi, billion, project"
6,,4,"17, bornholm, debat, say, baltic"
6,,4,"18, electr, tax, project, energi"
6,,7,"19, energi, island, area, wind"
6,,9,"2, wind, energi, island, offshor"
6,,5,"20, convert, hvdc, offshor, grid"
6,,2,"21, energi, wind, offshor, connect"
6,,3,"22, guard, wind, offshor, farm"
6,,5,"23, bornholm, thoma, wind, say"
6,,5,"25, hydrogen, power, compani, nuclear"
6,,1,"26, agreement, climat, co2, dkk"
6,,5,"27, bornholm, land, citizen, plant"
6,,2,"28, municip, grid, offshor, wermelin"
6,,3,"29, island, energi, wind, sea"
6,,3,"3, comput, quantum, electr, municip"
6,,2,"30, wind, turbin, offshor, energi"
6,,1,"31, price, zone, center, data"
6,,1,"33, sage, plan, economi, sren"
6,,3,"34, bornholm, baltic, energi, harbor"
6,,2,"35, materi, 111, million, dkk"
6,,3,"36, island, energi, wind, sea"
6,,2,"38, fund, receiv, energi, compani"
6,,1,"39, uniti, list, offshor, grid"
6,,7,"4, bornholm, sea, area, energi"
6,,1,"40, energi, wind, bornholm, grid"
6,,2,"41, bioga, co2, plant, tonn"
6,,2,"45, offshor, wind, farm, reliabl"
6,,2,"46, bornholm, wind, offshor, energi"
6,,3,"47, heat, ga, rvv, climat"
6,,4,"48, labor, emiss, co2, climat"
6,,2,"5, light, grid, power, offshor"
6,,5,"6, cool, system, control, hvdc"
6,,2,"7, offshor, grid, bornholm, power"
6,,1,"8, wind, offshor, bornholm, mill"
6,,7,"9, island, bornholm, energi, offshor"
6,,2,Noise
6,,7,"0, hydrogen, energi, bornholm, power"
6,,2,"10, baltic, bornholm, defens, energi"
6,,5,"11, offshor, wind, park, busi"
6,,3,"12, hydrogen, bornholm, busi, powertox"
6,,2,"13, grid, offshor, wind, bornholm"
6,,1,"16, dkk, energi, billion, project"
6,,4,"17, bornholm, debat, say, baltic"
6,,4,"18, electr, tax, project, energi"
6,,7,"19, energi, island, area, wind"
6,,9,"2, wind, energi, island, offshor"
6,,5,"20, convert, hvdc, offshor, grid"
6,,2,"21, energi, wind, offshor, connect"
6,,3,"22, guard, wind, offshor, farm"
6,,5,"23, bornholm, thoma, wind, say"
6,,5,"25, hydrogen, power, compani, nuclear"
6,,1,"26, agreement, climat, co2, dkk"
6,,5,"27, bornholm, land, citizen, plant"
6,,2,"28, municip, grid, offshor, wermelin"
6,,3,"29, island, energi, wind, sea"
6,,3,"3, comput, quantum, electr, municip"
6,,2,"30, wind, turbin, offshor, energi"
6,,1,"31, price, zone, center, data"
6,,1,"33, sage, plan, economi, sren"
6,,3,"34, bornholm, baltic, energi, harbor"
6,,2,"35, materi, 111, million, dkk"
6,,3,"36, island, energi, wind, sea"
6,,2,"38, fund, receiv, energi, compani"
6,,1,"39, uniti, list, offshor, grid"
6,,7,"4, bornholm, sea, area, energi"
6,,1,"40, energi, wind, bornholm, grid"
6,,2,"41, bioga, co2, plant, tonn"
6,,2,"45, offshor, wind, farm, reliabl"
6,,2,"46, bornholm, wind, offshor, energi"
6,,3,"47, heat, ga, rvv, climat"
6,,4,"48, labor, emiss, co2, climat"
6,,2,"5, light, grid, power, offshor"
6,,5,"6, cool, system, control, hvdc"
6,,2,"7, offshor, grid, bornholm, power"
6,,1,"8, wind, offshor, bornholm, mill"
6,,7,"9, island, bornholm, energi, offshor"
6,,2,Noise
6,,7,"0, hydrogen, energi, bornholm, power"
6,,2,"10, baltic, bornholm, defens, energi"
6,,5,"11, offshor, wind, park, busi"
6,,3,"12, hydrogen, bornholm, busi, powertox"
6,,2,"13, grid, offshor, wind, bornholm"
6,,1,"16, dkk, energi, billion, project"
6,,4,"17, bornholm, debat, say, baltic"
6,,4,"18, electr, tax, project, energi"
6,,7,"19, energi, island, area, wind"
6,,9,"2, wind, energi, island, offshor"
6,,5,"20, convert, hvdc, offshor, grid"
6,,2,"21, energi, wind, offshor, connect"
6,,3,"22, guard, wind, offshor, farm"
6,,5,"23, bornholm, thoma, wind, say"
6,,5,"25, hydrogen, power, compani, nuclear"
6,,1,"26, agreement, climat, co2, dkk"
6,,5,"27, bornholm, land, citizen, plant"
6,,2,"28, municip, grid, offshor, wermelin"
6,,3,"29, island, energi, wind, sea"
6,,3,"3, comput, quantum, electr, municip"
6,,2,"30, wind, turbin, offshor, energi"
6,,1,"31, price, zone, center, data"
6,,1,"33, sage, plan, economi, sren"
6,,3,"34, bornholm, baltic, energi, harbor"
6,,2,"35, materi, 111, million, dkk"
6,,3,"36, island, energi, wind, sea"
6,,2,"38, fund, receiv, energi, compani"
6,,1,"39, uniti, list, offshor, grid"
6,,7,"4, bornholm, sea, area, energi"
6,,1,"40, energi, wind, bornholm, grid"
6,,2,"41, bioga, co2, plant, tonn"
6,,2,"45, offshor, wind, farm, reliabl"
6,,2,"46, bornholm, wind, offshor, energi"
6,,3,"47, heat, ga, rvv, climat"
6,,4,"48, labor, emiss, co2, climat"
6,,2,"5, light, grid, power, offshor"
6,,5,"6, cool, system, control, hvdc"
6,,2,"7, offshor, grid, bornholm, power"
6,,1,"8, wind, offshor, bornholm, mill"
6,,7,"9, island, bornholm, energi, offshor"
6,,2,Noise
6,,7,"0, hydrogen, energi, bornholm, power"
6,,2,"10, baltic, bornholm, defens, energi"
6,,5,"11, offshor, wind, park, busi"
6,,3,"12, hydrogen, bornholm, busi, powertox"
6,,2,"13, grid, offshor, wind, bornholm"
6,,1,"16, dkk, energi, billion, project"
6,,4,"17, bornholm, debat, say, baltic"
6,,4,"18, electr, tax, project, energi"
6,,7,"19, energi, island, area, wind"
6,,9,"2, wind, energi, island, offshor"
6,,5,"20, convert, hvdc, offshor, grid"
6,,2,"21, energi, wind, offshor, connect"
6,,3,"22, guard, wind, offshor, farm"
6,,5,"23, bornholm, thoma, wind, say"
6,,5,"25, hydrogen, power, compani, nuclear"
6,,1,"26, agreement, climat, co2, dkk"
6,,5,"27, bornholm, land, citizen, plant"
6,,2,"28, municip, grid, offshor, wermelin"
6,,3,"29, island, energi, wind, sea"
6,,3,"3, comput, quantum, electr, municip"
6,,2,"30, wind, turbin, offshor, energi"
6,,1,"31, price, zone, center, data"
6,,1,"33, sage, plan, economi, sren"
6,,3,"34, bornholm, baltic, energi, harbor"
6,,2,"35, materi, 111, million, dkk"
6,,3,"36, island, energi, wind, sea"
6,,2,"38, fund, receiv, energi, compani"
6,,1,"39, uniti, list, offshor, grid"
6,,7,"4, bornholm, sea, area, energi"
6,,1,"40, energi, wind, bornholm, grid"
6,,2,"41, bioga, co2, plant, tonn"
6,,2,"45, offshor, wind, farm, reliabl"
6,,2,"46, bornholm, wind, offshor, energi"
6,,3,"47, heat, ga, rvv, climat"
6,,4,"48, labor, emiss, co2, climat"
6,,2,"5, light, grid, power, offshor"
6,,5,"6, cool, system, control, hvdc"
6,,2,"7, offshor, grid, bornholm, power"
6,,1,"8, wind, offshor, bornholm, mill"
6,,7,"9, island, bornholm, energi, offshor"
6,,2,Noise
6,,7,"0, hydrogen, energi, bornholm, power"
6,,2,"10, baltic, bornholm, defens, energi"
6,,5,"11, offshor, wind, park, busi"
6,,3,"12, hydrogen, bornholm, busi, powertox"
6,,2,"13, grid, offshor, wind, bornholm"
6,,1,"16, dkk, energi, billion, project"
6,,4,"17, bornholm, debat, say, baltic"
6,,4,"18, electr, tax, project, energi"
6,,7,"19, energi, island, area, wind"
6,,9,"2, wind, energi, island, offshor"
6,,5,"20, convert, hvdc, offshor, grid"
6,,2,"21, energi, wind, offshor, connect"
6,,3,"22, guard, wind, offshor, farm"
6,,5,"23, bornholm, thoma, wind, say"
6,,5,"25, hydrogen, power, compani, nuclear"
6,,1,"26, agreement, climat, co2, dkk"
6,,5,"27, bornholm, land, citizen, plant"
6,,2,"28, municip, grid, offshor, wermelin"
6,,3,"29, island, energi, wind, sea"
6,,3,"3, comput, quantum, electr, municip"
6,,2,"30, wind, turbin, offshor, energi"
6,,1,"31, price, zone, center, data"
6,,1,"33, sage, plan, economi, sren"
6,,3,"34, bornholm, baltic, energi, harbor"
6,,2,"35, materi, 111, million, dkk"
6,,3,"36, island, energi, wind, sea"
6,,2,"38, fund, receiv, energi, compani"
6,,1,"39, uniti, list, offshor, grid"
6,,7,"4, bornholm, sea, area, energi"
6,,1,"40, energi, wind, bornholm, grid"
6,,2,"41, bioga, co2, plant, tonn"
6,,2,"45, offshor, wind, farm, reliabl"
6,,2,"46, bornholm, wind, offshor, energi"
6,,3,"47, heat, ga, rvv, climat"
6,,4,"48, labor, emiss, co2, climat"
6,,2,"5, light, grid, power, offshor"
6,,5,"6, cool, system, control, hvdc"
6,,2,"7, offshor, grid, bornholm, power"
6,,1,"8, wind, offshor, bornholm, mill"
6,,7,"9, island, bornholm, energi, offshor"
6,,2,Noise
6,,7,"0, hydrogen, energi, bornholm, power"
6,,2,"10, baltic, bornholm, defens, energi"
6,,5,"11, offshor, wind, park, busi"
6,,3,"12, hydrogen, bornholm, busi, powertox"
6,,2,"13, grid, offshor, wind, bornholm"
6,,1,"16, dkk, energi, billion, project"
6,,4,"17, bornholm, debat, say, baltic"
6,,4,"18, electr, tax, project, energi"
6,,7,"19, energi, island, area, wind"
6,,9,"2, wind, energi, island, offshor"
6,,5,"20, convert, hvdc, offshor, grid"
6,,2,"21, energi, wind, offshor, connect"
6,,3,"22, guard, wind, offshor, farm"
6,,5,"23, bornholm, thoma, wind, say"
6,,5,"25, hydrogen, power, compani, nuclear"
6,,1,"26, agreement, climat, co2, dkk"
6,,5,"27, bornholm, land, citizen, plant"
6,,2,"28, municip, grid, offshor, wermelin"
6,,3,"29, island, energi, wind, sea"
6,,3,"3, comput, quantum, electr, municip"
6,,2,"30, wind, turbin, offshor, energi"
6,,1,"31, price, zone, center, data"
6,,1,"33, sage, plan, economi, sren"
6,,3,"34, bornholm, baltic, energi, harbor"
6,,2,"35, materi, 111, million, dkk"
6,,3,"36, island, energi, wind, sea"
6,,2,"38, fund, receiv, energi, compani"
6,,1,"39, uniti, list, offshor, grid"
6,,7,"4, bornholm, sea, area, energi"
6,,1,"40, energi, wind, bornholm, grid"
6,,2,"41, bioga, co2, plant, tonn"
6,,2,"45, offshor, wind, farm, reliabl"
6,,2,"46, bornholm, wind, offshor, energi"
6,,3,"47, heat, ga, rvv, climat"
6,,4,"48, labor, emiss, co2, climat"
6,,2,"5, light, grid, power, offshor"
6,,5,"6, cool, system, control, hvdc"
6,,2,"7, offshor, grid, bornholm, power"
6,,1,"8, wind, offshor, bornholm, mill"
6,,7,"9, island, bornholm, energi, offshor"
6,,2,Noise
6,,7,"0, hydrogen, energi, bornholm, power"
6,,2,"10, baltic, bornholm, defens, energi"
6,,5,"11, offshor, wind, park, busi"
6,,3,"12, hydrogen, bornholm, busi, powertox"
6,,2,"13, grid, offshor, wind, bornholm"
6,,1,"16, dkk, energi, billion, project"
6,,4,"17, bornholm, debat, say, baltic"
6,,4,"18, electr, tax, project, energi"
6,,7,"19, energi, island, area, wind"
6,,9,"2, wind, energi, island, offshor"
6,,5,"20, convert, hvdc, offshor, grid"
6,,2,"21, energi, wind, offshor, connect"
6,,3,"22, guard, wind, offshor, farm"
6,,5,"23, bornholm, thoma, wind, say"
6,,5,"25, hydrogen, power, compani, nuclear"
6,,1,"26, agreement, climat, co2, dkk"
6,,5,"27, bornholm, land, citizen, plant"
6,,2,"28, municip, grid, offshor, wermelin"
6,,3,"29, island, energi, wind, sea"
6,,3,"3, comput, quantum, electr, municip"
6,,2,"30, wind, turbin, offshor, energi"
6,,1,"31, price, zone, center, data"
6,,1,"33, sage, plan, economi, sren"
6,,3,"34, bornholm, baltic, energi, harbor"
6,,2,"35, materi, 111, million, dkk"
6,,3,"36, island, energi, wind, sea"
6,,2,"38, fund, receiv, energi, compani"
6,,1,"39, uniti, list, offshor, grid"
6,,7,"4, bornholm, sea, area, energi"
6,,1,"40, energi, wind, bornholm, grid"
6,,2,"41, bioga, co2, plant, tonn"
6,,2,"45, offshor, wind, farm, reliabl"
6,,2,"46, bornholm, wind, offshor, energi"
6,,3,"47, heat, ga, rvv, climat"
6,,4,"48, labor, emiss, co2, climat"
6,,2,"5, light, grid, power, offshor"
6,,5,"6, cool, system, control, hvdc"
6,,2,"7, offshor, grid, bornholm, power"
6,,1,"8, wind, offshor, bornholm, mill"
6,,7,"9, island, bornholm, energi, offshor"
6,,2,Noise
6,,7,"0, hydrogen, energi, bornholm, power"
6,,2,"10, baltic, bornholm, defens, energi"
6,,5,"11, offshor, wind, park, busi"
6,,3,"12, hydrogen, bornholm, busi, powertox"
6,,2,"13, grid, offshor, wind, bornholm"
6,,1,"16, dkk, energi, billion, project"
6,,4,"17, bornholm, debat, say, baltic"
6,,4,"18, electr, tax, project, energi"
6,,7,"19, energi, island, area, wind"
6,,9,"2, wind, energi, island, offshor"
6,,5,"20, convert, hvdc, offshor, grid"
6,,2,"21, energi, wind, offshor, connect"
6,,3,"22, guard, wind, offshor, farm"
6,,5,"23, bornholm, thoma, wind, say"
6,,5,"25, hydrogen, power, compani, nuclear"
6,,1,"26, agreement, climat, co2, dkk"
6,,5,"27, bornholm, land, citizen, plant"
6,,2,"28, municip, grid, offshor, wermelin"
6,,3,"29, island, energi, wind, sea"
6,,3,"3, comput, quantum, electr, municip"
6,,2,"30, wind, turbin, offshor, energi"
6,,1,"31, price, zone, center, data"
6,,1,"33, sage, plan, economi, sren"
6,,3,"34, bornholm, baltic, energi, harbor"
6,,2,"35, materi, 111, million, dkk"
6,,3,"36, island, energi, wind, sea"
6,,2,"38, fund, receiv, energi, compani"
6,,1,"39, uniti, list, offshor, grid"
6,,7,"4, bornholm, sea, area, energi"
6,,1,"40, energi, wind, bornholm, grid"
6,,2,"41, bioga, co2, plant, tonn"
6,,2,"45, offshor, wind, farm, reliabl"
6,,2,"46, bornholm, wind, offshor, energi"
6,,3,"47, heat, ga, rvv, climat"
6,,4,"48, labor, emiss, co2, climat"
6,,2,"5, light, grid, power, offshor"
6,,5,"6, cool, system, control, hvdc"
6,,2,"7, offshor, grid, bornholm, power"
6,,1,"8, wind, offshor, bornholm, mill"
6,,7,"9, island, bornholm, energi, offshor"
6,,2,Noise
6,,7,"0, hydrogen, energi, bornholm, power"
6,,2,"10, baltic, bornholm, defens, energi"
6,,5,"11, offshor, wind, park, busi"
6,,3,"12, hydrogen, bornholm, busi, powertox"
6,,2,"13, grid, offshor, wind, bornholm"
6,,1,"16, dkk, energi, billion, project"
6,,4,"17, bornholm, debat, say, baltic"
6,,4,"18, electr, tax, project, energi"
6,,7,"19, energi, island, area, wind"
6,,9,"2, wind, energi, island, offshor"
6,,5,"20, convert, hvdc, offshor, grid"
6,,2,"21, energi, wind, offshor, connect"
6,,3,"22, guard, wind, offshor, farm"
6,,5,"23, bornholm, thoma, wind, say"
6,,5,"25, hydrogen, power, compani, nuclear"
6,,1,"26, agreement, climat, co2, dkk"
6,,5,"27, bornholm, land, citizen, plant"
6,,2,"28, municip, grid, offshor, wermelin"
6,,3,"29, island, energi, wind, sea"
6,,3,"3, comput, quantum, electr, municip"
6,,2,"30, wind, turbin, offshor, energi"
6,,1,"31, price, zone, center, data"
6,,1,"33, sage, plan, economi, sren"
6,,3,"34, bornholm, baltic, energi, harbor"
6,,2,"35, materi, 111, million, dkk"
6,,3,"36, island, energi, wind, sea"
6,,2,"38, fund, receiv, energi, compani"
6,,1,"39, uniti, list, offshor, grid"
6,,7,"4, bornholm, sea, area, energi"
6,,1,"40, energi, wind, bornholm, grid"
6,,2,"41, bioga, co2, plant, tonn"
6,,2,"45, offshor, wind, farm, reliabl"
6,,2,"46, bornholm, wind, offshor, energi"
6,,3,"47, heat, ga, rvv, climat"
6,,4,"48, labor, emiss, co2, climat"
6,,2,"5, light, grid, power, offshor"
6,,5,"6, cool, system, control, hvdc"
6,,2,"7, offshor, grid, bornholm, power"
6,,1,"8, wind, offshor, bornholm, mill"
6,,7,"9, island, bornholm, energi, offshor"
6,,2,Noise
6,,7,"0, hydrogen, energi, bornholm, power"
6,,2,"10, baltic, bornholm, defens, energi"
6,,5,"11, offshor, wind, park, busi"
6,,3,"12, hydrogen, bornholm, busi, powertox"
6,,2,"13, grid, offshor, wind, bornholm"
6,,1,"16, dkk, energi, billion, project"
6,,4,"17, bornholm, debat, say, baltic"
6,,4,"18, electr, tax, project, energi"
6,,7,"19, energi, island, area, wind"
6,,9,"2, wind, energi, island, offshor"
6,,5,"20, convert, hvdc, offshor, grid"
6,,2,"21, energi, wind, offshor, connect"
6,,3,"22, guard, wind, offshor, farm"
6,,5,"23, bornholm, thoma, wind, say"
6,,5,"25, hydrogen, power, compani, nuclear"
6,,1,"26, agreement, climat, co2, dkk"
6,,5,"27, bornholm, land, citizen, plant"
6,,2,"28, municip, grid, offshor, wermelin"
6,,3,"29, island, energi, wind, sea"
6,,3,"3, comput, quantum, electr, municip"
6,,2,"30, wind, turbin, offshor, energi"
6,,1,"31, price, zone, center, data"
6,,1,"33, sage, plan, economi, sren"
6,,3,"34, bornholm, baltic, energi, harbor"
6,,2,"35, materi, 111, million, dkk"
6,,3,"36, island, energi, wind, sea"
6,,2,"38, fund, receiv, energi, compani"
6,,1,"39, uniti, list, offshor, grid"
6,,7,"4, bornholm, sea, area, energi"
6,,1,"40, energi, wind, bornholm, grid"
6,,2,"41, bioga, co2, plant, tonn"
6,,2,"45, offshor, wind, farm, reliabl"
6,,2,"46, bornholm, wind, offshor, energi"
6,,3,"47, heat, ga, rvv, climat"
6,,4,"48, labor, emiss, co2, climat"
6,,2,"5, light, grid, power, offshor"
6,,5,"6, cool, system, control, hvdc"
6,,2,"7, offshor, grid, bornholm, power"
6,,1,"8, wind, offshor, bornholm, mill"
6,,7,"9, island, bornholm, energi, offshor"
6,,2,Noise
6,,7,"0, hydrogen, energi, bornholm, power"
6,,2,"10, baltic, bornholm, defens, energi"
6,,5,"11, offshor, wind, park, busi"
6,,3,"12, hydrogen, bornholm, busi, powertox"
6,,2,"13, grid, offshor, wind, bornholm"
6,,1,"16, dkk, energi, billion, project"
6,,4,"17, bornholm, debat, say, baltic"
6,,4,"18, electr, tax, project, energi"
6,,7,"19, energi, island, area, wind"
6,,9,"2, wind, energi, island, offshor"
6,,5,"20, convert, hvdc, offshor, grid"
6,,2,"21, energi, wind, offshor, connect"
6,,3,"22, guard, wind, offshor, farm"
6,,5,"23, bornholm, thoma, wind, say"
6,,5,"25, hydrogen, power, compani, nuclear"
6,,1,"26, agreement, climat, co2, dkk"
6,,5,"27, bornholm, land, citizen, plant"
6,,2,"28, municip, grid, offshor, wermelin"
6,,3,"29, island, energi, wind, sea"
6,,3,"3, comput, quantum, electr, municip"
6,,2,"30, wind, turbin, offshor, energi"
6,,1,"31, price, zone, center, data"
6,,1,"33, sage, plan, economi, sren"
6,,3,"34, bornholm, baltic, energi, harbor"
6,,2,"35, materi, 111, million, dkk"
6,,3,"36, island, energi, wind, sea"
6,,2,"38, fund, receiv, energi, compani"
6,,1,"39, uniti, list, offshor, grid"
6,,7,"4, bornholm, sea, area, energi"
6,,1,"40, energi, wind, bornholm, grid"
6,,2,"41, bioga, co2, plant, tonn"
6,,2,"45, offshor, wind, farm, reliabl"
6,,2,"46, bornholm, wind, offshor, energi"
6,,3,"47, heat, ga, rvv, climat"
6,,4,"48, labor, emiss, co2, climat"
6,,2,"5, light, grid, power, offshor"
6,,5,"6, cool, system, control, hvdc"
6,,2,"7, offshor, grid, bornholm, power"
6,,1,"8, wind, offshor, bornholm, mill"
6,,7,"9, island, bornholm, energi, offshor"
6,,2,Noise
6,,7,"0, hydrogen, energi, bornholm, power"
6,,2,"10, baltic, bornholm, defens, energi"
6,,5,"11, offshor, wind, park, busi"
6,,3,"12, hydrogen, bornholm, busi, powertox"
6,,2,"13, grid, offshor, wind, bornholm"
6,,1,"16, dkk, energi, billion, project"
6,,4,"17, bornholm, debat, say, baltic"
6,,4,"18, electr, tax, project, energi"
6,,7,"19, energi, island, area, wind"
6,,9,"2, wind, energi, island, offshor"
6,,5,"20, convert, hvdc, offshor, grid"
6,,2,"21, energi, wind, offshor, connect"
6,,3,"22, guard, wind, offshor, farm"
6,,5,"23, bornholm, thoma, wind, say"
6,,5,"25, hydrogen, power, compani, nuclear"
6,,1,"26, agreement, climat, co2, dkk"
6,,5,"27, bornholm, land, citizen, plant"
6,,2,"28, municip, grid, offshor, wermelin"
6,,3,"29, island, energi, wind, sea"
6,,3,"3, comput, quantum, electr, municip"
6,,2,"30, wind, turbin, offshor, energi"
6,,1,"31, price, zone, center, data"
6,,1,"33, sage, plan, economi, sren"
6,,3,"34, bornholm, baltic, energi, harbor"
6,,2,"35, materi, 111, million, dkk"
6,,3,"36, island, energi, wind, sea"
6,,2,"38, fund, receiv, energi, compani"
6,,1,"39, uniti, list, offshor, grid"
6,,7,"4, bornholm, sea, area, energi"
6,,1,"40, energi, wind, bornholm, grid"
6,,2,"41, bioga, co2, plant, tonn"
6,,2,"45, offshor, wind, farm, reliabl"
6,,2,"46, bornholm, wind, offshor, energi"
6,,3,"47, heat, ga, rvv, climat"
6,,4,"48, labor, emiss, co2, climat"
6,,2,"5, light, grid, power, offshor"
6,,5,"6, cool, system, control, hvdc"
6,,2,"7, offshor, grid, bornholm, power"
6,,1,"8, wind, offshor, bornholm, mill"
6,,7,"9, island, bornholm, energi, offshor"
6,,2,Noise
6,,7,"0, hydrogen, energi, bornholm, power"
6,,2,"10, baltic, bornholm, defens, energi"
6,,5,"11, offshor, wind, park, busi"
6,,3,"12, hydrogen, bornholm, busi, powertox"
6,,2,"13, grid, offshor, wind, bornholm"
6,,1,"16, dkk, energi, billion, project"
6,,4,"17, bornholm, debat, say, baltic"
6,,4,"18, electr, tax, project, energi"
6,,7,"19, energi, island, area, wind"
6,,9,"2, wind, energi, island, offshor"
6,,5,"20, convert, hvdc, offshor, grid"
6,,2,"21, energi, wind, offshor, connect"
6,,3,"22, guard, wind, offshor, farm"
6,,5,"23, bornholm, thoma, wind, say"
6,,5,"25, hydrogen, power, compani, nuclear"
6,,1,"26, agreement, climat, co2, dkk"
6,,5,"27, bornholm, land, citizen, plant"
6,,2,"28, municip, grid, offshor, wermelin"
6,,3,"29, island, energi, wind, sea"
6,,3,"3, comput, quantum, electr, municip"
6,,2,"30, wind, turbin, offshor, energi"
6,,1,"31, price, zone, center, data"
6,,1,"33, sage, plan, economi, sren"
6,,3,"34, bornholm, baltic, energi, harbor"
6,,2,"35, materi, 111, million, dkk"
6,,3,"36, island, energi, wind, sea"
6,,2,"38, fund, receiv, energi, compani"
6,,1,"39, uniti, list, offshor, grid"
6,,7,"4, bornholm, sea, area, energi"
6,,1,"40, energi, wind, bornholm, grid"
6,,2,"41, bioga, co2, plant, tonn"
6,,2,"45, offshor, wind, farm, reliabl"
6,,2,"46, bornholm, wind, offshor, energi"
6,,3,"47, heat, ga, rvv, climat"
6,,4,"48, labor, emiss, co2, climat"
6,,2,"5, light, grid, power, offshor"
6,,5,"6, cool, system, control, hvdc"
6,,2,"7, offshor, grid, bornholm, power"
6,,1,"8, wind, offshor, bornholm, mill"
6,,7,"9, island, bornholm, energi, offshor"
6,,2,Noise
6,,7,"0, hydrogen, energi, bornholm, power"
6,,2,"10, baltic, bornholm, defens, energi"
6,,5,"11, offshor, wind, park, busi"
6,,3,"12, hydrogen, bornholm, busi, powertox"
6,,2,"13, grid, offshor, wind, bornholm"
6,,1,"16, dkk, energi, billion, project"
6,,4,"17, bornholm, debat, say, baltic"
6,,4,"18, electr, tax, project, energi"
6,,7,"19, energi, island, area, wind"
6,,9,"2, wind, energi, island, offshor"
6,,5,"20, convert, hvdc, offshor, grid"
6,,2,"21, energi, wind, offshor, connect"
6,,3,"22, guard, wind, offshor, farm"
6,,5,"23, bornholm, thoma, wind, say"
6,,5,"25, hydrogen, power, compani, nuclear"
6,,1,"26, agreement, climat, co2, dkk"
6,,5,"27, bornholm, land, citizen, plant"
6,,2,"28, municip, grid, offshor, wermelin"
6,,3,"29, island, energi, wind, sea"
6,,3,"3, comput, quantum, electr, municip"
6,,2,"30, wind, turbin, offshor, energi"
6,,1,"31, price, zone, center, data"
6,,1,"33, sage, plan, economi, sren"
6,,3,"34, bornholm, baltic, energi, harbor"
6,,2,"35, materi, 111, million, dkk"
6,,3,"36, island, energi, wind, sea"
6,,2,"38, fund, receiv, energi, compani"
6,,1,"39, uniti, list, offshor, grid"
6,,7,"4, bornholm, sea, area, energi"
6,,1,"40, energi, wind, bornholm, grid"
6,,2,"41, bioga, co2, plant, tonn"
6,,2,"45, offshor, wind, farm, reliabl"
6,,2,"46, bornholm, wind, offshor, energi"
6,,3,"47, heat, ga, rvv, climat"
6,,4,"48, labor, emiss, co2, climat"
6,,2,"5, light, grid, power, offshor"
6,,5,"6, cool, system, control, hvdc"
6,,2,"7, offshor, grid, bornholm, power"
6,,1,"8, wind, offshor, bornholm, mill"
6,,7,"9, island, bornholm, energi, offshor"
6,,2,Noise
6,,7,"0, hydrogen, energi, bornholm, power"
6,,2,"10, baltic, bornholm, defens, energi"
6,,5,"11, offshor, wind, park, busi"
6,,3,"12, hydrogen, bornholm, busi, powertox"
6,,2,"13, grid, offshor, wind, bornholm"
6,,1,"16, dkk, energi, billion, project"
6,,4,"17, bornholm, debat, say, baltic"
6,,4,"18, electr, tax, project, energi"
6,,7,"19, energi, island, area, wind"
6,,9,"2, wind, energi, island, offshor"
6,,5,"20, convert, hvdc, offshor, grid"
6,,2,"21, energi, wind, offshor, connect"
6,,3,"22, guard, wind, offshor, farm"
6,,5,"23, bornholm, thoma, wind, say"
6,,5,"25, hydrogen, power, compani, nuclear"
6,,1,"26, agreement, climat, co2, dkk"
6,,5,"27, bornholm, land, citizen, plant"
6,,2,"28, municip, grid, offshor, wermelin"
6,,3,"29, island, energi, wind, sea"
6,,3,"3, comput, quantum, electr, municip"
6,,2,"30, wind, turbin, offshor, energi"
6,,1,"31, price, zone, center, data"
6,,1,"33, sage, plan, economi, sren"
6,,3,"34, bornholm, baltic, energi, harbor"
6,,2,"35, materi, 111, million, dkk"
6,,3,"36, island, energi, wind, sea"
6,,2,"38, fund, receiv, energi, compani"
6,,1,"39, uniti, list, offshor, grid"
6,,7,"4, bornholm, sea, area, energi"
6,,1,"40, energi, wind, bornholm, grid"
6,,2,"41, bioga, co2, plant, tonn"
6,,2,"45, offshor, wind, farm, reliabl"
6,,2,"46, bornholm, wind, offshor, energi"
6,,3,"47, heat, ga, rvv, climat"
6,,4,"48, labor, emiss, co2, climat"
6,,2,"5, light, grid, power, offshor"
6,,5,"6, cool, system, control, hvdc"
6,,2,"7, offshor, grid, bornholm, power"
6,,1,"8, wind, offshor, bornholm, mill"
6,,7,"9, island, bornholm, energi, offshor"
6,,2,Noise
6,,7,"0, hydrogen, energi, bornholm, power"
6,,2,"10, baltic, bornholm, defens, energi"
6,,5,"11, offshor, wind, park, busi"
6,,3,"12, hydrogen, bornholm, busi, powertox"
6,,2,"13, grid, offshor, wind, bornholm"
6,,1,"16, dkk, energi, billion, project"
6,,4,"17, bornholm, debat, say, baltic"
6,,4,"18, electr, tax, project, energi"
6,,7,"19, energi, island, area, wind"
6,,9,"2, wind, energi, island, offshor"
6,,5,"20, convert, hvdc, offshor, grid"
6,,2,"21, energi, wind, offshor, connect"
6,,3,"22, guard, wind, offshor, farm"
6,,5,"23, bornholm, thoma, wind, say"
6,,5,"25, hydrogen, power, compani, nuclear"
6,,1,"26, agreement, climat, co2, dkk"
6,,5,"27, bornholm, land, citizen, plant"
6,,2,"28, municip, grid, offshor, wermelin"
6,,3,"29, island, energi, wind, sea"
6,,3,"3, comput, quantum, electr, municip"
6,,2,"30, wind, turbin, offshor, energi"
6,,1,"31, price, zone, center, data"
6,,1,"33, sage, plan, economi, sren"
6,,3,"34, bornholm, baltic, energi, harbor"
6,,2,"35, materi, 111, million, dkk"
6,,3,"36, island, energi, wind, sea"
6,,2,"38, fund, receiv, energi, compani"
6,,1,"39, uniti, list, offshor, grid"
6,,7,"4, bornholm, sea, area, energi"
6,,1,"40, energi, wind, bornholm, grid"
6,,2,"41, bioga, co2, plant, tonn"
6,,2,"45, offshor, wind, farm, reliabl"
6,,2,"46, bornholm, wind, offshor, energi"
6,,3,"47, heat, ga, rvv, climat"
6,,4,"48, labor, emiss, co2, climat"
6,,2,"5, light, grid, power, offshor"
6,,5,"6, cool, system, control, hvdc"
6,,2,"7, offshor, grid, bornholm, power"
6,,1,"8, wind, offshor, bornholm, mill"
6,,7,"9, island, bornholm, energi, offshor"
6,,2,Noise
6,,7,"0, hydrogen, energi, bornholm, power"
6,,2,"10, baltic, bornholm, defens, energi"
6,,5,"11, offshor, wind, park, busi"
6,,3,"12, hydrogen, bornholm, busi, powertox"
6,,2,"13, grid, offshor, wind, bornholm"
6,,1,"16, dkk, energi, billion, project"
6,,4,"17, bornholm, debat, say, baltic"
6,,4,"18, electr, tax, project, energi"
6,,7,"19, energi, island, area, wind"
6,,9,"2, wind, energi, island, offshor"
6,,5,"20, convert, hvdc, offshor, grid"
6,,2,"21, energi, wind, offshor, connect"
6,,3,"22, guard, wind, offshor, farm"
6,,5,"23, bornholm, thoma, wind, say"
6,,5,"25, hydrogen, power, compani, nuclear"
6,,1,"26, agreement, climat, co2, dkk"
6,,5,"27, bornholm, land, citizen, plant"
6,,2,"28, municip, grid, offshor, wermelin"
6,,3,"29, island, energi, wind, sea"
6,,3,"3, comput, quantum, electr, municip"
6,,2,"30, wind, turbin, offshor, energi"
6,,1,"31, price, zone, center, data"
6,,1,"33, sage, plan, economi, sren"
6,,3,"34, bornholm, baltic, energi, harbor"
6,,2,"35, materi, 111, million, dkk"
6,,3,"36, island, energi, wind, sea"
6,,2,"38, fund, receiv, energi, compani"
6,,1,"39, uniti, list, offshor, grid"
6,,7,"4, bornholm, sea, area, energi"
6,,1,"40, energi, wind, bornholm, grid"
6,,2,"41, bioga, co2, plant, tonn"
6,,2,"45, offshor, wind, farm, reliabl"
6,,2,"46, bornholm, wind, offshor, energi"
6,,3,"47, heat, ga, rvv, climat"
6,,4,"48, labor, emiss, co2, climat"
6,,2,"5, light, grid, power, offshor"
6,,5,"6, cool, system, control, hvdc"
6,,2,"7, offshor, grid, bornholm, power"
6,,1,"8, wind, offshor, bornholm, mill"
6,,7,"9, island, bornholm, energi, offshor"
6,,2,Noise
6,,7,"0, hydrogen, energi, bornholm, power"
6,,2,"10, baltic, bornholm, defens, energi"
6,,5,"11, offshor, wind, park, busi"
6,,3,"12, hydrogen, bornholm, busi, powertox"
6,,2,"13, grid, offshor, wind, bornholm"
6,,1,"16, dkk, energi, billion, project"
6,,4,"17, bornholm, debat, say, baltic"
6,,4,"18, electr, tax, project, energi"
6,,7,"19, energi, island, area, wind"
6,,9,"2, wind, energi, island, offshor"
6,,5,"20, convert, hvdc, offshor, grid"
6,,2,"21, energi, wind, offshor, connect"
6,,3,"22, guard, wind, offshor, farm"
6,,5,"23, bornholm, thoma, wind, say"
6,,5,"25, hydrogen, power, compani, nuclear"
6,,1,"26, agreement, climat, co2, dkk"
6,,5,"27, bornholm, land, citizen, plant"
6,,2,"28, municip, grid, offshor, wermelin"
6,,3,"29, island, energi, wind, sea"
6,,3,"3, comput, quantum, electr, municip"
6,,2,"30, wind, turbin, offshor, energi"
6,,1,"31, price, zone, center, data"
6,,1,"33, sage, plan, economi, sren"
6,,3,"34, bornholm, baltic, energi, harbor"
6,,2,"35, materi, 111, million, dkk"
6,,3,"36, island, energi, wind, sea"
6,,2,"38, fund, receiv, energi, compani"
6,,1,"39, uniti, list, offshor, grid"
6,,7,"4, bornholm, sea, area, energi"
6,,1,"40, energi, wind, bornholm, grid"
6,,2,"41, bioga, co2, plant, tonn"
6,,2,"45, offshor, wind, farm, reliabl"
6,,2,"46, bornholm, wind, offshor, energi"
6,,3,"47, heat, ga, rvv, climat"
6,,4,"48, labor, emiss, co2, climat"
6,,2,"5, light, grid, power, offshor"
6,,5,"6, cool, system, control, hvdc"
6,,2,"7, offshor, grid, bornholm, power"
6,,1,"8, wind, offshor, bornholm, mill"
6,,7,"9, island, bornholm, energi, offshor"
6,,2,Noise
6,,7,"0, hydrogen, energi, bornholm, power"
6,,2,"10, baltic, bornholm, defens, energi"
6,,5,"11, offshor, wind, park, busi"
6,,3,"12, hydrogen, bornholm, busi, powertox"
6,,2,"13, grid, offshor, wind, bornholm"
6,,1,"16, dkk, energi, billion, project"
6,,4,"17, bornholm, debat, say, baltic"
6,,4,"18, electr, tax, project, energi"
6,,7,"19, energi, island, area, wind"
6,,9,"2, wind, energi, island, offshor"
6,,5,"20, convert, hvdc, offshor, grid"
6,,2,"21, energi, wind, offshor, connect"
6,,3,"22, guard, wind, offshor, farm"
6,,5,"23, bornholm, thoma, wind, say"
6,,5,"25, hydrogen, power, compani, nuclear"
6,,1,"26, agreement, climat, co2, dkk"
6,,5,"27, bornholm, land, citizen, plant"
6,,2,"28, municip, grid, offshor, wermelin"
6,,3,"29, island, energi, wind, sea"
6,,3,"3, comput, quantum, electr, municip"
6,,2,"30, wind, turbin, offshor, energi"
6,,1,"31, price, zone, center, data"
6,,1,"33, sage, plan, economi, sren"
6,,3,"34, bornholm, baltic, energi, harbor"
6,,2,"35, materi, 111, million, dkk"
6,,3,"36, island, energi, wind, sea"
6,,2,"38, fund, receiv, energi, compani"
6,,1,"39, uniti, list, offshor, grid"
6,,7,"4, bornholm, sea, area, energi"
6,,1,"40, energi, wind, bornholm, grid"
6,,2,"41, bioga, co2, plant, tonn"
6,,2,"45, offshor, wind, farm, reliabl"
6,,2,"46, bornholm, wind, offshor, energi"
6,,3,"47, heat, ga, rvv, climat"
6,,4,"48, labor, emiss, co2, climat"
6,,2,"5, light, grid, power, offshor"
6,,5,"6, cool, system, control, hvdc"
6,,2,"7, offshor, grid, bornholm, power"
6,,1,"8, wind, offshor, bornholm, mill"
6,,7,"9, island, bornholm, energi, offshor"
6,,2,Noise
6,,7,"0, hydrogen, energi, bornholm, power"
6,,2,"10, baltic, bornholm, defens, energi"
6,,5,"11, offshor, wind, park, busi"
6,,3,"12, hydrogen, bornholm, busi, powertox"
6,,2,"13, grid, offshor, wind, bornholm"
6,,1,"16, dkk, energi, billion, project"
6,,4,"17, bornholm, debat, say, baltic"
6,,4,"18, electr, tax, project, energi"
6,,7,"19, energi, island, area, wind"
6,,9,"2, wind, energi, island, offshor"
6,,5,"20, convert, hvdc, offshor, grid"
6,,2,"21, energi, wind, offshor, connect"
6,,3,"22, guard, wind, offshor, farm"
6,,5,"23, bornholm, thoma, wind, say"
6,,5,"25, hydrogen, power, compani, nuclear"
6,,1,"26, agreement, climat, co2, dkk"
6,,5,"27, bornholm, land, citizen, plant"
6,,2,"28, municip, grid, offshor, wermelin"
6,,3,"29, island, energi, wind, sea"
6,,3,"3, comput, quantum, electr, municip"
6,,2,"30, wind, turbin, offshor, energi"
6,,1,"31, price, zone, center, data"
6,,1,"33, sage, plan, economi, sren"
6,,3,"34, bornholm, baltic, energi, harbor"
6,,2,"35, materi, 111, million, dkk"
6,,3,"36, island, energi, wind, sea"
6,,2,"38, fund, receiv, energi, compani"
6,,1,"39, uniti, list, offshor, grid"
6,,7,"4, bornholm, sea, area, energi"
6,,1,"40, energi, wind, bornholm, grid"
6,,2,"41, bioga, co2, plant, tonn"
6,,2,"45, offshor, wind, farm, reliabl"
6,,2,"46, bornholm, wind, offshor, energi"
6,,3,"47, heat, ga, rvv, climat"
6,,4,"48, labor, emiss, co2, climat"
6,,2,"5, light, grid, power, offshor"
6,,5,"6, cool, system, control, hvdc"
6,,2,"7, offshor, grid, bornholm, power"
6,,1,"8, wind, offshor, bornholm, mill"
6,,7,"9, island, bornholm, energi, offshor"
6,,2,Noise
6,,7,"0, hydrogen, energi, bornholm, power"
6,,2,"10, baltic, bornholm, defens, energi"
6,,5,"11, offshor, wind, park, busi"
6,,3,"12, hydrogen, bornholm, busi, powertox"
6,,2,"13, grid, offshor, wind, bornholm"
6,,1,"16, dkk, energi, billion, project"
6,,4,"17, bornholm, debat, say, baltic"
6,,4,"18, electr, tax, project, energi"
6,,7,"19, energi, island, area, wind"
6,,9,"2, wind, energi, island, offshor"
6,,5,"20, convert, hvdc, offshor, grid"
6,,2,"21, energi, wind, offshor, connect"
6,,3,"22, guard, wind, offshor, farm"
6,,5,"23, bornholm, thoma, wind, say"
6,,5,"25, hydrogen, power, compani, nuclear"
6,,1,"26, agreement, climat, co2, dkk"
6,,5,"27, bornholm, land, citizen, plant"
6,,2,"28, municip, grid, offshor, wermelin"
6,,3,"29, island, energi, wind, sea"
6,,3,"3, comput, quantum, electr, municip"
6,,2,"30, wind, turbin, offshor, energi"
6,,1,"31, price, zone, center, data"
6,,1,"33, sage, plan, economi, sren"
6,,3,"34, bornholm, baltic, energi, harbor"
6,,2,"35, materi, 111, million, dkk"
6,,3,"36, island, energi, wind, sea"
6,,2,"38, fund, receiv, energi, compani"
6,,1,"39, uniti, list, offshor, grid"
6,,7,"4, bornholm, sea, area, energi"
6,,1,"40, energi, wind, bornholm, grid"
6,,2,"41, bioga, co2, plant, tonn"
6,,2,"45, offshor, wind, farm, reliabl"
6,,2,"46, bornholm, wind, offshor, energi"
6,,3,"47, heat, ga, rvv, climat"
6,,4,"48, labor, emiss, co2, climat"
6,,2,"5, light, grid, power, offshor"
6,,5,"6, cool, system, control, hvdc"
6,,2,"7, offshor, grid, bornholm, power"
6,,1,"8, wind, offshor, bornholm, mill"
6,,7,"9, island, bornholm, energi, offshor"
6,,2,Noise
6,,7,"0, hydrogen, energi, bornholm, power"
6,,2,"10, baltic, bornholm, defens, energi"
6,,5,"11, offshor, wind, park, busi"
6,,3,"12, hydrogen, bornholm, busi, powertox"
6,,2,"13, grid, offshor, wind, bornholm"
6,,1,"16, dkk, energi, billion, project"
6,,4,"17, bornholm, debat, say, baltic"
6,,4,"18, electr, tax, project, energi"
6,,7,"19, energi, island, area, wind"
6,,9,"2, wind, energi, island, offshor"
6,,5,"20, convert, hvdc, offshor, grid"
6,,2,"21, energi, wind, offshor, connect"
6,,3,"22, guard, wind, offshor, farm"
6,,5,"23, bornholm, thoma, wind, say"
6,,5,"25, hydrogen, power, compani, nuclear"
6,,1,"26, agreement, climat, co2, dkk"
6,,5,"27, bornholm, land, citizen, plant"
6,,2,"28, municip, grid, offshor, wermelin"
6,,3,"29, island, energi, wind, sea"
6,,3,"3, comput, quantum, electr, municip"
6,,2,"30, wind, turbin, offshor, energi"
6,,1,"31, price, zone, center, data"
6,,1,"33, sage, plan, economi, sren"
6,,3,"34, bornholm, baltic, energi, harbor"
6,,2,"35, materi, 111, million, dkk"
6,,3,"36, island, energi, wind, sea"
6,,2,"38, fund, receiv, energi, compani"
6,,1,"39, uniti, list, offshor, grid"
6,,7,"4, bornholm, sea, area, energi"
6,,1,"40, energi, wind, bornholm, grid"
6,,2,"41, bioga, co2, plant, tonn"
6,,2,"45, offshor, wind, farm, reliabl"
6,,2,"46, bornholm, wind, offshor, energi"
6,,3,"47, heat, ga, rvv, climat"
6,,4,"48, labor, emiss, co2, climat"
6,,2,"5, light, grid, power, offshor"
6,,5,"6, cool, system, control, hvdc"
6,,2,"7, offshor, grid, bornholm, power"
6,,1,"8, wind, offshor, bornholm, mill"
6,,7,"9, island, bornholm, energi, offshor"
6,,2,Noise
6,,7,"0, hydrogen, energi, bornholm, power"
6,,2,"10, baltic, bornholm, defens, energi"
6,,5,"11, offshor, wind, park, busi"
6,,3,"12, hydrogen, bornholm, busi, powertox"
6,,2,"13, grid, offshor, wind, bornholm"
6,,1,"16, dkk, energi, billion, project"
6,,4,"17, bornholm, debat, say, baltic"
6,,4,"18, electr, tax, project, energi"
6,,7,"19, energi, island, area, wind"
6,,9,"2, wind, energi, island, offshor"
6,,5,"20, convert, hvdc, offshor, grid"
6,,2,"21, energi, wind, offshor, connect"
6,,3,"22, guard, wind, offshor, farm"
6,,5,"23, bornholm, thoma, wind, say"
6,,5,"25, hydrogen, power, compani, nuclear"
6,,1,"26, agreement, climat, co2, dkk"
6,,5,"27, bornholm, land, citizen, plant"
6,,2,"28, municip, grid, offshor, wermelin"
6,,3,"29, island, energi, wind, sea"
6,,3,"3, comput, quantum, electr, municip"
6,,2,"30, wind, turbin, offshor, energi"
6,,1,"31, price, zone, center, data"
6,,1,"33, sage, plan, economi, sren"
6,,3,"34, bornholm, baltic, energi, harbor"
6,,2,"35, materi, 111, million, dkk"
6,,3,"36, island, energi, wind, sea"
6,,2,"38, fund, receiv, energi, compani"
6,,1,"39, uniti, list, offshor, grid"
6,,7,"4, bornholm, sea, area, energi"
6,,1,"40, energi, wind, bornholm, grid"
6,,2,"41, bioga, co2, plant, tonn"
6,,2,"45, offshor, wind, farm, reliabl"
6,,2,"46, bornholm, wind, offshor, energi"
6,,3,"47, heat, ga, rvv, climat"
6,,4,"48, labor, emiss, co2, climat"
6,,2,"5, light, grid, power, offshor"
6,,5,"6, cool, system, control, hvdc"
6,,2,"7, offshor, grid, bornholm, power"
6,,1,"8, wind, offshor, bornholm, mill"
6,,7,"9, island, bornholm, energi, offshor"
6,,2,Noise
6,,7,"0, hydrogen, energi, bornholm, power"
6,,2,"10, baltic, bornholm, defens, energi"
6,,5,"11, offshor, wind, park, busi"
6,,3,"12, hydrogen, bornholm, busi, powertox"
6,,2,"13, grid, offshor, wind, bornholm"
6,,1,"16, dkk, energi, billion, project"
6,,4,"17, bornholm, debat, say, baltic"
6,,4,"18, electr, tax, project, energi"
6,,7,"19, energi, island, area, wind"
6,,9,"2, wind, energi, island, offshor"
6,,5,"20, convert, hvdc, offshor, grid"
6,,2,"21, energi, wind, offshor, connect"
6,,3,"22, guard, wind, offshor, farm"
6,,5,"23, bornholm, thoma, wind, say"
6,,5,"25, hydrogen, power, compani, nuclear"
6,,1,"26, agreement, climat, co2, dkk"
6,,5,"27, bornholm, land, citizen, plant"
6,,2,"28, municip, grid, offshor, wermelin"
6,,3,"29, island, energi, wind, sea"
6,,3,"3, comput, quantum, electr, municip"
6,,2,"30, wind, turbin, offshor, energi"
6,,1,"31, price, zone, center, data"
6,,1,"33, sage, plan, economi, sren"
6,,3,"34, bornholm, baltic, energi, harbor"
6,,2,"35, materi, 111, million, dkk"
6,,3,"36, island, energi, wind, sea"
6,,2,"38, fund, receiv, energi, compani"
6,,1,"39, uniti, list, offshor, grid"
6,,7,"4, bornholm, sea, area, energi"
6,,1,"40, energi, wind, bornholm, grid"
6,,2,"41, bioga, co2, plant, tonn"
6,,2,"45, offshor, wind, farm, reliabl"
6,,2,"46, bornholm, wind, offshor, energi"
6,,3,"47, heat, ga, rvv, climat"
6,,4,"48, labor, emiss, co2, climat"
6,,2,"5, light, grid, power, offshor"
6,,5,"6, cool, system, control, hvdc"
6,,2,"7, offshor, grid, bornholm, power"
6,,1,"8, wind, offshor, bornholm, mill"
6,,7,"9, island, bornholm, energi, offshor"
6,,2,Noise
6,,7,"0, hydrogen, energi, bornholm, power"
6,,2,"10, baltic, bornholm, defens, energi"
6,,5,"11, offshor, wind, park, busi"
6,,3,"12, hydrogen, bornholm, busi, powertox"
6,,2,"13, grid, offshor, wind, bornholm"
6,,1,"16, dkk, energi, billion, project"
6,,4,"17, bornholm, debat, say, baltic"
6,,4,"18, electr, tax, project, energi"
6,,7,"19, energi, island, area, wind"
6,,9,"2, wind, energi, island, offshor"
6,,5,"20, convert, hvdc, offshor, grid"
6,,2,"21, energi, wind, offshor, connect"
6,,3,"22, guard, wind, offshor, farm"
6,,5,"23, bornholm, thoma, wind, say"
6,,5,"25, hydrogen, power, compani, nuclear"
6,,1,"26, agreement, climat, co2, dkk"
6,,5,"27, bornholm, land, citizen, plant"
6,,2,"28, municip, grid, offshor, wermelin"
6,,3,"29, island, energi, wind, sea"
6,,3,"3, comput, quantum, electr, municip"
6,,2,"30, wind, turbin, offshor, energi"
6,,1,"31, price, zone, center, data"
6,,1,"33, sage, plan, economi, sren"
6,,3,"34, bornholm, baltic, energi, harbor"
6,,2,"35, materi, 111, million, dkk"
6,,3,"36, island, energi, wind, sea"
6,,2,"38, fund, receiv, energi, compani"
6,,1,"39, uniti, list, offshor, grid"
6,,7,"4, bornholm, sea, area, energi"
6,,1,"40, energi, wind, bornholm, grid"
6,,2,"41, bioga, co2, plant, tonn"
6,,2,"45, offshor, wind, farm, reliabl"
6,,2,"46, bornholm, wind, offshor, energi"
6,,3,"47, heat, ga, rvv, climat"
6,,4,"48, labor, emiss, co2, climat"
6,,2,"5, light, grid, power, offshor"
6,,5,"6, cool, system, control, hvdc"
6,,2,"7, offshor, grid, bornholm, power"
6,,1,"8, wind, offshor, bornholm, mill"
6,,7,"9, island, bornholm, energi, offshor"
6,,2,Noise
6,,7,"0, hydrogen, energi, bornholm, power"
6,,2,"10, baltic, bornholm, defens, energi"
6,,5,"11, offshor, wind, park, busi"
6,,3,"12, hydrogen, bornholm, busi, powertox"
6,,2,"13, grid, offshor, wind, bornholm"
6,,1,"16, dkk, energi, billion, project"
6,,4,"17, bornholm, debat, say, baltic"
6,,4,"18, electr, tax, project, energi"
6,,7,"19, energi, island, area, wind"
6,,9,"2, wind, energi, island, offshor"
6,,5,"20, convert, hvdc, offshor, grid"
6,,2,"21, energi, wind, offshor, connect"
6,,3,"22, guard, wind, offshor, farm"
6,,5,"23, bornholm, thoma, wind, say"
6,,5,"25, hydrogen, power, compani, nuclear"
6,,1,"26, agreement, climat, co2, dkk"
6,,5,"27, bornholm, land, citizen, plant"
6,,2,"28, municip, grid, offshor, wermelin"
6,,3,"29, island, energi, wind, sea"
6,,3,"3, comput, quantum, electr, municip"
6,,2,"30, wind, turbin, offshor, energi"
6,,1,"31, price, zone, center, data"
6,,1,"33, sage, plan, economi, sren"
6,,3,"34, bornholm, baltic, energi, harbor"
6,,2,"35, materi, 111, million, dkk"
6,,3,"36, island, energi, wind, sea"
6,,2,"38, fund, receiv, energi, compani"
6,,1,"39, uniti, list, offshor, grid"
6,,7,"4, bornholm, sea, area, energi"
6,,1,"40, energi, wind, bornholm, grid"
6,,2,"41, bioga, co2, plant, tonn"
6,,2,"45, offshor, wind, farm, reliabl"
6,,2,"46, bornholm, wind, offshor, energi"
6,,3,"47, heat, ga, rvv, climat"
6,,4,"48, labor, emiss, co2, climat"
6,,2,"5, light, grid, power, offshor"
6,,5,"6, cool, system, control, hvdc"
6,,2,"7, offshor, grid, bornholm, power"
6,,1,"8, wind, offshor, bornholm, mill"
6,,7,"9, island, bornholm, energi, offshor"
6,,2,Noise
6,,7,"0, hydrogen, energi, bornholm, power"
6,,2,"10, baltic, bornholm, defens, energi"
6,,5,"11, offshor, wind, park, busi"
6,,3,"12, hydrogen, bornholm, busi, powertox"
6,,2,"13, grid, offshor, wind, bornholm"
6,,1,"16, dkk, energi, billion, project"
6,,4,"17, bornholm, debat, say, baltic"
6,,4,"18, electr, tax, project, energi"
6,,7,"19, energi, island, area, wind"
6,,9,"2, wind, energi, island, offshor"
6,,5,"20, convert, hvdc, offshor, grid"
6,,2,"21, energi, wind, offshor, connect"
6,,3,"22, guard, wind, offshor, farm"
6,,5,"23, bornholm, thoma, wind, say"
6,,5,"25, hydrogen, power, compani, nuclear"
6,,1,"26, agreement, climat, co2, dkk"
6,,5,"27, bornholm, land, citizen, plant"
6,,2,"28, municip, grid, offshor, wermelin"
6,,3,"29, island, energi, wind, sea"
6,,3,"3, comput, quantum, electr, municip"
6,,2,"30, wind, turbin, offshor, energi"
6,,1,"31, price, zone, center, data"
6,,1,"33, sage, plan, economi, sren"
6,,3,"34, bornholm, baltic, energi, harbor"
6,,2,"35, materi, 111, million, dkk"
6,,3,"36, island, energi, wind, sea"
6,,2,"38, fund, receiv, energi, compani"
6,,1,"39, uniti, list, offshor, grid"
6,,7,"4, bornholm, sea, area, energi"
6,,1,"40, energi, wind, bornholm, grid"
6,,2,"41, bioga, co2, plant, tonn"
6,,2,"45, offshor, wind, farm, reliabl"
6,,2,"46, bornholm, wind, offshor, energi"
6,,3,"47, heat, ga, rvv, climat"
6,,4,"48, labor, emiss, co2, climat"
6,,2,"5, light, grid, power, offshor"
6,,5,"6, cool, system, control, hvdc"
6,,2,"7, offshor, grid, bornholm, power"
6,,1,"8, wind, offshor, bornholm, mill"
6,,7,"9, island, bornholm, energi, offshor"
6,,2,Noise
6,,7,"0, hydrogen, energi, bornholm, power"
6,,2,"10, baltic, bornholm, defens, energi"
6,,5,"11, offshor, wind, park, busi"
6,,3,"12, hydrogen, bornholm, busi, powertox"
6,,2,"13, grid, offshor, wind, bornholm"
6,,1,"16, dkk, energi, billion, project"
6,,4,"17, bornholm, debat, say, baltic"
6,,4,"18, electr, tax, project, energi"
6,,7,"19, energi, island, area, wind"
6,,9,"2, wind, energi, island, offshor"
6,,5,"20, convert, hvdc, offshor, grid"
6,,2,"21, energi, wind, offshor, connect"
6,,3,"22, guard, wind, offshor, farm"
6,,5,"23, bornholm, thoma, wind, say"
6,,5,"25, hydrogen, power, compani, nuclear"
6,,1,"26, agreement, climat, co2, dkk"
6,,5,"27, bornholm, land, citizen, plant"
6,,2,"28, municip, grid, offshor, wermelin"
6,,3,"29, island, energi, wind, sea"
6,,3,"3, comput, quantum, electr, municip"
6,,2,"30, wind, turbin, offshor, energi"
6,,1,"31, price, zone, center, data"
6,,1,"33, sage, plan, economi, sren"
6,,3,"34, bornholm, baltic, energi, harbor"
6,,2,"35, materi, 111, million, dkk"
6,,3,"36, island, energi, wind, sea"
6,,2,"38, fund, receiv, energi, compani"
6,,1,"39, uniti, list, offshor, grid"
6,,7,"4, bornholm, sea, area, energi"
6,,1,"40, energi, wind, bornholm, grid"
6,,2,"41, bioga, co2, plant, tonn"
6,,2,"45, offshor, wind, farm, reliabl"
6,,2,"46, bornholm, wind, offshor, energi"
6,,3,"47, heat, ga, rvv, climat"
6,,4,"48, labor, emiss, co2, climat"
6,,2,"5, light, grid, power, offshor"
6,,5,"6, cool, system, control, hvdc"
6,,2,"7, offshor, grid, bornholm, power"
6,,1,"8, wind, offshor, bornholm, mill"
6,,7,"9, island, bornholm, energi, offshor"
6,,2,Noise
6,,7,"0, hydrogen, energi, bornholm, power"
6,,2,"10, baltic, bornholm, defens, energi"
6,,5,"11, offshor, wind, park, busi"
6,,3,"12, hydrogen, bornholm, busi, powertox"
6,,2,"13, grid, offshor, wind, bornholm"
6,,1,"16, dkk, energi, billion, project"
6,,4,"17, bornholm, debat, say, baltic"
6,,4,"18, electr, tax, project, energi"
6,,7,"19, energi, island, area, wind"
6,,9,"2, wind, energi, island, offshor"
6,,5,"20, convert, hvdc, offshor, grid"
6,,2,"21, energi, wind, offshor, connect"
6,,3,"22, guard, wind, offshor, farm"
6,,5,"23, bornholm, thoma, wind, say"
6,,5,"25, hydrogen, power, compani, nuclear"
6,,1,"26, agreement, climat, co2, dkk"
6,,5,"27, bornholm, land, citizen, plant"
6,,2,"28, municip, grid, offshor, wermelin"
6,,3,"29, island, energi, wind, sea"
6,,3,"3, comput, quantum, electr, municip"
6,,2,"30, wind, turbin, offshor, energi"
6,,1,"31, price, zone, center, data"
6,,1,"33, sage, plan, economi, sren"
6,,3,"34, bornholm, baltic, energi, harbor"
6,,2,"35, materi, 111, million, dkk"
6,,3,"36, island, energi, wind, sea"
6,,2,"38, fund, receiv, energi, compani"
6,,1,"39, uniti, list, offshor, grid"
6,,7,"4, bornholm, sea, area, energi"
6,,1,"40, energi, wind, bornholm, grid"
6,,2,"41, bioga, co2, plant, tonn"
6,,2,"45, offshor, wind, farm, reliabl"
6,,2,"46, bornholm, wind, offshor, energi"
6,,3,"47, heat, ga, rvv, climat"
6,,4,"48, labor, emiss, co2, climat"
6,,2,"5, light, grid, power, offshor"
6,,5,"6, cool, system, control, hvdc"
6,,2,"7, offshor, grid, bornholm, power"
6,,1,"8, wind, offshor, bornholm, mill"
6,,7,"9, island, bornholm, energi, offshor"
6,,2,Noise
6,,7,"0, hydrogen, energi, bornholm, power"
6,,2,"10, baltic, bornholm, defens, energi"
6,,5,"11, offshor, wind, park, busi"
6,,3,"12, hydrogen, bornholm, busi, powertox"
6,,2,"13, grid, offshor, wind, bornholm"
6,,1,"16, dkk, energi, billion, project"
6,,4,"17, bornholm, debat, say, baltic"
6,,4,"18, electr, tax, project, energi"
6,,7,"19, energi, island, area, wind"
6,,9,"2, wind, energi, island, offshor"
6,,5,"20, convert, hvdc, offshor, grid"
6,,2,"21, energi, wind, offshor, connect"
6,,3,"22, guard, wind, offshor, farm"
6,,5,"23, bornholm, thoma, wind, say"
6,,5,"25, hydrogen, power, compani, nuclear"
6,,1,"26, agreement, climat, co2, dkk"
6,,5,"27, bornholm, land, citizen, plant"
6,,2,"28, municip, grid, offshor, wermelin"
6,,3,"29, island, energi, wind, sea"
6,,3,"3, comput, quantum, electr, municip"
6,,2,"30, wind, turbin, offshor, energi"
6,,1,"31, price, zone, center, data"
6,,1,"33, sage, plan, economi, sren"
6,,3,"34, bornholm, baltic, energi, harbor"
6,,2,"35, materi, 111, million, dkk"
6,,3,"36, island, energi, wind, sea"
6,,2,"38, fund, receiv, energi, compani"
6,,1,"39, uniti, list, offshor, grid"
6,,7,"4, bornholm, sea, area, energi"
6,,1,"40, energi, wind, bornholm, grid"
6,,2,"41, bioga, co2, plant, tonn"
6,,2,"45, offshor, wind, farm, reliabl"
6,,2,"46, bornholm, wind, offshor, energi"
6,,3,"47, heat, ga, rvv, climat"
6,,4,"48, labor, emiss, co2, climat"
6,,2,"5, light, grid, power, offshor"
6,,5,"6, cool, system, control, hvdc"
6,,2,"7, offshor, grid, bornholm, power"
6,,1,"8, wind, offshor, bornholm, mill"
6,,7,"9, island, bornholm, energi, offshor"
6,,2,Noise
6,,7,"0, hydrogen, energi, bornholm, power"
6,,2,"10, baltic, bornholm, defens, energi"
6,,5,"11, offshor, wind, park, busi"
6,,3,"12, hydrogen, bornholm, busi, powertox"
6,,2,"13, grid, offshor, wind, bornholm"
6,,1,"16, dkk, energi, billion, project"
6,,4,"17, bornholm, debat, say, baltic"
6,,4,"18, electr, tax, project, energi"
6,,7,"19, energi, island, area, wind"
6,,9,"2, wind, energi, island, offshor"
6,,5,"20, convert, hvdc, offshor, grid"
6,,2,"21, energi, wind, offshor, connect"
6,,3,"22, guard, wind, offshor, farm"
6,,5,"23, bornholm, thoma, wind, say"
6,,5,"25, hydrogen, power, compani, nuclear"
6,,1,"26, agreement, climat, co2, dkk"
6,,5,"27, bornholm, land, citizen, plant"
6,,2,"28, municip, grid, offshor, wermelin"
6,,3,"29, island, energi, wind, sea"
6,,3,"3, comput, quantum, electr, municip"
6,,2,"30, wind, turbin, offshor, energi"
6,,1,"31, price, zone, center, data"
6,,1,"33, sage, plan, economi, sren"
6,,3,"34, bornholm, baltic, energi, harbor"
6,,2,"35, materi, 111, million, dkk"
6,,3,"36, island, energi, wind, sea"
6,,2,"38, fund, receiv, energi, compani"
6,,1,"39, uniti, list, offshor, grid"
6,,7,"4, bornholm, sea, area, energi"
6,,1,"40, energi, wind, bornholm, grid"
6,,2,"41, bioga, co2, plant, tonn"
6,,2,"45, offshor, wind, farm, reliabl"
6,,2,"46, bornholm, wind, offshor, energi"
6,,3,"47, heat, ga, rvv, climat"
6,,4,"48, labor, emiss, co2, climat"
6,,2,"5, light, grid, power, offshor"
6,,5,"6, cool, system, control, hvdc"
6,,2,"7, offshor, grid, bornholm, power"
6,,1,"8, wind, offshor, bornholm, mill"
6,,7,"9, island, bornholm, energi, offshor"
6,,2,Noise
6,,7,"0, hydrogen, energi, bornholm, power"
6,,2,"10, baltic, bornholm, defens, energi"
6,,5,"11, offshor, wind, park, busi"
6,,3,"12, hydrogen, bornholm, busi, powertox"
6,,2,"13, grid, offshor, wind, bornholm"
6,,1,"16, dkk, energi, billion, project"
6,,4,"17, bornholm, debat, say, baltic"
6,,4,"18, electr, tax, project, energi"
6,,7,"19, energi, island, area, wind"
6,,9,"2, wind, energi, island, offshor"
6,,5,"20, convert, hvdc, offshor, grid"
6,,2,"21, energi, wind, offshor, connect"
6,,3,"22, guard, wind, offshor, farm"
6,,5,"23, bornholm, thoma, wind, say"
6,,5,"25, hydrogen, power, compani, nuclear"
6,,1,"26, agreement, climat, co2, dkk"
6,,5,"27, bornholm, land, citizen, plant"
6,,2,"28, municip, grid, offshor, wermelin"
6,,3,"29, island, energi, wind, sea"
6,,3,"3, comput, quantum, electr, municip"
6,,2,"30, wind, turbin, offshor, energi"
6,,1,"31, price, zone, center, data"
6,,1,"33, sage, plan, economi, sren"
6,,3,"34, bornholm, baltic, energi, harbor"
6,,2,"35, materi, 111, million, dkk"
6,,3,"36, island, energi, wind, sea"
6,,2,"38, fund, receiv, energi, compani"
6,,1,"39, uniti, list, offshor, grid"
6,,7,"4, bornholm, sea, area, energi"
6,,1,"40, energi, wind, bornholm, grid"
6,,2,"41, bioga, co2, plant, tonn"
6,,2,"45, offshor, wind, farm, reliabl"
6,,2,"46, bornholm, wind, offshor, energi"
6,,3,"47, heat, ga, rvv, climat"
6,,4,"48, labor, emiss, co2, climat"
6,,2,"5, light, grid, power, offshor"
6,,5,"6, cool, system, control, hvdc"
6,,2,"7, offshor, grid, bornholm, power"
6,,1,"8, wind, offshor, bornholm, mill"
6,,7,"9, island, bornholm, energi, offshor"
6,,2,Noise
6,,7,"0, hydrogen, energi, bornholm, power"
6,,2,"10, baltic, bornholm, defens, energi"
6,,5,"11, offshor, wind, park, busi"
6,,3,"12, hydrogen, bornholm, busi, powertox"
6,,2,"13, grid, offshor, wind, bornholm"
6,,1,"16, dkk, energi, billion, project"
6,,4,"17, bornholm, debat, say, baltic"
6,,4,"18, electr, tax, project, energi"
6,,7,"19, energi, island, area, wind"
6,,9,"2, wind, energi, island, offshor"
6,,5,"20, convert, hvdc, offshor, grid"
6,,2,"21, energi, wind, offshor, connect"
6,,3,"22, guard, wind, offshor, farm"
6,,5,"23, bornholm, thoma, wind, say"
6,,5,"25, hydrogen, power, compani, nuclear"
6,,1,"26, agreement, climat, co2, dkk"
6,,5,"27, bornholm, land, citizen, plant"
6,,2,"28, municip, grid, offshor, wermelin"
6,,3,"29, island, energi, wind, sea"
6,,3,"3, comput, quantum, electr, municip"
6,,2,"30, wind, turbin, offshor, energi"
6,,1,"31, price, zone, center, data"
6,,1,"33, sage, plan, economi, sren"
6,,3,"34, bornholm, baltic, energi, harbor"
6,,2,"35, materi, 111, million, dkk"
6,,3,"36, island, energi, wind, sea"
6,,2,"38, fund, receiv, energi, compani"
6,,1,"39, uniti, list, offshor, grid"
6,,7,"4, bornholm, sea, area, energi"
6,,1,"40, energi, wind, bornholm, grid"
6,,2,"41, bioga, co2, plant, tonn"
6,,2,"45, offshor, wind, farm, reliabl"
6,,2,"46, bornholm, wind, offshor, energi"
6,,3,"47, heat, ga, rvv, climat"
6,,4,"48, labor, emiss, co2, climat"
6,,2,"5, light, grid, power, offshor"
6,,5,"6, cool, system, control, hvdc"
6,,2,"7, offshor, grid, bornholm, power"
6,,1,"8, wind, offshor, bornholm, mill"
6,,7,"9, island, bornholm, energi, offshor"
6,,2,Noise
6,,7,"0, hydrogen, energi, bornholm, power"
6,,2,"10, baltic, bornholm, defens, energi"
6,,5,"11, offshor, wind, park, busi"
6,,3,"12, hydrogen, bornholm, busi, powertox"
6,,2,"13, grid, offshor, wind, bornholm"
6,,1,"16, dkk, energi, billion, project"
6,,4,"17, bornholm, debat, say, baltic"
6,,4,"18, electr, tax, project, energi"
6,,7,"19, energi, island, area, wind"
6,,9,"2, wind, energi, island, offshor"
6,,5,"20, convert, hvdc, offshor, grid"
6,,2,"21, energi, wind, offshor, connect"
6,,3,"22, guard, wind, offshor, farm"
6,,5,"23, bornholm, thoma, wind, say"
6,,5,"25, hydrogen, power, compani, nuclear"
6,,1,"26, agreement, climat, co2, dkk"
6,,5,"27, bornholm, land, citizen, plant"
6,,2,"28, municip, grid, offshor, wermelin"
6,,3,"29, island, energi, wind, sea"
6,,3,"3, comput, quantum, electr, municip"
6,,2,"30, wind, turbin, offshor, energi"
6,,1,"31, price, zone, center, data"
6,,1,"33, sage, plan, economi, sren"
6,,3,"34, bornholm, baltic, energi, harbor"
6,,2,"35, materi, 111, million, dkk"
6,,3,"36, island, energi, wind, sea"
6,,2,"38, fund, receiv, energi, compani"
6,,1,"39, uniti, list, offshor, grid"
6,,7,"4, bornholm, sea, area, energi"
6,,1,"40, energi, wind, bornholm, grid"
6,,2,"41, bioga, co2, plant, tonn"
6,,2,"45, offshor, wind, farm, reliabl"
6,,2,"46, bornholm, wind, offshor, energi"
6,,3,"47, heat, ga, rvv, climat"
6,,4,"48, labor, emiss, co2, climat"
6,,2,"5, light, grid, power, offshor"
6,,5,"6, cool, system, control, hvdc"
6,,2,"7, offshor, grid, bornholm, power"
6,,1,"8, wind, offshor, bornholm, mill"
6,,7,"9, island, bornholm, energi, offshor"
6,,2,Noise
6,,7,"0, hydrogen, energi, bornholm, power"
6,,2,"10, baltic, bornholm, defens, energi"
6,,5,"11, offshor, wind, park, busi"
6,,3,"12, hydrogen, bornholm, busi, powertox"
6,,2,"13, grid, offshor, wind, bornholm"
6,,1,"16, dkk, energi, billion, project"
6,,4,"17, bornholm, debat, say, baltic"
6,,4,"18, electr, tax, project, energi"
6,,7,"19, energi, island, area, wind"
6,,9,"2, wind, energi, island, offshor"
6,,5,"20, convert, hvdc, offshor, grid"
6,,2,"21, energi, wind, offshor, connect"
6,,3,"22, guard, wind, offshor, farm"
6,,5,"23, bornholm, thoma, wind, say"
6,,5,"25, hydrogen, power, compani, nuclear"
6,,1,"26, agreement, climat, co2, dkk"
6,,5,"27, bornholm, land, citizen, plant"
6,,2,"28, municip, grid, offshor, wermelin"
6,,3,"29, island, energi, wind, sea"
6,,3,"3, comput, quantum, electr, municip"
6,,2,"30, wind, turbin, offshor, energi"
6,,1,"31, price, zone, center, data"
6,,1,"33, sage, plan, economi, sren"
6,,3,"34, bornholm, baltic, energi, harbor"
6,,2,"35, materi, 111, million, dkk"
6,,3,"36, island, energi, wind, sea"
6,,2,"38, fund, receiv, energi, compani"
6,,1,"39, uniti, list, offshor, grid"
6,,7,"4, bornholm, sea, area, energi"
6,,1,"40, energi, wind, bornholm, grid"
6,,2,"41, bioga, co2, plant, tonn"
6,,2,"45, offshor, wind, farm, reliabl"
6,,2,"46, bornholm, wind, offshor, energi"
6,,3,"47, heat, ga, rvv, climat"
6,,4,"48, labor, emiss, co2, climat"
6,,2,"5, light, grid, power, offshor"
6,,5,"6, cool, system, control, hvdc"
6,,2,"7, offshor, grid, bornholm, power"
6,,1,"8, wind, offshor, bornholm, mill"
6,,7,"9, island, bornholm, energi, offshor"
6,,2,Noise
6,,7,"0, hydrogen, energi, bornholm, power"
6,,2,"10, baltic, bornholm, defens, energi"
6,,5,"11, offshor, wind, park, busi"
6,,3,"12, hydrogen, bornholm, busi, powertox"
6,,2,"13, grid, offshor, wind, bornholm"
6,,1,"16, dkk, energi, billion, project"
6,,4,"17, bornholm, debat, say, baltic"
6,,4,"18, electr, tax, project, energi"
6,,7,"19, energi, island, area, wind"
6,,9,"2, wind, energi, island, offshor"
6,,5,"20, convert, hvdc, offshor, grid"
6,,2,"21, energi, wind, offshor, connect"
6,,3,"22, guard, wind, offshor, farm"
6,,5,"23, bornholm, thoma, wind, say"
6,,5,"25, hydrogen, power, compani, nuclear"
6,,1,"26, agreement, climat, co2, dkk"
6,,5,"27, bornholm, land, citizen, plant"
6,,2,"28, municip, grid, offshor, wermelin"
6,,3,"29, island, energi, wind, sea"
6,,3,"3, comput, quantum, electr, municip"
6,,2,"30, wind, turbin, offshor, energi"
6,,1,"31, price, zone, center, data"
6,,1,"33, sage, plan, economi, sren"
6,,3,"34, bornholm, baltic, energi, harbor"
6,,2,"35, materi, 111, million, dkk"
6,,3,"36, island, energi, wind, sea"
6,,2,"38, fund, receiv, energi, compani"
6,,1,"39, uniti, list, offshor, grid"
6,,7,"4, bornholm, sea, area, energi"
6,,1,"40, energi, wind, bornholm, grid"
6,,2,"41, bioga, co2, plant, tonn"
6,,2,"45, offshor, wind, farm, reliabl"
6,,2,"46, bornholm, wind, offshor, energi"
6,,3,"47, heat, ga, rvv, climat"
6,,4,"48, labor, emiss, co2, climat"
6,,2,"5, light, grid, power, offshor"
6,,5,"6, cool, system, control, hvdc"
6,,2,"7, offshor, grid, bornholm, power"
6,,1,"8, wind, offshor, bornholm, mill"
6,,7,"9, island, bornholm, energi, offshor"
6,,2,Noise
6,,7,"0, hydrogen, energi, bornholm, power"
6,,2,"10, baltic, bornholm, defens, energi"
6,,5,"11, offshor, wind, park, busi"
6,,3,"12, hydrogen, bornholm, busi, powertox"
6,,2,"13, grid, offshor, wind, bornholm"
6,,1,"16, dkk, energi, billion, project"
6,,4,"17, bornholm, debat, say, baltic"
6,,4,"18, electr, tax, project, energi"
6,,7,"19, energi, island, area, wind"
6,,9,"2, wind, energi, island, offshor"
6,,5,"20, convert, hvdc, offshor, grid"
6,,2,"21, energi, wind, offshor, connect"
6,,3,"22, guard, wind, offshor, farm"
6,,5,"23, bornholm, thoma, wind, say"
6,,5,"25, hydrogen, power, compani, nuclear"
6,,1,"26, agreement, climat, co2, dkk"
6,,5,"27, bornholm, land, citizen, plant"
6,,2,"28, municip, grid, offshor, wermelin"
6,,3,"29, island, energi, wind, sea"
6,,3,"3, comput, quantum, electr, municip"
6,,2,"30, wind, turbin, offshor, energi"
6,,1,"31, price, zone, center, data"
6,,1,"33, sage, plan, economi, sren"
6,,3,"34, bornholm, baltic, energi, harbor"
6,,2,"35, materi, 111, million, dkk"
6,,3,"36, island, energi, wind, sea"
6,,2,"38, fund, receiv, energi, compani"
6,,1,"39, uniti, list, offshor, grid"
6,,7,"4, bornholm, sea, area, energi"
6,,1,"40, energi, wind, bornholm, grid"
6,,2,"41, bioga, co2, plant, tonn"
6,,2,"45, offshor, wind, farm, reliabl"
6,,2,"46, bornholm, wind, offshor, energi"
6,,3,"47, heat, ga, rvv, climat"
6,,4,"48, labor, emiss, co2, climat"
6,,2,"5, light, grid, power, offshor"
6,,5,"6, cool, system, control, hvdc"
6,,2,"7, offshor, grid, bornholm, power"
6,,1,"8, wind, offshor, bornholm, mill"
6,,7,"9, island, bornholm, energi, offshor"
6,,2,Noise
6,,7,"0, hydrogen, energi, bornholm, power"
6,,2,"10, baltic, bornholm, defens, energi"
6,,5,"11, offshor, wind, park, busi"
6,,3,"12, hydrogen, bornholm, busi, powertox"
6,,2,"13, grid, offshor, wind, bornholm"
6,,1,"16, dkk, energi, billion, project"
6,,4,"17, bornholm, debat, say, baltic"
6,,4,"18, electr, tax, project, energi"
6,,7,"19, energi, island, area, wind"
6,,9,"2, wind, energi, island, offshor"
6,,5,"20, convert, hvdc, offshor, grid"
6,,2,"21, energi, wind, offshor, connect"
6,,3,"22, guard, wind, offshor, farm"
6,,5,"23, bornholm, thoma, wind, say"
6,,5,"25, hydrogen, power, compani, nuclear"
6,,1,"26, agreement, climat, co2, dkk"
6,,5,"27, bornholm, land, citizen, plant"
6,,2,"28, municip, grid, offshor, wermelin"
6,,3,"29, island, energi, wind, sea"
6,,3,"3, comput, quantum, electr, municip"
6,,2,"30, wind, turbin, offshor, energi"
6,,1,"31, price, zone, center, data"
6,,1,"33, sage, plan, economi, sren"
6,,3,"34, bornholm, baltic, energi, harbor"
6,,2,"35, materi, 111, million, dkk"
6,,3,"36, island, energi, wind, sea"
6,,2,"38, fund, receiv, energi, compani"
6,,1,"39, uniti, list, offshor, grid"
6,,7,"4, bornholm, sea, area, energi"
6,,1,"40, energi, wind, bornholm, grid"
6,,2,"41, bioga, co2, plant, tonn"
6,,2,"45, offshor, wind, farm, reliabl"
6,,2,"46, bornholm, wind, offshor, energi"
6,,3,"47, heat, ga, rvv, climat"
6,,4,"48, labor, emiss, co2, climat"
6,,2,"5, light, grid, power, offshor"
6,,5,"6, cool, system, control, hvdc"
6,,2,"7, offshor, grid, bornholm, power"
6,,1,"8, wind, offshor, bornholm, mill"
6,,7,"9, island, bornholm, energi, offshor"
6,,2,Noise
6,,7,"0, hydrogen, energi, bornholm, power"
6,,2,"10, baltic, bornholm, defens, energi"
6,,5,"11, offshor, wind, park, busi"
6,,3,"12, hydrogen, bornholm, busi, powertox"
6,,2,"13, grid, offshor, wind, bornholm"
6,,1,"16, dkk, energi, billion, project"
6,,4,"17, bornholm, debat, say, baltic"
6,,4,"18, electr, tax, project, energi"
6,,7,"19, energi, island, area, wind"
6,,9,"2, wind, energi, island, offshor"
6,,5,"20, convert, hvdc, offshor, grid"
6,,2,"21, energi, wind, offshor, connect"
6,,3,"22, guard, wind, offshor, farm"
6,,5,"23, bornholm, thoma, wind, say"
6,,5,"25, hydrogen, power, compani, nuclear"
6,,1,"26, agreement, climat, co2, dkk"
6,,5,"27, bornholm, land, citizen, plant"
6,,2,"28, municip, grid, offshor, wermelin"
6,,3,"29, island, energi, wind, sea"
6,,3,"3, comput, quantum, electr, municip"
6,,2,"30, wind, turbin, offshor, energi"
6,,1,"31, price, zone, center, data"
6,,1,"33, sage, plan, economi, sren"
6,,3,"34, bornholm, baltic, energi, harbor"
6,,2,"35, materi, 111, million, dkk"
6,,3,"36, island, energi, wind, sea"
6,,2,"38, fund, receiv, energi, compani"
6,,1,"39, uniti, list, offshor, grid"
6,,7,"4, bornholm, sea, area, energi"
6,,1,"40, energi, wind, bornholm, grid"
6,,2,"41, bioga, co2, plant, tonn"
6,,2,"45, offshor, wind, farm, reliabl"
6,,2,"46, bornholm, wind, offshor, energi"
6,,3,"47, heat, ga, rvv, climat"
6,,4,"48, labor, emiss, co2, climat"
6,,2,"5, light, grid, power, offshor"
6,,5,"6, cool, system, control, hvdc"
6,,2,"7, offshor, grid, bornholm, power"
6,,1,"8, wind, offshor, bornholm, mill"
6,,7,"9, island, bornholm, energi, offshor"
6,,2,Noise
6,,7,"0, hydrogen, energi, bornholm, power"
6,,2,"10, baltic, bornholm, defens, energi"
6,,5,"11, offshor, wind, park, busi"
6,,3,"12, hydrogen, bornholm, busi, powertox"
6,,2,"13, grid, offshor, wind, bornholm"
6,,1,"16, dkk, energi, billion, project"
6,,4,"17, bornholm, debat, say, baltic"
6,,4,"18, electr, tax, project, energi"
6,,7,"19, energi, island, area, wind"
6,,9,"2, wind, energi, island, offshor"
6,,5,"20, convert, hvdc, offshor, grid"
6,,2,"21, energi, wind, offshor, connect"
6,,3,"22, guard, wind, offshor, farm"
6,,5,"23, bornholm, thoma, wind, say"
6,,5,"25, hydrogen, power, compani, nuclear"
6,,1,"26, agreement, climat, co2, dkk"
6,,5,"27, bornholm, land, citizen, plant"
6,,2,"28, municip, grid, offshor, wermelin"
6,,3,"29, island, energi, wind, sea"
6,,3,"3, comput, quantum, electr, municip"
6,,2,"30, wind, turbin, offshor, energi"
6,,1,"31, price, zone, center, data"
6,,1,"33, sage, plan, economi, sren"
6,,3,"34, bornholm, baltic, energi, harbor"
6,,2,"35, materi, 111, million, dkk"
6,,3,"36, island, energi, wind, sea"
6,,2,"38, fund, receiv, energi, compani"
6,,1,"39, uniti, list, offshor, grid"
6,,7,"4, bornholm, sea, area, energi"
6,,1,"40, energi, wind, bornholm, grid"
6,,2,"41, bioga, co2, plant, tonn"
6,,2,"45, offshor, wind, farm, reliabl"
6,,2,"46, bornholm, wind, offshor, energi"
6,,3,"47, heat, ga, rvv, climat"
6,,4,"48, labor, emiss, co2, climat"
6,,2,"5, light, grid, power, offshor"
6,,5,"6, cool, system, control, hvdc"
6,,2,"7, offshor, grid, bornholm, power"
6,,1,"8, wind, offshor, bornholm, mill"
6,,7,"9, island, bornholm, energi, offshor"
6,,2,Noise
6,,7,"0, hydrogen, energi, bornholm, power"
6,,2,"10, baltic, bornholm, defens, energi"
6,,5,"11, offshor, wind, park, busi"
6,,3,"12, hydrogen, bornholm, busi, powertox"
6,,2,"13, grid, offshor, wind, bornholm"
6,,1,"16, dkk, energi, billion, project"
6,,4,"17, bornholm, debat, say, baltic"
6,,4,"18, electr, tax, project, energi"
6,,7,"19, energi, island, area, wind"
6,,9,"2, wind, energi, island, offshor"
6,,5,"20, convert, hvdc, offshor, grid"
6,,2,"21, energi, wind, offshor, connect"
6,,3,"22, guard, wind, offshor, farm"
6,,5,"23, bornholm, thoma, wind, say"
6,,5,"25, hydrogen, power, compani, nuclear"
6,,1,"26, agreement, climat, co2, dkk"
6,,5,"27, bornholm, land, citizen, plant"
6,,2,"28, municip, grid, offshor, wermelin"
6,,3,"29, island, energi, wind, sea"
6,,3,"3, comput, quantum, electr, municip"
6,,2,"30, wind, turbin, offshor, energi"
6,,1,"31, price, zone, center, data"
6,,1,"33, sage, plan, economi, sren"
6,,3,"34, bornholm, baltic, energi, harbor"
6,,2,"35, materi, 111, million, dkk"
6,,3,"36, island, energi, wind, sea"
6,,2,"38, fund, receiv, energi, compani"
6,,1,"39, uniti, list, offshor, grid"
6,,7,"4, bornholm, sea, area, energi"
6,,1,"40, energi, wind, bornholm, grid"
6,,2,"41, bioga, co2, plant, tonn"
6,,2,"45, offshor, wind, farm, reliabl"
6,,2,"46, bornholm, wind, offshor, energi"
6,,3,"47, heat, ga, rvv, climat"
6,,4,"48, labor, emiss, co2, climat"
6,,2,"5, light, grid, power, offshor"
6,,5,"6, cool, system, control, hvdc"
6,,2,"7, offshor, grid, bornholm, power"
6,,1,"8, wind, offshor, bornholm, mill"
6,,7,"9, island, bornholm, energi, offshor"
6,,2,Noise
6,,7,"0, hydrogen, energi, bornholm, power"
6,,2,"10, baltic, bornholm, defens, energi"
6,,5,"11, offshor, wind, park, busi"
6,,3,"12, hydrogen, bornholm, busi, powertox"
6,,2,"13, grid, offshor, wind, bornholm"
6,,1,"16, dkk, energi, billion, project"
6,,4,"17, bornholm, debat, say, baltic"
6,,4,"18, electr, tax, project, energi"
6,,7,"19, energi, island, area, wind"
6,,9,"2, wind, energi, island, offshor"
6,,5,"20, convert, hvdc, offshor, grid"
6,,2,"21, energi, wind, offshor, connect"
6,,3,"22, guard, wind, offshor, farm"
6,,5,"23, bornholm, thoma, wind, say"
6,,5,"25, hydrogen, power, compani, nuclear"
6,,1,"26, agreement, climat, co2, dkk"
6,,5,"27, bornholm, land, citizen, plant"
6,,2,"28, municip, grid, offshor, wermelin"
6,,3,"29, island, energi, wind, sea"
6,,3,"3, comput, quantum, electr, municip"
6,,2,"30, wind, turbin, offshor, energi"
6,,1,"31, price, zone, center, data"
6,,1,"33, sage, plan, economi, sren"
6,,3,"34, bornholm, baltic, energi, harbor"
6,,2,"35, materi, 111, million, dkk"
6,,3,"36, island, energi, wind, sea"
6,,2,"38, fund, receiv, energi, compani"
6,,1,"39, uniti, list, offshor, grid"
6,,7,"4, bornholm, sea, area, energi"
6,,1,"40, energi, wind, bornholm, grid"
6,,2,"41, bioga, co2, plant, tonn"
6,,2,"45, offshor, wind, farm, reliabl"
6,,2,"46, bornholm, wind, offshor, energi"
6,,3,"47, heat, ga, rvv, climat"
6,,4,"48, labor, emiss, co2, climat"
6,,2,"5, light, grid, power, offshor"
6,,5,"6, cool, system, control, hvdc"
6,,2,"7, offshor, grid, bornholm, power"
6,,1,"8, wind, offshor, bornholm, mill"
6,,7,"9, island, bornholm, energi, offshor"
6,,2,Noise
6,,7,"0, hydrogen, energi, bornholm, power"
6,,2,"10, baltic, bornholm, defens, energi"
6,,5,"11, offshor, wind, park, busi"
6,,3,"12, hydrogen, bornholm, busi, powertox"
6,,2,"13, grid, offshor, wind, bornholm"
6,,1,"16, dkk, energi, billion, project"
6,,4,"17, bornholm, debat, say, baltic"
6,,4,"18, electr, tax, project, energi"
6,,7,"19, energi, island, area, wind"
6,,9,"2, wind, energi, island, offshor"
6,,5,"20, convert, hvdc, offshor, grid"
6,,2,"21, energi, wind, offshor, connect"
6,,3,"22, guard, wind, offshor, farm"
6,,5,"23, bornholm, thoma, wind, say"
6,,5,"25, hydrogen, power, compani, nuclear"
6,,1,"26, agreement, climat, co2, dkk"
6,,5,"27, bornholm, land, citizen, plant"
6,,2,"28, municip, grid, offshor, wermelin"
6,,3,"29, island, energi, wind, sea"
6,,3,"3, comput, quantum, electr, municip"
6,,2,"30, wind, turbin, offshor, energi"
6,,1,"31, price, zone, center, data"
6,,1,"33, sage, plan, economi, sren"
6,,3,"34, bornholm, baltic, energi, harbor"
6,,2,"35, materi, 111, million, dkk"
6,,3,"36, island, energi, wind, sea"
6,,2,"38, fund, receiv, energi, compani"
6,,1,"39, uniti, list, offshor, grid"
6,,7,"4, bornholm, sea, area, energi"
6,,1,"40, energi, wind, bornholm, grid"
6,,2,"41, bioga, co2, plant, tonn"
6,,2,"45, offshor, wind, farm, reliabl"
6,,2,"46, bornholm, wind, offshor, energi"
6,,3,"47, heat, ga, rvv, climat"
6,,4,"48, labor, emiss, co2, climat"
6,,2,"5, light, grid, power, offshor"
6,,5,"6, cool, system, control, hvdc"
6,,2,"7, offshor, grid, bornholm, power"
6,,1,"8, wind, offshor, bornholm, mill"
6,,7,"9, island, bornholm, energi, offshor"
6,,2,Noise
6,,7,"0, hydrogen, energi, bornholm, power"
6,,2,"10, baltic, bornholm, defens, energi"
6,,5,"11, offshor, wind, park, busi"
6,,3,"12, hydrogen, bornholm, busi, powertox"
6,,2,"13, grid, offshor, wind, bornholm"
6,,1,"16, dkk, energi, billion, project"
6,,4,"17, bornholm, debat, say, baltic"
6,,4,"18, electr, tax, project, energi"
6,,7,"19, energi, island, area, wind"
6,,9,"2, wind, energi, island, offshor"
6,,5,"20, convert, hvdc, offshor, grid"
6,,2,"21, energi, wind, offshor, connect"
6,,3,"22, guard, wind, offshor, farm"
6,,5,"23, bornholm, thoma, wind, say"
6,,5,"25, hydrogen, power, compani, nuclear"
6,,1,"26, agreement, climat, co2, dkk"
6,,5,"27, bornholm, land, citizen, plant"
6,,2,"28, municip, grid, offshor, wermelin"
6,,3,"29, island, energi, wind, sea"
6,,3,"3, comput, quantum, electr, municip"
6,,2,"30, wind, turbin, offshor, energi"
6,,1,"31, price, zone, center, data"
6,,1,"33, sage, plan, economi, sren"
6,,3,"34, bornholm, baltic, energi, harbor"
6,,2,"35, materi, 111, million, dkk"
6,,3,"36, island, energi, wind, sea"
6,,2,"38, fund, receiv, energi, compani"
6,,1,"39, uniti, list, offshor, grid"
6,,7,"4, bornholm, sea, area, energi"
6,,1,"40, energi, wind, bornholm, grid"
6,,2,"41, bioga, co2, plant, tonn"
6,,2,"45, offshor, wind, farm, reliabl"
6,,2,"46, bornholm, wind, offshor, energi"
6,,3,"47, heat, ga, rvv, climat"
6,,4,"48, labor, emiss, co2, climat"
6,,2,"5, light, grid, power, offshor"
6,,5,"6, cool, system, control, hvdc"
6,,2,"7, offshor, grid, bornholm, power"
6,,1,"8, wind, offshor, bornholm, mill"
6,,7,"9, island, bornholm, energi, offshor"
6,,2,Noise
6,,7,"0, hydrogen, energi, bornholm, power"
6,,2,"10, baltic, bornholm, defens, energi"
6,,5,"11, offshor, wind, park, busi"
6,,3,"12, hydrogen, bornholm, busi, powertox"
6,,2,"13, grid, offshor, wind, bornholm"
6,,1,"16, dkk, energi, billion, project"
6,,4,"17, bornholm, debat, say, baltic"
6,,4,"18, electr, tax, project, energi"
6,,7,"19, energi, island, area, wind"
6,,9,"2, wind, energi, island, offshor"
6,,5,"20, convert, hvdc, offshor, grid"
6,,2,"21, energi, wind, offshor, connect"
6,,3,"22, guard, wind, offshor, farm"
6,,5,"23, bornholm, thoma, wind, say"
6,,5,"25, hydrogen, power, compani, nuclear"
6,,1,"26, agreement, climat, co2, dkk"
6,,5,"27, bornholm, land, citizen, plant"
6,,2,"28, municip, grid, offshor, wermelin"
6,,3,"29, island, energi, wind, sea"
6,,3,"3, comput, quantum, electr, municip"
6,,2,"30, wind, turbin, offshor, energi"
6,,1,"31, price, zone, center, data"
6,,1,"33, sage, plan, economi, sren"
6,,3,"34, bornholm, baltic, energi, harbor"
6,,2,"35, materi, 111, million, dkk"
6,,3,"36, island, energi, wind, sea"
6,,2,"38, fund, receiv, energi, compani"
6,,1,"39, uniti, list, offshor, grid"
6,,7,"4, bornholm, sea, area, energi"
6,,1,"40, energi, wind, bornholm, grid"
6,,2,"41, bioga, co2, plant, tonn"
6,,2,"45, offshor, wind, farm, reliabl"
6,,2,"46, bornholm, wind, offshor, energi"
6,,3,"47, heat, ga, rvv, climat"
6,,4,"48, labor, emiss, co2, climat"
6,,2,"5, light, grid, power, offshor"
6,,5,"6, cool, system, control, hvdc"
6,,2,"7, offshor, grid, bornholm, power"
6,,1,"8, wind, offshor, bornholm, mill"
6,,7,"9, island, bornholm, energi, offshor"
6,,2,Noise
6,,7,"0, hydrogen, energi, bornholm, power"
6,,2,"10, baltic, bornholm, defens, energi"
6,,5,"11, offshor, wind, park, busi"
6,,3,"12, hydrogen, bornholm, busi, powertox"
6,,2,"13, grid, offshor, wind, bornholm"
6,,1,"16, dkk, energi, billion, project"
6,,4,"17, bornholm, debat, say, baltic"
6,,4,"18, electr, tax, project, energi"
6,,7,"19, energi, island, area, wind"
6,,9,"2, wind, energi, island, offshor"
6,,5,"20, convert, hvdc, offshor, grid"
6,,2,"21, energi, wind, offshor, connect"
6,,3,"22, guard, wind, offshor, farm"
6,,5,"23, bornholm, thoma, wind, say"
6,,5,"25, hydrogen, power, compani, nuclear"
6,,1,"26, agreement, climat, co2, dkk"
6,,5,"27, bornholm, land, citizen, plant"
6,,2,"28, municip, grid, offshor, wermelin"
6,,3,"29, island, energi, wind, sea"
6,,3,"3, comput, quantum, electr, municip"
6,,2,"30, wind, turbin, offshor, energi"
6,,1,"31, price, zone, center, data"
6,,1,"33, sage, plan, economi, sren"
6,,3,"34, bornholm, baltic, energi, harbor"
6,,2,"35, materi, 111, million, dkk"
6,,3,"36, island, energi, wind, sea"
6,,2,"38, fund, receiv, energi, compani"
6,,1,"39, uniti, list, offshor, grid"
6,,7,"4, bornholm, sea, area, energi"
6,,1,"40, energi, wind, bornholm, grid"
6,,2,"41, bioga, co2, plant, tonn"
6,,2,"45, offshor, wind, farm, reliabl"
6,,2,"46, bornholm, wind, offshor, energi"
6,,3,"47, heat, ga, rvv, climat"
6,,4,"48, labor, emiss, co2, climat"
6,,2,"5, light, grid, power, offshor"
6,,5,"6, cool, system, control, hvdc"
6,,2,"7, offshor, grid, bornholm, power"
6,,1,"8, wind, offshor, bornholm, mill"
6,,7,"9, island, bornholm, energi, offshor"
6,,2,Noise
6,,7,"0, hydrogen, energi, bornholm, power"
6,,2,"10, baltic, bornholm, defens, energi"
6,,5,"11, offshor, wind, park, busi"
6,,3,"12, hydrogen, bornholm, busi, powertox"
6,,2,"13, grid, offshor, wind, bornholm"
6,,1,"16, dkk, energi, billion, project"
6,,4,"17, bornholm, debat, say, baltic"
6,,4,"18, electr, tax, project, energi"
6,,7,"19, energi, island, area, wind"
6,,9,"2, wind, energi, island, offshor"
6,,5,"20, convert, hvdc, offshor, grid"
6,,2,"21, energi, wind, offshor, connect"
6,,3,"22, guard, wind, offshor, farm"
6,,5,"23, bornholm, thoma, wind, say"
6,,5,"25, hydrogen, power, compani, nuclear"
6,,1,"26, agreement, climat, co2, dkk"
6,,5,"27, bornholm, land, citizen, plant"
6,,2,"28, municip, grid, offshor, wermelin"
6,,3,"29, island, energi, wind, sea"
6,,3,"3, comput, quantum, electr, municip"
6,,2,"30, wind, turbin, offshor, energi"
6,,1,"31, price, zone, center, data"
6,,1,"33, sage, plan, economi, sren"
6,,3,"34, bornholm, baltic, energi, harbor"
6,,2,"35, materi, 111, million, dkk"
6,,3,"36, island, energi, wind, sea"
6,,2,"38, fund, receiv, energi, compani"
6,,1,"39, uniti, list, offshor, grid"
6,,7,"4, bornholm, sea, area, energi"
6,,1,"40, energi, wind, bornholm, grid"
6,,2,"41, bioga, co2, plant, tonn"
6,,2,"45, offshor, wind, farm, reliabl"
6,,2,"46, bornholm, wind, offshor, energi"
6,,3,"47, heat, ga, rvv, climat"
6,,4,"48, labor, emiss, co2, climat"
6,,2,"5, light, grid, power, offshor"
6,,5,"6, cool, system, control, hvdc"
6,,2,"7, offshor, grid, bornholm, power"
6,,1,"8, wind, offshor, bornholm, mill"
6,,7,"9, island, bornholm, energi, offshor"
6,,2,Noise
6,,7,"0, hydrogen, energi, bornholm, power"
6,,2,"10, baltic, bornholm, defens, energi"
6,,5,"11, offshor, wind, park, busi"
6,,3,"12, hydrogen, bornholm, busi, powertox"
6,,2,"13, grid, offshor, wind, bornholm"
6,,1,"16, dkk, energi, billion, project"
6,,4,"17, bornholm, debat, say, baltic"
6,,4,"18, electr, tax, project, energi"
6,,7,"19, energi, island, area, wind"
6,,9,"2, wind, energi, island, offshor"
6,,5,"20, convert, hvdc, offshor, grid"
6,,2,"21, energi, wind, offshor, connect"
6,,3,"22, guard, wind, offshor, farm"
6,,5,"23, bornholm, thoma, wind, say"
6,,5,"25, hydrogen, power, compani, nuclear"
6,,1,"26, agreement, climat, co2, dkk"
6,,5,"27, bornholm, land, citizen, plant"
6,,2,"28, municip, grid, offshor, wermelin"
6,,3,"29, island, energi, wind, sea"
6,,3,"3, comput, quantum, electr, municip"
6,,2,"30, wind, turbin, offshor, energi"
6,,1,"31, price, zone, center, data"
6,,1,"33, sage, plan, economi, sren"
6,,3,"34, bornholm, baltic, energi, harbor"
6,,2,"35, materi, 111, million, dkk"
6,,3,"36, island, energi, wind, sea"
6,,2,"38, fund, receiv, energi, compani"
6,,1,"39, uniti, list, offshor, grid"
6,,7,"4, bornholm, sea, area, energi"
6,,1,"40, energi, wind, bornholm, grid"
6,,2,"41, bioga, co2, plant, tonn"
6,,2,"45, offshor, wind, farm, reliabl"
6,,2,"46, bornholm, wind, offshor, energi"
6,,3,"47, heat, ga, rvv, climat"
6,,4,"48, labor, emiss, co2, climat"
6,,2,"5, light, grid, power, offshor"
6,,5,"6, cool, system, control, hvdc"
6,,2,"7, offshor, grid, bornholm, power"
6,,1,"8, wind, offshor, bornholm, mill"
6,,7,"9, island, bornholm, energi, offshor"
6,,2,Noise
6,,7,"0, hydrogen, energi, bornholm, power"
6,,2,"10, baltic, bornholm, defens, energi"
6,,5,"11, offshor, wind, park, busi"
6,,3,"12, hydrogen, bornholm, busi, powertox"
6,,2,"13, grid, offshor, wind, bornholm"
6,,1,"16, dkk, energi, billion, project"
6,,4,"17, bornholm, debat, say, baltic"
6,,4,"18, electr, tax, project, energi"
6,,7,"19, energi, island, area, wind"
6,,9,"2, wind, energi, island, offshor"
6,,5,"20, convert, hvdc, offshor, grid"
6,,2,"21, energi, wind, offshor, connect"
6,,3,"22, guard, wind, offshor, farm"
6,,5,"23, bornholm, thoma, wind, say"
6,,5,"25, hydrogen, power, compani, nuclear"
6,,1,"26, agreement, climat, co2, dkk"
6,,5,"27, bornholm, land, citizen, plant"
6,,2,"28, municip, grid, offshor, wermelin"
6,,3,"29, island, energi, wind, sea"
6,,3,"3, comput, quantum, electr, municip"
6,,2,"30, wind, turbin, offshor, energi"
6,,1,"31, price, zone, center, data"
6,,1,"33, sage, plan, economi, sren"
6,,3,"34, bornholm, baltic, energi, harbor"
6,,2,"35, materi, 111, million, dkk"
6,,3,"36, island, energi, wind, sea"
6,,2,"38, fund, receiv, energi, compani"
6,,1,"39, uniti, list, offshor, grid"
6,,7,"4, bornholm, sea, area, energi"
6,,1,"40, energi, wind, bornholm, grid"
6,,2,"41, bioga, co2, plant, tonn"
6,,2,"45, offshor, wind, farm, reliabl"
6,,2,"46, bornholm, wind, offshor, energi"
6,,3,"47, heat, ga, rvv, climat"
6,,4,"48, labor, emiss, co2, climat"
6,,2,"5, light, grid, power, offshor"
6,,5,"6, cool, system, control, hvdc"
6,,2,"7, offshor, grid, bornholm, power"
6,,1,"8, wind, offshor, bornholm, mill"
6,,7,"9, island, bornholm, energi, offshor"
6,,2,Noise
6,,7,"0, hydrogen, energi, bornholm, power"
6,,2,"10, baltic, bornholm, defens, energi"
6,,5,"11, offshor, wind, park, busi"
6,,3,"12, hydrogen, bornholm, busi, powertox"
6,,2,"13, grid, offshor, wind, bornholm"
6,,1,"16, dkk, energi, billion, project"
6,,4,"17, bornholm, debat, say, baltic"
6,,4,"18, electr, tax, project, energi"
6,,7,"19, energi, island, area, wind"
6,,9,"2, wind, energi, island, offshor"
6,,5,"20, convert, hvdc, offshor, grid"
6,,2,"21, energi, wind, offshor, connect"
6,,3,"22, guard, wind, offshor, farm"
6,,5,"23, bornholm, thoma, wind, say"
6,,5,"25, hydrogen, power, compani, nuclear"
6,,1,"26, agreement, climat, co2, dkk"
6,,5,"27, bornholm, land, citizen, plant"
6,,2,"28, municip, grid, offshor, wermelin"
6,,3,"29, island, energi, wind, sea"
6,,3,"3, comput, quantum, electr, municip"
6,,2,"30, wind, turbin, offshor, energi"
6,,1,"31, price, zone, center, data"
6,,1,"33, sage, plan, economi, sren"
6,,3,"34, bornholm, baltic, energi, harbor"
6,,2,"35, materi, 111, million, dkk"
6,,3,"36, island, energi, wind, sea"
6,,2,"38, fund, receiv, energi, compani"
6,,1,"39, uniti, list, offshor, grid"
6,,7,"4, bornholm, sea, area, energi"
6,,1,"40, energi, wind, bornholm, grid"
6,,2,"41, bioga, co2, plant, tonn"
6,,2,"45, offshor, wind, farm, reliabl"
6,,2,"46, bornholm, wind, offshor, energi"
6,,3,"47, heat, ga, rvv, climat"
6,,4,"48, labor, emiss, co2, climat"
6,,2,"5, light, grid, power, offshor"
6,,5,"6, cool, system, control, hvdc"
6,,2,"7, offshor, grid, bornholm, power"
6,,1,"8, wind, offshor, bornholm, mill"
6,,7,"9, island, bornholm, energi, offshor"
6,,2,Noise
4,,1,"0, hydrogen, energi, bornholm, power"
4,,11,"10, baltic, bornholm, defens, energi"
4,,3,"11, offshor, wind, park, busi"
4,,5,"12, hydrogen, bornholm, busi, powertox"
4,,2,"13, grid, offshor, wind, bornholm"
4,,11,"14, citizen, area, land, station"
4,,3,"15, develop, energi, electr, project"
4,,8,"17, bornholm, debat, say, baltic"
4,,4,"18, electr, tax, project, energi"
4,,1,"19, energi, island, area, wind"
4,,3,"2, wind, energi, island, offshor"
4,,2,"21, energi, wind, offshor, connect"
4,,4,"22, guard, wind, offshor, farm"
4,,3,"23, bornholm, thoma, wind, say"
4,,4,"24, hydrogen, budget, social, reactor"
4,,1,"25, hydrogen, power, compani, nuclear"
4,,6,"27, bornholm, land, citizen, plant"
4,,4,"28, municip, grid, offshor, wermelin"
4,,5,"29, island, energi, wind, sea"
4,,3,"3, comput, quantum, electr, municip"
4,,3,"30, wind, turbin, offshor, energi"
4,,1,"31, price, zone, center, data"
4,,2,"33, sage, plan, economi, sren"
4,,6,"34, bornholm, baltic, energi, harbor"
4,,4,"35, materi, 111, million, dkk"
4,,2,"36, island, energi, wind, sea"
4,,1,"39, uniti, list, offshor, grid"
4,,9,"4, bornholm, sea, area, energi"
4,,3,"40, energi, wind, bornholm, grid"
4,,1,"45, offshor, wind, farm, reliabl"
4,,1,"46, bornholm, wind, offshor, energi"
4,,1,"5, light, grid, power, offshor"
4,,1,"6, cool, system, control, hvdc"
4,,3,"7, offshor, grid, bornholm, power"
4,,4,"8, wind, offshor, bornholm, mill"
4,,2,"9, island, bornholm, energi, offshor"
4,,2,Noise
4,,1,"0, hydrogen, energi, bornholm, power"
4,,11,"10, baltic, bornholm, defens, energi"
4,,3,"11, offshor, wind, park, busi"
4,,5,"12, hydrogen, bornholm, busi, powertox"
4,,2,"13, grid, offshor, wind, bornholm"
4,,11,"14, citizen, area, land, station"
4,,3,"15, develop, energi, electr, project"
4,,8,"17, bornholm, debat, say, baltic"
4,,4,"18, electr, tax, project, energi"
4,,1,"19, energi, island, area, wind"
4,,3,"2, wind, energi, island, offshor"
4,,2,"21, energi, wind, offshor, connect"
4,,4,"22, guard, wind, offshor, farm"
4,,3,"23, bornholm, thoma, wind, say"
4,,4,"24, hydrogen, budget, social, reactor"
4,,1,"25, hydrogen, power, compani, nuclear"
4,,6,"27, bornholm, land, citizen, plant"
4,,4,"28, municip, grid, offshor, wermelin"
4,,5,"29, island, energi, wind, sea"
4,,3,"3, comput, quantum, electr, municip"
4,,3,"30, wind, turbin, offshor, energi"
4,,1,"31, price, zone, center, data"
4,,2,"33, sage, plan, economi, sren"
4,,6,"34, bornholm, baltic, energi, harbor"
4,,4,"35, materi, 111, million, dkk"
4,,2,"36, island, energi, wind, sea"
4,,1,"39, uniti, list, offshor, grid"
4,,9,"4, bornholm, sea, area, energi"
4,,3,"40, energi, wind, bornholm, grid"
4,,1,"45, offshor, wind, farm, reliabl"
4,,1,"46, bornholm, wind, offshor, energi"
4,,1,"5, light, grid, power, offshor"
4,,1,"6, cool, system, control, hvdc"
4,,3,"7, offshor, grid, bornholm, power"
4,,4,"8, wind, offshor, bornholm, mill"
4,,2,"9, island, bornholm, energi, offshor"
4,,2,Noise
4,,1,"0, hydrogen, energi, bornholm, power"
4,,11,"10, baltic, bornholm, defens, energi"
4,,3,"11, offshor, wind, park, busi"
4,,5,"12, hydrogen, bornholm, busi, powertox"
4,,2,"13, grid, offshor, wind, bornholm"
4,,11,"14, citizen, area, land, station"
4,,3,"15, develop, energi, electr, project"
4,,8,"17, bornholm, debat, say, baltic"
4,,4,"18, electr, tax, project, energi"
4,,1,"19, energi, island, area, wind"
4,,3,"2, wind, energi, island, offshor"
4,,2,"21, energi, wind, offshor, connect"
4,,4,"22, guard, wind, offshor, farm"
4,,3,"23, bornholm, thoma, wind, say"
4,,4,"24, hydrogen, budget, social, reactor"
4,,1,"25, hydrogen, power, compani, nuclear"
4,,6,"27, bornholm, land, citizen, plant"
4,,4,"28, municip, grid, offshor, wermelin"
4,,5,"29, island, energi, wind, sea"
4,,3,"3, comput, quantum, electr, municip"
4,,3,"30, wind, turbin, offshor, energi"
4,,1,"31, price, zone, center, data"
4,,2,"33, sage, plan, economi, sren"
4,,6,"34, bornholm, baltic, energi, harbor"
4,,4,"35, materi, 111, million, dkk"
4,,2,"36, island, energi, wind, sea"
4,,1,"39, uniti, list, offshor, grid"
4,,9,"4, bornholm, sea, area, energi"
4,,3,"40, energi, wind, bornholm, grid"
4,,1,"45, offshor, wind, farm, reliabl"
4,,1,"46, bornholm, wind, offshor, energi"
4,,1,"5, light, grid, power, offshor"
4,,1,"6, cool, system, control, hvdc"
4,,3,"7, offshor, grid, bornholm, power"
4,,4,"8, wind, offshor, bornholm, mill"
4,,2,"9, island, bornholm, energi, offshor"
4,,2,Noise
4,,1,"0, hydrogen, energi, bornholm, power"
4,,11,"10, baltic, bornholm, defens, energi"
4,,3,"11, offshor, wind, park, busi"
4,,5,"12, hydrogen, bornholm, busi, powertox"
4,,2,"13, grid, offshor, wind, bornholm"
4,,11,"14, citizen, area, land, station"
4,,3,"15, develop, energi, electr, project"
4,,8,"17, bornholm, debat, say, baltic"
4,,4,"18, electr, tax, project, energi"
4,,1,"19, energi, island, area, wind"
4,,3,"2, wind, energi, island, offshor"
4,,2,"21, energi, wind, offshor, connect"
4,,4,"22, guard, wind, offshor, farm"
4,,3,"23, bornholm, thoma, wind, say"
4,,4,"24, hydrogen, budget, social, reactor"
4,,1,"25, hydrogen, power, compani, nuclear"
4,,6,"27, bornholm, land, citizen, plant"
4,,4,"28, municip, grid, offshor, wermelin"
4,,5,"29, island, energi, wind, sea"
4,,3,"3, comput, quantum, electr, municip"
4,,3,"30, wind, turbin, offshor, energi"
4,,1,"31, price, zone, center, data"
4,,2,"33, sage, plan, economi, sren"
4,,6,"34, bornholm, baltic, energi, harbor"
4,,4,"35, materi, 111, million, dkk"
4,,2,"36, island, energi, wind, sea"
4,,1,"39, uniti, list, offshor, grid"
4,,9,"4, bornholm, sea, area, energi"
4,,3,"40, energi, wind, bornholm, grid"
4,,1,"45, offshor, wind, farm, reliabl"
4,,1,"46, bornholm, wind, offshor, energi"
4,,1,"5, light, grid, power, offshor"
4,,1,"6, cool, system, control, hvdc"
4,,3,"7, offshor, grid, bornholm, power"
4,,4,"8, wind, offshor, bornholm, mill"
4,,2,"9, island, bornholm, energi, offshor"
4,,2,Noise
4,,1,"0, hydrogen, energi, bornholm, power"
4,,11,"10, baltic, bornholm, defens, energi"
4,,3,"11, offshor, wind, park, busi"
4,,5,"12, hydrogen, bornholm, busi, powertox"
4,,2,"13, grid, offshor, wind, bornholm"
4,,11,"14, citizen, area, land, station"
4,,3,"15, develop, energi, electr, project"
4,,8,"17, bornholm, debat, say, baltic"
4,,4,"18, electr, tax, project, energi"
4,,1,"19, energi, island, area, wind"
4,,3,"2, wind, energi, island, offshor"
4,,2,"21, energi, wind, offshor, connect"
4,,4,"22, guard, wind, offshor, farm"
4,,3,"23, bornholm, thoma, wind, say"
4,,4,"24, hydrogen, budget, social, reactor"
4,,1,"25, hydrogen, power, compani, nuclear"
4,,6,"27, bornholm, land, citizen, plant"
4,,4,"28, municip, grid, offshor, wermelin"
4,,5,"29, island, energi, wind, sea"
4,,3,"3, comput, quantum, electr, municip"
4,,3,"30, wind, turbin, offshor, energi"
4,,1,"31, price, zone, center, data"
4,,2,"33, sage, plan, economi, sren"
4,,6,"34, bornholm, baltic, energi, harbor"
4,,4,"35, materi, 111, million, dkk"
4,,2,"36, island, energi, wind, sea"
4,,1,"39, uniti, list, offshor, grid"
4,,9,"4, bornholm, sea, area, energi"
4,,3,"40, energi, wind, bornholm, grid"
4,,1,"45, offshor, wind, farm, reliabl"
4,,1,"46, bornholm, wind, offshor, energi"
4,,1,"5, light, grid, power, offshor"
4,,1,"6, cool, system, control, hvdc"
4,,3,"7, offshor, grid, bornholm, power"
4,,4,"8, wind, offshor, bornholm, mill"
4,,2,"9, island, bornholm, energi, offshor"
4,,2,Noise
4,,1,"0, hydrogen, energi, bornholm, power"
4,,11,"10, baltic, bornholm, defens, energi"
4,,3,"11, offshor, wind, park, busi"
4,,5,"12, hydrogen, bornholm, busi, powertox"
4,,2,"13, grid, offshor, wind, bornholm"
4,,11,"14, citizen, area, land, station"
4,,3,"15, develop, energi, electr, project"
4,,8,"17, bornholm, debat, say, baltic"
4,,4,"18, electr, tax, project, energi"
4,,1,"19, energi, island, area, wind"
4,,3,"2, wind, energi, island, offshor"
4,,2,"21, energi, wind, offshor, connect"
4,,4,"22, guard, wind, offshor, farm"
4,,3,"23, bornholm, thoma, wind, say"
4,,4,"24, hydrogen, budget, social, reactor"
4,,1,"25, hydrogen, power, compani, nuclear"
4,,6,"27, bornholm, land, citizen, plant"
4,,4,"28, municip, grid, offshor, wermelin"
4,,5,"29, island, energi, wind, sea"
4,,3,"3, comput, quantum, electr, municip"
4,,3,"30, wind, turbin, offshor, energi"
4,,1,"31, price, zone, center, data"
4,,2,"33, sage, plan, economi, sren"
4,,6,"34, bornholm, baltic, energi, harbor"
4,,4,"35, materi, 111, million, dkk"
4,,2,"36, island, energi, wind, sea"
4,,1,"39, uniti, list, offshor, grid"
4,,9,"4, bornholm, sea, area, energi"
4,,3,"40, energi, wind, bornholm, grid"
4,,1,"45, offshor, wind, farm, reliabl"
4,,1,"46, bornholm, wind, offshor, energi"
4,,1,"5, light, grid, power, offshor"
4,,1,"6, cool, system, control, hvdc"
4,,3,"7, offshor, grid, bornholm, power"
4,,4,"8, wind, offshor, bornholm, mill"
4,,2,"9, island, bornholm, energi, offshor"
4,,2,Noise
4,,1,"0, hydrogen, energi, bornholm, power"
4,,11,"10, baltic, bornholm, defens, energi"
4,,3,"11, offshor, wind, park, busi"
4,,5,"12, hydrogen, bornholm, busi, powertox"
4,,2,"13, grid, offshor, wind, bornholm"
4,,11,"14, citizen, area, land, station"
4,,3,"15, develop, energi, electr, project"
4,,8,"17, bornholm, debat, say, baltic"
4,,4,"18, electr, tax, project, energi"
4,,1,"19, energi, island, area, wind"
4,,3,"2, wind, energi, island, offshor"
4,,2,"21, energi, wind, offshor, connect"
4,,4,"22, guard, wind, offshor, farm"
4,,3,"23, bornholm, thoma, wind, say"
4,,4,"24, hydrogen, budget, social, reactor"
4,,1,"25, hydrogen, power, compani, nuclear"
4,,6,"27, bornholm, land, citizen, plant"
4,,4,"28, municip, grid, offshor, wermelin"
4,,5,"29, island, energi, wind, sea"
4,,3,"3, comput, quantum, electr, municip"
4,,3,"30, wind, turbin, offshor, energi"
4,,1,"31, price, zone, center, data"
4,,2,"33, sage, plan, economi, sren"
4,,6,"34, bornholm, baltic, energi, harbor"
4,,4,"35, materi, 111, million, dkk"
4,,2,"36, island, energi, wind, sea"
4,,1,"39, uniti, list, offshor, grid"
4,,9,"4, bornholm, sea, area, energi"
4,,3,"40, energi, wind, bornholm, grid"
4,,1,"45, offshor, wind, farm, reliabl"
4,,1,"46, bornholm, wind, offshor, energi"
4,,1,"5, light, grid, power, offshor"
4,,1,"6, cool, system, control, hvdc"
4,,3,"7, offshor, grid, bornholm, power"
4,,4,"8, wind, offshor, bornholm, mill"
4,,2,"9, island, bornholm, energi, offshor"
4,,2,Noise
4,,1,"0, hydrogen, energi, bornholm, power"
4,,11,"10, baltic, bornholm, defens, energi"
4,,3,"11, offshor, wind, park, busi"
4,,5,"12, hydrogen, bornholm, busi, powertox"
4,,2,"13, grid, offshor, wind, bornholm"
4,,11,"14, citizen, area, land, station"
4,,3,"15, develop, energi, electr, project"
4,,8,"17, bornholm, debat, say, baltic"
4,,4,"18, electr, tax, project, energi"
4,,1,"19, energi, island, area, wind"
4,,3,"2, wind, energi, island, offshor"
4,,2,"21, energi, wind, offshor, connect"
4,,4,"22, guard, wind, offshor, farm"
4,,3,"23, bornholm, thoma, wind, say"
4,,4,"24, hydrogen, budget, social, reactor"
4,,1,"25, hydrogen, power, compani, nuclear"
4,,6,"27, bornholm, land, citizen, plant"
4,,4,"28, municip, grid, offshor, wermelin"
4,,5,"29, island, energi, wind, sea"
4,,3,"3, comput, quantum, electr, municip"
4,,3,"30, wind, turbin, offshor, energi"
4,,1,"31, price, zone, center, data"
4,,2,"33, sage, plan, economi, sren"
4,,6,"34, bornholm, baltic, energi, harbor"
4,,4,"35, materi, 111, million, dkk"
4,,2,"36, island, energi, wind, sea"
4,,1,"39, uniti, list, offshor, grid"
4,,9,"4, bornholm, sea, area, energi"
4,,3,"40, energi, wind, bornholm, grid"
4,,1,"45, offshor, wind, farm, reliabl"
4,,1,"46, bornholm, wind, offshor, energi"
4,,1,"5, light, grid, power, offshor"
4,,1,"6, cool, system, control, hvdc"
4,,3,"7, offshor, grid, bornholm, power"
4,,4,"8, wind, offshor, bornholm, mill"
4,,2,"9, island, bornholm, energi, offshor"
4,,2,Noise
4,,1,"0, hydrogen, energi, bornholm, power"
4,,11,"10, baltic, bornholm, defens, energi"
4,,3,"11, offshor, wind, park, busi"
4,,5,"12, hydrogen, bornholm, busi, powertox"
4,,2,"13, grid, offshor, wind, bornholm"
4,,11,"14, citizen, area, land, station"
4,,3,"15, develop, energi, electr, project"
4,,8,"17, bornholm, debat, say, baltic"
4,,4,"18, electr, tax, project, energi"
4,,1,"19, energi, island, area, wind"
4,,3,"2, wind, energi, island, offshor"
4,,2,"21, energi, wind, offshor, connect"
4,,4,"22, guard, wind, offshor, farm"
4,,3,"23, bornholm, thoma, wind, say"
4,,4,"24, hydrogen, budget, social, reactor"
4,,1,"25, hydrogen, power, compani, nuclear"
4,,6,"27, bornholm, land, citizen, plant"
4,,4,"28, municip, grid, offshor, wermelin"
4,,5,"29, island, energi, wind, sea"
4,,3,"3, comput, quantum, electr, municip"
4,,3,"30, wind, turbin, offshor, energi"
4,,1,"31, price, zone, center, data"
4,,2,"33, sage, plan, economi, sren"
4,,6,"34, bornholm, baltic, energi, harbor"
4,,4,"35, materi, 111, million, dkk"
4,,2,"36, island, energi, wind, sea"
4,,1,"39, uniti, list, offshor, grid"
4,,9,"4, bornholm, sea, area, energi"
4,,3,"40, energi, wind, bornholm, grid"
4,,1,"45, offshor, wind, farm, reliabl"
4,,1,"46, bornholm, wind, offshor, energi"
4,,1,"5, light, grid, power, offshor"
4,,1,"6, cool, system, control, hvdc"
4,,3,"7, offshor, grid, bornholm, power"
4,,4,"8, wind, offshor, bornholm, mill"
4,,2,"9, island, bornholm, energi, offshor"
4,,2,Noise
4,,1,"0, hydrogen, energi, bornholm, power"
4,,11,"10, baltic, bornholm, defens, energi"
4,,3,"11, offshor, wind, park, busi"
4,,5,"12, hydrogen, bornholm, busi, powertox"
4,,2,"13, grid, offshor, wind, bornholm"
4,,11,"14, citizen, area, land, station"
4,,3,"15, develop, energi, electr, project"
4,,8,"17, bornholm, debat, say, baltic"
4,,4,"18, electr, tax, project, energi"
4,,1,"19, energi, island, area, wind"
4,,3,"2, wind, energi, island, offshor"
4,,2,"21, energi, wind, offshor, connect"
4,,4,"22, guard, wind, offshor, farm"
4,,3,"23, bornholm, thoma, wind, say"
4,,4,"24, hydrogen, budget, social, reactor"
4,,1,"25, hydrogen, power, compani, nuclear"
4,,6,"27, bornholm, land, citizen, plant"
4,,4,"28, municip, grid, offshor, wermelin"
4,,5,"29, island, energi, wind, sea"
4,,3,"3, comput, quantum, electr, municip"
4,,3,"30, wind, turbin, offshor, energi"
4,,1,"31, price, zone, center, data"
4,,2,"33, sage, plan, economi, sren"
4,,6,"34, bornholm, baltic, energi, harbor"
4,,4,"35, materi, 111, million, dkk"
4,,2,"36, island, energi, wind, sea"
4,,1,"39, uniti, list, offshor, grid"
4,,9,"4, bornholm, sea, area, energi"
4,,3,"40, energi, wind, bornholm, grid"
4,,1,"45, offshor, wind, farm, reliabl"
4,,1,"46, bornholm, wind, offshor, energi"
4,,1,"5, light, grid, power, offshor"
4,,1,"6, cool, system, control, hvdc"
4,,3,"7, offshor, grid, bornholm, power"
4,,4,"8, wind, offshor, bornholm, mill"
4,,2,"9, island, bornholm, energi, offshor"
4,,2,Noise
4,,1,"0, hydrogen, energi, bornholm, power"
4,,11,"10, baltic, bornholm, defens, energi"
4,,3,"11, offshor, wind, park, busi"
4,,5,"12, hydrogen, bornholm, busi, powertox"
4,,2,"13, grid, offshor, wind, bornholm"
4,,11,"14, citizen, area, land, station"
4,,3,"15, develop, energi, electr, project"
4,,8,"17, bornholm, debat, say, baltic"
4,,4,"18, electr, tax, project, energi"
4,,1,"19, energi, island, area, wind"
4,,3,"2, wind, energi, island, offshor"
4,,2,"21, energi, wind, offshor, connect"
4,,4,"22, guard, wind, offshor, farm"
4,,3,"23, bornholm, thoma, wind, say"
4,,4,"24, hydrogen, budget, social, reactor"
4,,1,"25, hydrogen, power, compani, nuclear"
4,,6,"27, bornholm, land, citizen, plant"
4,,4,"28, municip, grid, offshor, wermelin"
4,,5,"29, island, energi, wind, sea"
4,,3,"3, comput, quantum, electr, municip"
4,,3,"30, wind, turbin, offshor, energi"
4,,1,"31, price, zone, center, data"
4,,2,"33, sage, plan, economi, sren"
4,,6,"34, bornholm, baltic, energi, harbor"
4,,4,"35, materi, 111, million, dkk"
4,,2,"36, island, energi, wind, sea"
4,,1,"39, uniti, list, offshor, grid"
4,,9,"4, bornholm, sea, area, energi"
4,,3,"40, energi, wind, bornholm, grid"
4,,1,"45, offshor, wind, farm, reliabl"
4,,1,"46, bornholm, wind, offshor, energi"
4,,1,"5, light, grid, power, offshor"
4,,1,"6, cool, system, control, hvdc"
4,,3,"7, offshor, grid, bornholm, power"
4,,4,"8, wind, offshor, bornholm, mill"
4,,2,"9, island, bornholm, energi, offshor"
4,,2,Noise
4,,1,"0, hydrogen, energi, bornholm, power"
4,,11,"10, baltic, bornholm, defens, energi"
4,,3,"11, offshor, wind, park, busi"
4,,5,"12, hydrogen, bornholm, busi, powertox"
4,,2,"13, grid, offshor, wind, bornholm"
4,,11,"14, citizen, area, land, station"
4,,3,"15, develop, energi, electr, project"
4,,8,"17, bornholm, debat, say, baltic"
4,,4,"18, electr, tax, project, energi"
4,,1,"19, energi, island, area, wind"
4,,3,"2, wind, energi, island, offshor"
4,,2,"21, energi, wind, offshor, connect"
4,,4,"22, guard, wind, offshor, farm"
4,,3,"23, bornholm, thoma, wind, say"
4,,4,"24, hydrogen, budget, social, reactor"
4,,1,"25, hydrogen, power, compani, nuclear"
4,,6,"27, bornholm, land, citizen, plant"
4,,4,"28, municip, grid, offshor, wermelin"
4,,5,"29, island, energi, wind, sea"
4,,3,"3, comput, quantum, electr, municip"
4,,3,"30, wind, turbin, offshor, energi"
4,,1,"31, price, zone, center, data"
4,,2,"33, sage, plan, economi, sren"
4,,6,"34, bornholm, baltic, energi, harbor"
4,,4,"35, materi, 111, million, dkk"
4,,2,"36, island, energi, wind, sea"
4,,1,"39, uniti, list, offshor, grid"
4,,9,"4, bornholm, sea, area, energi"
4,,3,"40, energi, wind, bornholm, grid"
4,,1,"45, offshor, wind, farm, reliabl"
4,,1,"46, bornholm, wind, offshor, energi"
4,,1,"5, light, grid, power, offshor"
4,,1,"6, cool, system, control, hvdc"
4,,3,"7, offshor, grid, bornholm, power"
4,,4,"8, wind, offshor, bornholm, mill"
4,,2,"9, island, bornholm, energi, offshor"
4,,2,Noise
4,,1,"0, hydrogen, energi, bornholm, power"
4,,11,"10, baltic, bornholm, defens, energi"
4,,3,"11, offshor, wind, park, busi"
4,,5,"12, hydrogen, bornholm, busi, powertox"
4,,2,"13, grid, offshor, wind, bornholm"
4,,11,"14, citizen, area, land, station"
4,,3,"15, develop, energi, electr, project"
4,,8,"17, bornholm, debat, say, baltic"
4,,4,"18, electr, tax, project, energi"
4,,1,"19, energi, island, area, wind"
4,,3,"2, wind, energi, island, offshor"
4,,2,"21, energi, wind, offshor, connect"
4,,4,"22, guard, wind, offshor, farm"
4,,3,"23, bornholm, thoma, wind, say"
4,,4,"24, hydrogen, budget, social, reactor"
4,,1,"25, hydrogen, power, compani, nuclear"
4,,6,"27, bornholm, land, citizen, plant"
4,,4,"28, municip, grid, offshor, wermelin"
4,,5,"29, island, energi, wind, sea"
4,,3,"3, comput, quantum, electr, municip"
4,,3,"30, wind, turbin, offshor, energi"
4,,1,"31, price, zone, center, data"
4,,2,"33, sage, plan, economi, sren"
4,,6,"34, bornholm, baltic, energi, harbor"
4,,4,"35, materi, 111, million, dkk"
4,,2,"36, island, energi, wind, sea"
4,,1,"39, uniti, list, offshor, grid"
4,,9,"4, bornholm, sea, area, energi"
4,,3,"40, energi, wind, bornholm, grid"
4,,1,"45, offshor, wind, farm, reliabl"
4,,1,"46, bornholm, wind, offshor, energi"
4,,1,"5, light, grid, power, offshor"
4,,1,"6, cool, system, control, hvdc"
4,,3,"7, offshor, grid, bornholm, power"
4,,4,"8, wind, offshor, bornholm, mill"
4,,2,"9, island, bornholm, energi, offshor"
4,,2,Noise
4,,1,"0, hydrogen, energi, bornholm, power"
4,,11,"10, baltic, bornholm, defens, energi"
4,,3,"11, offshor, wind, park, busi"
4,,5,"12, hydrogen, bornholm, busi, powertox"
4,,2,"13, grid, offshor, wind, bornholm"
4,,11,"14, citizen, area, land, station"
4,,3,"15, develop, energi, electr, project"
4,,8,"17, bornholm, debat, say, baltic"
4,,4,"18, electr, tax, project, energi"
4,,1,"19, energi, island, area, wind"
4,,3,"2, wind, energi, island, offshor"
4,,2,"21, energi, wind, offshor, connect"
4,,4,"22, guard, wind, offshor, farm"
4,,3,"23, bornholm, thoma, wind, say"
4,,4,"24, hydrogen, budget, social, reactor"
4,,1,"25, hydrogen, power, compani, nuclear"
4,,6,"27, bornholm, land, citizen, plant"
4,,4,"28, municip, grid, offshor, wermelin"
4,,5,"29, island, energi, wind, sea"
4,,3,"3, comput, quantum, electr, municip"
4,,3,"30, wind, turbin, offshor, energi"
4,,1,"31, price, zone, center, data"
4,,2,"33, sage, plan, economi, sren"
4,,6,"34, bornholm, baltic, energi, harbor"
4,,4,"35, materi, 111, million, dkk"
4,,2,"36, island, energi, wind, sea"
4,,1,"39, uniti, list, offshor, grid"
4,,9,"4, bornholm, sea, area, energi"
4,,3,"40, energi, wind, bornholm, grid"
4,,1,"45, offshor, wind, farm, reliabl"
4,,1,"46, bornholm, wind, offshor, energi"
4,,1,"5, light, grid, power, offshor"
4,,1,"6, cool, system, control, hvdc"
4,,3,"7, offshor, grid, bornholm, power"
4,,4,"8, wind, offshor, bornholm, mill"
4,,2,"9, island, bornholm, energi, offshor"
4,,2,Noise
4,,1,"0, hydrogen, energi, bornholm, power"
4,,11,"10, baltic, bornholm, defens, energi"
4,,3,"11, offshor, wind, park, busi"
4,,5,"12, hydrogen, bornholm, busi, powertox"
4,,2,"13, grid, offshor, wind, bornholm"
4,,11,"14, citizen, area, land, station"
4,,3,"15, develop, energi, electr, project"
4,,8,"17, bornholm, debat, say, baltic"
4,,4,"18, electr, tax, project, energi"
4,,1,"19, energi, island, area, wind"
4,,3,"2, wind, energi, island, offshor"
4,,2,"21, energi, wind, offshor, connect"
4,,4,"22, guard, wind, offshor, farm"
4,,3,"23, bornholm, thoma, wind, say"
4,,4,"24, hydrogen, budget, social, reactor"
4,,1,"25, hydrogen, power, compani, nuclear"
4,,6,"27, bornholm, land, citizen, plant"
4,,4,"28, municip, grid, offshor, wermelin"
4,,5,"29, island, energi, wind, sea"
4,,3,"3, comput, quantum, electr, municip"
4,,3,"30, wind, turbin, offshor, energi"
4,,1,"31, price, zone, center, data"
4,,2,"33, sage, plan, economi, sren"
4,,6,"34, bornholm, baltic, energi, harbor"
4,,4,"35, materi, 111, million, dkk"
4,,2,"36, island, energi, wind, sea"
4,,1,"39, uniti, list, offshor, grid"
4,,9,"4, bornholm, sea, area, energi"
4,,3,"40, energi, wind, bornholm, grid"
4,,1,"45, offshor, wind, farm, reliabl"
4,,1,"46, bornholm, wind, offshor, energi"
4,,1,"5, light, grid, power, offshor"
4,,1,"6, cool, system, control, hvdc"
4,,3,"7, offshor, grid, bornholm, power"
4,,4,"8, wind, offshor, bornholm, mill"
4,,2,"9, island, bornholm, energi, offshor"
4,,2,Noise
4,,1,"0, hydrogen, energi, bornholm, power"
4,,11,"10, baltic, bornholm, defens, energi"
4,,3,"11, offshor, wind, park, busi"
4,,5,"12, hydrogen, bornholm, busi, powertox"
4,,2,"13, grid, offshor, wind, bornholm"
4,,11,"14, citizen, area, land, station"
4,,3,"15, develop, energi, electr, project"
4,,8,"17, bornholm, debat, say, baltic"
4,,4,"18, electr, tax, project, energi"
4,,1,"19, energi, island, area, wind"
4,,3,"2, wind, energi, island, offshor"
4,,2,"21, energi, wind, offshor, connect"
4,,4,"22, guard, wind, offshor, farm"
4,,3,"23, bornholm, thoma, wind, say"
4,,4,"24, hydrogen, budget, social, reactor"
4,,1,"25, hydrogen, power, compani, nuclear"
4,,6,"27, bornholm, land, citizen, plant"
4,,4,"28, municip, grid, offshor, wermelin"
4,,5,"29, island, energi, wind, sea"
4,,3,"3, comput, quantum, electr, municip"
4,,3,"30, wind, turbin, offshor, energi"
4,,1,"31, price, zone, center, data"
4,,2,"33, sage, plan, economi, sren"
4,,6,"34, bornholm, baltic, energi, harbor"
4,,4,"35, materi, 111, million, dkk"
4,,2,"36, island, energi, wind, sea"
4,,1,"39, uniti, list, offshor, grid"
4,,9,"4, bornholm, sea, area, energi"
4,,3,"40, energi, wind, bornholm, grid"
4,,1,"45, offshor, wind, farm, reliabl"
4,,1,"46, bornholm, wind, offshor, energi"
4,,1,"5, light, grid, power, offshor"
4,,1,"6, cool, system, control, hvdc"
4,,3,"7, offshor, grid, bornholm, power"
4,,4,"8, wind, offshor, bornholm, mill"
4,,2,"9, island, bornholm, energi, offshor"
4,,2,Noise
4,,1,"0, hydrogen, energi, bornholm, power"
4,,11,"10, baltic, bornholm, defens, energi"
4,,3,"11, offshor, wind, park, busi"
4,,5,"12, hydrogen, bornholm, busi, powertox"
4,,2,"13, grid, offshor, wind, bornholm"
4,,11,"14, citizen, area, land, station"
4,,3,"15, develop, energi, electr, project"
4,,8,"17, bornholm, debat, say, baltic"
4,,4,"18, electr, tax, project, energi"
4,,1,"19, energi, island, area, wind"
4,,3,"2, wind, energi, island, offshor"
4,,2,"21, energi, wind, offshor, connect"
4,,4,"22, guard, wind, offshor, farm"
4,,3,"23, bornholm, thoma, wind, say"
4,,4,"24, hydrogen, budget, social, reactor"
4,,1,"25, hydrogen, power, compani, nuclear"
4,,6,"27, bornholm, land, citizen, plant"
4,,4,"28, municip, grid, offshor, wermelin"
4,,5,"29, island, energi, wind, sea"
4,,3,"3, comput, quantum, electr, municip"
4,,3,"30, wind, turbin, offshor, energi"
4,,1,"31, price, zone, center, data"
4,,2,"33, sage, plan, economi, sren"
4,,6,"34, bornholm, baltic, energi, harbor"
4,,4,"35, materi, 111, million, dkk"
4,,2,"36, island, energi, wind, sea"
4,,1,"39, uniti, list, offshor, grid"
4,,9,"4, bornholm, sea, area, energi"
4,,3,"40, energi, wind, bornholm, grid"
4,,1,"45, offshor, wind, farm, reliabl"
4,,1,"46, bornholm, wind, offshor, energi"
4,,1,"5, light, grid, power, offshor"
4,,1,"6, cool, system, control, hvdc"
4,,3,"7, offshor, grid, bornholm, power"
4,,4,"8, wind, offshor, bornholm, mill"
4,,2,"9, island, bornholm, energi, offshor"
4,,2,Noise
4,,1,"0, hydrogen, energi, bornholm, power"
4,,11,"10, baltic, bornholm, defens, energi"
4,,3,"11, offshor, wind, park, busi"
4,,5,"12, hydrogen, bornholm, busi, powertox"
4,,2,"13, grid, offshor, wind, bornholm"
4,,11,"14, citizen, area, land, station"
4,,3,"15, develop, energi, electr, project"
4,,8,"17, bornholm, debat, say, baltic"
4,,4,"18, electr, tax, project, energi"
4,,1,"19, energi, island, area, wind"
4,,3,"2, wind, energi, island, offshor"
4,,2,"21, energi, wind, offshor, connect"
4,,4,"22, guard, wind, offshor, farm"
4,,3,"23, bornholm, thoma, wind, say"
4,,4,"24, hydrogen, budget, social, reactor"
4,,1,"25, hydrogen, power, compani, nuclear"
4,,6,"27, bornholm, land, citizen, plant"
4,,4,"28, municip, grid, offshor, wermelin"
4,,5,"29, island, energi, wind, sea"
4,,3,"3, comput, quantum, electr, municip"
4,,3,"30, wind, turbin, offshor, energi"
4,,1,"31, price, zone, center, data"
4,,2,"33, sage, plan, economi, sren"
4,,6,"34, bornholm, baltic, energi, harbor"
4,,4,"35, materi, 111, million, dkk"
4,,2,"36, island, energi, wind, sea"
4,,1,"39, uniti, list, offshor, grid"
4,,9,"4, bornholm, sea, area, energi"
4,,3,"40, energi, wind, bornholm, grid"
4,,1,"45, offshor, wind, farm, reliabl"
4,,1,"46, bornholm, wind, offshor, energi"
4,,1,"5, light, grid, power, offshor"
4,,1,"6, cool, system, control, hvdc"
4,,3,"7, offshor, grid, bornholm, power"
4,,4,"8, wind, offshor, bornholm, mill"
4,,2,"9, island, bornholm, energi, offshor"
4,,2,Noise
4,,1,"0, hydrogen, energi, bornholm, power"
4,,11,"10, baltic, bornholm, defens, energi"
4,,3,"11, offshor, wind, park, busi"
4,,5,"12, hydrogen, bornholm, busi, powertox"
4,,2,"13, grid, offshor, wind, bornholm"
4,,11,"14, citizen, area, land, station"
4,,3,"15, develop, energi, electr, project"
4,,8,"17, bornholm, debat, say, baltic"
4,,4,"18, electr, tax, project, energi"
4,,1,"19, energi, island, area, wind"
4,,3,"2, wind, energi, island, offshor"
4,,2,"21, energi, wind, offshor, connect"
4,,4,"22, guard, wind, offshor, farm"
4,,3,"23, bornholm, thoma, wind, say"
4,,4,"24, hydrogen, budget, social, reactor"
4,,1,"25, hydrogen, power, compani, nuclear"
4,,6,"27, bornholm, land, citizen, plant"
4,,4,"28, municip, grid, offshor, wermelin"
4,,5,"29, island, energi, wind, sea"
4,,3,"3, comput, quantum, electr, municip"
4,,3,"30, wind, turbin, offshor, energi"
4,,1,"31, price, zone, center, data"
4,,2,"33, sage, plan, economi, sren"
4,,6,"34, bornholm, baltic, energi, harbor"
4,,4,"35, materi, 111, million, dkk"
4,,2,"36, island, energi, wind, sea"
4,,1,"39, uniti, list, offshor, grid"
4,,9,"4, bornholm, sea, area, energi"
4,,3,"40, energi, wind, bornholm, grid"
4,,1,"45, offshor, wind, farm, reliabl"
4,,1,"46, bornholm, wind, offshor, energi"
4,,1,"5, light, grid, power, offshor"
4,,1,"6, cool, system, control, hvdc"
4,,3,"7, offshor, grid, bornholm, power"
4,,4,"8, wind, offshor, bornholm, mill"
4,,2,"9, island, bornholm, energi, offshor"
4,,2,Noise
4,,1,"0, hydrogen, energi, bornholm, power"
4,,11,"10, baltic, bornholm, defens, energi"
4,,3,"11, offshor, wind, park, busi"
4,,5,"12, hydrogen, bornholm, busi, powertox"
4,,2,"13, grid, offshor, wind, bornholm"
4,,11,"14, citizen, area, land, station"
4,,3,"15, develop, energi, electr, project"
4,,8,"17, bornholm, debat, say, baltic"
4,,4,"18, electr, tax, project, energi"
4,,1,"19, energi, island, area, wind"
4,,3,"2, wind, energi, island, offshor"
4,,2,"21, energi, wind, offshor, connect"
4,,4,"22, guard, wind, offshor, farm"
4,,3,"23, bornholm, thoma, wind, say"
4,,4,"24, hydrogen, budget, social, reactor"
4,,1,"25, hydrogen, power, compani, nuclear"
4,,6,"27, bornholm, land, citizen, plant"
4,,4,"28, municip, grid, offshor, wermelin"
4,,5,"29, island, energi, wind, sea"
4,,3,"3, comput, quantum, electr, municip"
4,,3,"30, wind, turbin, offshor, energi"
4,,1,"31, price, zone, center, data"
4,,2,"33, sage, plan, economi, sren"
4,,6,"34, bornholm, baltic, energi, harbor"
4,,4,"35, materi, 111, million, dkk"
4,,2,"36, island, energi, wind, sea"
4,,1,"39, uniti, list, offshor, grid"
4,,9,"4, bornholm, sea, area, energi"
4,,3,"40, energi, wind, bornholm, grid"
4,,1,"45, offshor, wind, farm, reliabl"
4,,1,"46, bornholm, wind, offshor, energi"
4,,1,"5, light, grid, power, offshor"
4,,1,"6, cool, system, control, hvdc"
4,,3,"7, offshor, grid, bornholm, power"
4,,4,"8, wind, offshor, bornholm, mill"
4,,2,"9, island, bornholm, energi, offshor"
4,,2,Noise
4,,1,"0, hydrogen, energi, bornholm, power"
4,,11,"10, baltic, bornholm, defens, energi"
4,,3,"11, offshor, wind, park, busi"
4,,5,"12, hydrogen, bornholm, busi, powertox"
4,,2,"13, grid, offshor, wind, bornholm"
4,,11,"14, citizen, area, land, station"
4,,3,"15, develop, energi, electr, project"
4,,8,"17, bornholm, debat, say, baltic"
4,,4,"18, electr, tax, project, energi"
4,,1,"19, energi, island, area, wind"
4,,3,"2, wind, energi, island, offshor"
4,,2,"21, energi, wind, offshor, connect"
4,,4,"22, guard, wind, offshor, farm"
4,,3,"23, bornholm, thoma, wind, say"
4,,4,"24, hydrogen, budget, social, reactor"
4,,1,"25, hydrogen, power, compani, nuclear"
4,,6,"27, bornholm, land, citizen, plant"
4,,4,"28, municip, grid, offshor, wermelin"
4,,5,"29, island, energi, wind, sea"
4,,3,"3, comput, quantum, electr, municip"
4,,3,"30, wind, turbin, offshor, energi"
4,,1,"31, price, zone, center, data"
4,,2,"33, sage, plan, economi, sren"
4,,6,"34, bornholm, baltic, energi, harbor"
4,,4,"35, materi, 111, million, dkk"
4,,2,"36, island, energi, wind, sea"
4,,1,"39, uniti, list, offshor, grid"
4,,9,"4, bornholm, sea, area, energi"
4,,3,"40, energi, wind, bornholm, grid"
4,,1,"45, offshor, wind, farm, reliabl"
4,,1,"46, bornholm, wind, offshor, energi"
4,,1,"5, light, grid, power, offshor"
4,,1,"6, cool, system, control, hvdc"
4,,3,"7, offshor, grid, bornholm, power"
4,,4,"8, wind, offshor, bornholm, mill"
4,,2,"9, island, bornholm, energi, offshor"
4,,2,Noise
4,,1,"0, hydrogen, energi, bornholm, power"
4,,11,"10, baltic, bornholm, defens, energi"
4,,3,"11, offshor, wind, park, busi"
4,,5,"12, hydrogen, bornholm, busi, powertox"
4,,2,"13, grid, offshor, wind, bornholm"
4,,11,"14, citizen, area, land, station"
4,,3,"15, develop, energi, electr, project"
4,,8,"17, bornholm, debat, say, baltic"
4,,4,"18, electr, tax, project, energi"
4,,1,"19, energi, island, area, wind"
4,,3,"2, wind, energi, island, offshor"
4,,2,"21, energi, wind, offshor, connect"
4,,4,"22, guard, wind, offshor, farm"
4,,3,"23, bornholm, thoma, wind, say"
4,,4,"24, hydrogen, budget, social, reactor"
4,,1,"25, hydrogen, power, compani, nuclear"
4,,6,"27, bornholm, land, citizen, plant"
4,,4,"28, municip, grid, offshor, wermelin"
4,,5,"29, island, energi, wind, sea"
4,,3,"3, comput, quantum, electr, municip"
4,,3,"30, wind, turbin, offshor, energi"
4,,1,"31, price, zone, center, data"
4,,2,"33, sage, plan, economi, sren"
4,,6,"34, bornholm, baltic, energi, harbor"
4,,4,"35, materi, 111, million, dkk"
4,,2,"36, island, energi, wind, sea"
4,,1,"39, uniti, list, offshor, grid"
4,,9,"4, bornholm, sea, area, energi"
4,,3,"40, energi, wind, bornholm, grid"
4,,1,"45, offshor, wind, farm, reliabl"
4,,1,"46, bornholm, wind, offshor, energi"
4,,1,"5, light, grid, power, offshor"
4,,1,"6, cool, system, control, hvdc"
4,,3,"7, offshor, grid, bornholm, power"
4,,4,"8, wind, offshor, bornholm, mill"
4,,2,"9, island, bornholm, energi, offshor"
4,,2,Noise
4,,1,"0, hydrogen, energi, bornholm, power"
4,,11,"10, baltic, bornholm, defens, energi"
4,,3,"11, offshor, wind, park, busi"
4,,5,"12, hydrogen, bornholm, busi, powertox"
4,,2,"13, grid, offshor, wind, bornholm"
4,,11,"14, citizen, area, land, station"
4,,3,"15, develop, energi, electr, project"
4,,8,"17, bornholm, debat, say, baltic"
4,,4,"18, electr, tax, project, energi"
4,,1,"19, energi, island, area, wind"
4,,3,"2, wind, energi, island, offshor"
4,,2,"21, energi, wind, offshor, connect"
4,,4,"22, guard, wind, offshor, farm"
4,,3,"23, bornholm, thoma, wind, say"
4,,4,"24, hydrogen, budget, social, reactor"
4,,1,"25, hydrogen, power, compani, nuclear"
4,,6,"27, bornholm, land, citizen, plant"
4,,4,"28, municip, grid, offshor, wermelin"
4,,5,"29, island, energi, wind, sea"
4,,3,"3, comput, quantum, electr, municip"
4,,3,"30, wind, turbin, offshor, energi"
4,,1,"31, price, zone, center, data"
4,,2,"33, sage, plan, economi, sren"
4,,6,"34, bornholm, baltic, energi, harbor"
4,,4,"35, materi, 111, million, dkk"
4,,2,"36, island, energi, wind, sea"
4,,1,"39, uniti, list, offshor, grid"
4,,9,"4, bornholm, sea, area, energi"
4,,3,"40, energi, wind, bornholm, grid"
4,,1,"45, offshor, wind, farm, reliabl"
4,,1,"46, bornholm, wind, offshor, energi"
4,,1,"5, light, grid, power, offshor"
4,,1,"6, cool, system, control, hvdc"
4,,3,"7, offshor, grid, bornholm, power"
4,,4,"8, wind, offshor, bornholm, mill"
4,,2,"9, island, bornholm, energi, offshor"
4,,2,Noise
4,,1,"0, hydrogen, energi, bornholm, power"
4,,11,"10, baltic, bornholm, defens, energi"
4,,3,"11, offshor, wind, park, busi"
4,,5,"12, hydrogen, bornholm, busi, powertox"
4,,2,"13, grid, offshor, wind, bornholm"
4,,11,"14, citizen, area, land, station"
4,,3,"15, develop, energi, electr, project"
4,,8,"17, bornholm, debat, say, baltic"
4,,4,"18, electr, tax, project, energi"
4,,1,"19, energi, island, area, wind"
4,,3,"2, wind, energi, island, offshor"
4,,2,"21, energi, wind, offshor, connect"
4,,4,"22, guard, wind, offshor, farm"
4,,3,"23, bornholm, thoma, wind, say"
4,,4,"24, hydrogen, budget, social, reactor"
4,,1,"25, hydrogen, power, compani, nuclear"
4,,6,"27, bornholm, land, citizen, plant"
4,,4,"28, municip, grid, offshor, wermelin"
4,,5,"29, island, energi, wind, sea"
4,,3,"3, comput, quantum, electr, municip"
4,,3,"30, wind, turbin, offshor, energi"
4,,1,"31, price, zone, center, data"
4,,2,"33, sage, plan, economi, sren"
4,,6,"34, bornholm, baltic, energi, harbor"
4,,4,"35, materi, 111, million, dkk"
4,,2,"36, island, energi, wind, sea"
4,,1,"39, uniti, list, offshor, grid"
4,,9,"4, bornholm, sea, area, energi"
4,,3,"40, energi, wind, bornholm, grid"
4,,1,"45, offshor, wind, farm, reliabl"
4,,1,"46, bornholm, wind, offshor, energi"
4,,1,"5, light, grid, power, offshor"
4,,1,"6, cool, system, control, hvdc"
4,,3,"7, offshor, grid, bornholm, power"
4,,4,"8, wind, offshor, bornholm, mill"
4,,2,"9, island, bornholm, energi, offshor"
4,,2,Noise
4,,1,"0, hydrogen, energi, bornholm, power"
4,,11,"10, baltic, bornholm, defens, energi"
4,,3,"11, offshor, wind, park, busi"
4,,5,"12, hydrogen, bornholm, busi, powertox"
4,,2,"13, grid, offshor, wind, bornholm"
4,,11,"14, citizen, area, land, station"
4,,3,"15, develop, energi, electr, project"
4,,8,"17, bornholm, debat, say, baltic"
4,,4,"18, electr, tax, project, energi"
4,,1,"19, energi, island, area, wind"
4,,3,"2, wind, energi, island, offshor"
4,,2,"21, energi, wind, offshor, connect"
4,,4,"22, guard, wind, offshor, farm"
4,,3,"23, bornholm, thoma, wind, say"
4,,4,"24, hydrogen, budget, social, reactor"
4,,1,"25, hydrogen, power, compani, nuclear"
4,,6,"27, bornholm, land, citizen, plant"
4,,4,"28, municip, grid, offshor, wermelin"
4,,5,"29, island, energi, wind, sea"
4,,3,"3, comput, quantum, electr, municip"
4,,3,"30, wind, turbin, offshor, energi"
4,,1,"31, price, zone, center, data"
4,,2,"33, sage, plan, economi, sren"
4,,6,"34, bornholm, baltic, energi, harbor"
4,,4,"35, materi, 111, million, dkk"
4,,2,"36, island, energi, wind, sea"
4,,1,"39, uniti, list, offshor, grid"
4,,9,"4, bornholm, sea, area, energi"
4,,3,"40, energi, wind, bornholm, grid"
4,,1,"45, offshor, wind, farm, reliabl"
4,,1,"46, bornholm, wind, offshor, energi"
4,,1,"5, light, grid, power, offshor"
4,,1,"6, cool, system, control, hvdc"
4,,3,"7, offshor, grid, bornholm, power"
4,,4,"8, wind, offshor, bornholm, mill"
4,,2,"9, island, bornholm, energi, offshor"
4,,2,Noise
4,,1,"0, hydrogen, energi, bornholm, power"
4,,11,"10, baltic, bornholm, defens, energi"
4,,3,"11, offshor, wind, park, busi"
4,,5,"12, hydrogen, bornholm, busi, powertox"
4,,2,"13, grid, offshor, wind, bornholm"
4,,11,"14, citizen, area, land, station"
4,,3,"15, develop, energi, electr, project"
4,,8,"17, bornholm, debat, say, baltic"
4,,4,"18, electr, tax, project, energi"
4,,1,"19, energi, island, area, wind"
4,,3,"2, wind, energi, island, offshor"
4,,2,"21, energi, wind, offshor, connect"
4,,4,"22, guard, wind, offshor, farm"
4,,3,"23, bornholm, thoma, wind, say"
4,,4,"24, hydrogen, budget, social, reactor"
4,,1,"25, hydrogen, power, compani, nuclear"
4,,6,"27, bornholm, land, citizen, plant"
4,,4,"28, municip, grid, offshor, wermelin"
4,,5,"29, island, energi, wind, sea"
4,,3,"3, comput, quantum, electr, municip"
4,,3,"30, wind, turbin, offshor, energi"
4,,1,"31, price, zone, center, data"
4,,2,"33, sage, plan, economi, sren"
4,,6,"34, bornholm, baltic, energi, harbor"
4,,4,"35, materi, 111, million, dkk"
4,,2,"36, island, energi, wind, sea"
4,,1,"39, uniti, list, offshor, grid"
4,,9,"4, bornholm, sea, area, energi"
4,,3,"40, energi, wind, bornholm, grid"
4,,1,"45, offshor, wind, farm, reliabl"
4,,1,"46, bornholm, wind, offshor, energi"
4,,1,"5, light, grid, power, offshor"
4,,1,"6, cool, system, control, hvdc"
4,,3,"7, offshor, grid, bornholm, power"
4,,4,"8, wind, offshor, bornholm, mill"
4,,2,"9, island, bornholm, energi, offshor"
4,,2,Noise
4,,1,"0, hydrogen, energi, bornholm, power"
4,,11,"10, baltic, bornholm, defens, energi"
4,,3,"11, offshor, wind, park, busi"
4,,5,"12, hydrogen, bornholm, busi, powertox"
4,,2,"13, grid, offshor, wind, bornholm"
4,,11,"14, citizen, area, land, station"
4,,3,"15, develop, energi, electr, project"
4,,8,"17, bornholm, debat, say, baltic"
4,,4,"18, electr, tax, project, energi"
4,,1,"19, energi, island, area, wind"
4,,3,"2, wind, energi, island, offshor"
4,,2,"21, energi, wind, offshor, connect"
4,,4,"22, guard, wind, offshor, farm"
4,,3,"23, bornholm, thoma, wind, say"
4,,4,"24, hydrogen, budget, social, reactor"
4,,1,"25, hydrogen, power, compani, nuclear"
4,,6,"27, bornholm, land, citizen, plant"
4,,4,"28, municip, grid, offshor, wermelin"
4,,5,"29, island, energi, wind, sea"
4,,3,"3, comput, quantum, electr, municip"
4,,3,"30, wind, turbin, offshor, energi"
4,,1,"31, price, zone, center, data"
4,,2,"33, sage, plan, economi, sren"
4,,6,"34, bornholm, baltic, energi, harbor"
4,,4,"35, materi, 111, million, dkk"
4,,2,"36, island, energi, wind, sea"
4,,1,"39, uniti, list, offshor, grid"
4,,9,"4, bornholm, sea, area, energi"
4,,3,"40, energi, wind, bornholm, grid"
4,,1,"45, offshor, wind, farm, reliabl"
4,,1,"46, bornholm, wind, offshor, energi"
4,,1,"5, light, grid, power, offshor"
4,,1,"6, cool, system, control, hvdc"
4,,3,"7, offshor, grid, bornholm, power"
4,,4,"8, wind, offshor, bornholm, mill"
4,,2,"9, island, bornholm, energi, offshor"
4,,2,Noise
4,,1,"0, hydrogen, energi, bornholm, power"
4,,11,"10, baltic, bornholm, defens, energi"
4,,3,"11, offshor, wind, park, busi"
4,,5,"12, hydrogen, bornholm, busi, powertox"
4,,2,"13, grid, offshor, wind, bornholm"
4,,11,"14, citizen, area, land, station"
4,,3,"15, develop, energi, electr, project"
4,,8,"17, bornholm, debat, say, baltic"
4,,4,"18, electr, tax, project, energi"
4,,1,"19, energi, island, area, wind"
4,,3,"2, wind, energi, island, offshor"
4,,2,"21, energi, wind, offshor, connect"
4,,4,"22, guard, wind, offshor, farm"
4,,3,"23, bornholm, thoma, wind, say"
4,,4,"24, hydrogen, budget, social, reactor"
4,,1,"25, hydrogen, power, compani, nuclear"
4,,6,"27, bornholm, land, citizen, plant"
4,,4,"28, municip, grid, offshor, wermelin"
4,,5,"29, island, energi, wind, sea"
4,,3,"3, comput, quantum, electr, municip"
4,,3,"30, wind, turbin, offshor, energi"
4,,1,"31, price, zone, center, data"
4,,2,"33, sage, plan, economi, sren"
4,,6,"34, bornholm, baltic, energi, harbor"
4,,4,"35, materi, 111, million, dkk"
4,,2,"36, island, energi, wind, sea"
4,,1,"39, uniti, list, offshor, grid"
4,,9,"4, bornholm, sea, area, energi"
4,,3,"40, energi, wind, bornholm, grid"
4,,1,"45, offshor, wind, farm, reliabl"
4,,1,"46, bornholm, wind, offshor, energi"
4,,1,"5, light, grid, power, offshor"
4,,1,"6, cool, system, control, hvdc"
4,,3,"7, offshor, grid, bornholm, power"
4,,4,"8, wind, offshor, bornholm, mill"
4,,2,"9, island, bornholm, energi, offshor"
4,,2,Noise
4,,1,"0, hydrogen, energi, bornholm, power"
4,,11,"10, baltic, bornholm, defens, energi"
4,,3,"11, offshor, wind, park, busi"
4,,5,"12, hydrogen, bornholm, busi, powertox"
4,,2,"13, grid, offshor, wind, bornholm"
4,,11,"14, citizen, area, land, station"
4,,3,"15, develop, energi, electr, project"
4,,8,"17, bornholm, debat, say, baltic"
4,,4,"18, electr, tax, project, energi"
4,,1,"19, energi, island, area, wind"
4,,3,"2, wind, energi, island, offshor"
4,,2,"21, energi, wind, offshor, connect"
4,,4,"22, guard, wind, offshor, farm"
4,,3,"23, bornholm, thoma, wind, say"
4,,4,"24, hydrogen, budget, social, reactor"
4,,1,"25, hydrogen, power, compani, nuclear"
4,,6,"27, bornholm, land, citizen, plant"
4,,4,"28, municip, grid, offshor, wermelin"
4,,5,"29, island, energi, wind, sea"
4,,3,"3, comput, quantum, electr, municip"
4,,3,"30, wind, turbin, offshor, energi"
4,,1,"31, price, zone, center, data"
4,,2,"33, sage, plan, economi, sren"
4,,6,"34, bornholm, baltic, energi, harbor"
4,,4,"35, materi, 111, million, dkk"
4,,2,"36, island, energi, wind, sea"
4,,1,"39, uniti, list, offshor, grid"
4,,9,"4, bornholm, sea, area, energi"
4,,3,"40, energi, wind, bornholm, grid"
4,,1,"45, offshor, wind, farm, reliabl"
4,,1,"46, bornholm, wind, offshor, energi"
4,,1,"5, light, grid, power, offshor"
4,,1,"6, cool, system, control, hvdc"
4,,3,"7, offshor, grid, bornholm, power"
4,,4,"8, wind, offshor, bornholm, mill"
4,,2,"9, island, bornholm, energi, offshor"
4,,2,Noise
4,,1,"0, hydrogen, energi, bornholm, power"
4,,11,"10, baltic, bornholm, defens, energi"
4,,3,"11, offshor, wind, park, busi"
4,,5,"12, hydrogen, bornholm, busi, powertox"
4,,2,"13, grid, offshor, wind, bornholm"
4,,11,"14, citizen, area, land, station"
4,,3,"15, develop, energi, electr, project"
4,,8,"17, bornholm, debat, say, baltic"
4,,4,"18, electr, tax, project, energi"
4,,1,"19, energi, island, area, wind"
4,,3,"2, wind, energi, island, offshor"
4,,2,"21, energi, wind, offshor, connect"
4,,4,"22, guard, wind, offshor, farm"
4,,3,"23, bornholm, thoma, wind, say"
4,,4,"24, hydrogen, budget, social, reactor"
4,,1,"25, hydrogen, power, compani, nuclear"
4,,6,"27, bornholm, land, citizen, plant"
4,,4,"28, municip, grid, offshor, wermelin"
4,,5,"29, island, energi, wind, sea"
4,,3,"3, comput, quantum, electr, municip"
4,,3,"30, wind, turbin, offshor, energi"
4,,1,"31, price, zone, center, data"
4,,2,"33, sage, plan, economi, sren"
4,,6,"34, bornholm, baltic, energi, harbor"
4,,4,"35, materi, 111, million, dkk"
4,,2,"36, island, energi, wind, sea"
4,,1,"39, uniti, list, offshor, grid"
4,,9,"4, bornholm, sea, area, energi"
4,,3,"40, energi, wind, bornholm, grid"
4,,1,"45, offshor, wind, farm, reliabl"
4,,1,"46, bornholm, wind, offshor, energi"
4,,1,"5, light, grid, power, offshor"
4,,1,"6, cool, system, control, hvdc"
4,,3,"7, offshor, grid, bornholm, power"
4,,4,"8, wind, offshor, bornholm, mill"
4,,2,"9, island, bornholm, energi, offshor"
4,,2,Noise
4,,1,"0, hydrogen, energi, bornholm, power"
4,,11,"10, baltic, bornholm, defens, energi"
4,,3,"11, offshor, wind, park, busi"
4,,5,"12, hydrogen, bornholm, busi, powertox"
4,,2,"13, grid, offshor, wind, bornholm"
4,,11,"14, citizen, area, land, station"
4,,3,"15, develop, energi, electr, project"
4,,8,"17, bornholm, debat, say, baltic"
4,,4,"18, electr, tax, project, energi"
4,,1,"19, energi, island, area, wind"
4,,3,"2, wind, energi, island, offshor"
4,,2,"21, energi, wind, offshor, connect"
4,,4,"22, guard, wind, offshor, farm"
4,,3,"23, bornholm, thoma, wind, say"
4,,4,"24, hydrogen, budget, social, reactor"
4,,1,"25, hydrogen, power, compani, nuclear"
4,,6,"27, bornholm, land, citizen, plant"
4,,4,"28, municip, grid, offshor, wermelin"
4,,5,"29, island, energi, wind, sea"
4,,3,"3, comput, quantum, electr, municip"
4,,3,"30, wind, turbin, offshor, energi"
4,,1,"31, price, zone, center, data"
4,,2,"33, sage, plan, economi, sren"
4,,6,"34, bornholm, baltic, energi, harbor"
4,,4,"35, materi, 111, million, dkk"
4,,2,"36, island, energi, wind, sea"
4,,1,"39, uniti, list, offshor, grid"
4,,9,"4, bornholm, sea, area, energi"
4,,3,"40, energi, wind, bornholm, grid"
4,,1,"45, offshor, wind, farm, reliabl"
4,,1,"46, bornholm, wind, offshor, energi"
4,,1,"5, light, grid, power, offshor"
4,,1,"6, cool, system, control, hvdc"
4,,3,"7, offshor, grid, bornholm, power"
4,,4,"8, wind, offshor, bornholm, mill"
4,,2,"9, island, bornholm, energi, offshor"
4,,2,Noise
4,,1,"0, hydrogen, energi, bornholm, power"
4,,11,"10, baltic, bornholm, defens, energi"
4,,3,"11, offshor, wind, park, busi"
4,,5,"12, hydrogen, bornholm, busi, powertox"
4,,2,"13, grid, offshor, wind, bornholm"
4,,11,"14, citizen, area, land, station"
4,,3,"15, develop, energi, electr, project"
4,,8,"17, bornholm, debat, say, baltic"
4,,4,"18, electr, tax, project, energi"
4,,1,"19, energi, island, area, wind"
4,,3,"2, wind, energi, island, offshor"
4,,2,"21, energi, wind, offshor, connect"
4,,4,"22, guard, wind, offshor, farm"
4,,3,"23, bornholm, thoma, wind, say"
4,,4,"24, hydrogen, budget, social, reactor"
4,,1,"25, hydrogen, power, compani, nuclear"
4,,6,"27, bornholm, land, citizen, plant"
4,,4,"28, municip, grid, offshor, wermelin"
4,,5,"29, island, energi, wind, sea"
4,,3,"3, comput, quantum, electr, municip"
4,,3,"30, wind, turbin, offshor, energi"
4,,1,"31, price, zone, center, data"
4,,2,"33, sage, plan, economi, sren"
4,,6,"34, bornholm, baltic, energi, harbor"
4,,4,"35, materi, 111, million, dkk"
4,,2,"36, island, energi, wind, sea"
4,,1,"39, uniti, list, offshor, grid"
4,,9,"4, bornholm, sea, area, energi"
4,,3,"40, energi, wind, bornholm, grid"
4,,1,"45, offshor, wind, farm, reliabl"
4,,1,"46, bornholm, wind, offshor, energi"
4,,1,"5, light, grid, power, offshor"
4,,1,"6, cool, system, control, hvdc"
4,,3,"7, offshor, grid, bornholm, power"
4,,4,"8, wind, offshor, bornholm, mill"
4,,2,"9, island, bornholm, energi, offshor"
4,,2,Noise
4,,1,"0, hydrogen, energi, bornholm, power"
4,,11,"10, baltic, bornholm, defens, energi"
4,,3,"11, offshor, wind, park, busi"
4,,5,"12, hydrogen, bornholm, busi, powertox"
4,,2,"13, grid, offshor, wind, bornholm"
4,,11,"14, citizen, area, land, station"
4,,3,"15, develop, energi, electr, project"
4,,8,"17, bornholm, debat, say, baltic"
4,,4,"18, electr, tax, project, energi"
4,,1,"19, energi, island, area, wind"
4,,3,"2, wind, energi, island, offshor"
4,,2,"21, energi, wind, offshor, connect"
4,,4,"22, guard, wind, offshor, farm"
4,,3,"23, bornholm, thoma, wind, say"
4,,4,"24, hydrogen, budget, social, reactor"
4,,1,"25, hydrogen, power, compani, nuclear"
4,,6,"27, bornholm, land, citizen, plant"
4,,4,"28, municip, grid, offshor, wermelin"
4,,5,"29, island, energi, wind, sea"
4,,3,"3, comput, quantum, electr, municip"
4,,3,"30, wind, turbin, offshor, energi"
4,,1,"31, price, zone, center, data"
4,,2,"33, sage, plan, economi, sren"
4,,6,"34, bornholm, baltic, energi, harbor"
4,,4,"35, materi, 111, million, dkk"
4,,2,"36, island, energi, wind, sea"
4,,1,"39, uniti, list, offshor, grid"
4,,9,"4, bornholm, sea, area, energi"
4,,3,"40, energi, wind, bornholm, grid"
4,,1,"45, offshor, wind, farm, reliabl"
4,,1,"46, bornholm, wind, offshor, energi"
4,,1,"5, light, grid, power, offshor"
4,,1,"6, cool, system, control, hvdc"
4,,3,"7, offshor, grid, bornholm, power"
4,,4,"8, wind, offshor, bornholm, mill"
4,,2,"9, island, bornholm, energi, offshor"
4,,2,Noise
4,,1,"0, hydrogen, energi, bornholm, power"
4,,11,"10, baltic, bornholm, defens, energi"
4,,3,"11, offshor, wind, park, busi"
4,,5,"12, hydrogen, bornholm, busi, powertox"
4,,2,"13, grid, offshor, wind, bornholm"
4,,11,"14, citizen, area, land, station"
4,,3,"15, develop, energi, electr, project"
4,,8,"17, bornholm, debat, say, baltic"
4,,4,"18, electr, tax, project, energi"
4,,1,"19, energi, island, area, wind"
4,,3,"2, wind, energi, island, offshor"
4,,2,"21, energi, wind, offshor, connect"
4,,4,"22, guard, wind, offshor, farm"
4,,3,"23, bornholm, thoma, wind, say"
4,,4,"24, hydrogen, budget, social, reactor"
4,,1,"25, hydrogen, power, compani, nuclear"
4,,6,"27, bornholm, land, citizen, plant"
4,,4,"28, municip, grid, offshor, wermelin"
4,,5,"29, island, energi, wind, sea"
4,,3,"3, comput, quantum, electr, municip"
4,,3,"30, wind, turbin, offshor, energi"
4,,1,"31, price, zone, center, data"
4,,2,"33, sage, plan, economi, sren"
4,,6,"34, bornholm, baltic, energi, harbor"
4,,4,"35, materi, 111, million, dkk"
4,,2,"36, island, energi, wind, sea"
4,,1,"39, uniti, list, offshor, grid"
4,,9,"4, bornholm, sea, area, energi"
4,,3,"40, energi, wind, bornholm, grid"
4,,1,"45, offshor, wind, farm, reliabl"
4,,1,"46, bornholm, wind, offshor, energi"
4,,1,"5, light, grid, power, offshor"
4,,1,"6, cool, system, control, hvdc"
4,,3,"7, offshor, grid, bornholm, power"
4,,4,"8, wind, offshor, bornholm, mill"
4,,2,"9, island, bornholm, energi, offshor"
4,,2,Noise
4,,1,"0, hydrogen, energi, bornholm, power"
4,,11,"10, baltic, bornholm, defens, energi"
4,,3,"11, offshor, wind, park, busi"
4,,5,"12, hydrogen, bornholm, busi, powertox"
4,,2,"13, grid, offshor, wind, bornholm"
4,,11,"14, citizen, area, land, station"
4,,3,"15, develop, energi, electr, project"
4,,8,"17, bornholm, debat, say, baltic"
4,,4,"18, electr, tax, project, energi"
4,,1,"19, energi, island, area, wind"
4,,3,"2, wind, energi, island, offshor"
4,,2,"21, energi, wind, offshor, connect"
4,,4,"22, guard, wind, offshor, farm"
4,,3,"23, bornholm, thoma, wind, say"
4,,4,"24, hydrogen, budget, social, reactor"
4,,1,"25, hydrogen, power, compani, nuclear"
4,,6,"27, bornholm, land, citizen, plant"
4,,4,"28, municip, grid, offshor, wermelin"
4,,5,"29, island, energi, wind, sea"
4,,3,"3, comput, quantum, electr, municip"
4,,3,"30, wind, turbin, offshor, energi"
4,,1,"31, price, zone, center, data"
4,,2,"33, sage, plan, economi, sren"
4,,6,"34, bornholm, baltic, energi, harbor"
4,,4,"35, materi, 111, million, dkk"
4,,2,"36, island, energi, wind, sea"
4,,1,"39, uniti, list, offshor, grid"
4,,9,"4, bornholm, sea, area, energi"
4,,3,"40, energi, wind, bornholm, grid"
4,,1,"45, offshor, wind, farm, reliabl"
4,,1,"46, bornholm, wind, offshor, energi"
4,,1,"5, light, grid, power, offshor"
4,,1,"6, cool, system, control, hvdc"
4,,3,"7, offshor, grid, bornholm, power"
4,,4,"8, wind, offshor, bornholm, mill"
4,,2,"9, island, bornholm, energi, offshor"
4,,2,Noise
4,,1,"0, hydrogen, energi, bornholm, power"
4,,11,"10, baltic, bornholm, defens, energi"
4,,3,"11, offshor, wind, park, busi"
4,,5,"12, hydrogen, bornholm, busi, powertox"
4,,2,"13, grid, offshor, wind, bornholm"
4,,11,"14, citizen, area, land, station"
4,,3,"15, develop, energi, electr, project"
4,,8,"17, bornholm, debat, say, baltic"
4,,4,"18, electr, tax, project, energi"
4,,1,"19, energi, island, area, wind"
4,,3,"2, wind, energi, island, offshor"
4,,2,"21, energi, wind, offshor, connect"
4,,4,"22, guard, wind, offshor, farm"
4,,3,"23, bornholm, thoma, wind, say"
4,,4,"24, hydrogen, budget, social, reactor"
4,,1,"25, hydrogen, power, compani, nuclear"
4,,6,"27, bornholm, land, citizen, plant"
4,,4,"28, municip, grid, offshor, wermelin"
4,,5,"29, island, energi, wind, sea"
4,,3,"3, comput, quantum, electr, municip"
4,,3,"30, wind, turbin, offshor, energi"
4,,1,"31, price, zone, center, data"
4,,2,"33, sage, plan, economi, sren"
4,,6,"34, bornholm, baltic, energi, harbor"
4,,4,"35, materi, 111, million, dkk"
4,,2,"36, island, energi, wind, sea"
4,,1,"39, uniti, list, offshor, grid"
4,,9,"4, bornholm, sea, area, energi"
4,,3,"40, energi, wind, bornholm, grid"
4,,1,"45, offshor, wind, farm, reliabl"
4,,1,"46, bornholm, wind, offshor, energi"
4,,1,"5, light, grid, power, offshor"
4,,1,"6, cool, system, control, hvdc"
4,,3,"7, offshor, grid, bornholm, power"
4,,4,"8, wind, offshor, bornholm, mill"
4,,2,"9, island, bornholm, energi, offshor"
4,,2,Noise
4,,1,"0, hydrogen, energi, bornholm, power"
4,,11,"10, baltic, bornholm, defens, energi"
4,,3,"11, offshor, wind, park, busi"
4,,5,"12, hydrogen, bornholm, busi, powertox"
4,,2,"13, grid, offshor, wind, bornholm"
4,,11,"14, citizen, area, land, station"
4,,3,"15, develop, energi, electr, project"
4,,8,"17, bornholm, debat, say, baltic"
4,,4,"18, electr, tax, project, energi"
4,,1,"19, energi, island, area, wind"
4,,3,"2, wind, energi, island, offshor"
4,,2,"21, energi, wind, offshor, connect"
4,,4,"22, guard, wind, offshor, farm"
4,,3,"23, bornholm, thoma, wind, say"
4,,4,"24, hydrogen, budget, social, reactor"
4,,1,"25, hydrogen, power, compani, nuclear"
4,,6,"27, bornholm, land, citizen, plant"
4,,4,"28, municip, grid, offshor, wermelin"
4,,5,"29, island, energi, wind, sea"
4,,3,"3, comput, quantum, electr, municip"
4,,3,"30, wind, turbin, offshor, energi"
4,,1,"31, price, zone, center, data"
4,,2,"33, sage, plan, economi, sren"
4,,6,"34, bornholm, baltic, energi, harbor"
4,,4,"35, materi, 111, million, dkk"
4,,2,"36, island, energi, wind, sea"
4,,1,"39, uniti, list, offshor, grid"
4,,9,"4, bornholm, sea, area, energi"
4,,3,"40, energi, wind, bornholm, grid"
4,,1,"45, offshor, wind, farm, reliabl"
4,,1,"46, bornholm, wind, offshor, energi"
4,,1,"5, light, grid, power, offshor"
4,,1,"6, cool, system, control, hvdc"
4,,3,"7, offshor, grid, bornholm, power"
4,,4,"8, wind, offshor, bornholm, mill"
4,,2,"9, island, bornholm, energi, offshor"
4,,2,Noise
4,,1,"0, hydrogen, energi, bornholm, power"
4,,11,"10, baltic, bornholm, defens, energi"
4,,3,"11, offshor, wind, park, busi"
4,,5,"12, hydrogen, bornholm, busi, powertox"
4,,2,"13, grid, offshor, wind, bornholm"
4,,11,"14, citizen, area, land, station"
4,,3,"15, develop, energi, electr, project"
4,,8,"17, bornholm, debat, say, baltic"
4,,4,"18, electr, tax, project, energi"
4,,1,"19, energi, island, area, wind"
4,,3,"2, wind, energi, island, offshor"
4,,2,"21, energi, wind, offshor, connect"
4,,4,"22, guard, wind, offshor, farm"
4,,3,"23, bornholm, thoma, wind, say"
4,,4,"24, hydrogen, budget, social, reactor"
4,,1,"25, hydrogen, power, compani, nuclear"
4,,6,"27, bornholm, land, citizen, plant"
4,,4,"28, municip, grid, offshor, wermelin"
4,,5,"29, island, energi, wind, sea"
4,,3,"3, comput, quantum, electr, municip"
4,,3,"30, wind, turbin, offshor, energi"
4,,1,"31, price, zone, center, data"
4,,2,"33, sage, plan, economi, sren"
4,,6,"34, bornholm, baltic, energi, harbor"
4,,4,"35, materi, 111, million, dkk"
4,,2,"36, island, energi, wind, sea"
4,,1,"39, uniti, list, offshor, grid"
4,,9,"4, bornholm, sea, area, energi"
4,,3,"40, energi, wind, bornholm, grid"
4,,1,"45, offshor, wind, farm, reliabl"
4,,1,"46, bornholm, wind, offshor, energi"
4,,1,"5, light, grid, power, offshor"
4,,1,"6, cool, system, control, hvdc"
4,,3,"7, offshor, grid, bornholm, power"
4,,4,"8, wind, offshor, bornholm, mill"
4,,2,"9, island, bornholm, energi, offshor"
4,,2,Noise
4,,1,"0, hydrogen, energi, bornholm, power"
4,,11,"10, baltic, bornholm, defens, energi"
4,,3,"11, offshor, wind, park, busi"
4,,5,"12, hydrogen, bornholm, busi, powertox"
4,,2,"13, grid, offshor, wind, bornholm"
4,,11,"14, citizen, area, land, station"
4,,3,"15, develop, energi, electr, project"
4,,8,"17, bornholm, debat, say, baltic"
4,,4,"18, electr, tax, project, energi"
4,,1,"19, energi, island, area, wind"
4,,3,"2, wind, energi, island, offshor"
4,,2,"21, energi, wind, offshor, connect"
4,,4,"22, guard, wind, offshor, farm"
4,,3,"23, bornholm, thoma, wind, say"
4,,4,"24, hydrogen, budget, social, reactor"
4,,1,"25, hydrogen, power, compani, nuclear"
4,,6,"27, bornholm, land, citizen, plant"
4,,4,"28, municip, grid, offshor, wermelin"
4,,5,"29, island, energi, wind, sea"
4,,3,"3, comput, quantum, electr, municip"
4,,3,"30, wind, turbin, offshor, energi"
4,,1,"31, price, zone, center, data"
4,,2,"33, sage, plan, economi, sren"
4,,6,"34, bornholm, baltic, energi, harbor"
4,,4,"35, materi, 111, million, dkk"
4,,2,"36, island, energi, wind, sea"
4,,1,"39, uniti, list, offshor, grid"
4,,9,"4, bornholm, sea, area, energi"
4,,3,"40, energi, wind, bornholm, grid"
4,,1,"45, offshor, wind, farm, reliabl"
4,,1,"46, bornholm, wind, offshor, energi"
4,,1,"5, light, grid, power, offshor"
4,,1,"6, cool, system, control, hvdc"
4,,3,"7, offshor, grid, bornholm, power"
4,,4,"8, wind, offshor, bornholm, mill"
4,,2,"9, island, bornholm, energi, offshor"
4,,2,Noise
4,,1,"0, hydrogen, energi, bornholm, power"
4,,11,"10, baltic, bornholm, defens, energi"
4,,3,"11, offshor, wind, park, busi"
4,,5,"12, hydrogen, bornholm, busi, powertox"
4,,2,"13, grid, offshor, wind, bornholm"
4,,11,"14, citizen, area, land, station"
4,,3,"15, develop, energi, electr, project"
4,,8,"17, bornholm, debat, say, baltic"
4,,4,"18, electr, tax, project, energi"
4,,1,"19, energi, island, area, wind"
4,,3,"2, wind, energi, island, offshor"
4,,2,"21, energi, wind, offshor, connect"
4,,4,"22, guard, wind, offshor, farm"
4,,3,"23, bornholm, thoma, wind, say"
4,,4,"24, hydrogen, budget, social, reactor"
4,,1,"25, hydrogen, power, compani, nuclear"
4,,6,"27, bornholm, land, citizen, plant"
4,,4,"28, municip, grid, offshor, wermelin"
4,,5,"29, island, energi, wind, sea"
4,,3,"3, comput, quantum, electr, municip"
4,,3,"30, wind, turbin, offshor, energi"
4,,1,"31, price, zone, center, data"
4,,2,"33, sage, plan, economi, sren"
4,,6,"34, bornholm, baltic, energi, harbor"
4,,4,"35, materi, 111, million, dkk"
4,,2,"36, island, energi, wind, sea"
4,,1,"39, uniti, list, offshor, grid"
4,,9,"4, bornholm, sea, area, energi"
4,,3,"40, energi, wind, bornholm, grid"
4,,1,"45, offshor, wind, farm, reliabl"
4,,1,"46, bornholm, wind, offshor, energi"
4,,1,"5, light, grid, power, offshor"
4,,1,"6, cool, system, control, hvdc"
4,,3,"7, offshor, grid, bornholm, power"
4,,4,"8, wind, offshor, bornholm, mill"
4,,2,"9, island, bornholm, energi, offshor"
4,,2,Noise
4,,1,"0, hydrogen, energi, bornholm, power"
4,,11,"10, baltic, bornholm, defens, energi"
4,,3,"11, offshor, wind, park, busi"
4,,5,"12, hydrogen, bornholm, busi, powertox"
4,,2,"13, grid, offshor, wind, bornholm"
4,,11,"14, citizen, area, land, station"
4,,3,"15, develop, energi, electr, project"
4,,8,"17, bornholm, debat, say, baltic"
4,,4,"18, electr, tax, project, energi"
4,,1,"19, energi, island, area, wind"
4,,3,"2, wind, energi, island, offshor"
4,,2,"21, energi, wind, offshor, connect"
4,,4,"22, guard, wind, offshor, farm"
4,,3,"23, bornholm, thoma, wind, say"
4,,4,"24, hydrogen, budget, social, reactor"
4,,1,"25, hydrogen, power, compani, nuclear"
4,,6,"27, bornholm, land, citizen, plant"
4,,4,"28, municip, grid, offshor, wermelin"
4,,5,"29, island, energi, wind, sea"
4,,3,"3, comput, quantum, electr, municip"
4,,3,"30, wind, turbin, offshor, energi"
4,,1,"31, price, zone, center, data"
4,,2,"33, sage, plan, economi, sren"
4,,6,"34, bornholm, baltic, energi, harbor"
4,,4,"35, materi, 111, million, dkk"
4,,2,"36, island, energi, wind, sea"
4,,1,"39, uniti, list, offshor, grid"
4,,9,"4, bornholm, sea, area, energi"
4,,3,"40, energi, wind, bornholm, grid"
4,,1,"45, offshor, wind, farm, reliabl"
4,,1,"46, bornholm, wind, offshor, energi"
4,,1,"5, light, grid, power, offshor"
4,,1,"6, cool, system, control, hvdc"
4,,3,"7, offshor, grid, bornholm, power"
4,,4,"8, wind, offshor, bornholm, mill"
4,,2,"9, island, bornholm, energi, offshor"
4,,2,Noise
4,,1,"0, hydrogen, energi, bornholm, power"
4,,11,"10, baltic, bornholm, defens, energi"
4,,3,"11, offshor, wind, park, busi"
4,,5,"12, hydrogen, bornholm, busi, powertox"
4,,2,"13, grid, offshor, wind, bornholm"
4,,11,"14, citizen, area, land, station"
4,,3,"15, develop, energi, electr, project"
4,,8,"17, bornholm, debat, say, baltic"
4,,4,"18, electr, tax, project, energi"
4,,1,"19, energi, island, area, wind"
4,,3,"2, wind, energi, island, offshor"
4,,2,"21, energi, wind, offshor, connect"
4,,4,"22, guard, wind, offshor, farm"
4,,3,"23, bornholm, thoma, wind, say"
4,,4,"24, hydrogen, budget, social, reactor"
4,,1,"25, hydrogen, power, compani, nuclear"
4,,6,"27, bornholm, land, citizen, plant"
4,,4,"28, municip, grid, offshor, wermelin"
4,,5,"29, island, energi, wind, sea"
4,,3,"3, comput, quantum, electr, municip"
4,,3,"30, wind, turbin, offshor, energi"
4,,1,"31, price, zone, center, data"
4,,2,"33, sage, plan, economi, sren"
4,,6,"34, bornholm, baltic, energi, harbor"
4,,4,"35, materi, 111, million, dkk"
4,,2,"36, island, energi, wind, sea"
4,,1,"39, uniti, list, offshor, grid"
4,,9,"4, bornholm, sea, area, energi"
4,,3,"40, energi, wind, bornholm, grid"
4,,1,"45, offshor, wind, farm, reliabl"
4,,1,"46, bornholm, wind, offshor, energi"
4,,1,"5, light, grid, power, offshor"
4,,1,"6, cool, system, control, hvdc"
4,,3,"7, offshor, grid, bornholm, power"
4,,4,"8, wind, offshor, bornholm, mill"
4,,2,"9, island, bornholm, energi, offshor"
4,,2,Noise
4,,1,"0, hydrogen, energi, bornholm, power"
4,,11,"10, baltic, bornholm, defens, energi"
4,,3,"11, offshor, wind, park, busi"
4,,5,"12, hydrogen, bornholm, busi, powertox"
4,,2,"13, grid, offshor, wind, bornholm"
4,,11,"14, citizen, area, land, station"
4,,3,"15, develop, energi, electr, project"
4,,8,"17, bornholm, debat, say, baltic"
4,,4,"18, electr, tax, project, energi"
4,,1,"19, energi, island, area, wind"
4,,3,"2, wind, energi, island, offshor"
4,,2,"21, energi, wind, offshor, connect"
4,,4,"22, guard, wind, offshor, farm"
4,,3,"23, bornholm, thoma, wind, say"
4,,4,"24, hydrogen, budget, social, reactor"
4,,1,"25, hydrogen, power, compani, nuclear"
4,,6,"27, bornholm, land, citizen, plant"
4,,4,"28, municip, grid, offshor, wermelin"
4,,5,"29, island, energi, wind, sea"
4,,3,"3, comput, quantum, electr, municip"
4,,3,"30, wind, turbin, offshor, energi"
4,,1,"31, price, zone, center, data"
4,,2,"33, sage, plan, economi, sren"
4,,6,"34, bornholm, baltic, energi, harbor"
4,,4,"35, materi, 111, million, dkk"
4,,2,"36, island, energi, wind, sea"
4,,1,"39, uniti, list, offshor, grid"
4,,9,"4, bornholm, sea, area, energi"
4,,3,"40, energi, wind, bornholm, grid"
4,,1,"45, offshor, wind, farm, reliabl"
4,,1,"46, bornholm, wind, offshor, energi"
4,,1,"5, light, grid, power, offshor"
4,,1,"6, cool, system, control, hvdc"
4,,3,"7, offshor, grid, bornholm, power"
4,,4,"8, wind, offshor, bornholm, mill"
4,,2,"9, island, bornholm, energi, offshor"
4,,2,Noise
4,,1,"0, hydrogen, energi, bornholm, power"
4,,11,"10, baltic, bornholm, defens, energi"
4,,3,"11, offshor, wind, park, busi"
4,,5,"12, hydrogen, bornholm, busi, powertox"
4,,2,"13, grid, offshor, wind, bornholm"
4,,11,"14, citizen, area, land, station"
4,,3,"15, develop, energi, electr, project"
4,,8,"17, bornholm, debat, say, baltic"
4,,4,"18, electr, tax, project, energi"
4,,1,"19, energi, island, area, wind"
4,,3,"2, wind, energi, island, offshor"
4,,2,"21, energi, wind, offshor, connect"
4,,4,"22, guard, wind, offshor, farm"
4,,3,"23, bornholm, thoma, wind, say"
4,,4,"24, hydrogen, budget, social, reactor"
4,,1,"25, hydrogen, power, compani, nuclear"
4,,6,"27, bornholm, land, citizen, plant"
4,,4,"28, municip, grid, offshor, wermelin"
4,,5,"29, island, energi, wind, sea"
4,,3,"3, comput, quantum, electr, municip"
4,,3,"30, wind, turbin, offshor, energi"
4,,1,"31, price, zone, center, data"
4,,2,"33, sage, plan, economi, sren"
4,,6,"34, bornholm, baltic, energi, harbor"
4,,4,"35, materi, 111, million, dkk"
4,,2,"36, island, energi, wind, sea"
4,,1,"39, uniti, list, offshor, grid"
4,,9,"4, bornholm, sea, area, energi"
4,,3,"40, energi, wind, bornholm, grid"
4,,1,"45, offshor, wind, farm, reliabl"
4,,1,"46, bornholm, wind, offshor, energi"
4,,1,"5, light, grid, power, offshor"
4,,1,"6, cool, system, control, hvdc"
4,,3,"7, offshor, grid, bornholm, power"
4,,4,"8, wind, offshor, bornholm, mill"
4,,2,"9, island, bornholm, energi, offshor"
4,,2,Noise
4,,1,"0, hydrogen, energi, bornholm, power"
4,,11,"10, baltic, bornholm, defens, energi"
4,,3,"11, offshor, wind, park, busi"
4,,5,"12, hydrogen, bornholm, busi, powertox"
4,,2,"13, grid, offshor, wind, bornholm"
4,,11,"14, citizen, area, land, station"
4,,3,"15, develop, energi, electr, project"
4,,8,"17, bornholm, debat, say, baltic"
4,,4,"18, electr, tax, project, energi"
4,,1,"19, energi, island, area, wind"
4,,3,"2, wind, energi, island, offshor"
4,,2,"21, energi, wind, offshor, connect"
4,,4,"22, guard, wind, offshor, farm"
4,,3,"23, bornholm, thoma, wind, say"
4,,4,"24, hydrogen, budget, social, reactor"
4,,1,"25, hydrogen, power, compani, nuclear"
4,,6,"27, bornholm, land, citizen, plant"
4,,4,"28, municip, grid, offshor, wermelin"
4,,5,"29, island, energi, wind, sea"
4,,3,"3, comput, quantum, electr, municip"
4,,3,"30, wind, turbin, offshor, energi"
4,,1,"31, price, zone, center, data"
4,,2,"33, sage, plan, economi, sren"
4,,6,"34, bornholm, baltic, energi, harbor"
4,,4,"35, materi, 111, million, dkk"
4,,2,"36, island, energi, wind, sea"
4,,1,"39, uniti, list, offshor, grid"
4,,9,"4, bornholm, sea, area, energi"
4,,3,"40, energi, wind, bornholm, grid"
4,,1,"45, offshor, wind, farm, reliabl"
4,,1,"46, bornholm, wind, offshor, energi"
4,,1,"5, light, grid, power, offshor"
4,,1,"6, cool, system, control, hvdc"
4,,3,"7, offshor, grid, bornholm, power"
4,,4,"8, wind, offshor, bornholm, mill"
4,,2,"9, island, bornholm, energi, offshor"
4,,2,Noise
4,,1,"0, hydrogen, energi, bornholm, power"
4,,11,"10, baltic, bornholm, defens, energi"
4,,3,"11, offshor, wind, park, busi"
4,,5,"12, hydrogen, bornholm, busi, powertox"
4,,2,"13, grid, offshor, wind, bornholm"
4,,11,"14, citizen, area, land, station"
4,,3,"15, develop, energi, electr, project"
4,,8,"17, bornholm, debat, say, baltic"
4,,4,"18, electr, tax, project, energi"
4,,1,"19, energi, island, area, wind"
4,,3,"2, wind, energi, island, offshor"
4,,2,"21, energi, wind, offshor, connect"
4,,4,"22, guard, wind, offshor, farm"
4,,3,"23, bornholm, thoma, wind, say"
4,,4,"24, hydrogen, budget, social, reactor"
4,,1,"25, hydrogen, power, compani, nuclear"
4,,6,"27, bornholm, land, citizen, plant"
4,,4,"28, municip, grid, offshor, wermelin"
4,,5,"29, island, energi, wind, sea"
4,,3,"3, comput, quantum, electr, municip"
4,,3,"30, wind, turbin, offshor, energi"
4,,1,"31, price, zone, center, data"
4,,2,"33, sage, plan, economi, sren"
4,,6,"34, bornholm, baltic, energi, harbor"
4,,4,"35, materi, 111, million, dkk"
4,,2,"36, island, energi, wind, sea"
4,,1,"39, uniti, list, offshor, grid"
4,,9,"4, bornholm, sea, area, energi"
4,,3,"40, energi, wind, bornholm, grid"
4,,1,"45, offshor, wind, farm, reliabl"
4,,1,"46, bornholm, wind, offshor, energi"
4,,1,"5, light, grid, power, offshor"
4,,1,"6, cool, system, control, hvdc"
4,,3,"7, offshor, grid, bornholm, power"
4,,4,"8, wind, offshor, bornholm, mill"
4,,2,"9, island, bornholm, energi, offshor"
4,,2,Noise
4,,1,"0, hydrogen, energi, bornholm, power"
4,,11,"10, baltic, bornholm, defens, energi"
4,,3,"11, offshor, wind, park, busi"
4,,5,"12, hydrogen, bornholm, busi, powertox"
4,,2,"13, grid, offshor, wind, bornholm"
4,,11,"14, citizen, area, land, station"
4,,3,"15, develop, energi, electr, project"
4,,8,"17, bornholm, debat, say, baltic"
4,,4,"18, electr, tax, project, energi"
4,,1,"19, energi, island, area, wind"
4,,3,"2, wind, energi, island, offshor"
4,,2,"21, energi, wind, offshor, connect"
4,,4,"22, guard, wind, offshor, farm"
4,,3,"23, bornholm, thoma, wind, say"
4,,4,"24, hydrogen, budget, social, reactor"
4,,1,"25, hydrogen, power, compani, nuclear"
4,,6,"27, bornholm, land, citizen, plant"
4,,4,"28, municip, grid, offshor, wermelin"
4,,5,"29, island, energi, wind, sea"
4,,3,"3, comput, quantum, electr, municip"
4,,3,"30, wind, turbin, offshor, energi"
4,,1,"31, price, zone, center, data"
4,,2,"33, sage, plan, economi, sren"
4,,6,"34, bornholm, baltic, energi, harbor"
4,,4,"35, materi, 111, million, dkk"
4,,2,"36, island, energi, wind, sea"
4,,1,"39, uniti, list, offshor, grid"
4,,9,"4, bornholm, sea, area, energi"
4,,3,"40, energi, wind, bornholm, grid"
4,,1,"45, offshor, wind, farm, reliabl"
4,,1,"46, bornholm, wind, offshor, energi"
4,,1,"5, light, grid, power, offshor"
4,,1,"6, cool, system, control, hvdc"
4,,3,"7, offshor, grid, bornholm, power"
4,,4,"8, wind, offshor, bornholm, mill"
4,,2,"9, island, bornholm, energi, offshor"
4,,2,Noise
4,,1,"0, hydrogen, energi, bornholm, power"
4,,11,"10, baltic, bornholm, defens, energi"
4,,3,"11, offshor, wind, park, busi"
4,,5,"12, hydrogen, bornholm, busi, powertox"
4,,2,"13, grid, offshor, wind, bornholm"
4,,11,"14, citizen, area, land, station"
4,,3,"15, develop, energi, electr, project"
4,,8,"17, bornholm, debat, say, baltic"
4,,4,"18, electr, tax, project, energi"
4,,1,"19, energi, island, area, wind"
4,,3,"2, wind, energi, island, offshor"
4,,2,"21, energi, wind, offshor, connect"
4,,4,"22, guard, wind, offshor, farm"
4,,3,"23, bornholm, thoma, wind, say"
4,,4,"24, hydrogen, budget, social, reactor"
4,,1,"25, hydrogen, power, compani, nuclear"
4,,6,"27, bornholm, land, citizen, plant"
4,,4,"28, municip, grid, offshor, wermelin"
4,,5,"29, island, energi, wind, sea"
4,,3,"3, comput, quantum, electr, municip"
4,,3,"30, wind, turbin, offshor, energi"
4,,1,"31, price, zone, center, data"
4,,2,"33, sage, plan, economi, sren"
4,,6,"34, bornholm, baltic, energi, harbor"
4,,4,"35, materi, 111, million, dkk"
4,,2,"36, island, energi, wind, sea"
4,,1,"39, uniti, list, offshor, grid"
4,,9,"4, bornholm, sea, area, energi"
4,,3,"40, energi, wind, bornholm, grid"
4,,1,"45, offshor, wind, farm, reliabl"
4,,1,"46, bornholm, wind, offshor, energi"
4,,1,"5, light, grid, power, offshor"
4,,1,"6, cool, system, control, hvdc"
4,,3,"7, offshor, grid, bornholm, power"
4,,4,"8, wind, offshor, bornholm, mill"
4,,2,"9, island, bornholm, energi, offshor"
4,,2,Noise
4,,1,"0, hydrogen, energi, bornholm, power"
4,,11,"10, baltic, bornholm, defens, energi"
4,,3,"11, offshor, wind, park, busi"
4,,5,"12, hydrogen, bornholm, busi, powertox"
4,,2,"13, grid, offshor, wind, bornholm"
4,,11,"14, citizen, area, land, station"
4,,3,"15, develop, energi, electr, project"
4,,8,"17, bornholm, debat, say, baltic"
4,,4,"18, electr, tax, project, energi"
4,,1,"19, energi, island, area, wind"
4,,3,"2, wind, energi, island, offshor"
4,,2,"21, energi, wind, offshor, connect"
4,,4,"22, guard, wind, offshor, farm"
4,,3,"23, bornholm, thoma, wind, say"
4,,4,"24, hydrogen, budget, social, reactor"
4,,1,"25, hydrogen, power, compani, nuclear"
4,,6,"27, bornholm, land, citizen, plant"
4,,4,"28, municip, grid, offshor, wermelin"
4,,5,"29, island, energi, wind, sea"
4,,3,"3, comput, quantum, electr, municip"
4,,3,"30, wind, turbin, offshor, energi"
4,,1,"31, price, zone, center, data"
4,,2,"33, sage, plan, economi, sren"
4,,6,"34, bornholm, baltic, energi, harbor"
4,,4,"35, materi, 111, million, dkk"
4,,2,"36, island, energi, wind, sea"
4,,1,"39, uniti, list, offshor, grid"
4,,9,"4, bornholm, sea, area, energi"
4,,3,"40, energi, wind, bornholm, grid"
4,,1,"45, offshor, wind, farm, reliabl"
4,,1,"46, bornholm, wind, offshor, energi"
4,,1,"5, light, grid, power, offshor"
4,,1,"6, cool, system, control, hvdc"
4,,3,"7, offshor, grid, bornholm, power"
4,,4,"8, wind, offshor, bornholm, mill"
4,,2,"9, island, bornholm, energi, offshor"
4,,2,Noise
4,,1,"0, hydrogen, energi, bornholm, power"
4,,11,"10, baltic, bornholm, defens, energi"
4,,3,"11, offshor, wind, park, busi"
4,,5,"12, hydrogen, bornholm, busi, powertox"
4,,2,"13, grid, offshor, wind, bornholm"
4,,11,"14, citizen, area, land, station"
4,,3,"15, develop, energi, electr, project"
4,,8,"17, bornholm, debat, say, baltic"
4,,4,"18, electr, tax, project, energi"
4,,1,"19, energi, island, area, wind"
4,,3,"2, wind, energi, island, offshor"
4,,2,"21, energi, wind, offshor, connect"
4,,4,"22, guard, wind, offshor, farm"
4,,3,"23, bornholm, thoma, wind, say"
4,,4,"24, hydrogen, budget, social, reactor"
4,,1,"25, hydrogen, power, compani, nuclear"
4,,6,"27, bornholm, land, citizen, plant"
4,,4,"28, municip, grid, offshor, wermelin"
4,,5,"29, island, energi, wind, sea"
4,,3,"3, comput, quantum, electr, municip"
4,,3,"30, wind, turbin, offshor, energi"
4,,1,"31, price, zone, center, data"
4,,2,"33, sage, plan, economi, sren"
4,,6,"34, bornholm, baltic, energi, harbor"
4,,4,"35, materi, 111, million, dkk"
4,,2,"36, island, energi, wind, sea"
4,,1,"39, uniti, list, offshor, grid"
4,,9,"4, bornholm, sea, area, energi"
4,,3,"40, energi, wind, bornholm, grid"
4,,1,"45, offshor, wind, farm, reliabl"
4,,1,"46, bornholm, wind, offshor, energi"
4,,1,"5, light, grid, power, offshor"
4,,1,"6, cool, system, control, hvdc"
4,,3,"7, offshor, grid, bornholm, power"
4,,4,"8, wind, offshor, bornholm, mill"
4,,2,"9, island, bornholm, energi, offshor"
4,,2,Noise
0,,2,"0, hydrogen, energi, bornholm, power"
0,,43,"1, energinet, plant, build, station"
0,,2,"10, baltic, bornholm, defens, energi"
0,,1,"13, grid, offshor, wind, bornholm"
0,,16,"14, citizen, area, land, station"
0,,1,"15, develop, energi, electr, project"
0,,5,"17, bornholm, debat, say, baltic"
0,,1,"24, hydrogen, budget, social, reactor"
0,,1,"25, hydrogen, power, compani, nuclear"
0,,12,"27, bornholm, land, citizen, plant"
0,,1,"28, municip, grid, offshor, wermelin"
0,,1,"29, island, energi, wind, sea"
0,,1,"3, comput, quantum, electr, municip"
0,,2,"33, sage, plan, economi, sren"
0,,3,"36, island, energi, wind, sea"
0,,6,"4, bornholm, sea, area, energi"
0,,1,"40, energi, wind, bornholm, grid"
0,,1,"42, energi, ptx, heat, risk"
0,,3,"46, bornholm, wind, offshor, energi"
0,,1,"5, light, grid, power, offshor"
0,,1,"8, wind, offshor, bornholm, mill"
0,,2,"9, island, bornholm, energi, offshor"
0,,3,Noise
0,,2,"0, hydrogen, energi, bornholm, power"
0,,43,"1, energinet, plant, build, station"
0,,2,"10, baltic, bornholm, defens, energi"
0,,1,"13, grid, offshor, wind, bornholm"
0,,16,"14, citizen, area, land, station"
0,,1,"15, develop, energi, electr, project"
0,,5,"17, bornholm, debat, say, baltic"
0,,1,"24, hydrogen, budget, social, reactor"
0,,1,"25, hydrogen, power, compani, nuclear"
0,,12,"27, bornholm, land, citizen, plant"
0,,1,"28, municip, grid, offshor, wermelin"
0,,1,"29, island, energi, wind, sea"
0,,1,"3, comput, quantum, electr, municip"
0,,2,"33, sage, plan, economi, sren"
0,,3,"36, island, energi, wind, sea"
0,,6,"4, bornholm, sea, area, energi"
0,,1,"40, energi, wind, bornholm, grid"
0,,1,"42, energi, ptx, heat, risk"
0,,3,"46, bornholm, wind, offshor, energi"
0,,1,"5, light, grid, power, offshor"
0,,1,"8, wind, offshor, bornholm, mill"
0,,2,"9, island, bornholm, energi, offshor"
0,,3,Noise
0,,2,"0, hydrogen, energi, bornholm, power"
0,,43,"1, energinet, plant, build, station"
0,,2,"10, baltic, bornholm, defens, energi"
0,,1,"13, grid, offshor, wind, bornholm"
0,,16,"14, citizen, area, land, station"
0,,1,"15, develop, energi, electr, project"
0,,5,"17, bornholm, debat, say, baltic"
0,,1,"24, hydrogen, budget, social, reactor"
0,,1,"25, hydrogen, power, compani, nuclear"
0,,12,"27, bornholm, land, citizen, plant"
0,,1,"28, municip, grid, offshor, wermelin"
0,,1,"29, island, energi, wind, sea"
0,,1,"3, comput, quantum, electr, municip"
0,,2,"33, sage, plan, economi, sren"
0,,3,"36, island, energi, wind, sea"
0,,6,"4, bornholm, sea, area, energi"
0,,1,"40, energi, wind, bornholm, grid"
0,,1,"42, energi, ptx, heat, risk"
0,,3,"46, bornholm, wind, offshor, energi"
0,,1,"5, light, grid, power, offshor"
0,,1,"8, wind, offshor, bornholm, mill"
0,,2,"9, island, bornholm, energi, offshor"
0,,3,Noise
0,,2,"0, hydrogen, energi, bornholm, power"
0,,43,"1, energinet, plant, build, station"
0,,2,"10, baltic, bornholm, defens, energi"
0,,1,"13, grid, offshor, wind, bornholm"
0,,16,"14, citizen, area, land, station"
0,,1,"15, develop, energi, electr, project"
0,,5,"17, bornholm, debat, say, baltic"
0,,1,"24, hydrogen, budget, social, reactor"
0,,1,"25, hydrogen, power, compani, nuclear"
0,,12,"27, bornholm, land, citizen, plant"
0,,1,"28, municip, grid, offshor, wermelin"
0,,1,"29, island, energi, wind, sea"
0,,1,"3, comput, quantum, electr, municip"
0,,2,"33, sage, plan, economi, sren"
0,,3,"36, island, energi, wind, sea"
0,,6,"4, bornholm, sea, area, energi"
0,,1,"40, energi, wind, bornholm, grid"
0,,1,"42, energi, ptx, heat, risk"
0,,3,"46, bornholm, wind, offshor, energi"
0,,1,"5, light, grid, power, offshor"
0,,1,"8, wind, offshor, bornholm, mill"
0,,2,"9, island, bornholm, energi, offshor"
0,,3,Noise
0,,2,"0, hydrogen, energi, bornholm, power"
0,,43,"1, energinet, plant, build, station"
0,,2,"10, baltic, bornholm, defens, energi"
0,,1,"13, grid, offshor, wind, bornholm"
0,,16,"14, citizen, area, land, station"
0,,1,"15, develop, energi, electr, project"
0,,5,"17, bornholm, debat, say, baltic"
0,,1,"24, hydrogen, budget, social, reactor"
0,,1,"25, hydrogen, power, compani, nuclear"
0,,12,"27, bornholm, land, citizen, plant"
0,,1,"28, municip, grid, offshor, wermelin"
0,,1,"29, island, energi, wind, sea"
0,,1,"3, comput, quantum, electr, municip"
0,,2,"33, sage, plan, economi, sren"
0,,3,"36, island, energi, wind, sea"
0,,6,"4, bornholm, sea, area, energi"
0,,1,"40, energi, wind, bornholm, grid"
0,,1,"42, energi, ptx, heat, risk"
0,,3,"46, bornholm, wind, offshor, energi"
0,,1,"5, light, grid, power, offshor"
0,,1,"8, wind, offshor, bornholm, mill"
0,,2,"9, island, bornholm, energi, offshor"
0,,3,Noise
0,,2,"0, hydrogen, energi, bornholm, power"
0,,43,"1, energinet, plant, build, station"
0,,2,"10, baltic, bornholm, defens, energi"
0,,1,"13, grid, offshor, wind, bornholm"
0,,16,"14, citizen, area, land, station"
0,,1,"15, develop, energi, electr, project"
0,,5,"17, bornholm, debat, say, baltic"
0,,1,"24, hydrogen, budget, social, reactor"
0,,1,"25, hydrogen, power, compani, nuclear"
0,,12,"27, bornholm, land, citizen, plant"
0,,1,"28, municip, grid, offshor, wermelin"
0,,1,"29, island, energi, wind, sea"
0,,1,"3, comput, quantum, electr, municip"
0,,2,"33, sage, plan, economi, sren"
0,,3,"36, island, energi, wind, sea"
0,,6,"4, bornholm, sea, area, energi"
0,,1,"40, energi, wind, bornholm, grid"
0,,1,"42, energi, ptx, heat, risk"
0,,3,"46, bornholm, wind, offshor, energi"
0,,1,"5, light, grid, power, offshor"
0,,1,"8, wind, offshor, bornholm, mill"
0,,2,"9, island, bornholm, energi, offshor"
0,,3,Noise
0,,2,"0, hydrogen, energi, bornholm, power"
0,,43,"1, energinet, plant, build, station"
0,,2,"10, baltic, bornholm, defens, energi"
0,,1,"13, grid, offshor, wind, bornholm"
0,,16,"14, citizen, area, land, station"
0,,1,"15, develop, energi, electr, project"
0,,5,"17, bornholm, debat, say, baltic"
0,,1,"24, hydrogen, budget, social, reactor"
0,,1,"25, hydrogen, power, compani, nuclear"
0,,12,"27, bornholm, land, citizen, plant"
0,,1,"28, municip, grid, offshor, wermelin"
0,,1,"29, island, energi, wind, sea"
0,,1,"3, comput, quantum, electr, municip"
0,,2,"33, sage, plan, economi, sren"
0,,3,"36, island, energi, wind, sea"
0,,6,"4, bornholm, sea, area, energi"
0,,1,"40, energi, wind, bornholm, grid"
0,,1,"42, energi, ptx, heat, risk"
0,,3,"46, bornholm, wind, offshor, energi"
0,,1,"5, light, grid, power, offshor"
0,,1,"8, wind, offshor, bornholm, mill"
0,,2,"9, island, bornholm, energi, offshor"
0,,3,Noise
0,,2,"0, hydrogen, energi, bornholm, power"
0,,43,"1, energinet, plant, build, station"
0,,2,"10, baltic, bornholm, defens, energi"
0,,1,"13, grid, offshor, wind, bornholm"
0,,16,"14, citizen, area, land, station"
0,,1,"15, develop, energi, electr, project"
0,,5,"17, bornholm, debat, say, baltic"
0,,1,"24, hydrogen, budget, social, reactor"
0,,1,"25, hydrogen, power, compani, nuclear"
0,,12,"27, bornholm, land, citizen, plant"
0,,1,"28, municip, grid, offshor, wermelin"
0,,1,"29, island, energi, wind, sea"
0,,1,"3, comput, quantum, electr, municip"
0,,2,"33, sage, plan, economi, sren"
0,,3,"36, island, energi, wind, sea"
0,,6,"4, bornholm, sea, area, energi"
0,,1,"40, energi, wind, bornholm, grid"
0,,1,"42, energi, ptx, heat, risk"
0,,3,"46, bornholm, wind, offshor, energi"
0,,1,"5, light, grid, power, offshor"
0,,1,"8, wind, offshor, bornholm, mill"
0,,2,"9, island, bornholm, energi, offshor"
0,,3,Noise
0,,2,"0, hydrogen, energi, bornholm, power"
0,,43,"1, energinet, plant, build, station"
0,,2,"10, baltic, bornholm, defens, energi"
0,,1,"13, grid, offshor, wind, bornholm"
0,,16,"14, citizen, area, land, station"
0,,1,"15, develop, energi, electr, project"
0,,5,"17, bornholm, debat, say, baltic"
0,,1,"24, hydrogen, budget, social, reactor"
0,,1,"25, hydrogen, power, compani, nuclear"
0,,12,"27, bornholm, land, citizen, plant"
0,,1,"28, municip, grid, offshor, wermelin"
0,,1,"29, island, energi, wind, sea"
0,,1,"3, comput, quantum, electr, municip"
0,,2,"33, sage, plan, economi, sren"
0,,3,"36, island, energi, wind, sea"
0,,6,"4, bornholm, sea, area, energi"
0,,1,"40, energi, wind, bornholm, grid"
0,,1,"42, energi, ptx, heat, risk"
0,,3,"46, bornholm, wind, offshor, energi"
0,,1,"5, light, grid, power, offshor"
0,,1,"8, wind, offshor, bornholm, mill"
0,,2,"9, island, bornholm, energi, offshor"
0,,3,Noise
0,,2,"0, hydrogen, energi, bornholm, power"
0,,43,"1, energinet, plant, build, station"
0,,2,"10, baltic, bornholm, defens, energi"
0,,1,"13, grid, offshor, wind, bornholm"
0,,16,"14, citizen, area, land, station"
0,,1,"15, develop, energi, electr, project"
0,,5,"17, bornholm, debat, say, baltic"
0,,1,"24, hydrogen, budget, social, reactor"
0,,1,"25, hydrogen, power, compani, nuclear"
0,,12,"27, bornholm, land, citizen, plant"
0,,1,"28, municip, grid, offshor, wermelin"
0,,1,"29, island, energi, wind, sea"
0,,1,"3, comput, quantum, electr, municip"
0,,2,"33, sage, plan, economi, sren"
0,,3,"36, island, energi, wind, sea"
0,,6,"4, bornholm, sea, area, energi"
0,,1,"40, energi, wind, bornholm, grid"
0,,1,"42, energi, ptx, heat, risk"
0,,3,"46, bornholm, wind, offshor, energi"
0,,1,"5, light, grid, power, offshor"
0,,1,"8, wind, offshor, bornholm, mill"
0,,2,"9, island, bornholm, energi, offshor"
0,,3,Noise
0,,2,"0, hydrogen, energi, bornholm, power"
0,,43,"1, energinet, plant, build, station"
0,,2,"10, baltic, bornholm, defens, energi"
0,,1,"13, grid, offshor, wind, bornholm"
0,,16,"14, citizen, area, land, station"
0,,1,"15, develop, energi, electr, project"
0,,5,"17, bornholm, debat, say, baltic"
0,,1,"24, hydrogen, budget, social, reactor"
0,,1,"25, hydrogen, power, compani, nuclear"
0,,12,"27, bornholm, land, citizen, plant"
0,,1,"28, municip, grid, offshor, wermelin"
0,,1,"29, island, energi, wind, sea"
0,,1,"3, comput, quantum, electr, municip"
0,,2,"33, sage, plan, economi, sren"
0,,3,"36, island, energi, wind, sea"
0,,6,"4, bornholm, sea, area, energi"
0,,1,"40, energi, wind, bornholm, grid"
0,,1,"42, energi, ptx, heat, risk"
0,,3,"46, bornholm, wind, offshor, energi"
0,,1,"5, light, grid, power, offshor"
0,,1,"8, wind, offshor, bornholm, mill"
0,,2,"9, island, bornholm, energi, offshor"
0,,3,Noise
0,,2,"0, hydrogen, energi, bornholm, power"
0,,43,"1, energinet, plant, build, station"
0,,2,"10, baltic, bornholm, defens, energi"
0,,1,"13, grid, offshor, wind, bornholm"
0,,16,"14, citizen, area, land, station"
0,,1,"15, develop, energi, electr, project"
0,,5,"17, bornholm, debat, say, baltic"
0,,1,"24, hydrogen, budget, social, reactor"
0,,1,"25, hydrogen, power, compani, nuclear"
0,,12,"27, bornholm, land, citizen, plant"
0,,1,"28, municip, grid, offshor, wermelin"
0,,1,"29, island, energi, wind, sea"
0,,1,"3, comput, quantum, electr, municip"
0,,2,"33, sage, plan, economi, sren"
0,,3,"36, island, energi, wind, sea"
0,,6,"4, bornholm, sea, area, energi"
0,,1,"40, energi, wind, bornholm, grid"
0,,1,"42, energi, ptx, heat, risk"
0,,3,"46, bornholm, wind, offshor, energi"
0,,1,"5, light, grid, power, offshor"
0,,1,"8, wind, offshor, bornholm, mill"
0,,2,"9, island, bornholm, energi, offshor"
0,,3,Noise
0,,2,"0, hydrogen, energi, bornholm, power"
0,,43,"1, energinet, plant, build, station"
0,,2,"10, baltic, bornholm, defens, energi"
0,,1,"13, grid, offshor, wind, bornholm"
0,,16,"14, citizen, area, land, station"
0,,1,"15, develop, energi, electr, project"
0,,5,"17, bornholm, debat, say, baltic"
0,,1,"24, hydrogen, budget, social, reactor"
0,,1,"25, hydrogen, power, compani, nuclear"
0,,12,"27, bornholm, land, citizen, plant"
0,,1,"28, municip, grid, offshor, wermelin"
0,,1,"29, island, energi, wind, sea"
0,,1,"3, comput, quantum, electr, municip"
0,,2,"33, sage, plan, economi, sren"
0,,3,"36, island, energi, wind, sea"
0,,6,"4, bornholm, sea, area, energi"
0,,1,"40, energi, wind, bornholm, grid"
0,,1,"42, energi, ptx, heat, risk"
0,,3,"46, bornholm, wind, offshor, energi"
0,,1,"5, light, grid, power, offshor"
0,,1,"8, wind, offshor, bornholm, mill"
0,,2,"9, island, bornholm, energi, offshor"
0,,3,Noise
0,,2,"0, hydrogen, energi, bornholm, power"
0,,43,"1, energinet, plant, build, station"
0,,2,"10, baltic, bornholm, defens, energi"
0,,1,"13, grid, offshor, wind, bornholm"
0,,16,"14, citizen, area, land, station"
0,,1,"15, develop, energi, electr, project"
0,,5,"17, bornholm, debat, say, baltic"
0,,1,"24, hydrogen, budget, social, reactor"
0,,1,"25, hydrogen, power, compani, nuclear"
0,,12,"27, bornholm, land, citizen, plant"
0,,1,"28, municip, grid, offshor, wermelin"
0,,1,"29, island, energi, wind, sea"
0,,1,"3, comput, quantum, electr, municip"
0,,2,"33, sage, plan, economi, sren"
0,,3,"36, island, energi, wind, sea"
0,,6,"4, bornholm, sea, area, energi"
0,,1,"40, energi, wind, bornholm, grid"
0,,1,"42, energi, ptx, heat, risk"
0,,3,"46, bornholm, wind, offshor, energi"
0,,1,"5, light, grid, power, offshor"
0,,1,"8, wind, offshor, bornholm, mill"
0,,2,"9, island, bornholm, energi, offshor"
0,,3,Noise
0,,2,"0, hydrogen, energi, bornholm, power"
0,,43,"1, energinet, plant, build, station"
0,,2,"10, baltic, bornholm, defens, energi"
0,,1,"13, grid, offshor, wind, bornholm"
0,,16,"14, citizen, area, land, station"
0,,1,"15, develop, energi, electr, project"
0,,5,"17, bornholm, debat, say, baltic"
0,,1,"24, hydrogen, budget, social, reactor"
0,,1,"25, hydrogen, power, compani, nuclear"
0,,12,"27, bornholm, land, citizen, plant"
0,,1,"28, municip, grid, offshor, wermelin"
0,,1,"29, island, energi, wind, sea"
0,,1,"3, comput, quantum, electr, municip"
0,,2,"33, sage, plan, economi, sren"
0,,3,"36, island, energi, wind, sea"
0,,6,"4, bornholm, sea, area, energi"
0,,1,"40, energi, wind, bornholm, grid"
0,,1,"42, energi, ptx, heat, risk"
0,,3,"46, bornholm, wind, offshor, energi"
0,,1,"5, light, grid, power, offshor"
0,,1,"8, wind, offshor, bornholm, mill"
0,,2,"9, island, bornholm, energi, offshor"
0,,3,Noise
0,,2,"0, hydrogen, energi, bornholm, power"
0,,43,"1, energinet, plant, build, station"
0,,2,"10, baltic, bornholm, defens, energi"
0,,1,"13, grid, offshor, wind, bornholm"
0,,16,"14, citizen, area, land, station"
0,,1,"15, develop, energi, electr, project"
0,,5,"17, bornholm, debat, say, baltic"
0,,1,"24, hydrogen, budget, social, reactor"
0,,1,"25, hydrogen, power, compani, nuclear"
0,,12,"27, bornholm, land, citizen, plant"
0,,1,"28, municip, grid, offshor, wermelin"
0,,1,"29, island, energi, wind, sea"
0,,1,"3, comput, quantum, electr, municip"
0,,2,"33, sage, plan, economi, sren"
0,,3,"36, island, energi, wind, sea"
0,,6,"4, bornholm, sea, area, energi"
0,,1,"40, energi, wind, bornholm, grid"
0,,1,"42, energi, ptx, heat, risk"
0,,3,"46, bornholm, wind, offshor, energi"
0,,1,"5, light, grid, power, offshor"
0,,1,"8, wind, offshor, bornholm, mill"
0,,2,"9, island, bornholm, energi, offshor"
0,,3,Noise
0,,2,"0, hydrogen, energi, bornholm, power"
0,,43,"1, energinet, plant, build, station"
0,,2,"10, baltic, bornholm, defens, energi"
0,,1,"13, grid, offshor, wind, bornholm"
0,,16,"14, citizen, area, land, station"
0,,1,"15, develop, energi, electr, project"
0,,5,"17, bornholm, debat, say, baltic"
0,,1,"24, hydrogen, budget, social, reactor"
0,,1,"25, hydrogen, power, compani, nuclear"
0,,12,"27, bornholm, land, citizen, plant"
0,,1,"28, municip, grid, offshor, wermelin"
0,,1,"29, island, energi, wind, sea"
0,,1,"3, comput, quantum, electr, municip"
0,,2,"33, sage, plan, economi, sren"
0,,3,"36, island, energi, wind, sea"
0,,6,"4, bornholm, sea, area, energi"
0,,1,"40, energi, wind, bornholm, grid"
0,,1,"42, energi, ptx, heat, risk"
0,,3,"46, bornholm, wind, offshor, energi"
0,,1,"5, light, grid, power, offshor"
0,,1,"8, wind, offshor, bornholm, mill"
0,,2,"9, island, bornholm, energi, offshor"
0,,3,Noise
0,,2,"0, hydrogen, energi, bornholm, power"
0,,43,"1, energinet, plant, build, station"
0,,2,"10, baltic, bornholm, defens, energi"
0,,1,"13, grid, offshor, wind, bornholm"
0,,16,"14, citizen, area, land, station"
0,,1,"15, develop, energi, electr, project"
0,,5,"17, bornholm, debat, say, baltic"
0,,1,"24, hydrogen, budget, social, reactor"
0,,1,"25, hydrogen, power, compani, nuclear"
0,,12,"27, bornholm, land, citizen, plant"
0,,1,"28, municip, grid, offshor, wermelin"
0,,1,"29, island, energi, wind, sea"
0,,1,"3, comput, quantum, electr, municip"
0,,2,"33, sage, plan, economi, sren"
0,,3,"36, island, energi, wind, sea"
0,,6,"4, bornholm, sea, area, energi"
0,,1,"40, energi, wind, bornholm, grid"
0,,1,"42, energi, ptx, heat, risk"
0,,3,"46, bornholm, wind, offshor, energi"
0,,1,"5, light, grid, power, offshor"
0,,1,"8, wind, offshor, bornholm, mill"
0,,2,"9, island, bornholm, energi, offshor"
0,,3,Noise
0,,2,"0, hydrogen, energi, bornholm, power"
0,,43,"1, energinet, plant, build, station"
0,,2,"10, baltic, bornholm, defens, energi"
0,,1,"13, grid, offshor, wind, bornholm"
0,,16,"14, citizen, area, land, station"
0,,1,"15, develop, energi, electr, project"
0,,5,"17, bornholm, debat, say, baltic"
0,,1,"24, hydrogen, budget, social, reactor"
0,,1,"25, hydrogen, power, compani, nuclear"
0,,12,"27, bornholm, land, citizen, plant"
0,,1,"28, municip, grid, offshor, wermelin"
0,,1,"29, island, energi, wind, sea"
0,,1,"3, comput, quantum, electr, municip"
0,,2,"33, sage, plan, economi, sren"
0,,3,"36, island, energi, wind, sea"
0,,6,"4, bornholm, sea, area, energi"
0,,1,"40, energi, wind, bornholm, grid"
0,,1,"42, energi, ptx, heat, risk"
0,,3,"46, bornholm, wind, offshor, energi"
0,,1,"5, light, grid, power, offshor"
0,,1,"8, wind, offshor, bornholm, mill"
0,,2,"9, island, bornholm, energi, offshor"
0,,3,Noise
0,,2,"0, hydrogen, energi, bornholm, power"
0,,43,"1, energinet, plant, build, station"
0,,2,"10, baltic, bornholm, defens, energi"
0,,1,"13, grid, offshor, wind, bornholm"
0,,16,"14, citizen, area, land, station"
0,,1,"15, develop, energi, electr, project"
0,,5,"17, bornholm, debat, say, baltic"
0,,1,"24, hydrogen, budget, social, reactor"
0,,1,"25, hydrogen, power, compani, nuclear"
0,,12,"27, bornholm, land, citizen, plant"
0,,1,"28, municip, grid, offshor, wermelin"
0,,1,"29, island, energi, wind, sea"
0,,1,"3, comput, quantum, electr, municip"
0,,2,"33, sage, plan, economi, sren"
0,,3,"36, island, energi, wind, sea"
0,,6,"4, bornholm, sea, area, energi"
0,,1,"40, energi, wind, bornholm, grid"
0,,1,"42, energi, ptx, heat, risk"
0,,3,"46, bornholm, wind, offshor, energi"
0,,1,"5, light, grid, power, offshor"
0,,1,"8, wind, offshor, bornholm, mill"
0,,2,"9, island, bornholm, energi, offshor"
0,,3,Noise
0,,2,"0, hydrogen, energi, bornholm, power"
0,,43,"1, energinet, plant, build, station"
0,,2,"10, baltic, bornholm, defens, energi"
0,,1,"13, grid, offshor, wind, bornholm"
0,,16,"14, citizen, area, land, station"
0,,1,"15, develop, energi, electr, project"
0,,5,"17, bornholm, debat, say, baltic"
0,,1,"24, hydrogen, budget, social, reactor"
0,,1,"25, hydrogen, power, compani, nuclear"
0,,12,"27, bornholm, land, citizen, plant"
0,,1,"28, municip, grid, offshor, wermelin"
0,,1,"29, island, energi, wind, sea"
0,,1,"3, comput, quantum, electr, municip"
0,,2,"33, sage, plan, economi, sren"
0,,3,"36, island, energi, wind, sea"
0,,6,"4, bornholm, sea, area, energi"
0,,1,"40, energi, wind, bornholm, grid"
0,,1,"42, energi, ptx, heat, risk"
0,,3,"46, bornholm, wind, offshor, energi"
0,,1,"5, light, grid, power, offshor"
0,,1,"8, wind, offshor, bornholm, mill"
0,,2,"9, island, bornholm, energi, offshor"
0,,3,Noise
0,,2,"0, hydrogen, energi, bornholm, power"
0,,43,"1, energinet, plant, build, station"
0,,2,"10, baltic, bornholm, defens, energi"
0,,1,"13, grid, offshor, wind, bornholm"
0,,16,"14, citizen, area, land, station"
0,,1,"15, develop, energi, electr, project"
0,,5,"17, bornholm, debat, say, baltic"
0,,1,"24, hydrogen, budget, social, reactor"
0,,1,"25, hydrogen, power, compani, nuclear"
0,,12,"27, bornholm, land, citizen, plant"
0,,1,"28, municip, grid, offshor, wermelin"
0,,1,"29, island, energi, wind, sea"
0,,1,"3, comput, quantum, electr, municip"
0,,2,"33, sage, plan, economi, sren"
0,,3,"36, island, energi, wind, sea"
0,,6,"4, bornholm, sea, area, energi"
0,,1,"40, energi, wind, bornholm, grid"
0,,1,"42, energi, ptx, heat, risk"
0,,3,"46, bornholm, wind, offshor, energi"
0,,1,"5, light, grid, power, offshor"
0,,1,"8, wind, offshor, bornholm, mill"
0,,2,"9, island, bornholm, energi, offshor"
0,,3,Noise
0,,2,"0, hydrogen, energi, bornholm, power"
0,,43,"1, energinet, plant, build, station"
0,,2,"10, baltic, bornholm, defens, energi"
0,,1,"13, grid, offshor, wind, bornholm"
0,,16,"14, citizen, area, land, station"
0,,1,"15, develop, energi, electr, project"
0,,5,"17, bornholm, debat, say, baltic"
0,,1,"24, hydrogen, budget, social, reactor"
0,,1,"25, hydrogen, power, compani, nuclear"
0,,12,"27, bornholm, land, citizen, plant"
0,,1,"28, municip, grid, offshor, wermelin"
0,,1,"29, island, energi, wind, sea"
0,,1,"3, comput, quantum, electr, municip"
0,,2,"33, sage, plan, economi, sren"
0,,3,"36, island, energi, wind, sea"
0,,6,"4, bornholm, sea, area, energi"
0,,1,"40, energi, wind, bornholm, grid"
0,,1,"42, energi, ptx, heat, risk"
0,,3,"46, bornholm, wind, offshor, energi"
0,,1,"5, light, grid, power, offshor"
0,,1,"8, wind, offshor, bornholm, mill"
0,,2,"9, island, bornholm, energi, offshor"
0,,3,Noise
0,,2,"0, hydrogen, energi, bornholm, power"
0,,43,"1, energinet, plant, build, station"
0,,2,"10, baltic, bornholm, defens, energi"
0,,1,"13, grid, offshor, wind, bornholm"
0,,16,"14, citizen, area, land, station"
0,,1,"15, develop, energi, electr, project"
0,,5,"17, bornholm, debat, say, baltic"
0,,1,"24, hydrogen, budget, social, reactor"
0,,1,"25, hydrogen, power, compani, nuclear"
0,,12,"27, bornholm, land, citizen, plant"
0,,1,"28, municip, grid, offshor, wermelin"
0,,1,"29, island, energi, wind, sea"
0,,1,"3, comput, quantum, electr, municip"
0,,2,"33, sage, plan, economi, sren"
0,,3,"36, island, energi, wind, sea"
0,,6,"4, bornholm, sea, area, energi"
0,,1,"40, energi, wind, bornholm, grid"
0,,1,"42, energi, ptx, heat, risk"
0,,3,"46, bornholm, wind, offshor, energi"
0,,1,"5, light, grid, power, offshor"
0,,1,"8, wind, offshor, bornholm, mill"
0,,2,"9, island, bornholm, energi, offshor"
0,,3,Noise
0,,2,"0, hydrogen, energi, bornholm, power"
0,,43,"1, energinet, plant, build, station"
0,,2,"10, baltic, bornholm, defens, energi"
0,,1,"13, grid, offshor, wind, bornholm"
0,,16,"14, citizen, area, land, station"
0,,1,"15, develop, energi, electr, project"
0,,5,"17, bornholm, debat, say, baltic"
0,,1,"24, hydrogen, budget, social, reactor"
0,,1,"25, hydrogen, power, compani, nuclear"
0,,12,"27, bornholm, land, citizen, plant"
0,,1,"28, municip, grid, offshor, wermelin"
0,,1,"29, island, energi, wind, sea"
0,,1,"3, comput, quantum, electr, municip"
0,,2,"33, sage, plan, economi, sren"
0,,3,"36, island, energi, wind, sea"
0,,6,"4, bornholm, sea, area, energi"
0,,1,"40, energi, wind, bornholm, grid"
0,,1,"42, energi, ptx, heat, risk"
0,,3,"46, bornholm, wind, offshor, energi"
0,,1,"5, light, grid, power, offshor"
0,,1,"8, wind, offshor, bornholm, mill"
0,,2,"9, island, bornholm, energi, offshor"
0,,3,Noise
0,,2,"0, hydrogen, energi, bornholm, power"
0,,43,"1, energinet, plant, build, station"
0,,2,"10, baltic, bornholm, defens, energi"
0,,1,"13, grid, offshor, wind, bornholm"
0,,16,"14, citizen, area, land, station"
0,,1,"15, develop, energi, electr, project"
0,,5,"17, bornholm, debat, say, baltic"
0,,1,"24, hydrogen, budget, social, reactor"
0,,1,"25, hydrogen, power, compani, nuclear"
0,,12,"27, bornholm, land, citizen, plant"
0,,1,"28, municip, grid, offshor, wermelin"
0,,1,"29, island, energi, wind, sea"
0,,1,"3, comput, quantum, electr, municip"
0,,2,"33, sage, plan, economi, sren"
0,,3,"36, island, energi, wind, sea"
0,,6,"4, bornholm, sea, area, energi"
0,,1,"40, energi, wind, bornholm, grid"
0,,1,"42, energi, ptx, heat, risk"
0,,3,"46, bornholm, wind, offshor, energi"
0,,1,"5, light, grid, power, offshor"
0,,1,"8, wind, offshor, bornholm, mill"
0,,2,"9, island, bornholm, energi, offshor"
0,,3,Noise
0,,2,"0, hydrogen, energi, bornholm, power"
0,,43,"1, energinet, plant, build, station"
0,,2,"10, baltic, bornholm, defens, energi"
0,,1,"13, grid, offshor, wind, bornholm"
0,,16,"14, citizen, area, land, station"
0,,1,"15, develop, energi, electr, project"
0,,5,"17, bornholm, debat, say, baltic"
0,,1,"24, hydrogen, budget, social, reactor"
0,,1,"25, hydrogen, power, compani, nuclear"
0,,12,"27, bornholm, land, citizen, plant"
0,,1,"28, municip, grid, offshor, wermelin"
0,,1,"29, island, energi, wind, sea"
0,,1,"3, comput, quantum, electr, municip"
0,,2,"33, sage, plan, economi, sren"
0,,3,"36, island, energi, wind, sea"
0,,6,"4, bornholm, sea, area, energi"
0,,1,"40, energi, wind, bornholm, grid"
0,,1,"42, energi, ptx, heat, risk"
0,,3,"46, bornholm, wind, offshor, energi"
0,,1,"5, light, grid, power, offshor"
0,,1,"8, wind, offshor, bornholm, mill"
0,,2,"9, island, bornholm, energi, offshor"
0,,3,Noise
0,,2,"0, hydrogen, energi, bornholm, power"
0,,43,"1, energinet, plant, build, station"
0,,2,"10, baltic, bornholm, defens, energi"
0,,1,"13, grid, offshor, wind, bornholm"
0,,16,"14, citizen, area, land, station"
0,,1,"15, develop, energi, electr, project"
0,,5,"17, bornholm, debat, say, baltic"
0,,1,"24, hydrogen, budget, social, reactor"
0,,1,"25, hydrogen, power, compani, nuclear"
0,,12,"27, bornholm, land, citizen, plant"
0,,1,"28, municip, grid, offshor, wermelin"
0,,1,"29, island, energi, wind, sea"
0,,1,"3, comput, quantum, electr, municip"
0,,2,"33, sage, plan, economi, sren"
0,,3,"36, island, energi, wind, sea"
0,,6,"4, bornholm, sea, area, energi"
0,,1,"40, energi, wind, bornholm, grid"
0,,1,"42, energi, ptx, heat, risk"
0,,3,"46, bornholm, wind, offshor, energi"
0,,1,"5, light, grid, power, offshor"
0,,1,"8, wind, offshor, bornholm, mill"
0,,2,"9, island, bornholm, energi, offshor"
0,,3,Noise
0,,2,"0, hydrogen, energi, bornholm, power"
0,,43,"1, energinet, plant, build, station"
0,,2,"10, baltic, bornholm, defens, energi"
0,,1,"13, grid, offshor, wind, bornholm"
0,,16,"14, citizen, area, land, station"
0,,1,"15, develop, energi, electr, project"
0,,5,"17, bornholm, debat, say, baltic"
0,,1,"24, hydrogen, budget, social, reactor"
0,,1,"25, hydrogen, power, compani, nuclear"
0,,12,"27, bornholm, land, citizen, plant"
0,,1,"28, municip, grid, offshor, wermelin"
0,,1,"29, island, energi, wind, sea"
0,,1,"3, comput, quantum, electr, municip"
0,,2,"33, sage, plan, economi, sren"
0,,3,"36, island, energi, wind, sea"
0,,6,"4, bornholm, sea, area, energi"
0,,1,"40, energi, wind, bornholm, grid"
0,,1,"42, energi, ptx, heat, risk"
0,,3,"46, bornholm, wind, offshor, energi"
0,,1,"5, light, grid, power, offshor"
0,,1,"8, wind, offshor, bornholm, mill"
0,,2,"9, island, bornholm, energi, offshor"
0,,3,Noise
0,,2,"0, hydrogen, energi, bornholm, power"
0,,43,"1, energinet, plant, build, station"
0,,2,"10, baltic, bornholm, defens, energi"
0,,1,"13, grid, offshor, wind, bornholm"
0,,16,"14, citizen, area, land, station"
0,,1,"15, develop, energi, electr, project"
0,,5,"17, bornholm, debat, say, baltic"
0,,1,"24, hydrogen, budget, social, reactor"
0,,1,"25, hydrogen, power, compani, nuclear"
0,,12,"27, bornholm, land, citizen, plant"
0,,1,"28, municip, grid, offshor, wermelin"
0,,1,"29, island, energi, wind, sea"
0,,1,"3, comput, quantum, electr, municip"
0,,2,"33, sage, plan, economi, sren"
0,,3,"36, island, energi, wind, sea"
0,,6,"4, bornholm, sea, area, energi"
0,,1,"40, energi, wind, bornholm, grid"
0,,1,"42, energi, ptx, heat, risk"
0,,3,"46, bornholm, wind, offshor, energi"
0,,1,"5, light, grid, power, offshor"
0,,1,"8, wind, offshor, bornholm, mill"
0,,2,"9, island, bornholm, energi, offshor"
0,,3,Noise
0,,2,"0, hydrogen, energi, bornholm, power"
0,,43,"1, energinet, plant, build, station"
0,,2,"10, baltic, bornholm, defens, energi"
0,,1,"13, grid, offshor, wind, bornholm"
0,,16,"14, citizen, area, land, station"
0,,1,"15, develop, energi, electr, project"
0,,5,"17, bornholm, debat, say, baltic"
0,,1,"24, hydrogen, budget, social, reactor"
0,,1,"25, hydrogen, power, compani, nuclear"
0,,12,"27, bornholm, land, citizen, plant"
0,,1,"28, municip, grid, offshor, wermelin"
0,,1,"29, island, energi, wind, sea"
0,,1,"3, comput, quantum, electr, municip"
0,,2,"33, sage, plan, economi, sren"
0,,3,"36, island, energi, wind, sea"
0,,6,"4, bornholm, sea, area, energi"
0,,1,"40, energi, wind, bornholm, grid"
0,,1,"42, energi, ptx, heat, risk"
0,,3,"46, bornholm, wind, offshor, energi"
0,,1,"5, light, grid, power, offshor"
0,,1,"8, wind, offshor, bornholm, mill"
0,,2,"9, island, bornholm, energi, offshor"
0,,3,Noise
0,,2,"0, hydrogen, energi, bornholm, power"
0,,43,"1, energinet, plant, build, station"
0,,2,"10, baltic, bornholm, defens, energi"
0,,1,"13, grid, offshor, wind, bornholm"
0,,16,"14, citizen, area, land, station"
0,,1,"15, develop, energi, electr, project"
0,,5,"17, bornholm, debat, say, baltic"
0,,1,"24, hydrogen, budget, social, reactor"
0,,1,"25, hydrogen, power, compani, nuclear"
0,,12,"27, bornholm, land, citizen, plant"
0,,1,"28, municip, grid, offshor, wermelin"
0,,1,"29, island, energi, wind, sea"
0,,1,"3, comput, quantum, electr, municip"
0,,2,"33, sage, plan, economi, sren"
0,,3,"36, island, energi, wind, sea"
0,,6,"4, bornholm, sea, area, energi"
0,,1,"40, energi, wind, bornholm, grid"
0,,1,"42, energi, ptx, heat, risk"
0,,3,"46, bornholm, wind, offshor, energi"
0,,1,"5, light, grid, power, offshor"
0,,1,"8, wind, offshor, bornholm, mill"
0,,2,"9, island, bornholm, energi, offshor"
0,,3,Noise
0,,2,"0, hydrogen, energi, bornholm, power"
0,,43,"1, energinet, plant, build, station"
0,,2,"10, baltic, bornholm, defens, energi"
0,,1,"13, grid, offshor, wind, bornholm"
0,,16,"14, citizen, area, land, station"
0,,1,"15, develop, energi, electr, project"
0,,5,"17, bornholm, debat, say, baltic"
0,,1,"24, hydrogen, budget, social, reactor"
0,,1,"25, hydrogen, power, compani, nuclear"
0,,12,"27, bornholm, land, citizen, plant"
0,,1,"28, municip, grid, offshor, wermelin"
0,,1,"29, island, energi, wind, sea"
0,,1,"3, comput, quantum, electr, municip"
0,,2,"33, sage, plan, economi, sren"
0,,3,"36, island, energi, wind, sea"
0,,6,"4, bornholm, sea, area, energi"
0,,1,"40, energi, wind, bornholm, grid"
0,,1,"42, energi, ptx, heat, risk"
0,,3,"46, bornholm, wind, offshor, energi"
0,,1,"5, light, grid, power, offshor"
0,,1,"8, wind, offshor, bornholm, mill"
0,,2,"9, island, bornholm, energi, offshor"
0,,3,Noise
0,,2,"0, hydrogen, energi, bornholm, power"
0,,43,"1, energinet, plant, build, station"
0,,2,"10, baltic, bornholm, defens, energi"
0,,1,"13, grid, offshor, wind, bornholm"
0,,16,"14, citizen, area, land, station"
0,,1,"15, develop, energi, electr, project"
0,,5,"17, bornholm, debat, say, baltic"
0,,1,"24, hydrogen, budget, social, reactor"
0,,1,"25, hydrogen, power, compani, nuclear"
0,,12,"27, bornholm, land, citizen, plant"
0,,1,"28, municip, grid, offshor, wermelin"
0,,1,"29, island, energi, wind, sea"
0,,1,"3, comput, quantum, electr, municip"
0,,2,"33, sage, plan, economi, sren"
0,,3,"36, island, energi, wind, sea"
0,,6,"4, bornholm, sea, area, energi"
0,,1,"40, energi, wind, bornholm, grid"
0,,1,"42, energi, ptx, heat, risk"
0,,3,"46, bornholm, wind, offshor, energi"
0,,1,"5, light, grid, power, offshor"
0,,1,"8, wind, offshor, bornholm, mill"
0,,2,"9, island, bornholm, energi, offshor"
0,,3,Noise
0,,2,"0, hydrogen, energi, bornholm, power"
0,,43,"1, energinet, plant, build, station"
0,,2,"10, baltic, bornholm, defens, energi"
0,,1,"13, grid, offshor, wind, bornholm"
0,,16,"14, citizen, area, land, station"
0,,1,"15, develop, energi, electr, project"
0,,5,"17, bornholm, debat, say, baltic"
0,,1,"24, hydrogen, budget, social, reactor"
0,,1,"25, hydrogen, power, compani, nuclear"
0,,12,"27, bornholm, land, citizen, plant"
0,,1,"28, municip, grid, offshor, wermelin"
0,,1,"29, island, energi, wind, sea"
0,,1,"3, comput, quantum, electr, municip"
0,,2,"33, sage, plan, economi, sren"
0,,3,"36, island, energi, wind, sea"
0,,6,"4, bornholm, sea, area, energi"
0,,1,"40, energi, wind, bornholm, grid"
0,,1,"42, energi, ptx, heat, risk"
0,,3,"46, bornholm, wind, offshor, energi"
0,,1,"5, light, grid, power, offshor"
0,,1,"8, wind, offshor, bornholm, mill"
0,,2,"9, island, bornholm, energi, offshor"
0,,3,Noise
0,,2,"0, hydrogen, energi, bornholm, power"
0,,43,"1, energinet, plant, build, station"
0,,2,"10, baltic, bornholm, defens, energi"
0,,1,"13, grid, offshor, wind, bornholm"
0,,16,"14, citizen, area, land, station"
0,,1,"15, develop, energi, electr, project"
0,,5,"17, bornholm, debat, say, baltic"
0,,1,"24, hydrogen, budget, social, reactor"
0,,1,"25, hydrogen, power, compani, nuclear"
0,,12,"27, bornholm, land, citizen, plant"
0,,1,"28, municip, grid, offshor, wermelin"
0,,1,"29, island, energi, wind, sea"
0,,1,"3, comput, quantum, electr, municip"
0,,2,"33, sage, plan, economi, sren"
0,,3,"36, island, energi, wind, sea"
0,,6,"4, bornholm, sea, area, energi"
0,,1,"40, energi, wind, bornholm, grid"
0,,1,"42, energi, ptx, heat, risk"
0,,3,"46, bornholm, wind, offshor, energi"
0,,1,"5, light, grid, power, offshor"
0,,1,"8, wind, offshor, bornholm, mill"
0,,2,"9, island, bornholm, energi, offshor"
0,,3,Noise
0,,2,"0, hydrogen, energi, bornholm, power"
0,,43,"1, energinet, plant, build, station"
0,,2,"10, baltic, bornholm, defens, energi"
0,,1,"13, grid, offshor, wind, bornholm"
0,,16,"14, citizen, area, land, station"
0,,1,"15, develop, energi, electr, project"
0,,5,"17, bornholm, debat, say, baltic"
0,,1,"24, hydrogen, budget, social, reactor"
0,,1,"25, hydrogen, power, compani, nuclear"
0,,12,"27, bornholm, land, citizen, plant"
0,,1,"28, municip, grid, offshor, wermelin"
0,,1,"29, island, energi, wind, sea"
0,,1,"3, comput, quantum, electr, municip"
0,,2,"33, sage, plan, economi, sren"
0,,3,"36, island, energi, wind, sea"
0,,6,"4, bornholm, sea, area, energi"
0,,1,"40, energi, wind, bornholm, grid"
0,,1,"42, energi, ptx, heat, risk"
0,,3,"46, bornholm, wind, offshor, energi"
0,,1,"5, light, grid, power, offshor"
0,,1,"8, wind, offshor, bornholm, mill"
0,,2,"9, island, bornholm, energi, offshor"
0,,3,Noise
0,,2,"0, hydrogen, energi, bornholm, power"
0,,43,"1, energinet, plant, build, station"
0,,2,"10, baltic, bornholm, defens, energi"
0,,1,"13, grid, offshor, wind, bornholm"
0,,16,"14, citizen, area, land, station"
0,,1,"15, develop, energi, electr, project"
0,,5,"17, bornholm, debat, say, baltic"
0,,1,"24, hydrogen, budget, social, reactor"
0,,1,"25, hydrogen, power, compani, nuclear"
0,,12,"27, bornholm, land, citizen, plant"
0,,1,"28, municip, grid, offshor, wermelin"
0,,1,"29, island, energi, wind, sea"
0,,1,"3, comput, quantum, electr, municip"
0,,2,"33, sage, plan, economi, sren"
0,,3,"36, island, energi, wind, sea"
0,,6,"4, bornholm, sea, area, energi"
0,,1,"40, energi, wind, bornholm, grid"
0,,1,"42, energi, ptx, heat, risk"
0,,3,"46, bornholm, wind, offshor, energi"
0,,1,"5, light, grid, power, offshor"
0,,1,"8, wind, offshor, bornholm, mill"
0,,2,"9, island, bornholm, energi, offshor"
0,,3,Noise
0,,2,"0, hydrogen, energi, bornholm, power"
0,,43,"1, energinet, plant, build, station"
0,,2,"10, baltic, bornholm, defens, energi"
0,,1,"13, grid, offshor, wind, bornholm"
0,,16,"14, citizen, area, land, station"
0,,1,"15, develop, energi, electr, project"
0,,5,"17, bornholm, debat, say, baltic"
0,,1,"24, hydrogen, budget, social, reactor"
0,,1,"25, hydrogen, power, compani, nuclear"
0,,12,"27, bornholm, land, citizen, plant"
0,,1,"28, municip, grid, offshor, wermelin"
0,,1,"29, island, energi, wind, sea"
0,,1,"3, comput, quantum, electr, municip"
0,,2,"33, sage, plan, economi, sren"
0,,3,"36, island, energi, wind, sea"
0,,6,"4, bornholm, sea, area, energi"
0,,1,"40, energi, wind, bornholm, grid"
0,,1,"42, energi, ptx, heat, risk"
0,,3,"46, bornholm, wind, offshor, energi"
0,,1,"5, light, grid, power, offshor"
0,,1,"8, wind, offshor, bornholm, mill"
0,,2,"9, island, bornholm, energi, offshor"
0,,3,Noise
0,,2,"0, hydrogen, energi, bornholm, power"
0,,43,"1, energinet, plant, build, station"
0,,2,"10, baltic, bornholm, defens, energi"
0,,1,"13, grid, offshor, wind, bornholm"
0,,16,"14, citizen, area, land, station"
0,,1,"15, develop, energi, electr, project"
0,,5,"17, bornholm, debat, say, baltic"
0,,1,"24, hydrogen, budget, social, reactor"
0,,1,"25, hydrogen, power, compani, nuclear"
0,,12,"27, bornholm, land, citizen, plant"
0,,1,"28, municip, grid, offshor, wermelin"
0,,1,"29, island, energi, wind, sea"
0,,1,"3, comput, quantum, electr, municip"
0,,2,"33, sage, plan, economi, sren"
0,,3,"36, island, energi, wind, sea"
0,,6,"4, bornholm, sea, area, energi"
0,,1,"40, energi, wind, bornholm, grid"
0,,1,"42, energi, ptx, heat, risk"
0,,3,"46, bornholm, wind, offshor, energi"
0,,1,"5, light, grid, power, offshor"
0,,1,"8, wind, offshor, bornholm, mill"
0,,2,"9, island, bornholm, energi, offshor"
0,,3,Noise
0,,2,"0, hydrogen, energi, bornholm, power"
0,,43,"1, energinet, plant, build, station"
0,,2,"10, baltic, bornholm, defens, energi"
0,,1,"13, grid, offshor, wind, bornholm"
0,,16,"14, citizen, area, land, station"
0,,1,"15, develop, energi, electr, project"
0,,5,"17, bornholm, debat, say, baltic"
0,,1,"24, hydrogen, budget, social, reactor"
0,,1,"25, hydrogen, power, compani, nuclear"
0,,12,"27, bornholm, land, citizen, plant"
0,,1,"28, municip, grid, offshor, wermelin"
0,,1,"29, island, energi, wind, sea"
0,,1,"3, comput, quantum, electr, municip"
0,,2,"33, sage, plan, economi, sren"
0,,3,"36, island, energi, wind, sea"
0,,6,"4, bornholm, sea, area, energi"
0,,1,"40, energi, wind, bornholm, grid"
0,,1,"42, energi, ptx, heat, risk"
0,,3,"46, bornholm, wind, offshor, energi"
0,,1,"5, light, grid, power, offshor"
0,,1,"8, wind, offshor, bornholm, mill"
0,,2,"9, island, bornholm, energi, offshor"
0,,3,Noise
0,,2,"0, hydrogen, energi, bornholm, power"
0,,43,"1, energinet, plant, build, station"
0,,2,"10, baltic, bornholm, defens, energi"
0,,1,"13, grid, offshor, wind, bornholm"
0,,16,"14, citizen, area, land, station"
0,,1,"15, develop, energi, electr, project"
0,,5,"17, bornholm, debat, say, baltic"
0,,1,"24, hydrogen, budget, social, reactor"
0,,1,"25, hydrogen, power, compani, nuclear"
0,,12,"27, bornholm, land, citizen, plant"
0,,1,"28, municip, grid, offshor, wermelin"
0,,1,"29, island, energi, wind, sea"
0,,1,"3, comput, quantum, electr, municip"
0,,2,"33, sage, plan, economi, sren"
0,,3,"36, island, energi, wind, sea"
0,,6,"4, bornholm, sea, area, energi"
0,,1,"40, energi, wind, bornholm, grid"
0,,1,"42, energi, ptx, heat, risk"
0,,3,"46, bornholm, wind, offshor, energi"
0,,1,"5, light, grid, power, offshor"
0,,1,"8, wind, offshor, bornholm, mill"
0,,2,"9, island, bornholm, energi, offshor"
0,,3,Noise
0,,2,"0, hydrogen, energi, bornholm, power"
0,,43,"1, energinet, plant, build, station"
0,,2,"10, baltic, bornholm, defens, energi"
0,,1,"13, grid, offshor, wind, bornholm"
0,,16,"14, citizen, area, land, station"
0,,1,"15, develop, energi, electr, project"
0,,5,"17, bornholm, debat, say, baltic"
0,,1,"24, hydrogen, budget, social, reactor"
0,,1,"25, hydrogen, power, compani, nuclear"
0,,12,"27, bornholm, land, citizen, plant"
0,,1,"28, municip, grid, offshor, wermelin"
0,,1,"29, island, energi, wind, sea"
0,,1,"3, comput, quantum, electr, municip"
0,,2,"33, sage, plan, economi, sren"
0,,3,"36, island, energi, wind, sea"
0,,6,"4, bornholm, sea, area, energi"
0,,1,"40, energi, wind, bornholm, grid"
0,,1,"42, energi, ptx, heat, risk"
0,,3,"46, bornholm, wind, offshor, energi"
0,,1,"5, light, grid, power, offshor"
0,,1,"8, wind, offshor, bornholm, mill"
0,,2,"9, island, bornholm, energi, offshor"
0,,3,Noise
0,,2,"0, hydrogen, energi, bornholm, power"
0,,43,"1, energinet, plant, build, station"
0,,2,"10, baltic, bornholm, defens, energi"
0,,1,"13, grid, offshor, wind, bornholm"
0,,16,"14, citizen, area, land, station"
0,,1,"15, develop, energi, electr, project"
0,,5,"17, bornholm, debat, say, baltic"
0,,1,"24, hydrogen, budget, social, reactor"
0,,1,"25, hydrogen, power, compani, nuclear"
0,,12,"27, bornholm, land, citizen, plant"
0,,1,"28, municip, grid, offshor, wermelin"
0,,1,"29, island, energi, wind, sea"
0,,1,"3, comput, quantum, electr, municip"
0,,2,"33, sage, plan, economi, sren"
0,,3,"36, island, energi, wind, sea"
0,,6,"4, bornholm, sea, area, energi"
0,,1,"40, energi, wind, bornholm, grid"
0,,1,"42, energi, ptx, heat, risk"
0,,3,"46, bornholm, wind, offshor, energi"
0,,1,"5, light, grid, power, offshor"
0,,1,"8, wind, offshor, bornholm, mill"
0,,2,"9, island, bornholm, energi, offshor"
0,,3,Noise
0,,2,"0, hydrogen, energi, bornholm, power"
0,,43,"1, energinet, plant, build, station"
0,,2,"10, baltic, bornholm, defens, energi"
0,,1,"13, grid, offshor, wind, bornholm"
0,,16,"14, citizen, area, land, station"
0,,1,"15, develop, energi, electr, project"
0,,5,"17, bornholm, debat, say, baltic"
0,,1,"24, hydrogen, budget, social, reactor"
0,,1,"25, hydrogen, power, compani, nuclear"
0,,12,"27, bornholm, land, citizen, plant"
0,,1,"28, municip, grid, offshor, wermelin"
0,,1,"29, island, energi, wind, sea"
0,,1,"3, comput, quantum, electr, municip"
0,,2,"33, sage, plan, economi, sren"
0,,3,"36, island, energi, wind, sea"
0,,6,"4, bornholm, sea, area, energi"
0,,1,"40, energi, wind, bornholm, grid"
0,,1,"42, energi, ptx, heat, risk"
0,,3,"46, bornholm, wind, offshor, energi"
0,,1,"5, light, grid, power, offshor"
0,,1,"8, wind, offshor, bornholm, mill"
0,,2,"9, island, bornholm, energi, offshor"
0,,3,Noise
0,,2,"0, hydrogen, energi, bornholm, power"
0,,43,"1, energinet, plant, build, station"
0,,2,"10, baltic, bornholm, defens, energi"
0,,1,"13, grid, offshor, wind, bornholm"
0,,16,"14, citizen, area, land, station"
0,,1,"15, develop, energi, electr, project"
0,,5,"17, bornholm, debat, say, baltic"
0,,1,"24, hydrogen, budget, social, reactor"
0,,1,"25, hydrogen, power, compani, nuclear"
0,,12,"27, bornholm, land, citizen, plant"
0,,1,"28, municip, grid, offshor, wermelin"
0,,1,"29, island, energi, wind, sea"
0,,1,"3, comput, quantum, electr, municip"
0,,2,"33, sage, plan, economi, sren"
0,,3,"36, island, energi, wind, sea"
0,,6,"4, bornholm, sea, area, energi"
0,,1,"40, energi, wind, bornholm, grid"
0,,1,"42, energi, ptx, heat, risk"
0,,3,"46, bornholm, wind, offshor, energi"
0,,1,"5, light, grid, power, offshor"
0,,1,"8, wind, offshor, bornholm, mill"
0,,2,"9, island, bornholm, energi, offshor"
0,,3,Noise
0,,2,"0, hydrogen, energi, bornholm, power"
0,,43,"1, energinet, plant, build, station"
0,,2,"10, baltic, bornholm, defens, energi"
0,,1,"13, grid, offshor, wind, bornholm"
0,,16,"14, citizen, area, land, station"
0,,1,"15, develop, energi, electr, project"
0,,5,"17, bornholm, debat, say, baltic"
0,,1,"24, hydrogen, budget, social, reactor"
0,,1,"25, hydrogen, power, compani, nuclear"
0,,12,"27, bornholm, land, citizen, plant"
0,,1,"28, municip, grid, offshor, wermelin"
0,,1,"29, island, energi, wind, sea"
0,,1,"3, comput, quantum, electr, municip"
0,,2,"33, sage, plan, economi, sren"
0,,3,"36, island, energi, wind, sea"
0,,6,"4, bornholm, sea, area, energi"
0,,1,"40, energi, wind, bornholm, grid"
0,,1,"42, energi, ptx, heat, risk"
0,,3,"46, bornholm, wind, offshor, energi"
0,,1,"5, light, grid, power, offshor"
0,,1,"8, wind, offshor, bornholm, mill"
0,,2,"9, island, bornholm, energi, offshor"
0,,3,Noise
0,,2,"0, hydrogen, energi, bornholm, power"
0,,43,"1, energinet, plant, build, station"
0,,2,"10, baltic, bornholm, defens, energi"
0,,1,"13, grid, offshor, wind, bornholm"
0,,16,"14, citizen, area, land, station"
0,,1,"15, develop, energi, electr, project"
0,,5,"17, bornholm, debat, say, baltic"
0,,1,"24, hydrogen, budget, social, reactor"
0,,1,"25, hydrogen, power, compani, nuclear"
0,,12,"27, bornholm, land, citizen, plant"
0,,1,"28, municip, grid, offshor, wermelin"
0,,1,"29, island, energi, wind, sea"
0,,1,"3, comput, quantum, electr, municip"
0,,2,"33, sage, plan, economi, sren"
0,,3,"36, island, energi, wind, sea"
0,,6,"4, bornholm, sea, area, energi"
0,,1,"40, energi, wind, bornholm, grid"
0,,1,"42, energi, ptx, heat, risk"
0,,3,"46, bornholm, wind, offshor, energi"
0,,1,"5, light, grid, power, offshor"
0,,1,"8, wind, offshor, bornholm, mill"
0,,2,"9, island, bornholm, energi, offshor"
0,,3,Noise
0,,2,"0, hydrogen, energi, bornholm, power"
0,,43,"1, energinet, plant, build, station"
0,,2,"10, baltic, bornholm, defens, energi"
0,,1,"13, grid, offshor, wind, bornholm"
0,,16,"14, citizen, area, land, station"
0,,1,"15, develop, energi, electr, project"
0,,5,"17, bornholm, debat, say, baltic"
0,,1,"24, hydrogen, budget, social, reactor"
0,,1,"25, hydrogen, power, compani, nuclear"
0,,12,"27, bornholm, land, citizen, plant"
0,,1,"28, municip, grid, offshor, wermelin"
0,,1,"29, island, energi, wind, sea"
0,,1,"3, comput, quantum, electr, municip"
0,,2,"33, sage, plan, economi, sren"
0,,3,"36, island, energi, wind, sea"
0,,6,"4, bornholm, sea, area, energi"
0,,1,"40, energi, wind, bornholm, grid"
0,,1,"42, energi, ptx, heat, risk"
0,,3,"46, bornholm, wind, offshor, energi"
0,,1,"5, light, grid, power, offshor"
0,,1,"8, wind, offshor, bornholm, mill"
0,,2,"9, island, bornholm, energi, offshor"
0,,3,Noise
0,,2,"0, hydrogen, energi, bornholm, power"
0,,43,"1, energinet, plant, build, station"
0,,2,"10, baltic, bornholm, defens, energi"
0,,1,"13, grid, offshor, wind, bornholm"
0,,16,"14, citizen, area, land, station"
0,,1,"15, develop, energi, electr, project"
0,,5,"17, bornholm, debat, say, baltic"
0,,1,"24, hydrogen, budget, social, reactor"
0,,1,"25, hydrogen, power, compani, nuclear"
0,,12,"27, bornholm, land, citizen, plant"
0,,1,"28, municip, grid, offshor, wermelin"
0,,1,"29, island, energi, wind, sea"
0,,1,"3, comput, quantum, electr, municip"
0,,2,"33, sage, plan, economi, sren"
0,,3,"36, island, energi, wind, sea"
0,,6,"4, bornholm, sea, area, energi"
0,,1,"40, energi, wind, bornholm, grid"
0,,1,"42, energi, ptx, heat, risk"
0,,3,"46, bornholm, wind, offshor, energi"
0,,1,"5, light, grid, power, offshor"
0,,1,"8, wind, offshor, bornholm, mill"
0,,2,"9, island, bornholm, energi, offshor"
0,,3,Noise
