ID,Date,Title,Outlet,Link,Content,Value 
1.0,2008-03-13 00:00:00,Kunstig ø skal være gigantisk batteri for vindmøllestrøm,Ingeniøren,Link,"hollandsk rådgiverfirma foreslår anlægge kunstig ø omkranset vindmøller . pumpe vand sø midten øen havet , vinden blæser . stille perioder strømmer vandet tilbage søen driver øens turbiner . hollandske rådgivnings- testfirma Kema tegnet forslag kunstig ø , kan fungere tiltrængt lager vindmøllestrøm . Øen 10 kilometer lang seks kilometer bred , så rigeligt plads opstille vindmøller . Midt øen ligger kæmpemæssig sø , får funktion batteri . vinden blæser , pumper vindmøllerne vand søen omgivende hav . stille vejr , brug generere elektricitet , strømmer vandet tilbage turbiner . Ifølge hollandske rådgivere søen levere 1.500 MW mindst 12 timer , hvilket svarer stort kraftværk . Foreløbig tale indledende studier , Kema konstaterer , pumperne søen hvert fald kommercielt tilgængelige allerede dag . senere detailstudium blandt andet give bud , ligge , så kan , sat pris stabile miljørigtige energiforsyning . Kema udtænkt konceptet støtte række energiselskaber .",-3.0
,2009-09-08 00:00:00,Kunstige energiøer skal gemme vindkraften,Ingeniøren,Link,"Dansk arkitektfirma lancerer koncept kunstige øer bassiner midten , pumpes tomme , overskud strøm , fyldes , brug mere strøm . danske firma Gottlieb Paludan Arkitekter giver anderledes bud , hvordan overskydende vindmøllestrøm kan lagres . Ifølge firmaet ske kunstige øer rundt danske farvande , store vandbassiner midten øen tømmes , vindkraft overskud , fyldt indstrømmende havvand , mangel strøm . indstrømmende vand driver turbiner , producerer strøm . Projektet præsenteres store energi- klimakonference Nordic Climate Solutions Bella-centret dag , tirsdag . Arkitektfirmaet - hjælp Risø DTU - eksempel regnet , kunstig ø syd Avedøre størrelse 4,9 kvadratkilometer rumme 22,3 millioner kubikmeter stort vandbassin . Bunden bassinet 40 meter havoverfladen , opererer faldhøjde minimum 25 meter . Dermed lageret producere 2300 MWh strøm tomt fyldt bassin . svarer maks-kapacitet Avedøre-værket tre timer . » Samtidig ideen , øen bassinet kan udnyttes algeproduktion , energipil eventuelt solkraftværk , « siger kommunikationschef Sten Sødring Gottlieb Paludan Arkitekter . Oplagt forbindelse brobyggerier tilføjer , muligheder placere sådanne kunstige lager-øer danske farvande - mindst forbindelse brobyggerier , alligevel anlægger øer . Projektet regner energitab omkring 25 procent ved lagringsmetode , hvilket ifølge Sten Sødring pessimistiske ende kendte estimater `` pumped hydro '' , lagerteknikken hedder . Arkitekterne endnu regner økonomi projektet , gang - sammen studier byggemetoder formalia omkring bygge kunstige øer havs . Samtidig sammen Risø hollandsk firma , Kema , tidligere lanceret ideen lagring vindmøllestrøm kunstige øer , se mulighederne opnå EU-støtte arbejde videre konceptet .",7.0
,2017-03-10 00:00:00,Tre lande går sammen om kunstig energi-ø midt i Nordsøen,Ingeniøren,Link,"Holland , Tyskland Danmark undersøger , kæmpe kunstig ø Doggerbanke midt Nordsøen kan gøre fremtidens udbygning vindenergi bedre billigere . Holland , Tyskland Danmark går sammen undersøge fornuften etablere seks kvadratkilometer kunstig 'energi-ø ' landingsbane havn Doggerbanke Nordsøen . øen havmølleparker forskellige lande Nordsøen kobles sammen . Derfor underskriver danske Energinet.dk 23. marts aftale eltransmissionsselskaberne Holland Tyskland , hedder TenneT begge lande , undersøge muligheden lave knudepunkt vindenergi midt mellem England , Danmark , Holland Norge . skriver Energinet.dk pressemeddelelse . » lyder måske skørt science fictionagtig , ø Doggerbanke kan vise gøre fremtidens vindenergi billigere mere effektiv , « siger Torben Glar Nielsen , teknisk direktør Energinet.dk . ø pr . 30 GW vindkraft Rundt øen kan flere tusinde havmøller sættes , strømmen flere landes havmølleparker kan samles sendes kryds tværs forbrugerne Nordsølandene . forestiller , ø knudepunkt måske 30 GW vindmøllekapacitet , sigt 70-100 GW vindmøller måske flere kunstige øer Doggerbanke , vanddybden relativ lav . 70 GW kan forsyne 80 millioner europæere strøm . fordelene ved ø-modellen , afstanden mellem havmøller nettilslutningen kortere , hvorved muligt bruge vekselstrømsteknologi . kan nedbringe omkostningerne dyre jævnstrømskonvertere ( omformerstationer ) lange kabler , ellers nødvendig , fremtidens parker bygges længere længere ude havs . Samtidig søkabler , fragte strømmen kunstige ø Nordsølandene , fungere ilandføringskabler elmotorveje handel mellem landene . Ilandføringskabler bruges dag ca . halvdelen tiden , fordi altid blæser . Ved gøre handelskabler , kan bruges tættere 100 procent . Mindre transporttid grej mandskab allerede dag række elkabler , forbinder elsystemerne landene rundt Nordsøen , muligvis kobles energiøen . Ideen øen , reservedele både omformerstationer , vindmøller elkomponenter kan opbevares øen . give mindre transporttid åbent hav både materiel mandskab . Planen kunstig ø Doggerbanke fostret TenneT bygger EU 's vurdering , vindproduktionen Nordsøregionen kan tidobles frem 2030 . Samtidig energiministrene Nordsølandene sidste år indgået aftale fremme samarbejdet havvind . Brug storskala-løsninger Torben Glar Nielsen , teknisk direktør Energinet.dk , påpeger , Energinet.dk , ansvaret få strømmen havmøllerne land frem forbrugerne . Derfor hele tiden presse , så prisen ilandføring udlandsforbindelser falder : » brug innovative storskalaløsninger , 'energihub ' Nordsøen bestemt værd undersøge grundigt , « siger . tilføjer , takt kommer flere møller , nødvendigt se længere længere havs få plads nye havmølleparker . Torben Glar Nielsen forklarer videre , havmøllepark , Danmark ved opføre Kriegers Flak Østersøen , danner skole Doggerbanke-projekt . kobler nemlig danske tyske havmølleparker sammen - samtidig kablerne bruges elmotorveje Danmark Tyskland omvendt . Ydermere kobler Kriegers Flak-projektet to forskellige elsystemer frekvensområder , nordiske centraleuropæiske , konverterstation Tyskland .",-8.0
,2017-06-08 00:00:00,Havmøllerne får egen ø ved Lolland,Energy Supply,Link,"Selskabet By & Landskab Nakskov planlægger etablere energiø havmøller kysten Langelandsbælt ved havnebyen Tårs trecifret millionbeløb . Reelt set etablere landmøllepark havmøllepark stedet , energiø får fordelene ved havmøller , eliminerer del modstand , normalt omkring vindmøller . - rigtig fordomme omkring vindmøller – hele pointen energiø får fordelene ved havvind omkostningerne , sætter set store havmøller land ude havet , generer langt færre naboer , forklarer Philip Rasmussen By & Landskab . 20 havmøller kunstig ø Energiøen , skabes ved dæmme grave , undseelig størrelse . nemlig huse 20 store havmøller . Energiøen etableres samtidig umiddelbar forbindelse nye færgehavn Tårs , hvilket gør vedligehold reperationer møllerne langt billigere , møllerne stod langt havet . - lettere , montører servicefolk kan cykle møllerne , skiftes møtrik frem sendes skib , siger Philip Rasmussen . energiø klimaduks By & Landskab lige vælger farvandet Lolland , så selvfølgelig fordi , huse . fordi , energi-set-uppet Lolland , kulturen , helt rigtige . - ( Lolland , red . ) producerer fem gange så strøm , bruger . Vestas producerer Naksskov Havn . kultur omkring grøn strøm stede , let tale vores projekt , siger Philip Rasmussen . Projektet koster cirka 200 millioner kroner skabe 2500 arbejdspladser .",4.0
,2019-07-09 00:00:00,Kunstig energiø i Nordsøen er teknisk mulig: Skal stå klar om 12 år,Ingeniøren,Link,"Ny forundersøgelse viser , både teknisk økonomisk realistisk bygge kunstig energiø midt Nordsøen kapacitet 15 GW starten 2030'erne . rækker danske , tyske , hollandske eltransmissionsselskaber politikerne . to år siden gik danske Energinet sammen eltransmissionsselskaberne Holland Tyskland undersøge mulighederne etablere seks kvadratkilometer kunstig 'energiø ' landingsbane havn Doggerbanke Nordsøen . Ideen energiø Nordsøen samle strømmen flere landes havmølleparker sende kryds tværs forbrugerne Nordsølandene . » lyder måske skørt science fiction-agtigt , ø Doggerbanke kan vise gøre fremtidens vindenergi billigere mere effektiv , « sagde Torben Glar , teknisk direktør Energinet , 2017 visionerne . internationale North Sea Wind Power Hub-konsortium , står bag ideen energiø , så gennemført række forundersøgelser foreløbige testresultater . » væsentligste , Danmark resten Europa omstilles 100 procent vedvarende energi inden kort årrække . kræver , løser energiens trilemma , altså sikre forsyningssikkerheden , omstille vedvarende energi begge dele konkurrencedygtig pris . flere storskala-energiøer vigtige løse trilemma . kan bruge energiøerne hente strøm land mere effektivt , handle strøm mellem landene , blæser , « siger Torben Glar , styregruppemedlem North Sea Wind Power Hub-konsortiet , dag Ingeniøren . Tirsdag fremlægger partnerne internationale konsortium North Sea Wind Power Hub ( NSWPH ) resultaterne projektets vurderingsfase . Gennem seneste måneder konsortiet analyseret mulighederne betingelserne etablere flere energiøer Nordsøen . Hovedkonklusionen klar : flere energiøer Nordsøen både teknisk økonomisk muligt , ambitionen første energiø drift begyndelsen 2030 ’ erne . Markante ændringer vej Selvom visionen nogenlunde samme , projektet ændret adskillige områder . største ændring , bevæget én stor energiø kapacitet 30 GW flere mindre energiøer , opsamle fungere knudepunkt 10-15 GW vindmøllekapacitet . Antagelsen , sigt 180 GW frem år 2045 Doggerbanke , vanddybden relativt lav . » Flere mindre øer mere optimalt . længere væk øen havvindmøllerne placeret , desto mindre optimalt øen fungere distributionscentral . Så forventer 10-15 GW per ø 15 øer . Sikkerhedsmæssigt fordelt flere øer . Samtidig placeringerne endnu fastlagt . Doggerbanke udlagt Natura 2000-område , derfor optimalt stor ø område , « siger Torben Glar . 70 GW kan forsyne 80 millioner europæere strøm . fordelene ved ø-modellen , afstanden mellem havmøller nettilslutningen kortere , hvorved muligt bruge vekselstrømsteknologi Forsvaret fiskerne flytte energiøerne realitet , kræver nye politiske aftaler tværs landegrænser , lyder konsortiet bag . Dels fordi internationale undersøgelser scenarier viser , nuværende udrulningshastighed havvind utilstrækkelig nå målene Paris-aftalen , dels fordi pladsen mere trang Nordsøen . » vigtigste forudsætning , politisk vilje bygge nødvendige havvindmølleparker Nordsøen . Energiøerne ingen funktion uden nye havvindmølleparker . Nordsøen dag forskellige aktører , eksempelvis forsvaret , fiskeri , gassektoren . vant masser plads Nordsøen , så vindenergi , fordel udpege mest optimale områder vind . kræver formentlig politiske aftaler . Samtidig hollandske , tyske , engelske regeringer fornuftig udbygningstakt , så stabil udrulning lettere projektstyring bedre priser , « siger Torben Glar . Danmark behøver Energinet sparke døre hente opbakning energiøen nye socialdemokratiske regering . såkaldte forståelsespapir , regeringen skrev sammen parlamentariske grundlag , kan kort læse : » ny regering vedtage klimahandlingsplan . Handlingsplanen blandt andet indeholde følgende elementer : Undersøgelse muligheden Danmark sammen Nordsølandene udarbejder fælles strategi markant udbygge udnytte havvindpotentialet . Afsøge muligheden Danmark senest 2030 byggerden første energiø minimum 10 GW tilkoblet. « Ingeniøren gerne spurgt klimaminister Dan Jørgensen ( S ) regeringens opbakning energiø Nordsøen , ministeren aflyste interviewet Ingeniøren kort varsel grund presset kalender . Lagring energi centrum fungere bindeled mellem forskellige nationale transmissionsnet energiøen lagre energi havvindmøllerne ude midt Nordsøen . hvilke teknologier fastlagt . » lagre energi teknisk forsvarlig måde senest 2040-2050 , kun anvende vedvarende energi . kan power to gas ( P2G ) , varmelagring ellager batterier . undersøge , virker bedst , « siger Torben Glar . Konkret kigger konsortiet , hvordan kan konvertere strøm gas , så kan bruges brændstof blandt andet skibe . » kigger , hvordan kan bruge øerne konvertere strøm gas , så kan bruge lave ny form sektorkobling , binder havvindmølle-strøm transportsektoren . Så vindmøllerne kun kilde strøm , kilde brændstof brint skibe , « siger Torben Glar . kan afhjælpe flaskehalse eltransmissionsnettet omdanne elektriciteten gas , blevet sendt land , derefter transportere gassen områder stor efterspørgsel langt inde land . første energiø kapacitet 10-15 GW kan stå klar starten 2030 ’ erne , sandsynligvis kun elektrisk forbundet land tilknyttet konvertering gas land . nemlig teknisk muligt foretage konverteringen strøm gas ude kunstige ø tilgængelige teknologier dag . Prisen afhænger , øerne placeres » økonomisk ramme klar . kan sandø , betonfundament , kender vindmøller , sænkekasse stålfundamenter . undersøge , udpeget rigtige sted . 20 meter vand , kræver én løsning , mens 40 meter vand giver andre forhold . store udgift selvfølgelig bygge nødvendige havvindmølleparker , levere energien øen , « siger Torben Glar .",-5.0
,2019-11-25 00:00:00,Ørsted: Placér den første energi-ø ved Bornholm,Ingeniøren,Link,"Energiselskabet mener , mere realistisk nødvendigt bygge kæmpe havmøllepark forvejen udpeget lavvandet område Østersøen Bornholm , hvorfra strømmen kan fordeles både Danmark , Sverige Polen . Energiaftalen sidste år vedtog ni partier , bygges tre nye , store havmølleparker inden 2030 , hvoraf første placeres Vestjylland , mens endnu besluttet , to næste parker ligge . Samtidig fremgår regeringens såkaldte forståelsespapir dens støttepartier , » afsøge muligheden Danmark senest 2030 bygger første energi-ø minimum 10 GW tilkoblet « , hvilket statens selskab Energinet flere kikker ude Nordsøen . blander energiselskabet Ørsted debatten forslag stedet placere energi-ø del såkaldt havvind-klynge Østersøen vest Bornholm , vanddybden kun 15-20 meter laveste sted . område , ifølge screening arealer havmøller , Energistyrelsen gennemførte starten 2019 , velegnet huse 3,1 GW havmølle-kapacitet . derfor allerede reserveret statslige udbud havvind . 3-5 GW havvind » Inden anlægger store sand-øer ude Nordsøen , foreslår , kombinerer eksisterende planer transmissionsforbindelser havvindsområder ø granit , allerede , nemlig Bornholm , « siger Martin Neubert , koncerndirektør administrerende direktør Ørsted Offshore . Selskabets vision – Bornholm knudepunkt – forbinde Danmark to-tre andre lande , såsom Polen , Sverige evt . Tyskland , sigt samlet tilkoble 3-5 GW havvindkapacitet . Første skridt visionen udbyde havvindpark 1 GW ved Rønne Banke sydvest Bornholm samt forbinde Danmark Polen . Forsyningssikkerhed Sjælland Havvindparken transmissionsforbindelsen Polen kan sikre høj forsyningssikkerhed Sjælland samtidig levere store mængder strøm , kan drive grønne elektrificering samfundet . Transmissionskablerne havet gravet . » foreslår konkret , udbud indeholder både havvindmølleparken såvel transmissionskablerne Sjælland Bornholm Polen sikre optimal teknisk løsning billigste pris , « siger Martin Neubert . Ørsted henviser , Energinet allerede foreslået transmissionsforbindelse mellem Sjælland Polen EU 's ” Ten Year Network Development Plan ” , realistisk projekt kombinere forbindelse havvindpark 1 GW , kan sikre pålidelig billig elektricitet Danmark Polen 2028 . Næste fase bæredygtig brint Derudover baner visionen vejen næste fase Danmarks grønne omstilling , produktionen bæredygtig brint kan gøre flytrafik , skibsfart tung vejtransport CO2-neutralt dermed levere afgørende nødvendigt bidrag regeringens ambition sænke Danmarks CO2-udledninger 70 procent 2030 . » Visionen kan sikre Danmarks plads fremtidens grønne omstilling , gennem produktionen bæredygtig brint havvind kan omstille dele samfundet , mangler grønne løsninger dag , « påpeger Neubert . Selskabet understreger , nogen konkrete planer placering brintfabrik . EU-Kommissionen tidligere vurderet , brug 450 GW havvindkapacitet levere strøm blandt andet elbiler varmesektoren , produktion bæredygtig brint stor skala . Ifølge Ørsted kan mål kun indfries ved sætte tempoet nytænke udbygning havvind , så kommer fokus havvind-klynger transmission flere lande : » nødt dramatisk højne tempoet udbygningen havvind transmission , komme mål . Bornholm Danmark Polen unik mulighed få nødvendige erfaringer havvind-klynger , kan skaleres fremtidige energi-øer samtidig kort sigt bidrage markant grønne omstilling forsyningssikkerheden begge lande , « siger Martin Neubert . Projekt kræver flere analyser Ørsted præsenterede først idé Politiken , får pæn modtagelse henholdsvis Brian Vad Mathiesen , professor energiplanlægning ved Aalborg Universitet direktør grønne tænketank , Concito , Christian Ibsen . Brian Vad Mathiesen kalder avisen » rigtig godt konstruktivt « projekt , kræver grundige analyser . » langt mere realisérbart luftige tanker kæmpestor energi-ø langt ude havet , 10 gigawatt mere . Udfordringen ligger finde egnede placeringer store mængder vedvarende energi , samtidig tæt store forbrugscentre . eksempel , kan « , siger professoren Politiken . Samme holdning Christian Ibsen ifølge Politiken . påpeger samtidig , kæmpe anlæg ved Bornholm blokerer , dag kan bygge ude Nordsøen .",6.0
,2019-12-03 00:00:00,Finanslov: Professor roser forundersøgelser til energi-øer,Ingeniøren,Link,"Kommende 'energiøer ' Nordsøen ved Bornholm kan understøtte produktionen grønne flydende brændsler . professor Henrik Wenzel glad , advarer , kan miste vigtige synergifordele , vælger forkerte tekniske løsninger . grundlæggende positivt , regeringen finansloven 2020 direkte skriver , » igangsættes forundersøgelser energiøer samt understøtte power-to x teknologi « , siger professor SDU , Henrik Wenzel . advarer samtidig , energiøer risikerer miste vigtige synergieffekter ved produktion flydende grønne brændsler . Yderligere hedder aftaleteksten , » Power-to-X kan potentielt understøtte effektiv udnyttelse store mængder havvindstrøm evt . energiø , hvorfor samtidig afsættes midler forsknings- , udviklings demonstrationsordninger Power-to-X. « afsættes 30 mio . kr . 2020 , 27 mio . kr . 2021 8 mio . kr . 2022 . Ørsted starte lille energiø ved Bronholm Spørgsmålet energiøer oppe vende flere gange , senest sommer Ingeniøren , konsortiet “ North Sea Wind Power Hub ” beskrev , netværk energiøer Nordsøen hver 10 GW både teknisk økonomisk muligt . Øerne eksempel placeret Dogger Banke . slutningen november argumenterede Ørsted yderligere , energiø 1 GW , ligge ved Rønne Banke sydvest Bornholm forbinde Danmark Polen elektrisk . Henrik Wenzel understreger , bygges sådanne energiøer , så vigtigt , kun el , bringes land altså brint produceret ude selve øen : » så mister synergier , opstår processen ved fremstilling brint , syntesgasser videre flydende grønne brændsler . først fremmest overskudsvarme , kan udnyttes fjernvarmenettet , « siger . eksempel nævner , elektrolysen nemytter SOEC-metoden , rigtig god ide , føre varmen processen , grøn syntetisk gas omdannes flydende brændsel , tilbage elektrolyse-processen derefter bruge restvarmen fjernvarme . Derfor vigtigt , selve produktionen kommer ligge nærheden fjernvarmenet . dialog globalt energiselskab sammen forskningsgruppe Niras , nylig offentliggjort rapporten `` Nordic GTL – a pre-feasibility study on sustainable aviation fuel from biogas , hydrogen and CO2 '' , beregninger viser , rette integration grøn el , brint , biogas CO2 , muligt fremstille flydende brændstof flytrafikken , kun dobbelt så dyrt fossilt brændstof dag . Lige arbejdes få gang konkret projekt samarbejde globalt energiselskab . Første skridt omdanne methaniseret biogas direkte flydende brændsel . Efterfølgende tanken , produktionen øges ved tilføje procestrin , grøn brint CO2 indgår : » første del kendt teknologi kan gå direkte fuldskalaanlæg . kommer videre bruge brint CO2 øge produktionen , så brug demonstrationsprojekter kan aftaleteksten Finansloven interessant , « siger .",-7.0
,2020-02-12 00:00:00,Gas-skepsis stemt ned: Parlament godkender EU-liste over 151 infrastruktur-projekter,Ingeniøren,Link,"151 projekter omfatter hel del naturgas-projekter derfor stemte grønne gruppe Parlamentet imod godkende listen , stort flertal sagde ja . EU Parlamentet godkendte onsdag liste 151 grænseoverskridende energiinfrastrukturprojekter , EU Kommissionen udvalgt værdige søge EU-støtte . Blandt projekterne såkaldte PCI-liste Energiøen Nordsøen , Baltic Pipe-gasledningen mellem Danmark Polen samt 55 naturgas-infrastrukturprojekter . Netop projekter naturgas fået grønne gruppe EU Parlamentet stemme nej listen opfordre andre parlamentsmedlemmer gøre samme . Forældet infrastruktur danske SF'er Margrethe Auken skrev eksempel Altinget , gasrør fastfryse Europa fossile tidsalder spilde milliarder euro infrastruktur snart forældet : » Glem , hver euro spilder stedet burde gået forskning , vedvarende energi grøn omstilling landbruget , « skrev opfordring . lyttede opfordringen : Kun 169 stemte listen , mens 443 stemte , skriver polske delegation pressemeddelelse . nye kabelforbindelser energi-øen Nordsøen – Energinet par andre transmissionsansvarlige selskaber sysler planer bygge specifikt nævnt regeringens aftale støttepartierne – indeholder listen store el-infrastruktur-projekter , forbinder Norge Storbritannien ( North Sea Link North Connect ) , kablet mellem Danmark Storbritannien ( Viking LInk ) samt forbindelser mellem henholdvis Holland Tyskland Storbritannien . PCI-projekter grænseoverskridende energiinfrastrukturprojekter strategisk betydning Unionen . Projekter PCI-listen , opdateres hvert andet år , nyder godt mere lempelig administrativ behandling kan altså modtage finansiering Connecting Europe-midlerne .",
,2020-05-20 00:00:00,Ros til klimaudspil med to energiøer: Men et væsentligt kapacitetsproblem truer,Ingeniøren,Link,"Regeringens klimaplan sætte skub udviklingen grønne flydende brændstoffer . Energiprofessor bekymret , flydende grønne brændsler mere komplekse , politikerne tror . IDA ’ s formand giver planen » pænt 7-tal « . Ifølge regeringens klimaplan , netop blevet præsenteret , bygges to energiøer , forbindelse opføres 4 GW ny havvindmøllekapacitet . Målet øerne skabe knudepunkt indsamling distribution grøn energi , både form el flydende grønne brændsler . Dermed lagt teknologisk satsning udvikling Power-t-X ( PtX ) , grøn el omdannes alternativt brændsel , kan bruges eksempel tunge del transportsektoren , fly , skibe industrien : » kan længere lave enkeltstående havmølleparker . energiøer , både kan samle indføringen grøn energi land , kan produceres brint flydende brændsler , « sagde klima- , energi- forsyningsminister Dan Jørgensen ved præsentationen planen . to energiøer placeres hhv . Nordsøen Østersøen Bornholm . hver bygges 2.000 MW vindkraft mere dobbelt så , bygget dag . Regeringens forslag svarer næsten , IDA foreslået seneste rapport : IDAs Klimasvar : Transport- energiløsninger 2030 , sættes mål 6.630 MW havvind 2030 . Udbygningen energiøer PtX-teknologi ses sammenhæng mål indfange lagre – evt . nyttiggøre - CO2 røggas . første omgang fossile kilder , umiddelbart kan udskiftes , længere sigt biomasse , reelt tale negativ CO2-emission . God plan huller Professor energiplanlægning Aalborg Universitet , Brian Vad Mathiesen , kalder ideen energiøer rigtig gode , betænkeligheder ved udmeldingen : » rigtig fint , talt flere år . får sat midler , så næste to-tre år kan udvikle demonstrationsprojekter , viser , hvordan PtX kan virke . helst ske gennem hele værdikæden , så eksempel får testet lastbiler rent faktisk køre , « siger . bekymret , politikerne undervurdere , komplekst energisystem . mangler nemlig stadig viden modeller , viser , enkelte anlæg bedst placeres , teknisk økonomisk : » handler , infrastruktur opbygge transport grønne energi . eksempel bedst placere produktionen brint selve energiøen , el føres land derefter omdannet flydende brændsler , « siger understreger , må låse tidligt fast . Mht . placering energiøerne mener , Bornholm oplagt sted . placering tæt både Sverige , Polen , Tyskland Danmark øen effektivt middel fortrænge fossile brændsler lande : » mener sagtens , kan bære udbygges 5 GW , « siger . Mere betænkeligt energiøen Nordsøen . afstandene væsentlig længere , dag kabler , stand overføre mere 2 GW , planlagt : » først tro , side 2030 , kan komme kabel størrelser , kan overføre 10 GW , sker , udbygge kapacitet , så kan levere grøn strøm store energiforbrugende centre Nordeuropa , « siger Brian Vad Mathiesen . Overordnet set kalder professoren klimaplanen godt udspil , selvom godt kan pege tekniske detaljer , mindre glad , huller , helt blevet udfyldt . Klimaplan anerkender teknologi Formanden IDA , Thomas Damkjær Pedersen , glæder , kommet første udspil regeringen , hvordan komme mål CO2-reduktionen 2030 : » Udspillet anerkender , brug teknologisk fokus nå målet . løsningerne peget vores Klimasvar tidligere år . derfor give pænt 7-tal , « siger . Grunden kan komme højere , ifølge Thomas Damkjær Pedersen , endnu fået omsat national strategi , derfor ved hvordan . havvindmølleparker fremrykkes , kommer fokus udvikling demonstration PtX , så kan gå demonstrationsanlæg stor skala , helt nødvendigt , kan nå målene CO2-reduktioner 2030 2050 , siger : » glæder , planen omsat egentlig strategi forskning udvikling samarbejde mellem private offentlige aktører , « siger Thomas Damkjær Pedersen .",8.0
,2020-05-20 00:00:00,Regeringens storstilede klimaplan bidrager til en brøkdel af CO2-målet,Ingeniøren,Link,"Regeringens udspil første del klimahandlingsplanen nedbringer kun CO2-udledningen 2 nødvendige 19 mio . ton CO2 frem 2030 . Så kom regeringen endelig samlede udspil første trin klimahandlingsplan , føre frem klimamålet CO2-reduktion 70 pct . 19 mio . ton CO2 2030 – forhandles øvrige partier bag klimaloven . Planen består seks punkter lad sagt samme – viser , hvordan klimamålet , idet blot give reduktion 2 mio . ton CO2 påkrævede 19 mio . ton . gengæld lovede regeringen flere initiativer senere : » færdige . kun første kapitel , sommerferien præsentere nye initiativer . dag skaber solidt fundament klimaneutralt Danmark – fundament , kan bygge videre år fremad , « sagde finansminister Nicolai Wammen pressemødet , lovede , skabe grundlaget , tusindvis grønne arbejdspladser kommende år kan skabt kan bevaret Danmark . Langsigtede energiøer power-to-x tiltagene giver så CO2-reduktion , skyldes , flere langsigtede stedet her-og-nu-reduktioner sigter udvikle opskalere teknologier , får brug lange bane . vigtigt sætte gang teknologiudvikling , Klimarådet rådede rapport marts 70 procents-målet . langsigtede perspektiv gælder især forslaget etablering to energiøer udbygning ekstra 2 GW havvindmølleparker henholdsvis Nordsøen Østersøen , gælder forslaget sætte turbo teknologiudviklingen power-to-x CO2-fangst lagring . Konkret foreslår regeringen , fange CO2 eksempel industrien så bruge grøn energi pumpe tilbage jorden . Regeringen 2024 afsætte 400 mio . kr . årligt pulje , indfange lagre CO2 , hvilket ifølge oplægget reducere CO2-udledningen 0,3 mio . ton . CO2 pr . år 2030 . Derudover regeringen lave samlet strategi CCUS sætte rammerne fremtidige indsats . Ptx-området regeringen indlede partnerskab storskala PtX-anlæg , fremstille grønne brændstoffer fly biler måde drive omkostningerne brint . Puljer biogas industrien Både energiøerne ptx/CCS forslaget koster dermed særligt før 2024 , giver altså tilsammen kun 0,3 mio . ton CO2-reduktion . Grøn omstilling industrien form elektrificering brug biogas regeringen fremme via tilskudspulje 900 mio . kroner 2020 2024 elektrificering plus pulje 95 årligt biogas andre grønne gasser ; kommer først spil 2024 . reducere CO2-udledningen 0,3 mio . ton 2030 . Regeringen lover samtidig indgå tæt samarbejde Klimapartnerskabet finansielle sektor kortlægge mulighederne mobilisere private investeringer grønne omstilling nye måder . gælder fremme energieffektiviseringer bygninger industrien gavn klimaet , regeringen afsætte midler indsamle udstille data bygninger energiforbrug . Desuden styrkes energimærkningsordningen , indarbejdes anbefalinger indeklima , så bygningsejerne får endnu bedre beslutningsgrundlag , investere energiforbedringer f.eks . boligen . desuden stilles krav fortsatte energibesparelser statens bygninger frem 2030 , så staten går foran gode eksempel . dét giver tilsammen reduktion blot 47.000 ton 2030 . Varmesektoren mere grøn , allerede hørt , sige olie gasfyr udskiftes fjernvarme varmepumper . planen sat tal , elvarmeafgiften sænkes ( 0,8 øre pr . kWh ) , afgiften fossile varme hæves ( 56,7 øre pr . GJ 62,3 øre pr . GJ ) , tilskuddene forbrugerne , udskifte olie gasfyr , kommer ligge mellem 15.000 25.000 kr . Overskudsvarme fritages afgift fremgår , afgiften overskudsvarme forslås fjernet , regeringen vurderer , omtalte nedsættelse elvarmeafgiften gøre geotermisk varme rentabelt , grønt alternativ . Varmepakken mindsker drivhusgasudledningerne 0,7 mio . ton CO2 2030 . Endelig grøn affaldssektor mere genanvendelse , 80 pct . danske plast udsorteret forbrændingen 2030 , mindre forbrænding import affald mere sortering genanvendelse . Samtidig regeringen gøre cirkulær økonomi vækstmotor dansk erhvervsliv . Initiativerne affaldsområdet medfører reduktion drivhusgasudledningerne 0,7 mio . ton CO2-ækvivalenter 2030 . transport , landbrug CO2-afgift så , planen . ét ord initiativer transportsektoren inden landbruget – to store CO2 udledere – heller høj CO2-afgift , både Klimarådet økonomiske vismænd foreslået billigste vej klimamålet . pressemødet Finansministeriet svarede klima- , energi- forsyningsminister Dan Jørgensen spørgsmål , hvorvidt fair nok , , sviner mest , betaler mest – altså CO2 afgift : » står midt stor krise . andre lande verden nok valgt sige : OK , indsatser omkring klima , miljø andet , må skubbe . valgt sige nej , bruge krise mulighed . skabe vækst . betyder , må fravælge virkemidler f.eks . store afgifter store virksomheder danskernes privatforbrug . tror nogen særlig god idé lige nu. « Mangler samlet plan endelig så helt store , overordnede spørgsmål : planen kun giver to mio . ton CO2 , hvordan så resten vejen 2030 ? Netop pointe – altså tale samlet plan , nærmere håndfuld gode takter – hæftede så forskellige organisationer Rådet Grøn omstilling , Greenpeace brancheforeningen Dansk Energi ved . Rådet Grøn Omstilling skuffede overordnede ambitionsniveau ; Greenpeace kalder halvhjertet første spadestik , finder bekymrende , endelig betegner Dansk Energi udspillet vigtige initiativer , nogen klimaplan : » savner samlet klimaplan . Hele energisektoren mangler grad rammer retning , hvordan gå foran vejen målet 2030 , CO2-udledningerne mindskes 70 procent forhold 1990 , « siger adm. direktør Dansk Energi , Lars Aagaard . ti år pressemødet spurgte DR netop , hvornår får resten planen , hertil svarede klima- , energi- forsyningsminister Dan Jørgensen således : » omkring ti år nå . to millioner ton , sammen 0,5 millioner ton , tilrettelagde ved finanslovsaftalen , så betragteligt mere tiendedel , siger , nå . målestok ganske ambitiøst , « sagde . kan læse faktaarkene udspillene Finansministeriets hjemmeside . Regeringen forventer indkalde Folketingets partier første forhandlinger udspillet løbet næste uge .",-2.0
,2020-05-26 00:00:00,Kæmpeanlæg i Storkøbenhavn skal producere 250.000 ton flydende bæredygtige brændstoffer,Ingeniøren,Link,"nyt partnerskab går række store danske virksomheder sammen udvikle konkret produktionsanlæg fremstilling bæredygtige brændstoffer . Fuldt udbygget spare atmosfæren 850.000 ton CO2 årligt . 2023 nyt partnerskab klar første del anlægget 10 MW , kan producere bæredygtige brændsler baseret strøm vindmøller . Anlægget placeres Storkøbenhavn blandt andet forsynes energi kommende energiø Bornholm . anlægget fuldt udbygget 2030 , brug 1.300 MW el produktionen brændsler ligge cirka 250.000 ton årligt . Dermed erstatte fossile brændsler vej- , sø- lufttransport spare atomosfæren 850.000 ton CO2 årligt . skriver Ørsted pressemeddelelse , partnerskabet samler store danske virksomheder , Københavns lufthavn , A.P.Møller-Mærsk , DSV Panalpina , DFDS SAS . Cowi Boston Consulting Group fungerer videnspartnere projektet , støttes Københavns Kommune . Henrik Poulsen , administrerende direktør , Ørsted , siger : » Vores vision producere bæredygtige brændstoffer Storkøbenhavn give nødvendige opskalering industriel skala , reducere omkostningerne produktion vedvarende brændstoffer så , kan konkurrere fossile brændstoffer . rette politiske rammer plads projekt afgørende skridt fremad produktionen bæredygtige brændstoffer Danmark , hvilket styrke Danmarks globale førerposition inden teknologier forretningsmodeller , kan sikre bæredygtig fremtid. « Anlægget bruge el danne brint vand via elektrolyse dermed forsyne busser Movia tunge lastbiler DSV Panalpina brint , A.P.Møller-Mærsk få mehanol skibe fly Københavns Lufthavn forsynes bæredygtigt jetfuel . Første etape , nævnt , bestå 10 MW-anlæg , producere brint busser lastbiler . etape stå klar 2027 bestå 250 MW-anlæg , forventes forsynet strøm havmøllepark Bornholm . produceres brint , kombineres CO2 , opsamlet punktkilder København . Målet fremstille metanol søtransport jetfuel , såkaldt e-kerosin , lufttransportsektoren . Sidste etape kræver flere vindmøller Sidste etape stå klar 2030 udnytte fulde potentiale havvind ved Bornholm . Elektrolysekapaciteten opskaleres 1,3 GW opsamles nok bæredygtigt CO2 , så kan fremstilles 250.000 ton brændstof . potentielt erstatte 30 procent fossile brændsler , bruges Københavns Lufthavn 2030 . Thomas Woldbye , administrerende direktør , Københavns Lufthavne , siger : » Udfordringen skabe fremtidssikret bæredygtigt brændstof fælles transportsektoren , går sammen partnerskab afgørende , kan få produceret bæredygtigt brændstof nødvendige mængder . understøtter samtidig ambitionerne omstille dansk luftfart helt uden CO2-udledning 2050 gøre Danmark foregangsland inden udviklingen fremtidens klimavenlige brændstoffer. « Projektet kan løbe problemer , fulde udbygning kræver , vindmølleparken ved Bornholm udbygges 3 GW 2030 . klimaplaner , regeringen præsenterede sidste uge , kun planlagt park 2 GW Bornholm .",5.0
,2020-05-27 00:00:00,Professor: Tidsplan for havvindmøller kan skride med regeringens nye energiøer,Ingeniøren,Link,"Prisen etablere to energiøer tilhørende vindmølleparker mangler belyst . Medlem Klimarådet frygter tidsrammen udbygningen vindkraft skrider . række spørgsmål står ubesvarede regeringens udspil forslaget klimaplan etablere to såkaldte energiøer danske farvande . Øerne hver kobles havmøllepark 2 GW nå målet 70 procent CO2-reduktion 2030 . Poul Erik Morthorst , professor ved DTU medlem Klimarådet , frygter , udbygningen havvindmøller skrider , så mål 2030 , Klimarådet anbefalet , udbygges mindst 5 GW . skyldes blandt andet , regeringen planen energiøerne indregnet tre havmølleparker , vedtaget energiforliget 2018 , første , Thor 800-1000 MW , forsinket mindst år , to andres vedkommende gang : » bekymret , tiden løber , kommer bagud . hellere set , fik etableret tre gange 800 MW havmølleparker , aftalt 2018 så derefter tog hul energiøerne , « siger . Ny energiø milllioner år gammel Konkret regeringens forslag , ene energiøerne ligge Nordsøen anlægges fysisk ø cirka 100 km jyske vestkyst . nogen ny ø , omskrivning , anlægges vindmøllepark Rønne Banke syd Rønne tilhørende tekniske faciliteter Bornholm . samlede kapacitet 4 GW havvind mere dobbelt så , drift havene omkring Danmark dag . Begge øer praksis fuldt udbygget fungere “ energihub ” , energi kan udveksles nabolande , samme måde havmølleparken Kriegers Flak syd København , forventes gå drift august måned - bare langt større skala . grund afstandene land forbindelserne etableres jævnstrømskabler udestår stadig del teknisk udvikling koblingsfelter . » udveksles energi mellem landene , så helt lille ting opbygge regelsæt afregning . Oven kommer hele spørgsmålet eventuelle tilskud sådanne anlæg , « siger Poul Erik Morthorst . El Sjælland omdannes brændstof forbindelse vindmølleparken Bornholm , Ørsted - partnerskab række aktører transportsektoren - annonceret , opbygges produktionskapacitet fremstilling bæredygtige brændsler anlæg Storkøbenhavn . Ifølge regeringen brændsler anvendes » sektorer , kan anvende grøn elektricitet direkte , fx luftfart , tung transport , processer erhverv mv . via Power-to-X-teknologien. « Projektet indebærer , trækkes kabel bornholmske vindmøllepark direkte Sjælland . Fuldt udbygget 2030 , forventningen , anlægget kapacitet 1,3 GW . anlæg komplicere række politiske regulative udfordringer , kan gøre vanskeligt komme mål tiden , siger Poul Erik Morthorst : » kan godt se perspektiverne energiø kombination bl.a . elektrolyse , skam , betyder , tidsplanerne skrider , « siger . energiøer havvind består klimahandlingsplanen fem andre spor . Regeringen investere grønne teknologier , øge energieffektiviseringer , sikre grøn varme danskerne , omstille industrien skabe mere grøn affaldssektor , lyder .",-6.0
,2020-05-29 00:00:00,Analyse: Stram tidsramme kan sætte energiøer under pres,Ingeniøren,Link,"To kæmpe vindmølleparker tilhørende brændstofproduktion stå klar ti år . kort tid , bare kendt teknologi , sættes sammen ? Danmark udbygge vindkraft havet – rigtig vindkraft . Regeringen foreslog 20. maj klima­plan to energiøer tilsammen 4 GW vindkraft tilknyttet , uge Ørsted sammen række partnere fortælle gigantisk brændstofproducerende anlæg , bygge sted Storkøbenhavn forsyne el energiøer . hele kan virke forjættende : ideen bygge vindmølleparker havs både forsyne Danmark omkringliggende lande el fremstille bæredygtige brændstoffer , såkaldt Power­-to-X ( PtX ) . gode nyhed , meste teknologien eksisterer allerede fungerer industrielt . række PtX-demonstrationsanlæg gang – mangler stadig erfaring opskalering . Så industri politikere enige , vejen frem nå 70 procents reduktion CO2-udledningen 2030 , så hober alligevel lang række spørgsmål , både kan udfordre teknik , infrastruktur planlægning , bindes tiårig tidsramme , pludselig kan virke stram . lad prøve kigge konkrete forslag : Nordsøen bygges ø plads boliger , reservedelslagre konverterstation vindmøllepark 2 GW , tiden kan udbygges 10-15 GW . placeres cirka 100 km jyske vestkyst forbindes flere lande , sandsynligvis Norge , Tyskland , Holland , Danmark muligvis Storbritannien . store vindmøllepark ligge Bornholm regeringen blevet angivet 2 GW størrelse , mens Ørsted projekt , beskriver ny tilhørende PtX-fabrik placeret Storkøbenhavn , forventer , parken udbygges 3 GW . fordelene ved bygge nærheden Bornholm – chef energiøkonomi Ørsted Ulrik Stridbæk forklarer Ingeniøren – allerede ø. Dermed muligt hurtigt komme gang Østersøen . konverterstation fordele energien vindmølleparken første omgang Danmark Polen samme princip , vindmølleparken Kriegers Flak syd København , forventes gå drift august år , fordeler energi både Danmark , Tyskland Sverige . Gigantisk elektrolyseværk Næste skridt udnytte store mængder vindkraft , produceret , etablering produktionsanlæg Storkøbenhavn , kan omdanne el kemisk brændsel ; første omgang brint , methanol jetfuel . Grundteknikker anlæg findes allerede dag , frem 2030 udbygges tre faser sidst gigantisk fabrik elektrolyseværk 1,3 GW produktion 250.000 ton brændstof årligt , hvoraf del forsynes kulstof trukket røggassen københavnske kraftværker Amagerværket ARC . Så langt , så godt . Planerne plads , allermeste teknikken kendt . mangler realiseringen , ubekendte , hvilket Torben Glar Nielsen , teknisk direktør Energinet , kan bekræfte . Energinet især haft fokus anlægget Nordsøen via deltagelse samarbejdet North Sea Wind Power Hub , tyske hollandske systemoperatører deltaget . Projektet arbejder scenarie flere øer Nordsøen , herunder dansk ø ca . 100 km Vestkysten . Analyserne viser , 10-15 GW vindkraft omkring ø passende . fornuftigt starte 2-3 GW , enten ren elproduktion forslaget ved Bornholm inkludere PtX-anlæg dermed starte produktionen fremtidens brændstoffer . takt udbygningen vindmøller området el transporteres mellem nabolande via jævnstrømskabler måde udnytte kabelkapaciteten , blæser . endnu længere sigt ( frem 2050 ) kan øen kobles sammen andre energiøer Nordsøen . tekniske udfordringer gælder koblingsfelter jævnstrøm , udviklingen nok gang , mål . kommentar sidste uge regeringens klimaplan kaldte professor energiplanlægning Aalborg Universitet Brian Vad Mathiesen ideen energiøer rigtig god . , forskerne talt årrække . betænkeligheder understregede , sættes midler , så næste to-tre år kan få udviklet demonstrationsprojekter , viser , hvordan hele infrastrukturen PtX rent faktisk kan virke . helst undersøges gennem hele værdikæden , altså helt vindmøller konkret lastbil , rent faktisk køre brændstoffet . kan udskyde udbygningen Økonomisk planlægningsmæssigt risiko , hele idégrundlaget løber udfordringer . Ifølge Klimapartnerskabet Energi staten afsætte støttemidler form tilskud målrettede afgiftslettelser 5-7 mia . kroner årligt frem 2030 , hvoraf del altså sandsynligvis gå satsningen energiøer PtX . Berlingske tirsdag uge sagde klima- , energi- forsyningsminister Dan Jørgensen ( S ) , 2 GW vindkraft ved Bornholm allerede ganske ambitiøst , fremtidige analyser se , hvilket tempo udbygges , afhængigt bruge , bruger andre lande . Heri altså indregnes både politiske forhandlinger samarbejde myndigheder nabolandene . Udbygningstakten kan udfordret , vindmøllerne havs kommende år lægges energiø-konceptet , regeringen foreslår , så risiko , kommer bagud udbygningen , hvilket læser Politiken tirsdags . Politisk chef Wind Denmark Martin Bøndergaard vurderede , planen så give forsinkelser par år . Både Ulrik Stridbæk Torben Glar Nielsen enige , princippet bag energiøer afgørende fremtidens udbygning vindkraft havet . andre ord nemlig nået tidspunkt , brug gå skridt rent teknologisk ; vindmøller havet dag konkurrencedygtige flere fossile alternativer , prisen endnu længere virkelig klimaeffekt kontinentet , så længere nok udbygge vindmølleparkerne tilslutte gangen . erkender begge , udfordringer , både gælder teknologien tidsplanen . Ulrik Stridbæk udtrykker , så , tænkes paradigmeskifte , tiden knap .",3.0
,2020-06-09 00:00:00,Analyse: Derfor skal vi hellere bygge for mange end for få havmøller,Ingeniøren,Link,"kan svært følge fremtidige behov grøn strøm , fordi vejen regeringens nye energiøer belagt forhindringer . så vanskeligt få skubbet gamle kulfyrede værker . Hver gang , blæser vældig vind ude vest , prisen strøm falder nul derunder , kan læse overudbygning vindmøller spild samfundsressourcer . danskere kan forbruge vindkraften , eksporteres . mulige købere måske overskud el problemer kapaciteten elnettet – så vindmøller lukkes betaling . Ifølge fagfolk problemet frem 2030 slet overudbygning vedvarende energi vindmøller solceller – tværtimod lige stor risiko , kommer mangle grøn strøm , runder nytåret godt vel 9 år 6 måneder . situationen danske elsektor , regeringen forrige uge kom første del samlet klimahandlingsplan . Lad lige tage tal , ramme : Energinet rapporten 'Systemperspektivet ved 70 % -målet storskala havvind ' , marts måned år kigget forskellige scenarier elforbruget udbygningen VE-el . dag ligger elforbruget cirka 36 TWh , såkaldte grundscenarie stige 50 TWh 2030 . virkelig kommer gang elektrificeringen næsten områder landet – flere datacentre , opvarmning ( varmepumper ) , industri ( procesvarme ) transport ( især elbiler ) – kan nå forbrug 57 TWh 2030 . yderligere satses omdanne energien flydende brændsler via PtX ( Power-to-X ) , så mulighed nå helt forbrug 70 TWh 2030 , altså næsten fordobling forhold dag . Energiøer paradigmeskift Derfor ideen energiøer , regeringen fremlagde klimahandlingsplan forrige uge , forjættende tanke . Øerne kaldt paradigmeskift forhold , hvordan hidtil bygget havvindmøller , park længere koblet elnettet via separat kabel . stedet energien parken samlet ø , hvorfra muligt distribuere dertil , brug . Konkret udsigt 2 GW Østersøen 2 GW Nordsøen . Østersøen selve Bornholm , kommer fungerer energiø , forbindelse Sjælland måske Sverige , Tyskland Polen systemteknisk mest hensigtsmæssigt . Nordsøen havmølleparken første omgang 2 GW , potentielt udbygges 10 GW . kunstige ø , bygges cirka 100 km Vestkysten , foruden Jylland potentielt forbindes Norge , Tyskland , Holland muligvis Storbritannien . planen regeringen inddraget to tre havmølleparker , aftalt Energiforliget 2018 energiøerne . tredje , kaldet Thor cirka 800 MW , forventes stadig bygget traditionel vis klar gå drift omkring 2024 . ekstra 4 GW havvindmøller forventede produktion cirka 18 TWh kan hurtigt vise både komme sent lidt , behovet VE-el vokser Energinets forudsætninger , lyder kritikken flere sider . Konsekvensen , eksisterende danske kulkraftværker 'presset ' elproduktionen , Danmark langt højere grad afhængig import el . Kulkraft presses række systemeksperter , Ingeniøren talt , enige , havvindmøllerne bygget hurtigt nok , så kulkraft presset systemet , så føre , CO2-emissionen beregnet kg CO2/kWh systemet , falder så hurtigt nødvendigt , nå 70 procent 2030 . bygge hurtigt nok behøver hverken svært særligt dyrt . Klimarådets seneste rapport hedder , vindmøller land ( solceller ) etableres helt uden lav støtte , havvindmøller kun behov mindre støtte skubbe kulfyret elproduktion systemet . Eksempelvis forventningen , Thor-vindmølleparken kun behov tillæg markedsprisen ca . 7-9 øre pr . kWh konkurrere fossil elproduktion . Både Klimarådet Energinet skriver rapporter , høje mål elforbrug nås , så behov bygge langt mere havvind , 4 GW energiøerne plus aftalte park Thor . Mængden ekstra GW ligger 3-10 , energiforbruget får omstillet el , eksempel produktion flydende brændsler via PtX . Ideen etablere energiøer kan derfor vise direkte barriere nå målene 2030 . fordi rent teknologisk energiøkonomisk dum idé . fordi processen frem , rent faktisk klar levere el danske system , kan trække langdrag . allerede vist ved udbuddet både landmøller kystnære møller , sagsbehandlingen trækker langdrag , byggeprojekter udsat . Oven kommer teknologisk udfordring . kan nemlig virke besnærende gennemtænke energiø beregne , hvordan kan indgå netværk udvekslingsforbindelser kombinationer andre VE-teknologier , eksempel PtX . selvom teknologien kendt , mangler stadig svar , hvordan el udveksles , både rent teknisk via koblingsfelter jævnstrøm rent økonomisk mellem involverede lande alternative anvendelser , igen PtX bedste eksempel . Risiko ved underudbygning så risiko , kommer overudbygge dermed skabe endnu flere situationer , vindmøller må stoppes el eksporteres betaling ? skete faktisk del gange 2017 , samlet set hele året stoppet vindmøller 84 timer Vestdanmark 58 timer Østdanmark . Samlet set betød , produktion 47 GWh , svarer forbruget 11.000 danske boliger , spildt . svarede 0,3 procent samlede vindkraftproduktion år . 2019 ligefrem sat rekord , vindmøller solceller tilsammen stod 133 procent elforbruget søndag 15. september . Faktisk lå produktionen vindmøllerne 160 procent forbruget timerne mellem 2 3 nat . Svaret , kan bygge , alligevel klart nej . regeringens Klimaplan langt komme situation , kan håndtere teknisk ved hjælp fleksibelt elforbrug stærke udlandsforbindelser , lyder fagfolk . Risikoen underudbygge langt større , sker , adgangen VE-el flaskehals elektrificeringen Danmark – gælder især , alvor bag tankerne PtX . kan altså godt , sidste ende målet 2030 , vejen derhen belagt CO2-emission , undgået . andre ord tippet forkerte side svære balancegang mellem produktion forbrug VE .",-4.0
,2020-06-09 00:00:00,Cowi-rapport: Regeringens energiøer giver dyrere havmøllestrøm,Ingeniøren,Link,"Regeringens energiøer koster flere milliarder mere samme antal GW traditionelle havvindmølleparker , viser ny rapport Cowi . flere milliarder kroner dyrere etablere to såkaldte energiøer , strømmen omgivende havmøllepark samles , regeringen foreslår klimaudspil , etableres traditionelle havvindmølleparker tættere land . viser ny rapport konsulentfirmaet Cowi , vegne Energistyrelsen gennemført finscreening danske havarealer undersøge muligheden etablere enkeltstående havvindmølleparker direkte forbindelse land såvel flere sammenhængende havvindmølleparker tilkoblet energiøer . rapporten estimerer Cowi , enkelt havvindmøllepark Nordsøen installeret effekt 1 GW koster knap 15,8 milliarder kroner samlede investeringsomkostninger . Tre enkelte havvindmølleparker ender altså koste 47,8 milliarder kroner 3 GW . samlede investeringsomkostninger energiø effekt 3 GW estimeres Cowi koste 58,2-58,6 milliarder kroner . Sammenlignet tre traditionelle havvindmølleparker direkte forbindelse land vurderer Cowi altså , regeringens energiøer koste omkring 11 milliarder kroner mere samlede investeringsomkostninger – svarende merpris 23 procent . Cowi estimeret levetidsomkostningerne per kWh baseret endelige energiproduktion samt samlede investerings- drifts- vedligeholdelsesomkostninger levetid 30 år diskonteringsrate 8 procent . vurderes , gennemsnitlige omkostninger hele levetiden ( LCoE ) enkelte havvindmølleparker Nordsøen udgør 0,40 kroner pr . kWh , mens samme tal energiø ligger 0,46-0,49 kroner pr . kWh . Cowi-rapporten nævnes , sket opdatering områderne , dels baseret » ny information interesser dele områderne dels baseret ændringer forudsætningerne økonomiske beregninger « . » givet politisk opdrag afsøge muligheder etablere flere såkaldte energiøer/hubs havområder uden , omfattet 2018 finscreeningen . etableringen sådanne energiøer/hubs åbnes muligheden bygge væsentlig flere havvindmølleparker nye områder , « skriver Cowi . Stadig ønske traditionelle havvindmøller Ifølge Martin Risum Bøndergaard , politisk chef sektorfællesskabet vind , Wind Denmark , så overraskende , Cowi kommer frem , billigere bygge enkeltstående parker tættere land . » bør selvfølgelig tage højde politisk , så fortsat satser få billigst mulig havvind ved bygge enkeltstående parker , samtidig satser store visioner energiøer dermed skaber mulighed udnytte havvindressourcerne længere land eksportere grønne energi resten Europa , « siger . Martin Risum Bøndergaard mener , uklogt , Folketinget vælger » lægge havvindmølle-æggene kurv « ved udelukkende satse energiøerne vinker farvel tre havvindmølleparker Energiaftalen 2018 . » så gør havvindsatsningen dyrere nødvendigt , vinker farvel rigtig attraktive billige havvindmølleparker , ligge rigtig godt forhold ønsket regeringen , Danmark stærk nye teknologi energilagring -konvertering via såkaldte power-to-x , bruger energi vind konvertere brint flydende brændsler , « siger . Direktør Rådet Grøn Omstilling Claus Ekman håber , regeringen fastholder planerne etablere mest omkostningseffektive havvindmøller . undrer , finansloven sidste år afsat flere millioner lave undersøgelser energiøerne , regeringen meldt , etableres inden 2030 uden fremlægge resultaterne undersøgelserne . » Regeringen forhippet to energiøer inden 2030 stedet rent faktisk få sat havvind , mangler stadig konkrete forslag finansiering faste datoer udbuddene . travlt , tager typisk seks , syv otte år , politiske beslutning havvindmølleprojekt træffes , står færdigt , « siger . Claus Ekman mener , handler få udbudt tilstrækkelige GW inden 2030 , GW udbydes traditionelle havvindmølleparker . » Samtidigt fornuftigt kigge længere horisonten , så sigt kan få afklaret økonomien – tiden inde – begynde etableringen energiøer . tror , høj grad regeringen handler signaler , fint , fokuserer , laves energiøer , præmaturt melde , inden 2030 . fine signaler , regeringen nødt mere konkret , « siger . helt ny epoke Regeringen meldte del første del klimahandlingsplanen 20. maj , ønsker etablere to energiøer havvind , levere 4 GW havvind mere dobbelt så , opført dag . smule mere konkret foreslås etablere to energiøer inden 2030 : Nordsøen 2 GW plads mindst 10 GW sigt Østersøen 2 GW . Energiøerne kun producere strøm , sigt tilkoble teknologier , kan lagre omdanne grønne strøm eksempel brændstoffer ( såkaldt power-to-x ” ) . Klimaminister Dan Jørgensen ( S ) sagde pressemeddelelse forbindelse præsentationen klimahandlingsplanen , » etableringen verdens to første energiøer tager hul helt ny epoke danske vindeventyr « . » øger mængden havvind massivt , samtidig gøre muligt bruge grønne strøm tanken lastbiler , fragtskibe fly . præsenterer pakke , både leverer CO2-reduktioner kort sigt lægger udviklingsspor fremtidens klimaneutrale Danmark , « forklarede .",2.0
,2020-06-10 00:00:00,Rådgiver om power-to-x: Samspil mellem vind og elektrolyseanlæg bliver svært,Ingeniøren,Link,"teknisk rådgiver partnerskabet bag ambitiøse power-to-x-projekt Storkøbenhavn ser Cowi primært projektet ny kobling allerede eksisterende teknologier Samspillet mellem variabel elforsyning havmølleparkerne , stabil brændstofproduktion leverancer fjernvarme store udfordring , gælder design stort power-to-x-anlæg . forklarer teknisk chef Jeppe Grue Cowi , valgt teknisk rådgiver store power-to-x-vision , nylig lanceret blandt andre Ørsted , Mærsk Københavns Lufthavne . » store udfordring ligger få power-to-x-anlægget køre fleksibelt , så kan spille sammen el- varmesystemet opsuge store variationer elproduktionen , vedvarende energikilder naturligt byder , « påpeger tilføjer , sandsynligvis nødvendigt mellemlagre brint få hele hænge sammen . store power-to-x-projekt løbet næste ti år etablere produktion først grøn brint senere grønne brændstoffer metanol jetbrændstof ( kerosen ) fly søtransport basis elektrolyse . Ingeniøren prøvet få sat lidt flere tal store projekt , simpelthen fastsat afklaret endnu . Kører tre etaper Teknisk chef Jeppe Grue gerne forklare , handler , hvordan enkelte teknologier bedst muligt spiller sammen : » enkelte elementer projektet set eksisterende velkendte teknologier . Vores opgave kombinere bedst muligt ny måde samtidig skalere løsningerne industriskala , « siger tilføjer , få elektrolyseprojekter , allerede findes rundt verden , typisk mindre . Projektet køre tre etaper . Første etape , sættes værk 2023 , består 10 MW elektrolyseanlæg , producere grøn brint direkte brug busser lastbiler . Anlægget placeres Storkøbenhavn , Ørsted forvejen mindre brintprojekt undervejs blot 2 MW elektrolysekapacitet Avedøreværket . etape , realiseres 2027 , omfatter elektrolyseanlæg 250 MW . producerede brint kombineres opsamling bæredygtig CO2 punktkilder Storkøbenhavn , så kan fremstille metanol søtransport vedvarende jetbrændstof ( e-kerosin ) luftfartssektoren . Endelig tredje etape , elektrolysekapaciteten øges 1,3 GW 2030 . Anlægget årligt producere 250.000 ton bæredygtigt brændstof brug busser , lastbiler , skibe fly . svarer 30 pct . brændstof , tankes Københavns Lufthavn . Strøm 3 GW havvind Strøm elektrolyseprocessen komme havmølleparker – 2027 nye havmøllepark ved Bornholm 2 GW , regeringen foreslået . forsyne 1,3 GW elektrolysekapacitet kræves ifølge projektpartnerne 3 GW havmøllekapacitet , projektpartnerne foreslår derfor parken udvidet . Spørger Ørsted , hvorfor kapaciteten så stor , forklares , vindmøllerne kører hele tiden . Ørsted regner , havmølleparker producerer fuld tryk 47 pct . tiden . ting , afklares , hvilken type elektrolyse anvendes brintproduktionen : alkalisk elektrolyse , PEM-elektrolyse SOEC , omvendt brændselscelle . » gerne hurtigt gang , så naturligt , koncentrerer tilgængelige teknologier , dér ligger alkaliske elektrolyse PEM-cellen lige , « forklarer Jeppe Grue . Energitab 30-40 pct . energitabet elektrolyseprocessen angår , så ligger tommelfingerregel mellem 30 40 pct. , peger Jeppe Grue , se effektiviteten hele anlægget ét , meningen , overskudsvarmen udnyttes fjernvarme . finde frem rette fysiske placering anlægget del Cowis opgave , endnu intet besluttet . Spørger igen Ørsted , så bekræfter pressemedarbejderen , taget stilling elektrolyseteknologien , heller besluttet , anlæggene ligge , formentlig placeret ved Avedøre Amager . Grøn sort CO2 kilde fabrikere grøn metanol grønt jetbrændstof kræves grøn CO2-kilde , CO2-kilden grøn , afhænger , CO2 ’ hentet røgen ved afbrænding fossile brændsler , røgen biomasse biogas . Ørsted oplyser , endnu lagt fast punktkilder , mest sandsynlige muligheder CO2 biomassekraftværker , affaldsfyrede værker kombination . » opmærksomme , affald indeholder andel biologisk baseret affald fossil baseret andel , forholde , ender vælge CO2 affaldsfyrede værker , « oplyser Ørsted mail . Projektet oplyst , 250.000 ton grønt brændstof reducere CO2-udledningen 850.000 ton CO2 2030 , erstatter tilsvarende mængde fossile brændsler . sammenligning angiver rapporten luftfartens klimapartnerskab , dansk luftfart dag udleder 3,2 mio . ton CO2 ( udenrigs indenrigs ) , hvorfor projektets produktion altså reducere udledningen luftfarten lidt fjerdedel , luftfarten får lov købe hele anlæggets produktion grønne brændstoffer . Dejligt , dyrt bygge elektrolyseanlæg kapacitet 1,3 GW elektrolyseanlæg hverken nogen lille billig sag . kigger eksempel Energifondens ‘ Roadmap Elektrificering ’ kan prisen 1,3 GW elektrolyseanlæg tilhørende havvind nemt løbe 24 mia . kroner anskaffelse , hvilket giver brintpris cirka 150 kroner pr . GJ . fremstille metanol jetfuel , stiger omkostningen faktor tre . Energinet skriver ‘ Systemperspektivanalyse ved 70 pct . havvind ’ marts år , regner , PTx-tiltag koster 1.500-3.000 kroner pr . ton sparet CO2 . sammenligning koster direkte elektrificering – altså brug el opvarmning , transport industrien 300-1.500 kroner pr . ton . Ifølge Klimarådet Klimapartnerskabet Energi forsyning betydeligt fokus power-to-x ( herunder CCU ) grund dets fremtidspotentiale , groft estimeret omkostningerne ved PtX 5-7 mia . kr . reduktionspotentialet 1,9 mio . ton svarende skyggepris 2.600-3.700 kr . pr . ton CO2 .",
,2020-06-22 00:00:00,Bred klimaaftale indgået: Her er hovedelementerne,Ingeniøren,Link,"Regeringen bredt flertal Folketinget indgået klimaaftale , sammen klimaaftalen affald giver CO2-reduktioner 3,4 mio . ton 2030 . næsten otte timers forhandlinger , begyndte finansminister Nicolai Wammen ( S ) søndag ved 17-tiden , regeringen næsten Folketingets partier undtagen Nye Borgerlige natten mandag blevet enige klimaaftale grøn omstilling energisektoren industrien . medfører aftalen sammen klimaftalen affald CO2-reduktioner 3,4 mio . ton 2030 , fremgår Klima- , Energi- Forsyningsministeriets faktaark aftalen . » aftalen dag går Danmark igen forrest grønne omstilling , samtidig baner vejen grøn genopretning økonomien største langsigtede infrastrukturinvesteringer nogensinde , « lyder finansminister Nicolai Wammen ( S ) pressemeddelelse . » stolt , lykkedes lave bred grøn aftale , både får tættere nå vores klimamål , sigt skabe tusindvis danske grønne arbejdspladser , « udtaler . Verdens første energiøer etableres Aftalen betyder , Danmark første land verden påbegynder etableringen to energiøer inden 2030 5 GW – ene Bornholm kapacitet 2 GW , mens bygges kunstig ø Nordsøen kapacitet 3 GW . Derudover fremrykkes etableringen park 2 energiaftale 18 ca . 1 GW ved Hesselø . Dvs . 6 GW havvind mere tre gange så Danmarks nuværende mængde havvind . Energiøerne producere strøm sigt tilkobles teknologier , kan lagre omdanne grønne strøm grønne brændstoffer , såkaldt power-to-x . » etableringen verdens to første energiøer verdens største satsning grønne brændstoffer tager Danmark alvor globalt klimalederskab igen . viser resten verden , klimahandling økonomisk genopretning går hånd hånd . glad aftalen dag gerne sige stor tak partierne bag aftalen , « lyder klimaminister Dan Jørgensen ( S ) pressemeddelelse . Hertil prioriteres initiativer , sikrer overgang markedsdrevet udbygning solceller landvind . Blandt andet fortsættes teknologineutrale udbud 2020 2021 . Investeringer fangst CO2 Power-to-X Partierne enige afsætte , svarer 800 mio . kr . årligt indfaset 2024 pulje , målrettes fangst lagring CO2 . Puljen medfører reduktioner 0,9 mio . ton . CO2 pr . år 2030 understøtte løsninger , kan indfange CO2 eksempel industrien så bruge . Samtidig etableres statslig pulje , støtte etableringen power-to-x-anlæg storskala 100 MW , mere fem gange så kapacitet største anlæg , findes verden dag . Grøn omstilling industrien afsættes 2,5 mia . kr . 2020-30 form tilskudspulje elektrificering energieffektivisering industrien . Samtidig afsættes 2,9 mia . kr . frem 2030 biogas andre grønne gasser , nødvendige særligt industrien , grøn strøm kan bruges . Effektiv brug energien renoveringer stilles krav energibesparelser statslige bygninger frem 2030 afsættes midler målrettet energieffektiviseringsindsats , digitale værktøjer understøtte energirenoveringsindsatsen . Tiltagene bygger videre grønne boligaftale , afsættes 30 mia . kr . Landsbyggefonden renoveringer almene boliger suspenderingen anlægsloftet kommuner regioner 2020 samt tilskuddet grønne investeringer 1 mia . kr . 2021 . Grøn varme Aftalen indeholder lempelse afgifterne grøn strøm opvarmning forhøjede afgifter sort varme . Afgiften bortfalder helt både elbaseret overskudsvarme , f.eks . overskudsvarme datacentre supermarkeder , overskudsvarmen certificeret underlagt tilsvarende aftaleordning , sikrer energieffektivisering overskudsvarmeleverandøren . aftalt give støtte udfasning olie- gasfyr samt fjerne forbrugerbindingerne naturgas . Kravet , fjernvarmeanlæg steder producere både el varme , ophæves , samtidig indføres lovkrav bæredygtighed ved brug træbiomasse . Konkret afsættes 2,3 mia . kr . udskifte olie- naturgasfyr grøn varme . Varmepakken mindsker drivhusgasudledningerne 0,7 mio . ton CO2 2030 . Grøn transport Resterende midler ‘ Puljen grøn transport ’ fremrykkes udmøntes 2020 2021 , tilføres yderligere 50 mio . kr . grønne omstillingen transporten . Midlerne målrettes bl.a . ladestandere , tung transport færger . Regeringen sommerferien 2020 præsentere samlet sektorhandlingsplan transport , fremgår faktaarket klimaaftalen . Grøn skattereform Partierne blevet enige grøn skattereform CO2-afgift , detaljerne udestår fortsat . sommerferien kigges grønne skattereform , gøre mere attraktivt vælge grønne løsninger frem sorte . Hele aftalen kan findes . Rettelse : Før stod , ene energi etableres 'ved ' Bornholm , henvendelse opmærksom læser rettet , selve Bornholm , energiøen , fremgår regeringens faktaark første del klimahandlingsplanen .",
,2020-06-22 00:00:00,"Baggrund: Klimaaftale for energi og industri tager de første, nødvendige skridt",Ingeniøren,Link,"Ny klimaaftale leverer store CO2-reduktioner , får » fikset « lang række formelle hindringer eksempelvis mere fjernvarme , får samtidig udlagt langsigtede teknologispor CO2 reduktion bare 3,4 mio . ton CO2 2030 netop genberegnet manko 20 mio . ton – så lyder nye klimaaftale energi industri ved første øjekast særlig ambitiøs . mindst fordi 3,4 mio . ton reduktion inklusive 0,7 mio . ton CO2 reduktion , affaldsaftalen forleden bidrog . kikker nærmere indholdet , får aftalen dels ryddet masse uhensigtsmæssigheder formelle hindringer grønne omstilling , generet år ; dels lagt sporene udvikling udrulning vigtige teknologier – CCS , CCU Power-to-X - levere grønne løsninger sektorer samfundet , bare kan elektrificeres . Forældede barrierer fjernet først fremmest indenfor området » grøn varme danskerne « , ryddet fjernet lang række forældede barrierer , især fjernvarmen kæmpet . handler afskaffe såkaldte kraftvarmekrav ( producere el varme sammen ) , modarbejdet varmepumper fjernvarmen ; brændselsbinding naturgas krav , nye fjernvarmeprojekter matches fossile alternativer samfundsøkonomisk beregning . Elvarmeafgiften sænkes , så fremmer udnyttelse overskudsvarmen så står aftalen , afskaffe forbrugerbindingen naturgas . private forbrugere handler få gang udskiftningen olie- naturgasfyr varmepumper , ske via kombination sænkning elvarmeafgiften kontante tilskud udskiftningen – måske udvidet særlig låneordning borgere manglende finansieringsmuligheder , hvilket politikerne enige undersøge behovet . Landmølleloft fjernes industrien rummer aftalen tilskud energieffektivisering omlægning energiforbruget fossile brændsler el – især indenfor intern transport landbrug- fremstillingserhverv . Endelig indeholder aftalen nyt støtteregime biogas andre grønne gasser 2024 form puljer udbud , projekterne så konkurrere . Især industrien ser grønne gasser alternativ grøn energiforsyning processer , fossiler brændsler kan udskiftes el . så fremtidige rammer udbygning land vind sol lagt fast forlængelse Energiaftalen uenighed blandt andet politisk loft antallet landmøller , nye klimaaftale udskudt 2040 . Samtidig indeholder aftalen ny afregningsmodel VE-strøm – branchen længe efterlyst - samt forskellige kompensationer naboer kommuner , siger ja vindmøller nabolaget . Energiøer 5 GW havvind langsigtede teknologi-spor udgøres første udgøres to omtalte energi-øer ; én Nordsøen én , selve Bornholm . Øerne etableres inden 2030 tilkoblet 5 GW havvind ; blandt andet tredje tre aftalte havmølleparker Energiaftalen 2018 . Øerne bidrager kun ganske lille CO2-reduktion 2030 , betragtes vigtigt trin hen imod stor-skala offshore vindkraft , både kan eksporteres indgå leverandør brint-produktion grønne brændstoffer , kan produceres herudfra . Forud aftalen regeringen blevet kritiseret forsinke havmølleparkerne energiaftalen 2018 , fordi indgå energi-øerne . nye aftale bestemt , park nummer to 2018-aftalen fremskyndes sættes drift ved Hesselø senest 2027 . Udbud pulje CCS-anlæg angår CCS- CCU-teknologierne , så etablerer partierne teknologineutral markedsbaseret pulje 202 mio . kroner 2024 – voksende 814 mio . 2029 fremad . Støtten løbe 20 år partierne beslutte konkrete udmøntning baggrund oplæg regeringen . regner , CCS kan bidrage 0,9 mio . ton CO2 reduktion allerede 2030 dermed øjensynligt lyttet helt del Klimarådet , netop fremhæver CCS mest økonomiske måde reducere CO2 udledningen frem CCU ; CO2 udnyttes produktion grønne brændstoffer . angår Power-to-X-teknologien , partierne gerne etablere partnerskab eksterne aktører tilskudsordning gennem statsligt udbud PtX-anlæg , bl.a . bidrage reducere produktionsomkostninger grøn brint . endnu udmøntet hverken beløb rammer ; ske aftale mellem partierne baggrund oplæg regeringen , partierne noterer , allerede indgået aftale Nederlandene statistisk overførsel VE-andele , giver provenu minimum 750 mio . kr. , gå finansiering tilskudsordningen PtX-projekter . Masser analyser konkrete forslag , så rummer aftalen løfter udarbejdelse strategier oplæg , danne baggrund nye initiativer . eksempel udarbejdes samlet strategi CO2-fangst , lagring anvendelse ( CCUS ) PtX Danmark . Strategien understøtte udbredelsen fremtidens grønne løsninger . Regeringen ligeledes præsentere elektrificeringsstrategi scenarier primo 2021 , så parterne aftalt , udarbejdes analyse mulighederne udfase olie naturgas husholdningernes opvarmning . glemme helt store elefant glasbutikken , nemlig grøn skattereform , regeringen stort pres indvilget tage aftalen . står , grøn skattereform via generelle prissætning klimagasudledninger » hovedmotorerne nedbringe CO2e-udledningen dele danske samfund uden borgere virksomheder samlet betaler mere skat , følge reform. « Regeringen udarbejde oplægget grøn skattereform indkalde forhandlinger herom efteråret 2020 . Aftalens initiativer koste 22,5 mia . kroner , prioriteres frem år 2030 . 3,1 mia . kr . finansieres via reserver knap 6,0 mia . kr . finansieret via øvrige puljer , omprioriteringer mv , mens resten - 13,4 mia . kr . - håndteres overordnede tilrettelæggelse finans- udgiftspolitikken . God for-øvelse nye aftale selvfølgelig blevet kritiseret ; grønne organisationer ambitiøs nok brancheforeningerne mangle hint give vished dermed sikkerhed nok frem tiden investorerne grønne teknologier . værd minde , aktuelle klimaaftale blot nummer to rækken sektor-handlingsplaner , ifølge klimaloven tilsammen vise , hvordan nå vores 70 procent klimamål 2030 . værd huske , kollektiv forsyning opvarmning ifølge seneste Basisfremskrivning kun står 5 procent vores samlede CO2-emissioner 2030 , mens erhverv industri tegner 20 pct . sige , politikerne endnu gode gå kødet sektorerne helt store udledninger 2030 , nemlig transport landbrug , skove øvrig arealanvendelse , samlet set udgør 69 pct . fremskrevne udledning 2030 . Klimaaftalen energi industri bestemt del observatører set øvelse forud helt store sværdslag landbrug , transport skove .",
,2020-10-19 00:00:00,Banebrydende havbaseret elnet går i prøvedrift tirsdag,Ingeniøren,Link,"Projektet forventes først kommerciel drift engang december . systemet kommer danne skole net-tilslutning fremtidens energiøer . to energiministre EU Kommissær tirsdag indvier nyt banebrydende havbaseret elnet , » Kriegers Flak Combined Grid Solution « ( CGS ) , så nettet endnu officielt sat kommerciel drift ; sker først medio december . stedet starter to måneders prøvedrift elnettet , overførselskapacitet 400 MW . Energinet tyske samarbejdspartner , 50 Hertz , teste feature , nyskabende hele projektet : tilslutningskablerne mellem én dansk to tyske havmølleparker samtidig kan anvendes transportere strøm mellem landene , blæser . system , kommer danne skole net-tilslutning energiøer , regeringen dens aftalepartier vedtaget arbejde . » teste system , – basis vindprognoser – forudsige , hvilken transportkapacitet mellem landene , kan byde elmarkedet , « siger projektleder Per Obbekjær Energinet . forventer , ABB overdrage konverteranlægget dag morgen projektpartnerne , så starter testen , regner tage par måneder . Bruger Kontek kabel testen » heldigvis endnu kabel mellem Tyskland Danmark , nemlig Kontek-Kablet , indgår testen måde , eksempel prøve sende bestemt mængde effekt omformeren nord , så kan tilsvarende skrue effekten Kontek-kablet , måde mærker markedet nogen forskel , « forklarer . Testen udføres samarbejde mellem Energinets kontrolcenter Skærbæk 50 Hertz ’ Berlin . Fordi Østdanmark Tyskland tilhører hver synkronområde , nødvendigt etablere dobbelt omformeranlæg eksisterende transformerstation Bentwisch nær Rostock Nordtyskland . ene omformeranlæg ændrer vekselstrømmen nordiske elsystem jævnstrøm . andet omformeranlæg ændrer jævnstrømmen tilbage vekselstrøm , synkroniseret europæiske elsystem . Ved eksport Tyskland Danmark sker modsatte . Back-to back gav problemer såkaldte back-to-back systemer , ABB leveret tidligere tekniske udfordringer . problemer ifølge Per Obbekjær overvundet , anlægget klar afleveret . Kriegers Flak havmøllepark , får samlet effekt 600 MW , forbindes danske elnet to stk . 220 kilovolt kabler , mens tyske park Baltic 2 forbindes tyske elnet 150 kilovolt kabler . Forskellene spændingsniveau betyder , behov etablere 150/220 kilovolt transformerstation havet , opført tæt ene to danske offshore transformerstatione Kriegers Flak Combined Grid Solution koster cirka 2,25 mia . kroner , hvoraf halvdelen betalt EU .",
,2020-11-18 00:00:00,Lækkede dokumenter: EU sigter mod 2500 procent vækst i havmøller i 2050,Ingeniøren,Link,"EU-Kommissionen sigter 300 GW havvind 2050 , kræve helt nyt rammeværk investeringer 789 milliarder euro , fremgår lækket dokument . » Kommissionen anslår , installeret kapacitet 300 GW havvind ( ca . 60 GW havenergi ) 2050 nødvendigt integrerede , grønnere klimaneutrale energisystem 2050. « fremgår lækket dokument EU Kommissionens strategi offshore-produktionen vedvarende energi , mediet Euractiv offentliggjort . Euractiv forventer , EU-Kommissionen præsenterer strategien torsdag 19. november . lækkede strategi fremgår , Europa » uovertruffen teknologisk , videnskabelig industriel erfaring « stærk kapacitet hele forsyningskæden lige fremstilling levering installation . » desto mindre udfordrende horisont . betyder , offshore vedvarende energikapaciteten 25 gange højere 2050 . nødvendige investeringer vurderes 789 milliarder euro , « står . set tilsvarende samlede europæiske offshore-kapacitet ligger dag 23 GW , installeres omkring 3 GW året . nuværende politikker planlagte installationer kun medføre omkring 90 GW 2050 . hastighed kræver stigning 2500 procent frem 2050 , række » lovgivningsmæssige praktiske hindringer « overvindes , fremgår dokumentet . » gå 300 GW vind- 60 GW havenergi betyder massiv ændring sektorens skala mindre 30 år hastighed , set tilsvarende nogen tidligere energiteknologier , « står . EU-Kommissionen foreslår derfor ny EU-strategi nå 60 GW havvind 1-3 GW havenergi inden 2030 , bane vejen nå målet 2050 . Flere hybridprojekter EU-Kommissionen lægger , medlemslandene samarbejde større havvindmølleprojekter form 'hybridprojekter ' , EU-lovgivningen området dag gør aftaler mellem landene komplicerede . EU-Kommissionen nævner havvindmølleparken ‘ Kriegers Flak ’ Østersøen forbundet både Danmark Tyskland hybridprojekt , øjeblikket hører overgangsordning grund manglende EU-lovgivning . » Innovative projekter energiøer 'hybridprojekter ' står særlige udfordringer nuværende rammeværk udviklet sådanne projekter tankerne , « fremgår . Kommissionenen foreslår derfor rammeværk hybridprojekterne , » mellemliggende trin mellem nationale projekter mindre skala fuldt integreret offshore energisystem -net « . Kina udfordrer dag 5.047 europæiske havvindmøller samlet set kapacitet 23 GW tværs 12 lande inkluderet Storbritannien , forlod EU januar . Storbritannien Europas største havvindmøllekapacitet 45 procent samlede kapacitet , efterfuldt Tyskland 34 procent så Danmark 8 procent . Belgien Holland står henholdsvis 7 5 procent samlede europæiske havvindmøllekapacitet . selvom Europa verdens førende inden offshore-vindenergi , så udfordres lederskab Kina Indien , » næsten halvdelen globale offshore-vindinvesteringer 2018 skete Kina « , fremgår lækkede dokument EU-Kommissionen . Rettelse : Tidligere stod , EU sigter stigning 250 procent 2050 . fejl . stigning 2500 procent forhold dag . Altså 25 gange . Tak opmærksom læser , gjorde opmærksom fejlen . Rettelse : 2. juli 2021 : Tidligere stod : » dag generer 5.047 europæiske havvindmøller samlet set 23 GW året tværs 12 lande inkluderet Storbritannien , forlod EU januar. « fejl rettet , kapaciteten produktionen .",
,2020-11-23 00:00:00,World Economic Forum: Alle fly kan flyve på bæredygtige brændstoffer i 2030,Ingeniøren,Link,"Kommunalt affald restprodukter landbruget findes rigelige mængder , hvert år kan produceres 500 millioner ton bæredygtige flybrændstoffer . Danmark kan markedsleder . 2019 stod flyindustrien omkring tre procent samlede menneskeskabte CO2-udledning . findes materialer nok , allerede 2030 kan produceres bæredygtige flybrændstoffer opfylde hele globale flyindustris behov . melder The World Economic Forum ( WEF ) forbindelse rapporten ‘ Clean Skies Tomorrow : Sustainable Aviation Fuels as a Pathway to Net-Zero Aviation ’ . Hybridelektriske- brintfly kan hjælpe flyindustrien nedbringe CO2-udledning , tager 10-20 år , før udvikles implementeres større skala . Bæredygtige flybrændstoffer udgør derfor mest lovende løsning kort sigt , lyder . Materialer kommunalt affald restprodukter landbruget findes rigelige mængder , hvert år kan produceres 500 millioner ton bæredygtige flybrændstoffer , hvilket skønnes samlede flyindustris behov 2030 . findes række barrierer , overvindes , før produktionen bæredygtige flybrændstoffer attraktiv nærmer prisen fossile brændstoffer . Én procent behovet 2030 2019 produceret mindre 200.000 metriske ton bæredygtige flybrændstoffer . Produktionen udgjorde dermed lille del kommercielle flyselskabers samlede forbrug omkring 300.000 millioner ton brændstof . ser nuværende kapacitetsinvesteringer bæredygtige flybrændstoffer , så kommer produktionen ligge fire millioner ton årligt 2030 , hvilket svarer blot omkring én procent behovet flybrændstoffer 2030 . Ifølge World Economic Forum kræver overgangen bæredygtige flybrændstoffer først fremmest , produktionen opskaleres , udvikles nye teknologier , indgås » betydelige samarbejder « . påpeges , største udfordring udvikle nødvendige kommercielle finansieringsmæssige tiltag , incitamenter reguleringer . Klassisk catch-22 Lande lave priser vedvarende energi let adgang råmaterialer kan ifølge World Economic Forums afdelingschef transportindustrien , Christoph Wolff , udnytte aktuelle coronakrise førende producenter bæredygtige flybrændstoffer . » strukturelle ændringer , sker branchen , mulighed genopbygge overgå lav-kulstof fremtid imødekomme forbrugernes bæredygtighedskrav , « udtaler Christoph Wolff pressemeddelelse The World Economic Forum . dag koster bæredygtige flybrændstoffer omkring dobbelte konventionelle flybrændstoffer , produktionen opskaleres , kommer prisen falde , lyder Daniel Riefer , luftfartsekspert McKinsey & Company , udarbejde rapporten . påpeger , gælder samme catch-22-problem , oplever andre diskussioner overgangen vedvarende energiformer , utilstrækkelige produktion holder prisen pr . enhed oppe , høje priser igen holder efterspørgslen nede . » strukturelle løsninger kan føre vej blindgyde - B2B-kontrakter , prioriterede luftfarts- lufthavnsafgiftstrukturer så videre . give brændstofproducenter nødvendige støtte investere produktionskapacitet , « siger Daniel Riefer . Selvom prisen bæredygtige flybrændstoffer falder , så 2030 fortsat dyrere producere fossile brændstoffer , forskel kan udlignes ved stigende priser kulstof , fremgår rapporten The World Economic Forum . Danmark kan markedsleder Ifølge Luftfartens Klimapartnerskabs afrapportering regeringen maj år Danmark » oplagt mulighed markedsleder omstillingen « , » kan udvikle producenter bæredygtige brændstoffer , fremfor bare konsumenter « . Klimapartnerskabet foreslår , etableres klimafond stimulere udbud efterspørgsel bæredygtige brændstoffer , finansiere hovedparten meromkostningerne forbundet grønne omstilling. » Ved stimulere udbud efterspørgsel bæredygtigt brændstof kan luftfarten således trækkraft grønne investeringer Danmark , hvilket skabe flere arbejdspladser samt danne grundlag balancering el-systemet effektive sektorkoblinger landbruget , affalds- plastsektoren o.l , « fremgår rapporten . Kæmpeanlæg Storkøbenhavn maj meldte nyt partnerskab Ørsted spidsen , 2023 klar første del anlæg 10 MW , kan producere bæredygtige brændsler baseret strøm vindmøller . Anlægget placeres Storkøbenhavn blandt andet forsynes energi kommende energiø Bornholm . anlægget fuldt udbygget 2030 , brug 1.300 MW el produktionen brændsler ligge cirka 250.000 ton årligt . Dermed erstatte fossile brændsler vej- , sø- lufttransport spare atomosfæren 850.000 ton CO2 årligt , skrev Ørsted pressemeddelelse . 2019 stod flyindustrien omkring tre procent samlede menneskeskabte CO2-udledning . findes materialer nok , allerede 2030 kan produceres bæredygtige flybrændstoffer opfylde hele globale flyindustris behov . melder The World Economic Forum ( WEF ) forbindelse rapporten ‘ Clean Skies Tomorrow : Sustainable Aviation Fuels as a Pathway to Net-Zero Aviation ’ . Artiklen fortsætter annoncen Læs : Transportminister taler flyvningens klimakonsekvenser Hybridelektriske- brintfly kan hjælpe flyindustrien nedbringe CO2-udledning , tager 10-20 år , før udvikles implementeres større skala . Bæredygtige flybrændstoffer udgør derfor mest lovende løsning kort sigt , lyder . Materialer kommunalt affald restprodukter landbruget findes rigelige mængder , hvert år kan produceres 500 millioner ton bæredygtige flybrændstoffer , hvilket skønnes samlede flyindustris behov 2030 . findes række barrierer , overvindes , før produktionen bæredygtige flybrændstoffer attraktiv nærmer prisen fossile brændstoffer . Én procent behovet 2030 2019 produceret mindre 200.000 metriske ton bæredygtige flybrændstoffer . Produktionen udgjorde dermed lille del kommercielle flyselskabers samlede forbrug omkring 300.000 millioner ton brændstof . Artiklen fortsætter annoncen ING/Jobfinderchevron_right Opret jobannonce Tilpas Nature Energy Senior Project Manager - Permitting & Project Leadership Viegand Maagøe A/S Erfaren elingeniør implementering industrielle energisystemer opbygning el-team Genitor ApS Viborg Kommune søger ny Direktør Teknik Miljø Priess A/S Technical Project Manager energiforsyning BIOFOS Bliv Chef Asset Management led gennem analyse , kommunikation nysgerrighed Teknologisk Institut Compliance-ingeniør - gerne erfaring inden ATEX Sweco Danmark A/S forme fremtiden Sweco Esbjerg ? Aabenraa Kommune Projektledere vejanlæg Aabenraa Kommune Sweco Danmark A/S Operational HSE Specialist inden anlæg infrastruktur Fluidan ApS Instrument Technologist – Unique Process Instrumentation Danmarks Tekniske Universitet DTU Associate Professor or DTU Tenure Track Assistant Professor in Water Supply and Water Distribution Systems - DTU Sustain Aarhus Maskinmesterskole Aarhus Maskinmesterskole søger engagerede nye kollegaer kompetencer inden håndværk , teknik automation Danmarks Tekniske Universitet DTU Associate Professor or DTU Tenure Track Assistant Professor in Sustainability Assessment of Water Infrastructure - DTU Sustain Fluidan ApS Application Specialist / Rheology Danmarks Tekniske Universitet DTU Associate Professor or DTU Tenure Track Assistant Professor in Data Aquisition in Water Systems - DTU Sustain Inteka Rådgivende Ingeniører ApS Dygtig engageret ingeniør specialisering inden konstruktioner vores voksende team Novafos A/S Koordinerende dataspecialist – Sæt dit præg fremtidens anlægsdata afløbsområdet Forsvarsministeriet Frisk ingeniør Forsvarets nye F-35A kampfly Fort Worth USA Novafos A/S BI-dataspecialist analyse , rapportering formidling afløbsområdet Energy Solutions Mechanical Engineer Sweco Danmark A/S Ventilationsspecialist eksisterende byggeri specialer Petri & Haugsted A/S Petri & Haugsted søger nyuddannede ingeniører Trelleborg Sealing Solutions Denmark A/S Quality Inspector & Measuring Specialist Sweco Danmark A/S El-ingeniør fokus forsyning Viegand Maagøe A/S Mekanisk Specialist fremtidens industrielle energisystemer ISC Rådgivende Ingeniører A/S Erfaren maskinmester HVAC-ingeniør søges installationsafdeling Sweco Danmark A/S Teamchef geoteknisk afdeling HOFOR Teknisk kunderådgiver specialist fjernvarme Sweco Danmark A/S Geofysiker Silkeborg Satlab A/S Mixed-signal Hardware Development Engineer Teknologisk Institut Centerchef Fødevareteknologi Sweco Danmark A/S Operational HSE Specialist inden anlæg infrastruktur Teknologisk Institut Konsulent inden asbestrådgivning selektiv nedrivning Geopal System A/S vores næste elektroingeniør ? Banedanmark Tekniske specialister strømområdet ved jernbanen Gladsaxe Kommune Projektleder , arbejde grøn omstilling transformation Professionshøjskolen Absalon Adjunkter lektorer diplomingeniøruddannelsen bioteknologi Region Midtjylland Medicoteknisk rådgiver erfaring inden laboratorieområdet Sweco Danmark A/S Projekterende BIM kyndig IKT-leder Teknologisk Institut Ingeniører Rådgivnings- Certificeringsopgaver inden CE-mærkning Skanderborg Kommune Vejingeniør anlægsprojekter Sweco Danmark A/S Fagligt dygtig VVS-medarbejder Genitor ApS ProVarde Varde Kommune søger Strategisk Erhvervspartner Sweco Danmark A/S Energiingeniør/Kølespecialist udfordrende energiprojekter Energinet Experienced Overhead Line Engineer NEXEL Afdelingsleder området Relæer , RTU dokumentation Sweco Danmark A/S Projektleder søges byggeri Aalborg – byg fremtiden ! ISC Rådgivende Ingeniører A/S Erfaren VVS- ventilationsingeniør installationsafdeling Energinet Power System Specialist transient analyses ISC Rådgivende Ingeniører A/S Lead Specialist HVAC vores installationsafdeling Nature Energy Senior Project Manager - Permitting & Project Leadership Viegand Maagøe A/S Erfaren elingeniør implementering industrielle energisystemer opbygning el-team Genitor ApS Viborg Kommune søger ny Direktør Teknik Miljø Priess A/S Technical Project Manager energiforsyning BIOFOS Bliv Chef Asset Management led gennem analyse , kommunikation nysgerrighed Teknologisk Institut Compliance-ingeniør - gerne erfaring inden ATEX Sweco Danmark A/S forme fremtiden Sweco Esbjerg ? Aabenraa Kommune Projektledere vejanlæg Aabenraa Kommune Sweco Danmark A/S Operational HSE Specialist inden anlæg infrastruktur Fluidan ApS Instrument Technologist – Unique Process Instrumentation Danmarks Tekniske Universitet DTU Associate Professor or DTU Tenure Track Assistant Professor in Water Supply and Water Distribution Systems - DTU Sustain Aarhus Maskinmesterskole Aarhus Maskinmesterskole søger engagerede nye kollegaer kompetencer inden håndværk , teknik automation Danmarks Tekniske Universitet DTU Associate Professor or DTU Tenure Track Assistant Professor in Sustainability Assessment of Water Infrastructure - DTU Sustain Fluidan ApS Application Specialist / Rheology Danmarks Tekniske Universitet DTU Associate Professor or DTU Tenure Track Assistant Professor in Data Aquisition in Water Systems - DTU Sustain Inteka Rådgivende Ingeniører ApS Dygtig engageret ingeniør specialisering inden konstruktioner vores voksende team Novafos A/S Koordinerende dataspecialist – Sæt dit præg fremtidens anlægsdata afløbsområdet Forsvarsministeriet Frisk ingeniør Forsvarets nye F-35A kampfly Fort Worth USA Novafos A/S BI-dataspecialist analyse , rapportering formidling afløbsområdet Energy Solutions Mechanical Engineer Sweco Danmark A/S Ventilationsspecialist eksisterende byggeri specialer Petri & Haugsted A/S Petri & Haugsted søger nyuddannede ingeniører Trelleborg Sealing Solutions Denmark A/S Quality Inspector & Measuring Specialist Sweco Danmark A/S El-ingeniør fokus forsyning Viegand Maagøe A/S Mekanisk Specialist fremtidens industrielle energisystemer ISC Rådgivende Ingeniører A/S Erfaren maskinmester HVAC-ingeniør søges installationsafdeling Sweco Danmark A/S Teamchef geoteknisk afdeling HOFOR Teknisk kunderådgiver specialist fjernvarme Sweco Danmark A/S Geofysiker Silkeborg Satlab A/S Mixed-signal Hardware Development Engineer Teknologisk Institut Centerchef Fødevareteknologi Sweco Danmark A/S Operational HSE Specialist inden anlæg infrastruktur Teknologisk Institut Konsulent inden asbestrådgivning selektiv nedrivning Geopal System A/S vores næste elektroingeniør ? Banedanmark Tekniske specialister strømområdet ved jernbanen Gladsaxe Kommune Projektleder , arbejde grøn omstilling transformation Professionshøjskolen Absalon Adjunkter lektorer diplomingeniøruddannelsen bioteknologi Region Midtjylland Medicoteknisk rådgiver erfaring inden laboratorieområdet Sweco Danmark A/S Projekterende BIM kyndig IKT-leder Teknologisk Institut Ingeniører Rådgivnings- Certificeringsopgaver inden CE-mærkning Skanderborg Kommune Vejingeniør anlægsprojekter Sweco Danmark A/S Fagligt dygtig VVS-medarbejder Genitor ApS ProVarde Varde Kommune søger Strategisk Erhvervspartner Sweco Danmark A/S Energiingeniør/Kølespecialist udfordrende energiprojekter Energinet Experienced Overhead Line Engineer NEXEL Afdelingsleder området Relæer , RTU dokumentation Sweco Danmark A/S Projektleder søges byggeri Aalborg – byg fremtiden ! ISC Rådgivende Ingeniører A/S Erfaren VVS- ventilationsingeniør installationsafdeling Energinet Power System Specialist transient analyses ISC Rådgivende Ingeniører A/S Lead Specialist HVAC vores installationsafdeling Nature Energy Senior Project Manager - Permitting & Project Leadership Viegand Maagøe A/S Erfaren elingeniør implementering industrielle energisystemer opbygning el-team Genitor ApS Viborg Kommune søger ny Direktør Teknik Miljø Priess A/S Technical Project Manager energiforsyning BIOFOS Bliv Chef Asset Management led gennem analyse , kommunikation nysgerrighed Teknologisk Institut Compliance-ingeniør - gerne erfaring inden ATEX Sweco Danmark A/S forme fremtiden Sweco Esbjerg ? Aabenraa Kommune Projektledere vejanlæg Aabenraa Kommune Sweco Danmark A/S Operational HSE Specialist inden anlæg infrastruktur Fluidan ApS Instrument Technologist – Unique Process Instrumentation Danmarks Tekniske Universitet DTU Associate Professor or DTU Tenure Track Assistant Professor in Water Supply and Water Distribution Systems - DTU Sustain Aarhus Maskinmesterskole Aarhus Maskinmesterskole søger engagerede nye kollegaer kompetencer inden håndværk , teknik automation Danmarks Tekniske Universitet DTU Associate Professor or DTU Tenure Track Assistant Professor in Sustainability Assessment of Water Infrastructure - DTU Sustain Fluidan ApS Application Specialist / Rheology Danmarks Tekniske Universitet DTU Associate Professor or DTU Tenure Track Assistant Professor in Data Aquisition in Water Systems - DTU Sustain Inteka Rådgivende Ingeniører ApS Dygtig engageret ingeniør specialisering inden konstruktioner vores voksende team Novafos A/S Koordinerende dataspecialist – Sæt dit præg fremtidens anlægsdata afløbsområdet Forsvarsministeriet Frisk ingeniør Forsvarets nye F-35A kampfly Fort Worth USA Novafos A/S BI-dataspecialist analyse , rapportering formidling afløbsområdet Energy Solutions Mechanical Engineer Sweco Danmark A/S Ventilationsspecialist eksisterende byggeri specialer Petri & Haugsted A/S Petri & Haugsted søger nyuddannede ingeniører Trelleborg Sealing Solutions Denmark A/S Quality Inspector & Measuring Specialist Sweco Danmark A/S El-ingeniør fokus forsyning Viegand Maagøe A/S Mekanisk Specialist fremtidens industrielle energisystemer ISC Rådgivende Ingeniører A/S Erfaren maskinmester HVAC-ingeniør søges installationsafdeling Sweco Danmark A/S Teamchef geoteknisk afdeling HOFOR Teknisk kunderådgiver specialist fjernvarme Sweco Danmark A/S Geofysiker Silkeborg Satlab A/S Mixed-signal Hardware Development Engineer Teknologisk Institut Centerchef Fødevareteknologi Sweco Danmark A/S Operational HSE Specialist inden anlæg infrastruktur Teknologisk Institut Konsulent inden asbestrådgivning selektiv nedrivning Geopal System A/S vores næste elektroingeniør ? Banedanmark Tekniske specialister strømområdet ved jernbanen Gladsaxe Kommune Projektleder , arbejde grøn omstilling transformation Professionshøjskolen Absalon Adjunkter lektorer diplomingeniøruddannelsen bioteknologi Region Midtjylland Medicoteknisk rådgiver erfaring inden laboratorieområdet Sweco Danmark A/S Projekterende BIM kyndig IKT-leder Teknologisk Institut Ingeniører Rådgivnings- Certificeringsopgaver inden CE-mærkning Skanderborg Kommune Vejingeniør anlægsprojekter Sweco Danmark A/S Fagligt dygtig VVS-medarbejder Genitor ApS ProVarde Varde Kommune søger Strategisk Erhvervspartner Sweco Danmark A/S Energiingeniør/Kølespecialist udfordrende energiprojekter Energinet Experienced Overhead Line Engineer NEXEL Afdelingsleder området Relæer , RTU dokumentation Sweco Danmark A/S Projektleder søges byggeri Aalborg – byg fremtiden ! ISC Rådgivende Ingeniører A/S Erfaren VVS- ventilationsingeniør installationsafdeling Energinet Power System Specialist transient analyses ISC Rådgivende Ingeniører A/S Lead Specialist HVAC vores installationsafdeling navigate_beforenavigate_next ser nuværende kapacitetsinvesteringer bæredygtige flybrændstoffer , så kommer produktionen ligge fire millioner ton årligt 2030 , hvilket svarer blot omkring én procent behovet flybrændstoffer 2030 . Læs : Flystriber skader klimaet mere flyenes CO2 – kun værre Ifølge World Economic Forum kræver overgangen bæredygtige flybrændstoffer først fremmest , produktionen opskaleres , udvikles nye teknologier , indgås » betydelige samarbejder « . påpeges , største udfordring udvikle nødvendige kommercielle finansieringsmæssige tiltag , incitamenter reguleringer . Klassisk catch-22 Lande lave priser vedvarende energi let adgang råmaterialer kan ifølge World Economic Forums afdelingschef transportindustrien , Christoph Wolff , udnytte aktuelle coronakrise førende producenter bæredygtige flybrændstoffer . skete ved Crowdstrike-nedbruddet ? Webinar skete ved Crowdstrike-nedbruddet ? It-sikkerhed » strukturelle ændringer , sker branchen , mulighed genopbygge overgå lav-kulstof fremtid imødekomme forbrugernes bæredygtighedskrav , « udtaler Christoph Wolff pressemeddelelse The World Economic Forum . dag koster bæredygtige flybrændstoffer omkring dobbelte konventionelle flybrændstoffer , produktionen opskaleres , kommer prisen falde , lyder Daniel Riefer , luftfartsekspert McKinsey & Company , udarbejde rapporten . Læs : Kæmpeanlæg Storkøbenhavn producere 250.000 ton flydende bæredygtige brændstoffer påpeger , gælder samme catch-22-problem , oplever andre diskussioner overgangen vedvarende energiformer , utilstrækkelige produktion holder prisen pr . enhed oppe , høje priser igen holder efterspørgslen nede . Artiklen fortsætter annoncen » strukturelle løsninger kan føre vej blindgyde - B2B-kontrakter , prioriterede luftfarts- lufthavnsafgiftstrukturer så videre . give brændstofproducenter nødvendige støtte investere produktionskapacitet , « siger Daniel Riefer . Selvom prisen bæredygtige flybrændstoffer falder , så 2030 fortsat dyrere producere fossile brændstoffer , forskel kan udlignes ved stigende priser kulstof , fremgår rapporten The World Economic Forum . Danmark kan markedsleder Ifølge Luftfartens Klimapartnerskabs afrapportering regeringen maj år Danmark » oplagt mulighed markedsleder omstillingen « , » kan udvikle producenter bæredygtige brændstoffer , fremfor bare konsumenter « . Klimapartnerskabet foreslår , etableres klimafond stimulere udbud efterspørgsel bæredygtige brændstoffer , finansiere hovedparten meromkostningerne forbundet grønne omstilling . NIS2 : implementerer art . 21 håndhævelse Webinar NIS2 : implementerer art . 21 håndhævelse NIS2 » Ved stimulere udbud efterspørgsel bæredygtigt brændstof kan luftfarten således trækkraft grønne investeringer Danmark , hvilket skabe flere arbejdspladser samt danne grundlag balancering el-systemet effektive sektorkoblinger landbruget , affalds- plastsektoren o.l , « fremgår rapporten . Kæmpeanlæg Storkøbenhavn maj meldte nyt partnerskab Ørsted spidsen , 2023 klar første del anlæg 10 MW , kan producere bæredygtige brændsler baseret strøm vindmøller . Anlægget placeres Storkøbenhavn blandt andet forsynes energi kommende energiø Bornholm . Læs : Kæmpeanlæg Storkøbenhavn producere 250.000 ton flydende bæredygtige brændstoffer anlægget fuldt udbygget 2030 , brug 1.300 MW el produktionen brændsler ligge cirka 250.000 ton årligt . Dermed erstatte fossile brændsler vej- , sø- lufttransport spare atomosfæren 850.000 ton CO2 årligt , skrev Ørsted pressemeddelelse . optimerer bygningers elforbrug Sponseret briefing optimerer bygningers elforbrug Elforsyning » Vores vision producere bæredygtige brændstoffer Storkøbenhavn give nødvendige opskalering industriel skala , reducere omkostningerne produktion vedvarende brændstoffer så , kan konkurrere fossile brændstoffer . rette politiske rammer plads projekt afgørende skridt fremad produktionen bæredygtige brændstoffer Danmark , hvilket styrke Danmarks globale førerposition inden teknologier forretningsmodeller , kan sikre bæredygtig fremtid , « lød Henrik Poulsen , administrerende direktør Ørsted . Brændstof gylle madaffald Forskere Syddansk Universitet konkluderer rapporten forundersøgelse bæredygtigt flybrændstof maj 2019 , allerede få år muligt producere bæredygtige flybrændstoffer blandt andet gylle madaffald . Undersøgelsen viste , teknologien plads , metan kan omdannes bæredygtige flydende brændstoffer fly tung trafik , første anlæg fremstilling 100 procent grønt flybrændstof kan stå færdigt 2025 . » Prisen grønne brændstof ser to tre gange dyrere fossile brændstof . brændstofudgiften kun udgør 25-30 procent billetprisen , betyder , billetprisen stiger lige så , « lød førsteforfatter rapporten grønt flybrændstof , Anders Winther Mortensen SDU Livscykluscenter , pressemeddelelse . danske anlæg anvende gassen , skabes landets biogasanlæg , afgasning gylle madaffald . biogas består metan , ledes naturgasnettet varmer huse , består CO2 , ryger direkte skorstenen . » Metan afgasset gylle halm nok dække vores brændstofbehov . CO2 ’ biogassen kan komme hjælp . kan omdanne CO2 metan ved tilføre brint produceret vind- solenergi , « lød Anders Winther Mortensen . Metangassen kan omdannes flydende brændstoffer , kan hældes direkte flytanken gennem kemisk proces , kaldes Fischer-Tropsch . gammel teknologi , opfundet 1923 to tyske kemikere Franz Fischer Tropsch . Teknikken anvendt nationer , ramt olieembargo . Metoden blandt andet brugt Verdenskrig tyskerne Apartheid-regimet Sydafrika .",
,2020-11-26 00:00:00,Ordførere: Minister skal afklare skæbne for strandet havvindpark ved Bornholm,Ingeniøren,Link,"Politikerne besluttet havvindmøllerne energiø Bornholm stå 20 km kysten . Dermed fare , lokalt 100 MW-projekt kommer vejen . Mandag annoncerede Klima- , energi- forsyningsministeriet ny politisk aftale placeringen havvindmøllerne to kommende energiøer dansk farvand . Mens projektet Nordsøen kun foreløbigt opridses såkaldt brutto-område , så planerne energiøen Østersøen – rent fysisk selve øen Bornholm – blevet helt håndfaste . Møllerne ved Bornholm ifølge aftalen placeres 20 km syd kysten ved Rønne . Dermed møllerne store statslige projekt definitivt komme karambolage andet , lokalt kystnært havvindprojekt , udset placering mellem 8 10 km kysten , lige strandet grund planerne energiøen . » tidligere blevet mødt argumentet , arealmæssig konflikt mellem møllerne . udmelding står helt tindrende klart , . Så må ligge lige højrebenet Dan Jørgensen ophæve kystnære reservationer , « siger forperson Initiativgruppen Bornholms Havvindmøllepark , Helle Munk Ravnborg . tidligere omtalt GridTech barsler borgerforankret projekt Bornholm opføre imod 100 MW kystnær havvind syd kysten ved Rønne . Projektet stor lokal opbakning blandt andre kommunalbestyrelsen Bornholms Regionskommune lokale forsyningsselskab samt lokalt erhvervsliv . Eksterne konsulenter beregnet , projektet levere konkurrencedygtig kWh-pris , desuden 100 MW ekstra havvind hjælpe øen gevaldigt tættere helt selvforsynende strøm . projektets ønskede placering rammer gammel statslig arealreservation , bornholmerne kan derfor ansøge Energistyrelsen tilladelse foretage forundersøgelser via såkaldte åben-dør-ordning . Kræver løsning hele Danmarks havareal Reservationen foretaget 2015 forbindelse udbud kystnær havvind siden opretholdt daværende energiminister Lars Christian Lilleholt ( V ) brug fremtidige udbud . ingen indikationer , siddende regering ønsker udskrive kystnært udbud . Dermed række oplagte havvind-områder lige blokeret ved blandt andre Sejerø Bugt , Smålandsfarvandet , Sæby altså ved Bornholm . Ministeriet tidligere afvist borgerinitiativet hæve arealreservation blandt andet henvisning , kan gives særbehandling området ved Bornholm , findes løsning , giver lige vilkår hele danske havareal . Helle Munk Ravnborg håber derfor , Dan Jørgensen sammen Energistyrelsen undersøge hvilke betingelser , kan lade gøre ophæve kystnære reservationer . Borgerinitiativet påpeget , eksempelvis kan krav hævningerne , projekterne tilstrækkelig lokal støtte . Ordførere svar minister Folketingets energiordførere melder parat lægge pres ministeren lette blokerede arealer , så borgerdrevet VE-udbygning kan få fodfæste havet . » synes , projekt betydelig lokal opbakning – lige præcis , brug grønne omstilling – så selvfølgelig stille vejen – særligt energiø-projektet ser karambolere lokale projekt , « siger Carsten Kissmeyer , energiordfører Venstre . » tage samtale ministeren projektet fremhæve , god logik støtte lokale initiativer art , « siger . Enhedslistens energiordfører Søren Egge Rasmussen går rydde sten vejen lokale projekt : » klart , store havmøllepark blevet placeret tæt Bornholm , så klemt folkelige projekt . situation , bør mulighed , folkelige projekt kan gå videre . så stadig udestående arealreservation , så må finde løsning , « siger fortsætter : » flere gange taget møder Dan Jørgensen , betragter , svar , givet bornholmerne , foreløbigt svar . højere grad , spørgsmålet areal-overlap lagt bag . Så kommende møder følge få ministeren forholde , hvordan give bornholmerne ordentligt svar. « forhold argumentet , kystnære havvind-projekt risikerer undergrave økonomien energiøen ved øge udbuddet el Bornholm , påpeger , hovedparten strømmen udgangspunkt sendes Sjælland . » udnytte strømmen vindmøller seriøst forhold Power-to-X , så størrelse , overskudsvarmen processerne nødt ligge nærheden stort varmeområde , eksempelvis hovedstaden , « siger fortsætter : » Derfor ser , to projekter overhovedet kolliderer front. « Carsten Kissmeyer enig , økonomien 20 gange større energiø-projekt næppe kan trues 100 MW-parken : » tror , rigtigt , så stort projektet Bornholm , « siger .",-1.0
,2020-12-02 00:00:00,"Så går vi i gang: Forundersøgelser til energi-øer for 1,1 mia kroner",Ingeniøren,Link,"Havbund , havudsigt , usprængte bomber . største forundersøgelse , Energinet nogensinde udført . opfordring klima- , energi- forsyningsminister Dan Jørgensen ( A ) går Energinet gang forundersøgelser to energi-øer – én Nordsøen én ved Bornholm - politikerne sommerens klimaftale aftalte få bygget inden 2030 . Konkret Energinet forberede forundersøgelser havet energi-ø Nordsøen , bestå kunstig ø-konstruktion , hvortil knyttet 3 GW havvind . gælder Bornholm , Energinet blot forberede , gå gang forundersøgelser havet 2 GW havvind , ligge Østersøen vest Bornholm , havmølleparkerne forbindes . Nordsø-placering kommer senere Forskellen ligger , politikerne nyligt udpeget konkret område havmøllerne vest Bornholm , mens Nordsøen blot udpeget bruttoområde lovet inden næste forår finde nøjagtige placering , hvorefter Energinet kan gå rigtigt gang forundersøgelserne Nordsøen . Energinet forundersøgelsesprojektet energiøerne største projekt , nogensinde gennemført : » tale kæmpestort forundersøgelsesprojekt . Alene havet Energinet undersøge områder , sammen fylder lige så ca . tre gange Bornholms areal . Vindmølleparker , kabler anlæg energiøerne krydse virvar sejlruter , fiskeområder , allerede planlagte havvindsområder , mineområder verdenskrigene mere , « siger Hanne Storm Edlefsen , Vice President øverste ansvarlig Energinets arbejde energiøerne pressemeddelelse . land Energinet planlægge anlæg , koble energiøerne energisystemet land Bornholm , Sjælland vestjyske kommuner . Pris : 1,1 mia . kroner Forundersøgelserne ifølge Energinet koste cirka 230 mio . kroner pr GW vindkraft dermed samlede udgifter forundersøgelser to energiøer løbe 1,15 mia . kroner . » så inkluderet , « oplyser projektleder forundersøgelserne , Jens Larsen Energinet . Energinets forundersøgelser hovedtræk bestå strategisk miljøvurdering baggrund plan to energiøer , Energistyrelsen leverer . strategiske miljøvurdering omfatter vurdering planens miljøkonsekvenser havet land , konsekvensvurdering Natura 2000-områder samt synlighedsanalyser , havmølleparker kan ses land . Forundersøgelsen ligeledes bestå geotekniske geofysiske undersøgelser havbunden forbindelse energiøerne , havvindmølleparkerne samt kabelforbindelser , herunder udlandsforbindelser . eksempel lokalisere eksploderede granater havbunden . færdig 2024 land Energinet anvise punkt tilslutning strømmen land samt etablering anlæg . Energinet forestå udarbejdelse plangrundlag tekniske anlæg samt gå dialog relevante kommuner land reservere areal eventuelt fremtidige Power-to-X batterianlæg . Energinet foretage supplerende undersøgelser havmiljøet krav , stilles strategiske miljøvurdering . undersøgelser omfatter blandt andet hensyn fugle , havpattedyr samt fisk , fiskeri sejladssikkerhed . arkæologi havbunden inddrages , herunder mindst området Nordsøen , Jyllandsslaget fandt sted 1916 . Endelig Energinet modne udvikle udlandsforbindelser samarbejde TSO ’ samarbejdslande , indgås aftale . Forundersøgelserne færdige inden første halvår 2024 , hvorefter potentielle tilbudsgivere kan give tilbud selve opførelsen anlæg , energiøerne bestå .",
,2020-12-16 00:00:00,Danmark i samarbejde med Tyskland og Holland om energiøer,Energy Supply,Link,"Klima- , energi- forsyningsminister Dan Jørgensen netop underskrevet erklæringer samarbejde energiøer ministre Tyskland Holland , skriver Energinet pressemeddelelse . Erklæringerne vigtigt skridt vej opfyldelse politiske ønske , energiøerne forbundet andre lande Danmark . Erklæringerne markerer begyndelsen Energinets arbejde modne udvikle udlandsforbindelser samarbejde TSO ’ samarbejdslande , indgås erklæring . - Energinet begejstrede , Danmark skrevet erklæringer Tyskland Holland energiøer , siger Hanne Storm Edlefsen , Vice President Energinet tilføjer : - to energiøer Nordsøen Østersøen kan kun realiseres gennem stærkt internationalt samarbejde , så erklæringerne vigtigt skridt vej etablering energiøer , vitalt næste skridt havvind stor skala dermed grøn omstilling Europa verden . to erklæringer dedikerer landene fællesskab gennemføre række komplicerede undersøgelser , hvordan energiøer havvind kan udbygges mindst , hvordan elektriske udlandsforbindelser øerne kan forbinde landenes energisystemer hinanden . Brugen el havvind brint grønne brændstoffer nævnt centralt emne . Europæiske Unions energi- klimamålsætninger nævnes begge erklæringer baggrund samarbejdet , heriblandt målet klimaneutralitet 2050 europæiske strategi offshore havvind . erklæringen Tyskland noterer desuden specifikt danske politiske beslutning etablere energiø Nordsøen én Østersøen 2030 . erklæringen Holland gives ansvaret analyser undersøgelser eksplicit danske hollandske TSO ’ , TenneT , Gasunie Energinet . Arbejdet forankret internationale konsortium North Sea Wind Power Hub , tre TSO ’ siden 2017 samarbejdet udviklingen realistisk koncept kunstige energiøer Nordsøen såkaldte ’ hub-and-spoke-koncept ’ . Klima- , energi- forsyningsminister Dan Jørgensen gav slutningen november Energinet påbud udføre forundersøgelser to energiøer henholdsvis Nordsøen Østersøen . Påbuddet ministeren omfatter blandt andet , Energinet modne udvikle udlandsforbindelser samarbejde TSO ’ samarbejdslande , indgås erklæring .",
,2020-12-19 00:00:00,Pris for anlæg af energiø i Nordsøen: 38 milliarder kroner,Ingeniøren,Link,"Prisen inkluderer kun konstruktionen selve øen eltekniske anlæg , vindmøllerne jævnstrømskabler fastlandet . Konstruktionen energiø Nordsøen 10 GW havvind tilkoblet kan alene komme koste 38 milliarder kroner . fremgår folketingssvar klima- , energi- forsyningsminister Dan Jørgensen ( S ) . Prisen inkluderer vel mærke kun konstruktionen selve øen eltekniske anlæg ( primært store HVDC-konverterstationer , red . ) , stå . Oveni kommer altså øvrige investeringer selve vindmøllerne , elektriske søkabler tilknyttede havvindmølleparker energiøen samt dyre jævnstrømskabler , forbinde øen fastlandet . Prisestimatet indhentet Energistyrelsen dets rådgiver COWI , tidligere foretaget finscreeninger beregnet levetidsomkostninger gigantiske anlægsprojekt . COWI ’ s estimat afhænger , hvilket grundlæggende layout , vælger konstruere energiøen . øjeblikket overvejes to modeller : stor kunstig sammenhængende ø bygget sandfyldte betonsænkekasser samling selvstændige stålplatforme , hæver anlæggene havet . Sidstnævnte løsning velkendt offshore-industrien , sammensvejsede stålgitre , rager havoverfladen – såkaldte ‘ jackets ’ – mest udbredte platformskonstruktion . ifølge COWI ’ s tal offshore-sammenhænge mindre afprøvede sænkekasse-løsning , billigst , øen understøtte havvindskapacitet 10 GW . løsning ifølge COWI koste 29 milliarder kroner anlægge , inkluderer endda servicehavn , ligesom mere sammenhængende konstruktion gøre muligt opbevare materiel ude havet opførelsen tilknyttede havvindparker – aktører ifølge Energinet efterspurgt nødvendig facilitet . vindgiganten Ørsted tilsyneladende lavet egne beregninger . Torsdag uge skrev afgående topchef Henrik Poulsen indlæg Børsen , ( hvori plæderede , Danmark vælger løsningen stålplatforme frem sænkekasserne , ifølge selskabets egne beregninger langt billigste løsning . » Ørsted analyseret to modeller , vores beregninger viser , caisson-ø ( sænkekasser , red . ) cirka 4 mia . kr . dyrere etablere første tre GW Nordsøen forhold platformsløsningen . Udbygget ti GW caisson-løsningen stadig betydeligt dyrere , « skrev administrerende direktør torsdag Børsen . COWI ’ s prisoverslag koster begge konstruktiontyper hver 12 milliarder kroner , øen kun 3 GW havvind tilkoblet , planen første fase frem 2030 . altså langtfra overenstemmelse mellem to sæt beregninger , Energistyrelsen gør opmærksom folketingssvaret , estimaterne ‘ behæftet betydeligt usikkerhed , ved anvendelse andre forudsætninger fremtidige priser opnå andre resultater , ligesom teknologiudviklingen påvirke resultaterne sigt. ’ Afklaring spørgsmålet formelt lige hænderne statens elsystemansvarlige , Energinet , nyligt pålagt gå gang omfattende forundersøgelsesarbejde omkring energiøerne både Østersøen Nordsøen . afvejningen fordele ulemper ved forskellige kontruktionstyper indgå del undersøgelserne . Arbejdet løbe frem sommeren 2024 koste 1,15 milliarder kroner .",
,2021-01-13 00:00:00,"Ørsted advarer mod energiø: »Vi frygter, det her bliver havvindens IC4-sag«",Ingeniøren,Link,"Ørsted advarer politikerne inddæmmet energiø foreslår stedet løsning stålplatforme . COWI tidligere vurderet , kunstig ø billigste løsning to muligheder . Kort før politikerne Christiansborg går gang drøfte udbuddet verdens første energiø , danmarkshistoriens dyreste anlægsprojekt , kommer energiselskabet Ørsted advarsel , skriver Børsen . Ørsted advarer politikerne satse uprøvet løsning form inddæmmet kunstig energiø Nordsøen foreslår stedet opføre stålplatforme , energien planlagte havvindmølleparker kan håndteres . » kunstig ø sammenhæng risky business . frygter simpelthen , havvindens IC4-sag . worst case , « siger Ulrik Stridbæk , chef energiøkonomi Ørsted , Børsen . Ulrik Stridbæk påpeger , » gigantisk investeringsbeslutning « afviser , advarslen kommer snæver egeninteresse , energiselskabet kan byde havvind , enten politikerne vælger ene . tilføjer , teknologien power-to-x dag så usikker , staten risikerer investere milliarder løsning , senere kan vise slet rentabel . Copenhagen Infrastructure Partners , del konsortium , byde energiøen , undrer sammenligningen IC4-skandalen mener , løsning stålplatformene giver samme muligheder egentlig ø. Cowi : Inddæmmet energiø billigere stålplatforme Løsningen stålplatforme velkendt offshore-industrien , sammensvejsede stålgitre , rager havoverfladen – såkaldte ‘ jackets ’ – mest udbredte platformskonstruktion . Ingeniørrådgivningsvirksomheden COWI viser trods , stor kunstig ø bygget sandfyldte betonsænkekasser kommer billigere samling selvstændige stålplatforme , hæver anlæggene havet , øen understøtte havvindskapacitet 10 GW . » platformsløsning 10 GW estimeres 38 mia . kr . baseret kendt teknologi , herunder platformene etableres 1 GW-platforme [ ... ] inddæmmet ø 10 GW tilhørende havn estimeres 29 mia . kr . forudsættes , øen konstrueres periferi nedsunkne betonelementer sandopfyld , samt øen ved 3 GW 18 ha , mens øen ved 10 GW 46 ha , « fremgår folketingssvar klima- , energi- forsyningsminister Dan Jørgensen ( S ) 16. december . COWI ’ s prisoverslag koster begge konstruktiontyper hver 12 milliarder kroner , øen kun 3 GW havvind tilkoblet , planen første fase frem 2030 . Prisen inkluderer vel mærke kun konstruktionen selve øen eltekniske anlæg ( primært store HVDC-konverterstationer , red . ) , stå . Oveni kommer altså øvrige investeringer selve vindmøllerne , elektriske søkabler tilknyttede havvindmølleparker energiøen samt dyre jævnstrømskabler , forbinde øen fastlandet .",1.0
,2021-01-15 00:00:00,Ørsted uddyber kritik: Vores platformsløsning er 4 mia. billigere end en energi-ø,Ingeniøren,Link,"Selskabet frygter , eksperimenter energiø kan give dyr sen vindkraft Danmarks grønne omstilling . Energiselskabet Ørsted flere omgange ude advare bygge decideret energi-ø første 3 GW vindkraft ude Nordsøen , politikerne vedtaget klimaftalen sidste sommer . Første gang gennem debatindlæg Børsen lige før jul , igen tirsdag samme avis . Ifølge chef energiøkonomi Ørsted , Ulrik Stridbæk , handler hverken brødnid , afviser faste energiøer al evighed , frygter løsning , dyr usikker korte bane : » interesseret billigst mulig havvind , færdig tiden – altså 3 GW 2030 - al erfaring , vores samarbejdspartnere vindkraft platforme , så vurderer , langt dyrere løsning centralisere fast energi-ø , « siger . Indtil videre debatten fast ø kontra stålplatforme tilslutning store mængder vindkraft Nordsøen temmelig fattig tal . 58,6 mia . energi-ø rapport maj Cowi nævnte pris 58,6 mia . kroner havmøllepark 3 GW , tilsluttet energi-ø , mens tre enkelte havmølleparker hver 1 GW koste 47,8 mia . kroner . Altså billigere løsning uden energi-øen . ministersvar december , sammenligner udgifter tilslutning to koncepter Nordsøen , så koster selve tilslutningen - altså minus vindmøller - 3 GW vindkraft 12 mia . kroner ved platforms-løsning 12 mia . ved tilslutning via energi-ø . drejer tilslutte hele 10 GW vindkraft , koster 29 mia . kroner ved energi-ø 38 mia . kroner platforme , oplyste ministeren Cowi kilde . 2 GW platforme stedet Beregningerne baserer transformerplatforme 1 GW-størrelse , peger Ørsted netop , transformerplatforme undervejs effekt hele 2 GW , realistiske bruge frem 2030 giver helt andet facit beregningerne : » hollandske TSO-selskab TenneT bestilt seks 2 GW transformere baserer udbygning havvind . 2 GW transformer-platforme prisen tilslutning 3 GW vindkraft således fire mia . kroner billigere ministeriets beregninger . drejer tilslutning 10 GW , kan prisen reduceres tre mia . kroner , « påpeger Ulrik Stridbæk . Stridbæk understreger , Ørsted modstander faste energi-øer , kan ekstra ting forhold platform , nemlig kan rumme PtX-anlæg slags energilagring faciliteter mandskabet , kan bo øen længere tid . » afgørende , hovedforskelle kan bære ekstra omkostninger risici ved fast energi-ø , ifølge vores vurderinger så – endnu , « siger . Specialbyggede skibe huser montørerne Omkring faciliteter mandskabet forklarer – henvisning selskabets erfaringer service vedligehold havvindmøller – dag findes store , specialbyggede skibe , montører serviceteknikere kan bo ude ved mølleparkerne dage gangen . Samtidig kan skibe lægge direkte ved enkelte vindmøller . angår forskel , plads power-to-x energilagrings-anlæg øen , så mener Ørsted , endnu ved , overhovedet rentabelt producere brint offshore , elektrolyse kræver rent vand dermed afsaltningsanlæg mere ude anlægget : » mener , platformsløsning første 3 GW betyde , aldrig senere kan bygge fast energi-ø . mener bare , nævnte usikkerheder overilet kaste bygge fast energi-ø , risikerer , kommer mål 3 GW 2030 , « siger Ulrik Stridbæk tilføjer , første platforme sagtens kan placeres , så senere kan kobles energi-ø . Udbyd ydelse - designet Stridbæk råde politikerne - stedet lægge fast energiø platformsløsning - udbyde selve ønskede ydelse , nemlig tilslutning 3 GW vindkraft Nordsøen 2 GW ved Bornholm – så lade buddene afgøre , ø platformsløsning . » siger , gerne førende havvind PtX Danmark , hjælper energi-ø altså . Lad stedet bruge energien få udbygget havvind få styr PtX-processerne , så kan øen komme bagefter , « siger Ulrik Stridbæk . Overfor Ørsted står konsortium pensionsselskaberne PFA , Pensiondanmark , Copenhagen Infrastructure partners ( CIP ) Andel ( tidligere Seas-NVE ) , gerne bygge fast energi-ø , overfor Børsen betegner nybrud , fordi satser lave storskala energilagring power-to-x ude selve øen . Professor roser debatten Konsortiet vurderer , store fordele producere brint offshore , vise realiseret , kan øen stedet bruges energilagring transmission , forklarer Michael Ertmann CIP : » Hele pointen , kendt teknologi , lave øen . innovative , oven øen , « siger Børsen påpeger , kan opstå tekniske problemer stålplatforme , Ørsted foreslår bruge . Professor DTU , Erik Damgaard Christensen , ekspert marin kystteknik , kalder positivt sundt forskellige tekniske løsninger forbindelse så stor investering belyst flere sider : » Femern-forbindelsen så eksempel , først sent processen , lagde fast tunnel fremfor bro , måde langt mere sikker , valgte bedste løsning . kan komme gøre gældende valget teknologi omkring energi-øerne , « siger . Ifølge Børsen energipolitikerne kommende tid diskutere , hvordan hvilken måde etableres energi-øer henholdsvis Nordsøen ved Bornholm .",7.0
,2021-01-15 00:00:00,Cowi fastholder: Tæt løb på prisen mellem to typer energiøer,Ingeniøren,Link,"Opdateret rapport regeringens rådgiver viser , energiø , kan tage imod 3 GW , koster knap 60 mia . kr. , uanset udformet platform kunstig ø. Ved 10 GW vokser forskellen . to politisk vedtagne energiøer udformes platforme ‘ rigtig ’ kunstig ø sænkekasser – dét endnu besluttet , derfor diverse aktører , politikere fagfolk ivrigt diskuteret stykke tid . Østersøen sagen klar , nemlig Bornholm , energiø , tilfældet øen Nordsøen , tilslutte 3 GW havmøller 2030 forberedt tilslutning mindst 10 GW havvind senere tidspunkt . Energistyrelsens rådgiver området , Cowi , udkommet ny rapport opdaterede tal omkostninger , klimapåvirkning tidsplan to koncepter . rapporten kommer Cowi frem , prisen tilslutte 3 GW havvind henholdsvis sænkekasse-ø platform-ø lige omkring 59 mia . kr . begge løsninger – inklusive havmølleparker eltransmission . så kigger tilslutning 10 GW havmølleparker , koster sænkekasseløsning 210 mia . kr. , mens platformsløsning 9,5 mia . kr . dyrere – altså dermed koster knap 220 mia . kr . Øen udgør 5 pct . prisen belyse forskellen to koncepter Cowi renset tallene havmøller , HVDC-stationer sø-landkabler , går igen begge løsninger , så procentvise forskel mellem sænkekasse-øen platform-øen større , især 10 GW modellen . 3 GW-løsningen koster sænkekasseøen mellem 15,1-16,4 mia . kr. , mens platform-ø koster 15,8 mia . kr . Går 10 GW ø-løsningen , angiver Cowi , sænkekasse-øen 9,5 mia . billigere centrale platform-ø . Ifølge Cowi viser regnestykket , havmøllerne udgør cirka 50 pct . prisen , elektriske systemer omkring 45 pct. , hvilket levner 5 pct . Capex-budgettet sænkekasseøen . Dét får så Cowi konkludere , størrelsen øen mindre betydning . Cowis beregninger rettet kritikken Ørsted , gerne så , inddrog beregninger transformerplatforme 2 GW , hvilket kan gøre platformsløsningen langt billigere . Fordele ved begge koncepter rapportens konklusion opsummerer Cowi fordele ulemper ved forskellige ø-alternativer således : fast ø sænkekasser følgende fordele : • Indikativ billigste løsning 10 GW , bør usikkerheden reduceres yderligere studier . • Mulighed beskyttet havn , service vedligeholdelsesfacilitet • Fordele ved opskalering 3 10 GW • Mulighed udvidet funktionalitet ved bl.a . PtX • Sammenkobling elektriske systemer landfast forbindelse • Mere fleksibelt interface mellem fundament topside Platformsøen demonstrerer fordele , gælder : • Relativt moden teknologi ønskede dimensioner • Mulighed central/decentral løsning uden betydelig indvirkning pa Capex . • Bedre mulighed gradvis implementering • Mindre konstruktionsarbejde havs selve platformsoen El-forbindelsen udfordrer Ifølge rapporten undersøgt flere konfigurationer platform-øer – både centrale decentrale – defineret generel udfordring ved platformene , nemlig elektriske forbindelsen mellem forskellige platforme , placeret tæt hinanden 200-300 meters afstand . studie foreslået luftledninger , udfordret saltbelægninger samt generelle ekstreme forhold Nordsøen . alternativ søkabler , hvilket ligeledes give yderligere udfordringer forhold kabelkrydsninger . Forbindelse platformene platformsøen bør derfor studeres nærmere , anbefaler rapporten . Power-to-x koster ekstra Rapporten ser muligheden etablere power-to-x energiøen opnå besparelser transmissionsanlægget . to mest nærliggende PtX-produkter ammoniak brint . konkluderer , besparelsen transmissionsanlægget kan dække ekstra omkostning 10 mia . kr. , etablering arealet PtX-anlægget koster , rapporten anbefaler , supplerer deciderede feasibility-studier offshore-elektrolyse . Blandt andet skaffes vand elektrolysen , kan udnytte overskudsvarmen elektrolyseprocessen ude midt Nordsøen . Rapporten går dybden række forskellige måder tilslutte øerne havmøllerne ved øerne . Typisk 66 kV tilslutningskabler mellem møller energiøen ( sænkekasse-ø platform-ø ) , strømmen transformeres højspænding konverteres AC HVCD , transmitteres lange vej respektive landes transmissionsystemer , igen laves vekselstrøm . ideen , vindmøllestrøm fremtidige energiøer både sendes Tyskland , Holland UK – så selvfølgelig Danmark .",-8.0
,2021-01-21 00:00:00,Tysk transmissonsselskab interesseret i energiø Bornholm,Ingeniøren,Link,"Tyske 50Hertz danske Energinet allerede år undersøge , muligt fordelagtigt bygge kabel mellem to lande via Bornholm kommende energiø . Etablering to energiøer danske farvande hænger ifølge politiske aftale tæt sammen , samtidig etableret kabelforbindelser øerne udlandet . omkring energiøen Østersøen , altså Bornholm , Energinet tyske pendant , 50Hertz aftalt , løbet indeværende år undersøge , muligt fordelagtigt anlægge forbindelse mellem Danmark Tyskland via Bornholm . Energinet kalder aftalen » første gennembrud forbinde to danske energiøer andre lande « : » lykkes massive udbygning havvind , nødvendig kommende år opfylde klimaaftalen Paris , helt afgørende , sker markant gearskifte national udbygning enkelte vindmølleparker energiøer , kerne transnationale projekter , « siger adm. direktør Energinet , Thomas Egebo pressemeddelelse . Overhaler Polen rapporter , lavet omkring energi-øerne Cowi , taget udgangspunkt , Bornholm forbindes kabel Polen , ser altså , tyske systemansvarlige selskaber interesseret samarbejde . to parter , 50Hertz Energinet , aftalt , samarbejdet kan udvides andre aktører . Energinet kalder pressemeddelelse energiøerne danmarkshistoriens største infrastrukturprojekt , fordi politiske aftale siger , øerne drift 2030 , dermed mindre ti år deadline anlægsprojekter store komplicerede eltransmissionsanlæg , ø-konstruktioner platforme havet , udlandsforbindelser havvindmølleparker GW-størrelser . Ifølge politiske aftale etableres 2 GW havvind forbindelse energiøen , Bornholm , strømmen parkerne samles . Overvejer hybrid forbindelse Klima- , energi- forsyningsminister , Dan Jørgensen , gav november 2020 Energinet besked gå gang forundersøgelser forberedelse udlandsforbindelser to energiøer , december 2020 tiltrådte Danmark , Tyskland Holland politiske erklæringer samarbejde vedrørende energiøer udbygning havvind Nordsøen Østersøen . Konkret 50Hertz Energinet blevet enige undersøge såkaldt hybrid udlandsforbindelse via Bornholm , både kan opsamle vindenergi havmølleparker sende strøm begge veje mellem to landes elnet . enige holde samarbejdet åbent potentielle andre samarbejdspartnere , arbejde opfylde danske , tyske europæiske mål klima vedvarende energi . Endelig bygge videre gode erfaringer , to partnere allerede udviklingen virkeliggørelsen innovative projekt Kriegers Flak Combined Grid Solution , taget drift 2020 .",4.0
,2021-02-04 00:00:00,Nu kommer energiøerne - men ikke til tiden: Pris 210 mia. kroner,Ingeniøren,Link,"bred aftale Folketinget besluttet etablere energiø Nordsøen . 10GW vej . Dansk Energi utilfreds ny deadline . mindre danmarkshistoriens største anlægsprojekt besluttet Folketinget . kunstig ø 80 km ude Nordsøen knudepunkt 10 GW havvindmøller , får karakter kritisk infrastruktur , får staten majoritetsejerskabet . Øen Nordsøen klar 2030 ellers meldt juni klimaaftalen grøn omstilling energisektoren industrien : » Energiø Nordsøen noterer aftalekredsen , kraft valget ejerskab konstruktionstype foreliggende grundlag vurderes vanskeligt realisere øen før 2033 , søges optimeret , « fremgår nye politiske aftale øerne . første del anlægsfasen , sideløbende opstilles 3 GW havvindmøller , øen få areal 120.000 m2 . Senere , vindmøllekapaciteten udvides 10 GW , behov udvide øens areal cirka 425.000 m2 , svarer omkring 64 fodboldbaner . ellers diskussion , ing.dk , fordele ulemper ved inddæmmet ø , besluttet , sammenlignet løsning bestående stålplatforme . Ørsted advaret høje pris inddæmmet ø stedet anbefalet løsningen stålplatforme . Omvendt Cowi , Statens rådgiver området , argumenteret , stor kunstig ø bygget sandfyldte betonsænkekasser , koste samme løsning stålplatforme , gælder første 3 GW havmøller . udbygges 10 GW , så løsningen energiø cirka 10 mia . billigere . Dansk Energi utilfreds ny deadline brancheorganisationen Dansk Energi , glæde , kommet skred politiske beslutninger omkring energiøen . administrerende direktør Lars Aagaard , helt tilfreds , sat deadline , rækker 2030 : » godt nok , derfor bør både politiske administrative kræfter løbende samles genbesøge tidsplanen . appellerer , ministeriet nytænker udbudsprocessen går dialog investorerne . bruge grønne el havvind nå vores klimamål 2030 , « siger Lars Aagaard Produktion flydende brændstoffer Foruden fungere knudepunkt produktion vindmøllestrøm omkringliggende havvindmølleparker , nye energiø elektrisk forbundet nabolandene . forventes yderligere , installeres teknologi øen omdanne grønne strøm brændstoffer skibe , fly lastbiler . første fase forventes , opstilles 200 møller , hvilket peger møllestørrelse 15 MW . opstilles 650 vindmøller . samlede investering anslås 210 mia . kroner . tidligere truffet politisk beslutning opføre energi-ø 2 gigawatt Østersøen . Bornholm fungere selve energiøen havvindmølleparker tilkoblet . Havvindmølleparkerne placeret syd sydvest Bornholm . Aftalen energiø blevet besluttet stemmer regeringen , Venstre , Dansk Folkeparti , Radikale Venstre , Socialistisk Folkeparti , Enhedslisten , Konservative Folkeparti , Liberal Alliance Alternativet . Artiklen opdateret kommentar Dansk Energi",-5.0
,2021-02-14 00:00:00,Kameraer og kunstig intelligens redder sjældne fugle fra møllevinger,Ingeniøren,Link,"Kunstig intelligens , stopper vindmøller , store rovfugle kommer tæt , reduceret antallet døde fugle 82 procent . løser problemet , mener Dansk Ornitologisk Forening . vindmøller kan farlige fugle , især store ørne , dokumenteret talrige gange . Danmark syv hav­ørne kommet dage møde vindmølle . Norge enkelt vindmøllepark 68 møller skyld 49 døde havørne syvårig periode . Endnu værre står Tyskland , studie nordøstlige del landet vist , 137 havørne perioden 2002-2017 blevet dræbt sammenstød vindmøller . lyder måske mærkeligt , stor relativt intelligent rovfugl kan undvige vindmøllevinge . ørne naturligt bange vindmøller , huske , tippen vinge nemt kan bevæge 200 km/t . Derfor kan system amerikanske virksomhed Identi­Flight måske vise nyttigt , systemet gjort muligt reducere antallet døde rovfugle 82 procent vindmøllepark amerikanske stat Wyoming bestående 66 General Electric 1,5 MW-vindmøller rotordiameter 82,5 meter . Undersøgelsen gennemført eksperter The Peregrine Fund , Western EcoSystems Technology Forest and Rangeland Ecosystem Science Center . Resultaterne offentliggjort Journal of Applied Ecology . AI genkender fugl IdentiFlight-systemet består speciel type kameraer kaldet ‘ Wide Field of View ’ installeret standere rundt parken . hver stander sidder 8 kameraer får øje , bevæger hen vindmølleparken – eksempel fugl vis størrelse – rettes stereokamera høj opløsning , analyseproces går gang : stor ? Hvilken farve samt vinge- , krops- haleprofil ? Ved hjælp neuralt netværk systemet herefter stand identificere arten , flyveretningen , lang tid går , før eventuelt kommer karambolage vindmøllevingerne . nuværende tidspunkt systemet stand genkende rød sort glente , kongeørn , hvidhovedet ørn , kilehaleørn , lille skrigeørn kondor afstand 1.000 meter . ørn vej forkerte retning , går signal videre , enten direkte vindmøllernes eget kontrolsystem ( Scada ) operatøren vindmøllerne . kan så træffes beslutninger sænke hastigheden vindmøller , tættest fuglen , ligefrem stoppe helt . finde , godt kamerasystemet fungerer , gennemført såkaldt BACI-studie ( Before-After-Control-Impact ) , sammenlignet vindmøllepark cirka samme størrelse , ligger godt 15 kilometer væk . gruppe personer trænet gennemgå områder omkring vindmøller døde rovfulge . sikre , gennemsøgte hele området systematisk fandt så så muligt , lagt dummy-fugle kontrol . Derfor konkluderer folkene bag undersøgelsen , teknologien » potentialet mindske konflikten mellem vindenergi beskyttelse rovfugle « , selvom automatiseret kontrol vindmøllerne fuldstændigt eliminerede problemet . understreger , vigtigt forholde højrisiko­områder eventuelle trækruter fugle , før vindmøllepark sat , system IdentiFlight helst kun bruges alternativ . Fugle skræmmes væk Biolog Dansk Ornitologisk Forening Knud Flensted synes , systemet IdentiFlight lyder interessant teknologisk udvikling , tror , bruges særlige tilfælde . ai Stop vingerne – kommer fugl vindmøller kan farlige fugle , især store ørne , dokumenteret talrige gange . Danmark syv hav­ørne kommet dage møde vindmølle . Norge enkelt vindmøllepark 68 møller skyld 49 døde havørne syvårig periode . Artiklen fortsætter annoncen Endnu værre står Tyskland , studie nordøstlige del landet vist , 137 havørne perioden 2002-2017 blevet dræbt sammenstød vindmøller . lyder måske mærkeligt , stor relativt intelligent rovfugl kan undvige vindmøllevinge . ørne naturligt bange vindmøller , huske , tippen vinge nemt kan bevæge 200 km/t . Derfor kan system amerikanske virksomhed Identi­Flight måske vise nyttigt , systemet gjort muligt reducere antallet døde rovfugle 82 procent vindmøllepark amerikanske stat Wyoming bestående 66 General Electric 1,5 MW-vindmøller rotordiameter 82,5 meter . Undersøgelsen gennemført eksperter The Peregrine Fund , Western EcoSystems Technology Forest and Rangeland Ecosystem Science Center . Resultaterne offentliggjort Journal of Applied Ecology . AI genkender fugl IdentiFlight-systemet består speciel type kameraer kaldet ‘ Wide Field of View ’ installeret standere rundt parken . hver stander sidder 8 kameraer får øje , bevæger hen vindmølleparken – eksempel fugl vis størrelse – rettes stereokamera høj opløsning , analyseproces går gang : stor ? Hvilken farve samt vinge- , krops- haleprofil ? Artiklen fortsætter annoncen ING/Jobfinderchevron_right Opret jobannonce Tilpas Nature Energy Senior Project Manager - Permitting & Project Leadership Viegand Maagøe A/S Erfaren elingeniør implementering industrielle energisystemer opbygning el-team Genitor ApS Viborg Kommune søger ny Direktør Teknik Miljø Priess A/S Technical Project Manager energiforsyning BIOFOS Bliv Chef Asset Management led gennem analyse , kommunikation nysgerrighed Teknologisk Institut Compliance-ingeniør - gerne erfaring inden ATEX Sweco Danmark A/S forme fremtiden Sweco Esbjerg ? Aabenraa Kommune Projektledere vejanlæg Aabenraa Kommune Sweco Danmark A/S Operational HSE Specialist inden anlæg infrastruktur Fluidan ApS Instrument Technologist – Unique Process Instrumentation Danmarks Tekniske Universitet DTU Associate Professor or DTU Tenure Track Assistant Professor in Water Supply and Water Distribution Systems - DTU Sustain Aarhus Maskinmesterskole Aarhus Maskinmesterskole søger engagerede nye kollegaer kompetencer inden håndværk , teknik automation Danmarks Tekniske Universitet DTU Associate Professor or DTU Tenure Track Assistant Professor in Sustainability Assessment of Water Infrastructure - DTU Sustain Fluidan ApS Application Specialist / Rheology Danmarks Tekniske Universitet DTU Associate Professor or DTU Tenure Track Assistant Professor in Data Aquisition in Water Systems - DTU Sustain Inteka Rådgivende Ingeniører ApS Dygtig engageret ingeniør specialisering inden konstruktioner vores voksende team Novafos A/S Koordinerende dataspecialist – Sæt dit præg fremtidens anlægsdata afløbsområdet Forsvarsministeriet Frisk ingeniør Forsvarets nye F-35A kampfly Fort Worth USA Novafos A/S BI-dataspecialist analyse , rapportering formidling afløbsområdet Energy Solutions Mechanical Engineer Sweco Danmark A/S Ventilationsspecialist eksisterende byggeri specialer Petri & Haugsted A/S Petri & Haugsted søger nyuddannede ingeniører Trelleborg Sealing Solutions Denmark A/S Quality Inspector & Measuring Specialist Sweco Danmark A/S El-ingeniør fokus forsyning Viegand Maagøe A/S Mekanisk Specialist fremtidens industrielle energisystemer ISC Rådgivende Ingeniører A/S Erfaren maskinmester HVAC-ingeniør søges installationsafdeling Sweco Danmark A/S Teamchef geoteknisk afdeling HOFOR Teknisk kunderådgiver specialist fjernvarme Sweco Danmark A/S Geofysiker Silkeborg Satlab A/S Mixed-signal Hardware Development Engineer Teknologisk Institut Centerchef Fødevareteknologi Sweco Danmark A/S Operational HSE Specialist inden anlæg infrastruktur Teknologisk Institut Konsulent inden asbestrådgivning selektiv nedrivning Geopal System A/S vores næste elektroingeniør ? Banedanmark Tekniske specialister strømområdet ved jernbanen Gladsaxe Kommune Projektleder , arbejde grøn omstilling transformation Professionshøjskolen Absalon Adjunkter lektorer diplomingeniøruddannelsen bioteknologi Region Midtjylland Medicoteknisk rådgiver erfaring inden laboratorieområdet Sweco Danmark A/S Projekterende BIM kyndig IKT-leder Teknologisk Institut Ingeniører Rådgivnings- Certificeringsopgaver inden CE-mærkning Skanderborg Kommune Vejingeniør anlægsprojekter Sweco Danmark A/S Fagligt dygtig VVS-medarbejder Genitor ApS ProVarde Varde Kommune søger Strategisk Erhvervspartner Sweco Danmark A/S Energiingeniør/Kølespecialist udfordrende energiprojekter Energinet Experienced Overhead Line Engineer NEXEL Afdelingsleder området Relæer , RTU dokumentation Sweco Danmark A/S Projektleder søges byggeri Aalborg – byg fremtiden ! ISC Rådgivende Ingeniører A/S Erfaren VVS- ventilationsingeniør installationsafdeling Energinet Power System Specialist transient analyses ISC Rådgivende Ingeniører A/S Lead Specialist HVAC vores installationsafdeling Nature Energy Senior Project Manager - Permitting & Project Leadership Viegand Maagøe A/S Erfaren elingeniør implementering industrielle energisystemer opbygning el-team Genitor ApS Viborg Kommune søger ny Direktør Teknik Miljø Priess A/S Technical Project Manager energiforsyning BIOFOS Bliv Chef Asset Management led gennem analyse , kommunikation nysgerrighed Teknologisk Institut Compliance-ingeniør - gerne erfaring inden ATEX Sweco Danmark A/S forme fremtiden Sweco Esbjerg ? Aabenraa Kommune Projektledere vejanlæg Aabenraa Kommune Sweco Danmark A/S Operational HSE Specialist inden anlæg infrastruktur Fluidan ApS Instrument Technologist – Unique Process Instrumentation Danmarks Tekniske Universitet DTU Associate Professor or DTU Tenure Track Assistant Professor in Water Supply and Water Distribution Systems - DTU Sustain Aarhus Maskinmesterskole Aarhus Maskinmesterskole søger engagerede nye kollegaer kompetencer inden håndværk , teknik automation Danmarks Tekniske Universitet DTU Associate Professor or DTU Tenure Track Assistant Professor in Sustainability Assessment of Water Infrastructure - DTU Sustain Fluidan ApS Application Specialist / Rheology Danmarks Tekniske Universitet DTU Associate Professor or DTU Tenure Track Assistant Professor in Data Aquisition in Water Systems - DTU Sustain Inteka Rådgivende Ingeniører ApS Dygtig engageret ingeniør specialisering inden konstruktioner vores voksende team Novafos A/S Koordinerende dataspecialist – Sæt dit præg fremtidens anlægsdata afløbsområdet Forsvarsministeriet Frisk ingeniør Forsvarets nye F-35A kampfly Fort Worth USA Novafos A/S BI-dataspecialist analyse , rapportering formidling afløbsområdet Energy Solutions Mechanical Engineer Sweco Danmark A/S Ventilationsspecialist eksisterende byggeri specialer Petri & Haugsted A/S Petri & Haugsted søger nyuddannede ingeniører Trelleborg Sealing Solutions Denmark A/S Quality Inspector & Measuring Specialist Sweco Danmark A/S El-ingeniør fokus forsyning Viegand Maagøe A/S Mekanisk Specialist fremtidens industrielle energisystemer ISC Rådgivende Ingeniører A/S Erfaren maskinmester HVAC-ingeniør søges installationsafdeling Sweco Danmark A/S Teamchef geoteknisk afdeling HOFOR Teknisk kunderådgiver specialist fjernvarme Sweco Danmark A/S Geofysiker Silkeborg Satlab A/S Mixed-signal Hardware Development Engineer Teknologisk Institut Centerchef Fødevareteknologi Sweco Danmark A/S Operational HSE Specialist inden anlæg infrastruktur Teknologisk Institut Konsulent inden asbestrådgivning selektiv nedrivning Geopal System A/S vores næste elektroingeniør ? Banedanmark Tekniske specialister strømområdet ved jernbanen Gladsaxe Kommune Projektleder , arbejde grøn omstilling transformation Professionshøjskolen Absalon Adjunkter lektorer diplomingeniøruddannelsen bioteknologi Region Midtjylland Medicoteknisk rådgiver erfaring inden laboratorieområdet Sweco Danmark A/S Projekterende BIM kyndig IKT-leder Teknologisk Institut Ingeniører Rådgivnings- Certificeringsopgaver inden CE-mærkning Skanderborg Kommune Vejingeniør anlægsprojekter Sweco Danmark A/S Fagligt dygtig VVS-medarbejder Genitor ApS ProVarde Varde Kommune søger Strategisk Erhvervspartner Sweco Danmark A/S Energiingeniør/Kølespecialist udfordrende energiprojekter Energinet Experienced Overhead Line Engineer NEXEL Afdelingsleder området Relæer , RTU dokumentation Sweco Danmark A/S Projektleder søges byggeri Aalborg – byg fremtiden ! ISC Rådgivende Ingeniører A/S Erfaren VVS- ventilationsingeniør installationsafdeling Energinet Power System Specialist transient analyses ISC Rådgivende Ingeniører A/S Lead Specialist HVAC vores installationsafdeling Nature Energy Senior Project Manager - Permitting & Project Leadership Viegand Maagøe A/S Erfaren elingeniør implementering industrielle energisystemer opbygning el-team Genitor ApS Viborg Kommune søger ny Direktør Teknik Miljø Priess A/S Technical Project Manager energiforsyning BIOFOS Bliv Chef Asset Management led gennem analyse , kommunikation nysgerrighed Teknologisk Institut Compliance-ingeniør - gerne erfaring inden ATEX Sweco Danmark A/S forme fremtiden Sweco Esbjerg ? Aabenraa Kommune Projektledere vejanlæg Aabenraa Kommune Sweco Danmark A/S Operational HSE Specialist inden anlæg infrastruktur Fluidan ApS Instrument Technologist – Unique Process Instrumentation Danmarks Tekniske Universitet DTU Associate Professor or DTU Tenure Track Assistant Professor in Water Supply and Water Distribution Systems - DTU Sustain Aarhus Maskinmesterskole Aarhus Maskinmesterskole søger engagerede nye kollegaer kompetencer inden håndværk , teknik automation Danmarks Tekniske Universitet DTU Associate Professor or DTU Tenure Track Assistant Professor in Sustainability Assessment of Water Infrastructure - DTU Sustain Fluidan ApS Application Specialist / Rheology Danmarks Tekniske Universitet DTU Associate Professor or DTU Tenure Track Assistant Professor in Data Aquisition in Water Systems - DTU Sustain Inteka Rådgivende Ingeniører ApS Dygtig engageret ingeniør specialisering inden konstruktioner vores voksende team Novafos A/S Koordinerende dataspecialist – Sæt dit præg fremtidens anlægsdata afløbsområdet Forsvarsministeriet Frisk ingeniør Forsvarets nye F-35A kampfly Fort Worth USA Novafos A/S BI-dataspecialist analyse , rapportering formidling afløbsområdet Energy Solutions Mechanical Engineer Sweco Danmark A/S Ventilationsspecialist eksisterende byggeri specialer Petri & Haugsted A/S Petri & Haugsted søger nyuddannede ingeniører Trelleborg Sealing Solutions Denmark A/S Quality Inspector & Measuring Specialist Sweco Danmark A/S El-ingeniør fokus forsyning Viegand Maagøe A/S Mekanisk Specialist fremtidens industrielle energisystemer ISC Rådgivende Ingeniører A/S Erfaren maskinmester HVAC-ingeniør søges installationsafdeling Sweco Danmark A/S Teamchef geoteknisk afdeling HOFOR Teknisk kunderådgiver specialist fjernvarme Sweco Danmark A/S Geofysiker Silkeborg Satlab A/S Mixed-signal Hardware Development Engineer Teknologisk Institut Centerchef Fødevareteknologi Sweco Danmark A/S Operational HSE Specialist inden anlæg infrastruktur Teknologisk Institut Konsulent inden asbestrådgivning selektiv nedrivning Geopal System A/S vores næste elektroingeniør ? Banedanmark Tekniske specialister strømområdet ved jernbanen Gladsaxe Kommune Projektleder , arbejde grøn omstilling transformation Professionshøjskolen Absalon Adjunkter lektorer diplomingeniøruddannelsen bioteknologi Region Midtjylland Medicoteknisk rådgiver erfaring inden laboratorieområdet Sweco Danmark A/S Projekterende BIM kyndig IKT-leder Teknologisk Institut Ingeniører Rådgivnings- Certificeringsopgaver inden CE-mærkning Skanderborg Kommune Vejingeniør anlægsprojekter Sweco Danmark A/S Fagligt dygtig VVS-medarbejder Genitor ApS ProVarde Varde Kommune søger Strategisk Erhvervspartner Sweco Danmark A/S Energiingeniør/Kølespecialist udfordrende energiprojekter Energinet Experienced Overhead Line Engineer NEXEL Afdelingsleder området Relæer , RTU dokumentation Sweco Danmark A/S Projektleder søges byggeri Aalborg – byg fremtiden ! ISC Rådgivende Ingeniører A/S Erfaren VVS- ventilationsingeniør installationsafdeling Energinet Power System Specialist transient analyses ISC Rådgivende Ingeniører A/S Lead Specialist HVAC vores installationsafdeling navigate_beforenavigate_next Ved hjælp neuralt netværk systemet herefter stand identificere arten , flyveretningen , lang tid går , før eventuelt kommer karambolage vindmøllevingerne . nuværende tidspunkt systemet stand genkende rød sort glente , kongeørn , hvidhovedet ørn , kilehaleørn , lille skrigeørn kondor afstand 1.000 meter . ørn vej forkerte retning , går signal videre , enten direkte vindmøllernes eget kontrolsystem ( Scada ) operatøren vindmøllerne . kan så træffes beslutninger sænke hastigheden vindmøller , tættest fuglen , ligefrem stoppe helt . finde , godt kamerasystemet fungerer , gennemført såkaldt BACI-studie ( Before-After-Control-Impact ) , sammenlignet vindmøllepark cirka samme størrelse , ligger godt 15 kilometer væk . Få tidlig adgang Digital Tech Summit 2025 DIGITAL TECH SUMMIT Få tidlig adgang Digital Tech Summit 2025 Digital Tech Summit gruppe personer trænet gennemgå områder omkring vindmøller døde rovfulge . sikre , gennemsøgte hele området systematisk fandt så så muligt , lagt dummy-fugle kontrol . Derfor konkluderer folkene bag undersøgelsen , teknologien » potentialet mindske konflikten mellem vindenergi beskyttelse rovfugle « , selvom automatiseret kontrol vindmøllerne fuldstændigt eliminerede problemet . understreger , vigtigt forholde højrisiko­områder eventuelle trækruter fugle , før vindmøllepark sat , system IdentiFlight helst kun bruges alternativ . Fugle skræmmes væk Biolog Dansk Ornitologisk Forening Knud Flensted synes , systemet IdentiFlight lyder interessant teknologisk udvikling , tror , bruges særlige tilfælde . Artiklen fortsætter annoncen Knud Flensted understreger , måske direkte kollisioner mellem rovfugle vindmøller , største betydning fuglene set danske øjne : » ser , problemet højere grad , vindmøller sat havet skræmmer andefugle væk , søger føde området . fugle bruger områderne efteråret vinteren , fælder kan flyve , « siger peger eksempel planerne kystnær havmøllepark Smålandshavet mellem Sjælland , Lolland , Falster Møn . planen opstille 60 MW område fugle . Lige forsøger naturorganisationer DOF få Miljøministeren udpege Smålandshavet fuglebeskyttelsesområde . trods , vindmøller udgør risiko fugle , Dansk Ornitologisk Forening langtfra afvisende vindmøller : » ser generelt problem vindmølleparker havet . eksempel kan se , særligt problem forhold fugle planlagte energiø tilhørende 10 GW vindkraft Nordsøen , « siger Knud Flensted . j",6.0
,2021-02-23 00:00:00,14 ngo’er: Regeringen har urealistiske forventninger til umodne teknologier,Ingeniøren,Link,"Regeringen svigter klimaloven internationale ansvar hockeystav-model urealistiske forventninger umodne teknologiers potentiale reducere CO2-udledningen , mener ngo ’ . Regeringens klimapolitik lever hverken klimaloven Danmarks internationale forpligtelser foregangsland reducere CO2-udledningen 70 procent frem 2030 . skyldes blandt andet regeringens sats » umodne teknologier « eksempelvis fangst lagring CO2 ( CCS ) . lyder udmeldingen 14 ngo ’ , heriblandt Greenpeace , Rådet Grøn Omstilling Danmarks Naturfredningsforening , notat titlen ‘ Lever klimapolitikken klimaloven ? evaluering , regeringens hockeystavs-strategi lever klimaloven ’ . Regeringens såkaldte hockeystav-model udtrykker flad graf CO2-reduktioner første år , hentes små reduktioner , inden sidst bøjer skarpt opad store reduktioner årene lige før 2030 . » hockeystaven kort sagt ansvarlig klimapolitik . to grunde , « fremgår notatet . første mener organisationerne , hockeystav-modellen forenelig Danmarks forpligtelse ifølge Parisaftalen reducere landets CO2-udledninger 70 procent frem 2030 . begrundes , målet baserer » antagelse , reduceres lineært frem 2030 videre netto-nul senest 2040 « . » afgørende , fordi samlede mængde udledte drivhusgasser , tæller , bremse klimakrisen . udleder markant mere CO2 2030 hockeystav-tilgangen , reducerer lineært . hockeystav-tilgang overholder Danmark drivhusgas-budgettet svigter dermed Parisaftalen , « skriver ngo ’ erne . Derfor foreslås , regeringens nuværende bud mindste delmål 2025 , reduktion 46 procent , ændres minimum lineære mål 54,8 procent undgå kumuleret merudslip frem 2030 40,7 millioner ton CO2 . Hockeystaven baserer umodne teknologier Organisationerne peger derudover , argumentet hockeystaven baseret , » teknologisk udvikling gøre muligt billigere opnå store reduktioner lige før 2030 « . hverken » troværdigt , klogt billigt afvente teknologisk udvikling nå 70 procent « , mener : » står regeringen , umodne teknologier stå langt størstedelen samlede reduktioner – mindst gennem fangst lagring CO2 ( CCS ) . Regeringens bud , teknologiske fix kan bidrage , så tidsmæssigt urealistiske omkostningstunge , forudsætningen hockeystav-reduktion stede. « Organisationerne fremhæver CCS-teknologien , ifølge regeringens klimaprogram teknisk reduktionspotentiale 4-9 mio . ton 2030 , svarende 29-66 procent manglende reduktioner nå Parisaftalens mål . » skøn både forskere stor del relevante markedsaktører sat store spørgsmålstegn ved realismen . så stort potentiale tvivlsomt , flere grunde , « hedder notatet , blandt andet fordi : » høje skøn potentialet CCS forudsætter , stort set store punktudledningskilder ( kraftvarme , affaldsforbrænding , procesindustri , biogas ) installeret CO2-fangst , kilder 2030 efterfølgende år store CO2-udledninger. « ifølge notatet kræve » væsentlige levetidsforlængelser anlæggene , udmeldte politiske ambitioner reducere affaldsmængderne elektrificere elsektoren , varmesektoren samt dele procesindustrien , så forudsætninger derfor problematiske « . Dertil kommer , Danmark ubæredygtigt højt forbrug fast biomasse kraftvarmen , bør reduceres kraftigt næste årti , tilføjes . Derudover nævner notatet , reelle pris etablering CCS endnu ukendt , » hører sandsynligvis blandt dyreste teknologier CO2-reduktion « . Klimaministeren afviser kritik peger energiøer 14 ngo ’ anbefaler , regeringen omlægger kurs leve ordene klimaloven , dropper hockeystav-tilgang » absolut minimum « forfølger lineær reduktionssti svarende delmål 54,8 procent 2025 . » tager udgangspunkt året indgåelsen Parisaftalen bør reduktionsmålet 60 procent , « skriver nævner derudover , regeringens bud » umodne « teknologiers potentiale realistiske . » bør satses langt mere reelle her-og-nu-reduktioner sættes langt mere realistiske forventninger teknologiudvikling dets potentiale « , skriver organisationerne tilføjer , indgåede aftaler forlig blandt andet transport , grøn skattereform , energi industri må genforhandles 2021 . » udsigt yderligere reduktioner inden byggeri landbrug se mere troværdigt bud få sektorer mere ambitiøst omstillingen . Målet genforhandlingerne sandsynliggøre , 70 procent-målet nås 2030 , samt lever Parisaftalen vores historiske moralske ansvar gå forrest. « notatet påpeges , » guidende princip klimaloven , Danmark foregangsland international klimahandling « , hockeystav-modellen forenelig ambition . henvises , FN ’ s ‘ Emission Gap Report 2020 ’ anviser omvendt hockeystav nå målet begrænse globale temperaturstigning 1,5 grader ved udgangen århundrede . » resten verden følger regeringens strategi udskyder reelle reduktioner , mens satser massivt usikre planer negative emissioner , så samlede udledninger allerede 2030 langt overskride CO2 -budgettet 1,5 grad , « skriver 14 ngo ’ . skriftlig kommentar Information afviser klimaminister Dan Jørgensen ( S ) ngo ’ ernes kritik kalder » objektivt forkert udsagn « , Danmark godt vej CO2-reduktion 70 procent 2030 . Dan Jørgensen påpeger , regeringen seneste år lavet » lang række historiske aftaler « såsom klimaloven , energiøerne aflysningen ny oliejagt Nordsøen .",-7.0
,2021-02-26 00:00:00,Danmark risikerer at mangle grøn strøm til Power-to-X,Ingeniøren,Link,"Usikkerhed tidsplan energiøerne bekymrer eksperter . Uden øerne risikerer udbygningen havvind mindre elforbruget Power-to-X 2030 . Energi Forsinkelse energiøer kan koste dyrt Danmark risikerer få havvindmøller 2030 dække elforbrug elektrolyse Power-to-X ( PtX ) , nødvendigt indfri målet 70 procents reduktion CO2-udledningen . konsekvensen , tidsplanen etableringen to kommende energiøer 5 GW ny havvind ser skride seneste politiske aftale området . Elforbruget PtX – produktion brint grønne brændsler især transportsektoren – afhænger faktorer usikkert forudsige , tager udgangspunkt to overlappende estimater henholdsvis konsulentvirksomheden Ea Energianalyse brancheorganisationen Dansk Energi , forventes elforbrug formålet mellem 15 20 TWh 2030 . kortlægning konkrete danske PtX-projekter foretaget Ingeniøren viser samtidig , lige planer udbygning elektrolysekapaciteten 4,5 GW – hvilket allerede overstiger forudsætninger , fremskrivninger baserer . » går , ser PtX øjeblikket , så nødt revidere vores portefølje vedvarende energi , sikre , kommer havvind nok dække elektrolysebehovet . Gamechangeren , PtX-udbygningen går hurtigere , nogen regnet , vores vigtigste buffer havvinden , « siger professor energiplanlægning ved Aalborg Universitet Brian Vad Mathiesen . kan nemt stykke målet , ifølge tallene bag Energistyrelsens kommende klimafremskrivning kun tilføjet godt 14 TWh ny havvindproduktion årligt frem 2030 , ingen energiøerne klar inden . » uacceptabel « usikkerhed politiske beslutning opføre to energiøer henholdsvis Østersøen Nordsøen truffet sommer , løftet , stå færdige senest 2030 samlet 5 GW ny havvind tilkoblet . delaftale begyndelsen februar lyder , øen Nordsøen 3 GW tilkoblet » vurderes vanskelig realisere « før 2033 , havvinden ved øen Østersøen ( Bornholm ) måske må udbygges trinvist , tidsplanen ser skride 2030 . havvind udset vigtigste vedvarende energikilde levere strøm PtX , kan aktørerne grønne omstilling tjent usikkerhed , mener energianalytiker partner Ea Energi­analyse Hans-Henrik Lindboe : » fodre del vores transport- industrisektorer PtX-brændsler 2030 , kan – , ved – slet acceptere usikkerhed forsinkelse havvindudbygningen , « siger . Hans-Henrik Lindboe helt uforstående nye tidsramme energiøen Nordsøen , mener sagtens kan realiseres før 2030 . foreslår linje række andre fagfolk , øen Nordsøen udbygges tilsluttes trinvist frem 2030 . tilgang enig Dansk Energi . » synes , aftalen unødigt konservativ . ser grund , udskydelse . Tidsrammen burde nok højere grad komme an , byderne projektet mener realistisk , frem politikerne sagt aftale , « siger Torsten Hasforth , seniorøkonom Dansk Energi . problemet skaffe nok grøn strøm PtX peger række eksperter branchefolk , Danmark mangler sammenhængende strategi PtX-projekter , satses . » Projekterne høj grad drevet forretningscase , lige kunnet se enkelte projekt , frem , hvordan anlægget smartest muligt kan indgå samlede energisystem , « påpeger professor Jacob Østergaard DTU Elektro .",8.0
,2021-03-03 00:00:00,Ministerium afviser tilkobling af havvind fra Nordsøen før energiø er helt færdig: »Helt skørt«,Ingeniøren,Link,"Regeringen mener rigelig grøn strøm udbygningen Power-to-X frem 2030 afviser derfor udbygge tilkoble havvinden Energiø Nordsøen trinvist . Fagfolk peger , tværtimod kan betyde forsyning sort strøm . Danmark mål reducere udledningerne drivhusgas 70 procent 2030 , peger adskillige rapporter , får brug udbygning elektrolysekapacitet fortrænge fossile brændsler via Power-to-X . Ingeniøren kortlagde sidste uge annonceret konkrete projekter samlet pipeline 4,5 GW elektrolysekapacitet 2030 . umiddelbart udsigt VE-kapacitet , kan modsvare udbygningen elektrolyseanlæg . Ingeniøren beskrev sidste uge opfordrer flere fagfolk eksperter derfor kraftigt , Energiø Nordsøen udbygges trinvist , ligesom aftalt gøre Energiø Bornholm , nettilslutningsaftaler øen partnerlande trækker side 2030 . kan lade gøre Nordsøen , lyder Klima- , Energi- Forsyningsministeriet skriftligt svar Ingeniørens energimedie , GridTech , dermed udsigt få havvinden øen Nordsøen land før 2030 . Ifølge seneste politiske aftale energiøerne vurderes øen Nordsøen nemlig vanskelig få klar før 2033 . Ministerium : Nul tilkobling før øen klar » Energiøen Nordsøen afhængig , etableres fysisk ø-konstruktion Nordsøen , producerede havvind kan opsamles videredistribueres . aftalen 4. februar 2021 ejerskab konstruktion energiøer mv . truffet beslutning , konstruktionen Nordsøen kunstig inddæmmet ø. Først ø-konstruktion står klar , muligt tilkoble elnettet havvindkapacitet , « skriver ministeriet GridTech . Derudover understreger ministeriet , politiske forlig bag øerne beror forudsætningen , endelige projekter selvbærende forretninger : » forudsætning realisering energiøerne , rentable . kræver grundlæggende , strømmen kan afsættes . nuværende forventningen , rentabilitet afsætning så store mængder grøn strøm kræve udlandsforbindelser. « eksperter fastholder , strømmen energiøerne ganske uundværlig 2030 , 70 procentsmålet nås . Fredag stemte Klimarådet koret statusrapport regeringens hidtidige klimaindsats . side 40 rapporten skriver Rådet således : » Klimarådet vurderer derudover , kritisk øvrige reduktioner , fx gennem power-to-X generel elektrificering , havvindmøllekapacitet , Klimaaftale energi industri mv . 2020 tilknyttet energiøerne , etableret. « såkaldte Klimaprogram sidste år optrådte PtX helt centrale tiltag forhold 70 procentsmålet , regeringen skønnede , teknologien bidrage reduktioner mellem 0,5 3,5 millioner ton CO2-ækvivalenter . Klimarådet kommentering Klimaprogrammet sidenhen påpeget , nødvendigt realisere høje skøn regeringens identificerede reduktionspotentialer , målet nås 2030 . Ærgerligt svar Torsten Hasforth , seniorøkonom Dansk Energi , kalder ministeriets svar ‘ ærgerligt ’ særligt bekymret , tidsplanen havvinden Energiø Bornholm ender se usikker . anerkender ministeriets logik vente , øerne forbindelser andre lande , tilknyttede havvind formentlig stor mundfuld aftage danske elforbrugere alene . Omvendt kan rigide tilgang bet potentielle bydere havvindparkerne . påpeger , dag normalt tilføje kapaciteten havvindparker løbende , så første møller , stilles , stå stille vente , sidste møller rejst . » hvert fald spændende opgave , byde havvinden Energiø Nordsøen , økonomien møllerne helt afhængig , hvornår øen står færdig , ‘ prop ’ hevet , så strømmen kan komme land , « siger Torsten Hasforth understreger , skærpes yderligere , havvindparkerne energiøer langt større tidligere projekter . Pærer bananer GridTech spurgt ministeriet , hvordan tænkt sikre , havvindudbygningen følge udbygningen elektrolysekapaciteten frem 2030 . svarede ministeriet : » Energistyrelsens Basisfremskrivning 2020 forventes VE-andel 111 pct . Danmarks elforbrug 2030 uden etablering to energiøer . således allerede aftalte havvindskapacitet forudsatte VE-udbygning land ” overskud grøn strøm ” , eksempelvis kan understøtte PtX-udbygning inden 2030. « Chefkonsulent Wind Denmark , Thomas Young Hwan Westring Jensen mener , henvisningen Basisfremskrivningen kontekst misvisende . » helt skørt anvende Basisfremskrivningen , frozen policy-scenarie derfor medtager øgede elforbrug 70 procentsmålsætningen medføre . ren pærer-og-bananer-sammenligning , « siger . Brug forudsætninger 70 procent målet mener , mere retvisende bruge Energistyrelsens Analyseforudsætninger 2020 , modsætning Basisfremskrivningen formål anvise vejen 70 procentsmålet 2030 , herunder nødvendige direkte indirekte elektrificering . fremskrivning styrelsen forudsat 1 GW elektrolysekapacitet 2030 5.000 årlige driftstimer , altså 5 TWh . svarer ifølge Thomas Young Hwan Westring Jensen nogenlunde overskud strøm 11 procentpoints , Basisfremskrivningen sidste år nåede frem . » Ifølge beregninger ene gigawatt lige akkurat nok indfri lave skøn teknologiens reduktionspotentiale 0,5 millioner ton regeringens Klimaprogram . Problemet bare , udskydelse energiøerne betyde , kan mangle 23 TWh 2030 . korrekt fratrækker biomasse vedvarende energi , betyde , generelt mangler grøn strøm 2030 . ser høje reduktionspotentiale 3,5 millioner ton , ser billedet endnu værre , kræve yderligere 30 TWh , « siger Thomas Young Hwan Westring Jensen . Risikerer sort strøm PtX Dansk Energi kun hovedrysten brugen Basisfremskrivning styringsredskab , kommer udbygningen PtX . Brancheorganisationen stod spidsen arbejdet beregne klimapartnerskabet energi- industri-sektorernes bud bedste vej omstilling samfundet frem 2030 . elektrificeringstiltagene rapport regnes , Danmark overskud VE forvandlet underskud , forklarer Torsten Hasforth . Holdes energiøerne helt ude regnestykket viser beregninger baggrund seneste tal Energistyrelsen ( forudsætninger kommende KF21 ) , kun 85-90 procent elforbruget 2030 modsvaret produktionskapacitet VE . » får skabt nødvendige elektrificering frem 2030 , først får vindmøllerne bagefter , så risikerer strømmen sort periode , ærgerligt . alarmerende , nogen måde optimal løsning , beskrives svaret , « siger Torsten Hasforth henvisning ministeriets tilgang tilkobling Energiø Nordsøen . påpeger , hurtigere udbygning VE kun kan gavne kommende PtX-industri Danmark , kapitaltunge anlæg afhængige køre så årets timer muligt . » PtX-eventyret går hånd hånd , eksportør grøn strøm , betyde , lands leveringsdygtig billig el rigtig døgnets timer . balancen mellem indenlandsk elforbrug -produktion mere hårfin , vores elpris svinge mere , presse business casen PtX-anlæggene , bero køre så timer muligt , « siger .",-2.0
,2021-03-17 00:00:00,Energiøernes øverste ansvarlige: »Alt ved de her ø-projekter er ret specielt«,Ingeniøren,Link,"Mens flere aktører allerede venter utålmodigt kommende energiøer , begynder arbejdet havet inden længe . Vores kollega GridTech spurgt chefen enorme projekt , hvordan sikre , kommer så hurtigt muligt mål . nok , kommende energiøer henholdsvis Østersøen Nordsøen samlet set danmarkshistoriens suverænt største anlægsprojekt . tekniske kompleksitet skubber grænserne ingeniørkundskabens ypperste formåen . hele milliard-satsningens succes høj grad beror politiske dispositioner landene omkring . Kæmpeprojektet helst færdigt rasende fart . Oprindeligt meningen , begge øer stå fuldt udbyggede forbundne respektive partnerlande inden 2030 . politisk delaftale øerne februar deadline udskudt 2033 øen Nordsøens vedkommende , mens tidsplanen etableringen Energiø Bornholm gjort mere flydende . Mere nogen offentlig instans Energinet , lige hænderne energiøerne . statsejede virksomhed sidste år pålagt gå gang omfattende forundersøgelser dele projekterne . færdige senest 2024 forventes løbe pris én milliard kroner . Undersøgelserne indbefatter havbundsundersøgelser vindmølleparkerne screening HVDC-forbindelsernes eventuelle linjeføringer udarbejdelse kravspecifikationerne kunstig ø-konstruktion samt anlæg , stå . anderledes Ifølge Energinets øverste ansvarlige energiø-projekterne , Hanne Storm Edlefsen , spørgsmål kort tid , før arbejdet energiøer langt mere synligt hidtil . første udbud opgaver forundersøgelserne således allerede gennemførte forventes gå gang løbet foråret . » Inden så forfærdelig længe , vejret blevet , første skibe sejle områderne begynde undersøgelser . Netop sætte skub proces fordelt opgaverne forskellige leverandører , parallelt arbejder aspekter projekterne én gang , « siger Hanne Storm Edlefsen . såmænd essensen tilgang , sikre hurtig ekspedition Energinets del projektet : Parallelle processer . måde arbejde , Energinet allerede øvet del forbindelse etablere dets efterhånden store portefølje interconnectorer , forklarer . Viking Link-forbindelsen Storbritannien seneste hidtil længste , første udlægningsfase øvrigt begynder forår . hidtil Energinet kunnet koncentrere ét kabel gangen . forundersøgelserne energiøerne systemansvarlige indtil videre forholde fire potentielle nye udlandskabler samme tid . forhold understreger godt , slags opgave , Energinet blevet pålagt . » ved ø-projekter ret specielt , dels fordi første gang , nogen verden bygger øer , dels fordi så store mængder havvind , arbejder . Bare ‘ lille ’ projekt ved Bornholm største danske havvindsprojekt , « siger Hanne Storm Edlefsen . Selve afsættet projektet vendt hovedet forhold normal praksis , forklarer , forbinde to landes elsystemer hinanden regel , TSO ’ erne finder . gang politisk bestillingsarbejde . » helt usædvanligt , overhovedet gang forundersøgelser tidspunkt , endnu klokkeklar aftale andet land etablere udlandsforbindelse , « siger . manglende aftaler betyder eksempelvis , Energinet kan undersøge konkrete linjeføringer endnu , blot screene større havområder få idé , teknisk , miljømæssigt interessemæssigt ser mest realistisk trække kommende søkabler . Kabler forudsætningen Indtil videre øen Nordsøen mødt størst interesse udlandet . Holland , Belgien Tyskland således indgået aftaler både statsligt- TSO-niveau deltager lige arbejdet regne frem bedste business case hver forbindelse . projektet ved Bornholm indtil videre kun Tyskland , formelt gået samarbejdet , mens Polen fremme oplagt kandidat . håber ifølge Hanne Storm Edlefsen tilslutning nærmeste nordiske lande . Sverige mulig partner øen Østersøen . Norge ser øen Nordsøen selvsagt mere oplagt . Lige især udlandskablerne forhandlinger interesserede lande , fylder Hanne Storm Edlefsen . netop punkt , to projekter risikerer strande . Lykkes slet lave aftaler kablerne , ser projekterne faktisk dødsdømte , Klima- , Energi- Forsyningsministeriet tidligere oplyst GridTech mail : » forudsætning realisering energiøerne , rentable . kræver grundlæggende , strømmen kan afsættes . nuværende forventningen , rentabilitet afsætning så store mængder grøn strøm kræve udlandsforbindelser. « Konstruktionsvalg forsinker projektet netop usikkerheden få forhandlet udlandsforbindelserne plads , årsagen , politikerne delaftalen februar turde garantere kunstig ø Nordsøen førend 2033 . netop arbejdet kablerne gjorde politikerne sværere ved beslutte , øen kunstig , inddæmmet ø frem mere offshore-vante konstruktionsform stålplatforme . » , valgt kunstigt inddæmmet ø , giver anledning lidt længerevarende processer forhold tilrettelæggelsen kabelarbejdet . kan eksempel gå dialog partnerlandet konkrete kravspecifikationer del projektet , før ret præcist kender tilslutningsforholdene øen , « siger Hanne Storm Edlefsen . måned afholder Energistyrelsen indledende møder interesserede aktører konsortier , gerne anlægge delvist eje kunstig energiø Nordsøen . ske partnerskab offentlig instans , ifølge Hanne Storm Edlefsen godt Energinet , ingen afklaring endnu . Indtil videre således ‘ kun ’ udlandsforbindelserne elnetoperatøren stå anlægsfasen , forunderundersøgelserne færdige . parallelle processer igen komme spil . » forbereder så godt muligt dag , så ved , hvordan øen kommer se . tid sørge sende udbud stationsbygninger kabler samme tid sørge , komponenter materialer produceres samtidig , så vores del selve anlægsfasen kan gå så hurtigt muligt , « siger .",5.0
,2021-03-19 00:00:00,Energi-øer og Power-to-X udfordrer net-udbygning,Ingeniøren,Link,"Direkte kabelforbindelse PtX-anlæg udlandet kan overflødiggøre forhadte højspændingsmaster , mener borgergruppe . Eksperter Energinet varsler derimod flere ledninger . Energi Mastemodstandere vejrer morgenluft Hvordan bør energi-øen Nordsøen forbindes rent elmæssigt Danmark , hvordan kommer påvirke danske højspændingsnet ? spørgsmål endnu afklaret , spørger Energinet , ansvarlig eltransmissions­nettet Danmark – lokal borgergruppe gerne give bud . Borgergruppen , imod kommende udbygning 400-kV højspændingsledninger Vestjylland , nærlæst række rapporter Cowi Energistyrelsen netop nettilslutningen mellem havmølleparkerne energiøen Nordsøen . baggrund data priser rapporter mener borgergruppen , store mængder havmøllestrøm kan leveres direkte udlandet PtX-anlæg kraftige jævn­strømskabler , så mere brug så kraftigt højspændingsnet indenlands . Derfor bør højspændingsledningen Vestjylland opgives straks stedet konverteres par nedgravede jævnstrømskabler tværs landet , kan transportere havvindmøllestrøm Østjylland , store elforbrug ligger . konvertering , ifølge borgergruppen 1-2,6 mia . kr . billigere bygge højspændingsledningen dens 500 master . spurgt par uafhængige el-eksperter Energinet , borgergruppen pointe , så vestjyske højspændingsledning bør aflyses . pointe Kort fortalt afviser to eksperter , kan droppe forhadte højspændingsledning . peger samtidig , borgergruppen pointe , mere havvind via energiøerne samt forsyning store , koncentrerede elforbrugere Power-to-X-anlæg komme påvirke skabe nye vilkår udbygningen el-transmissionsnettet . Paul-Frederik Bach – fhv . direktør Elsam/Eltra anerkendt analytiker elmarkedet – peger , små lande Danmark fordel stærkt forbundet internationalt net , trafikken nord-syd-gående . » politiske aftale energi­øer betyder øget satsning vindenergi Nordsøen , tilføjelsen energiøer mindske energi , land Danmark føres videre gennem danske net . betyder , nord-syd-gående trafik dominerende , hvilket præger nettets nuværende fremtidige struktur , « skriver Paul-­Frederik Bach svar . peger , vestjyske højspændingsforbindelse del international aftale forstærket transmissionssystem , Energinet mulighed løbe . del Viking Link Civilingeniør partner Ea Energianalyse Henrik Lindboe , fortid Elkraft System , begrunder nej , 400-kV højspændingsledningen del projekt Viking Link-kablet mellem Danmark England , ledningen agere reserve , kablet England 1.400 MW falder . henhold elnettets ‘ grundlov ’ nemlig matche udfald største enhed systemet – ellers risikerer , både Jylland Fyn går elmæssigt sort : » kan sætte Viking Link drift uden Vestkystforbindelsen , så derfor selve timingen største hindring , borgergruppen gerne undgå upopulære luftledninger , « siger . Henrik Lindboe tilføjer , fremtid mere mere vedvarende energi helt generelt må belave , behov mere udveksling udlandet dermed behov indenlandsk infrastruktur , desværre løses mest sikkert forhadte højspændingsmaster : » Power-to-X-anlæg egentlig brint-infrastruktur , kan begrænse behovet højspændingsledninger fremtiden , « siger . samle flere anlæg Energinet køber heller borgergruppens forslag begrundelse , kommende nord-syd-gående 400-kV luftledning langs jyske vestkyst grænsen Idomlund ved Holstebro kan undværes . Dels fordi – tidligere nævnt – fungere backup Viking Link-forbindelsen , fejlramt , dels fordi opsamle strøm vindmølle- solcelleanlæg hele Vestjylland . Herunder strøm kommende havvindmøllepark Thor : » behov ændres ved etablering energiø Nordsøen , « fastslår områdeleder Bjarne Brendstrup Energinet . jævnstrømsledning tværs Jylland kan opfylde opgave – borgergruppen foreslået – Energinet brug opsamle vedvarende energi , etableret Vestjylland , derfra få strømmen transporteret frem forbruget . Brendstrup forklarer , bruge jævnstrømsforbindelser foreslået borgergruppen , så projekterne så komplicerede , realistiske gennemføre , fordi indbygges nye komponenter . Bjarne Brendstrup godt love , fremtidige planlægning omkring tilslutning energi-øerne danske elnet gøre minimere behovet flere højspændingsledninger . forventer , nettilslutningen energi-øen komme ske ved flere centrale knudepunkter 400-kV nettet Jylland , overvejer tilslutninger Østjylland . lige arbejder finde teknisk økonomisk bedste løsning , samtidig minimerer behovet netudbygninger omfang , muligt : » Eltransmissionsforbindelser både dyre gene borgerne , så klart , hellere finde andre løsninger , derfor undersøger lige række løsningsmuligheder henblik finde teknisk-økonomiske bedste løsning , samtidig minimerer behovet netudbygninger , « siger tilføjer , blandt andet handler tilslutte kablerne steder , forbruget højt . Uforudsigelig omstilling Heller Energinet tvivl , grønne omstilling indebære høj grad elektrificering danske energiforbrug dermed stigende elforbrug – både form nye forbrugere eksempel PtX-anlæg generel stigning elforbruget , hvilket sammen påvirke 400-kV nettet Danmark . Samtidig sker udviklingen hidtil uset hastighed præget høj uforudsigelighed , Energinet skriver én rapporter , gør , ser usikker fremtid veje opnå politisk bestemte klimamålsætninger . Sidste efterår udsendte Energi­net eksempel rapport langsigtede udviklingsbehov elnettet , opererede forskellige scenarier , ifølge Bjarne Brendstrup allerede forældede : » scenarier , arbejdede dengang , nødt genbesøge , energiøerne planerne Power-to-X-anlæg kommet billedet . viser , hurtigt udviklingen går øjeblikket , « siger .",-6.0
,2021-03-22 00:00:00,Grønt søslag forude: Energiøer og naturvenner ønsker sig samme dele af Nordsøen,Ingeniøren,Link,"Mens Danmarks Naturfredningsforening Danmarks Fiskeriforening blevet enige , kan ligge uberørte områder dansk hav , direkte konflikt planerne vindmøller ved Nordsøens energiø . Fiskere naturvenner enige , hvilke 10 pct . Nordsøen , Skagerrak Østersøen , bør udpeges uberørt hav , så Danmark kan komme tættere leve EU ’ s mål urørt hav . Så vidt , så godt . Planen imidlertid direkte konflikt planerne vindmøller energiø Nordsøen , pladsen stadigt mere trang , fordi vedvarende energi naturbeskyttelse fylder mere mere områder , skibsruter samt olie- gasfelter fortsat optager plads . Seks 24 områder , Danmarks Naturfredningsforening ( DN ) anbefalet urørt hav samarbejde Danmarks Fiskeriforening , overlapper Nordsøens udbudsområder energi . viser kort , brancheforeningen Wind Denmark DN lavet Ingeniørens opfordring . Udbudsområderne områder , Energistyrelsen udpeget fremtidige placeringer vindmøller – forbindelse energiø , verdens første slags . » Frontalangreb havvind « » frontalangreb havvindmøllerne , « lægger energi-professor ved Aalborg Universitet Brian Vad Mathiesen , Ingeniøren spørger planen to foreninger . » hvert fald klart , partsindlæg , går uden andre interessenter . få samlet billede flere parter , « fortsætter . Brian Vad Mathiesen påpeger , uundgåeligt , havvind komme fylde » væsentlig del Nordsøen « , energiformen udbygges opfylde landets klimamål . » Omvendt møllerne hele tiden større , så muligt , energien kan produceres mindre areal forventet , « påpeger . Ifølge vindmøllebranchens interesseorganisation Wind Denmark særligt nærheden Nordsøens planlagte energiø , kan udgøre problem . Energiøen planen ligge nordlige del område , Energistyrelsen kaldt Nordsøen III , omgives havvindmølleparker , levere el øen . første omgang parkerne levere 3 GW , området sigt udvides 10 GW . netop kan hele tre udpegede områder komme vejen , så parkerne tvinges længere væk øen , påpeger Thomas Hwan Jensen , chefkonsulent Wind Denmark . » energiøen kan betyde , særligt vindmøllerne , kan ligge Nordsøen II , må flyttes længere væk , så projektet samlet set dyrere , planlægningen mere omstændelig , « vurderer . Spørger DN , overlap mellem udbudsområderne arealerne foreningens oplæg uundgåelige , fordi hele 27 pct . Nordsøen indgår udbudsområder . Hertil kommer områder , brug andre formål . » udlægger områder havvind , tager store områder , kun delvist udnyttet sidste ende . vores bedste bud , placere områderne urørt hav , tager gerne dialog eksempel Wind Denmark vores områder forhold ønsker havvind , « siger natur- & miljøpolitisk rådgiver foreningen Therese Nissen . Områderne havvind udpeget Energistyrelsen del screening , styrelsen fandt plads 40 GW havvind . sammenligning dag installeret ca . 1,7 GW havvindmøller Danmark , mens projekter , undervejs , kan komme samlet maksimal kapacitet yderligere ca . 8,7 GW . særligt havdybder , fredninger , afstanden land samt befærdede skibsruter , begrænser vindmølleplanlægning dag . Kan vindmøller beskytte naturen ? Forslaget DN Danmarks Fiskeriforening formål udpege 10 pct . Nordsøen , Skagerrak , Østersøen omkring Bornholm , helt uberørte . lykkes Danmark udpege , nærmer Danmark EU ’ s mål netop 10 pct . uberørt hav hele unionen . Hertil kommer EU ’ s mål , 30 pct . havene unionen beskyttet grad , samt Natura 2000-områder , allerede udpegede . Uberørt hav beskyttes bebyggelse såsom vindmøller , ressourceudvinding sand , olie gas , fiskeri samt såkaldt klapning , sand slam dumpes havet . Derudover så naturfredningsforeningen gerne , områderne mindsket skibstrafik , rørledninger kabler krydsede igennem områderne , måler mindst 100 km2 pr . stk . Fundamenter kunstige rev Wind Denmark mener Thomas Hwan Jensen , naturbeskyttelse tilfælde kan gå hånd hånd vindmøller , flere undersøgelser peger , fundamenterne vindmøller fungerer kunstige rev , fremmer biodiversiteten . » vores optik , indikerer , vindmøller afskrækkende effekt fisk havpattedyr såsom sæler marsvin . Faktisk , peger , positiv indflydelse . derfor vigtigt , overvejer , uberørt hav rent faktisk formål beskytte . hensynet derimod sårbar havbund , kan undslå , fundamenterne kan give tab , « påpeger . Samme pointe Brian Vad Mathiesen : » havvind nødt fylde så , ret afgørende , kan tilgodese flere interesser samme areal eksempel tage naturhensyn samme sted , producerer strøm . undersøgelser Horns Rev 1 2 indikerer , godt kan lade gøre , « understreger . Danmarks Naturfredningsforening kender Therese Nissen argumenterne kunstige rev , foreningen lagt vægt udpege forskellige naturtyper udvalgte områder , hvilket kunstige rev ændre . » områder handler bevare naturen . muligt , vindmøller kan gode rev , dermed omdanner eksempel sandbund rev tiltrækker andre arter , « påpeger sammenligner situationen land , lovligt erstatte naturtype naturbeskyttelsesområde . foreningen vigtigt , områderne udpeget biologi dermed sikrer sammenhæng mellem områderne , repræsentative forhold bundtyper dybder , påpeger Therese Nissen . » Så områder vores aftale , evt . overlapper potentielle havvindområder , så tager DN Dansk Fiskeriforening gerne dialog vindsektoren , hvordan klima naturbeskyttelse -bevarelse sagtens kan gå hånd hånd , « siger fortsætter : Slet urealistisk » område , lå direkte , energiøen ligge . allerede flyttet sammen Dansk Fiskeriforening , inden planen kom , « fortæller uddyber , foreningen gerne tager Wind Denmark . Overordnet set Wind Denmark imidlertid positive målet 10 pct . uberørt hav . » lyder slet urealistisk , giver mulighed foregangsland nyt område . gennemgår Aarhus Universitets kortlægning mulige beskyttede havområder , udført forbindelse forestående havplan , burde muligt finde alternative placeringer områder , overlap . måde sikrer , miljø klima går hånd hånd , frem hinandens modsætninger , « mener Thomas Hwan Jensen .",3.0
,2021-03-25 00:00:00,Den grønne omstilling kræver investeringer på 80 milliarder kroner i det danske elnet,Ingeniøren,Link,"danske elnet kræver investeringer imod 80 milliarder kroner frem 2040 , viser ny analyse Rambøll . Analysen , lavet Wind Denmark , viser , alene elinfrakstruktur investeres enorme summer . Elektrificeringen danske samfund stor del 2030-reduktionsmålet , Energistyrelsen forventer , elforbruget stige 83 procent frem 2030 resultat grønne omstilling . muliggøre stigning særligt foretages investeringer vedvarende energiproduktion elinfrastruktur , transportere vedvarende energi . usikkerheder omkring faktiske beløb , omkostningerne ved forskellige elementer strategier fortsat ubekendte . Eksempelvis kommende energiøer medtaget analysen beregnet løbe cirka ti milliarder kroner pr . energiø . Forskellige tilgange konstruktion størrelse kan påvirke reelle pris markant . Analysen bygger offentligt tilgængelige rapporter analyser behovet udviklingen elnettet .",-4.0
,2021-03-29 00:00:00,Energianalytiker: Uden strøm fra energiøer i 2030 kommer 70-procent-målet i fare,Ingeniøren,Link,"Energianalytiker Henrik Lindboe retter skarp kritik tidsplanen Energiø Nordsøen , først ventes fuldt tilsluttet 2033 . Projektet bør gøres mere uafhængig aftaler udlandsforbindelser , mener . Økonomien to gigantiske energiø-projekter Østersøen Nordsøen helt afhængig , hver øerne etableres udlandsforbindelse mindst ét andet partnerland . grund uvished omkring , hvornår sådanne kabler kan etableret , største øerne , Energiø Nordsøen , blevet udskudt 2033 , fået lang række energi-aktører røde felt . Én energianalytiker Henrik Lindboe , partner Ea Energianalyse . Ifølge kommer Klimalovens 70 procentsmål ganske enkelt fare opfyldt , begge energiøer samlet 5 GW havvind fuldt tilsluttet Danmark 2030 . Derfor bør første omgang gøre mere uafhængig , hvornår udlandskablerne etablerede . » hensyn 70 procentsmålet bør tages stilling konkret plan energiøen Nordsøen trinvis tilslutning havvind , gennemregnet analyse fordele ulemper ved , første omgang kun ilandføres Danmark . ser , muligt tilslutte første 3 GW Vestdanmark , « siger Henrik Lindboe fortsætter : » Så kan udlandsforbindelserne komme efterfølgende , så gjort mere uafhængig , hvornår aftaler falder plads , « siger forbehold , må gå mere fem år førend flere forbindelser udlandet koblet øen . Oprindeligt begge øer færdigbyggede tilsluttet danske elsystem allerede inden 2030 . ventes kunstigt inddæmmede ø Nordsøen 3 GW havvind tilknyttet først helt færdig 2033 , mens endelige tilslutningstidspunkt øen Østersøen ( Bornholm ) 2 GW havvind endnu fået sat årstal . Forskubbelsen tidsplanen Energiø Nordsøen skyldes høj grad konstruktionsvalget kunstigt inddæmmet ø. besværliggør arbejdet forhandle udlandsforbindelserne helt plads , Energinets chef energiø-projekterne tidligere fortalt GridTech : » , valgt kunstigt inddæmmet ø , giver anledning lidt længerevarende processer forhold tilrettelæggelsen kabelarbejdet . kan gå dialog partnerlandet konkrete kravspecifikationer del projektet , før ret præcist kender øens udformning dermed tilslutningsforholdene , « sagde vicedirektør Energinet , Hanne Storm Edlefsen GridTech forrige uge . politikerne stedet valgt løsning baseret stålplatforme , viser beregnede tidsestimater ifølge Energistyrelsen , konstruktion rent teknisk stå færdig 2030 3 GW tilkoblet . Giver underskud 10 TWh 2030 Udskydelsen ifølge Henrik Lindboes Ea Energianlyses beregninger medføre mangel grøn strøm 2030 . feberredning eventuel trinvis udbygning havvinden ved Bornholm før 2030 , politikerne aftalt undersøge nærmere , nok dække stigningen elforbruget følge elektrificeringen kommende produktion PtX-brændsler , lyder Henrik Lindboe . scenarie årlige underskud grøn elproduktion danske elsystem ligge omkring 10 TWh 2030 ifølge Ea ’ s beregninger – svarende knap tredjedel samlede nuværende elforbrug Danmark 34 TWh . Dårlig optakt grønne omstilling Beregningerne forudsætter blandt andet fremkomsten én million elbiler , varmepumper industri rumvarme , flere datacentre mindst PtX baseret 3 GW elektrolyse , Ea Energianalyse regnet frem nødvendig nå klimamålet 2030 . Foruden generel mangel grøn strøm danske elsystem , mener Henrik Lindboe desuden , usikkerhed tidsplanen energiøerne skaber , skadelig grønne omstilling . » Set stol udbygning grøn strøm nagelfast besluttes , ellers kommer forbruget . Udbud før efterspørgsel . beder faktisk virksomheder , fjernvarmeselskaber forbrugere deltage grønne omstilling ved skifte el gøre forretning afhængig , strøm grøn , billig høj forsyningssikkerhed . Så helt afgørende , vaklen geledderne , alvor , øerne udsættes flere år uden ‘ Plan B ’ . bare rigtig dårligt optakt grønne omstilling , « siger Henrik Lindboe . Klima- , energi- forsyningsministeriet tidligere GridTech afvist muligheden gå kompromis udlandsforbindelser energiøen Nordsøen . » forudsætning realisering energiøerne , rentable . kræver grundlæggende , strømmen kan afsættes . nuværende forventningen , rentabilitet afsætning så store mængder grøn strøm kræve udlandsforbindelser , « skrev ministeriet e-mail GridTech . spænde ben , lyder Henrik Lindboe : » Danmark valgt havvindstrategi bygger energiøer , mener klogt . Derfor ærgerligt benspænd sætte , gør hele tidsplanen afhængig , kan nå forhandle udlandsforbindelser plads par år . dér kæden hopper mening , « siger . Klimarådet bakker Klimarådet seneste statusrapport regeringens klimaindsats udpeget energiøernes realisering inden 2030 helt centralt , række reduktionstiltag – eksempelvis stor udbygning PtX-anlæg – kan lade gøre . Professor Emeritus DTU Vindenergi medlem Klimarådet , Poul Erik Morthorst , enig Henrik Lindboe , strømmen store omstilling høj grad komme store parker havet . » stor del vores omlægning trækkes vedvarende energi særligt vindenergien . følger elektrificeringen udbygningen vedvarende energi , herunder specielt store offshore-parker , så får fulde gevinst omlægning , ellers gerne se , « siger professorer emeritus DTU Vindenergi medlem Klimarådet , Poul Erik Morthorst . foreslår lidt løsning knapheden VE-strøm frem 2030 : » Dybest set , synes , idéen energiøerne spændende , bekymrede tidsmæssige aspekt projektet . Derfor tidligere slået lyd , byggede ekstra konventionel park inden 2030 , derved gjorde mindre afhængig , hvornår energiøerne færdige , « siger Poul Erik Morthorst . Henrik Lindboe mener , gode løsning holde fast oprindelige plan sørge , øerne realiseret inden 2030 . » kan spørge , hvorfor så hammervigtigt , ø færdig før 2030 , al ny teknologi bekendt billigere , venter lidt . spørgsmålet simpelthen , tage klimamål , Folketinget besluttet , alvorligt . sat årstal , hedder 2030 , så vel år , sigtes efter. «",2.0
,2021-04-02 00:00:00,Ekspert om energiøernes ‘Plan B’: »Vi vil meget gerne undgå den situation«,Ingeniøren,Link,"Beslutningen eventuel trinvis udbygning Energiø Bornholm allerede træffes næste år , uden tvivl fordyrende løsning . bør overveje alternativer , lyder ekspert . Økonomien to gigantiske energiø-projekter Østersøen Nordsøen helt afhængig , hver øerne etableres udlandsforbindelse mindst ét andet partnerland . projektet Østersøen forligskredsen bag aftalen øerne enige , hensyn kan tilsidesættes , etableringen øens udlandsforbindelser viser trække mere ventet . » tilfælde , optimale realiseringstidspunkt vurderes senere 2030 , undersøgt , hvorvidt realiseringen Energiø Bornholm stedet kan gennemføres trinvist , « lyder tillægsaftalen øerne begyndelsen februar . Spørgsmålet bare , nødvendigvis god idé ? klogere , trinvis udbygning mere lavpraktisk indebærer , søgte GridTech svar Klima- , energi- forsyningsministeriet : » trinvis udbygning kan eksempelvis realiseres ved bygge forbindelsen mellem Sjælland Bornholm hurtigst muligt tilslutte havvind hertil senest 2030 . resterende havvind tilsluttes , forbindelse udlandet realiseret , « oplyser Klima- , energi- forsyningsministeriet GridTech . Intet ligger ifølge ministeriet helt fast endnu , kræve nærmere analyse . skitseres havvinden Bornholm princippet ilandføres enhver havvindpark – bare afstand mere 150 km højst sandsynligt gennem dyrt kraftigt jævnstrømskabel . Alternativer energiøen Uden forbindelse videre udlandet kablet Bornholm Sjælland første omgang udelukkende finansieres elforbrugerne Energinets tariffer . lukrative flaskehalsindtægter mulighed handel via kablet , selvsagt først stede , hul igennem andet elmarked . Ifølge Henrik Lindboe , energianalytiker partner Ea Energianalyse , alfa omega økonomien så langt jævnstrømskabel , dets kapacitet fuldt udnyttet så tiden muligt . fremtidens havvindparker tommelfingerregel forventes producere fuld skrue cirka halvdelen årets timer , derfor fornuftigt , kablet Bornholm Sjælland stå alene længe , mener . » forventning , udlandskablet kommer tre fem år , trukket strømmen land Sjælland , så bør overveje , overhovedet klogt lave trinvise udbygning Bornholm . Så stedet overveje eksempelvis udbygge Kriegers Flak , « siger Henrik Lindboe . udbygning lige netop Kriegers Flaks god idé , tør Torsten Hasforth , cheføkonom Dansk Energi , lægge hovedet blokken sige – høj grad afhænge , ledig kapacitet eksisterende nettilslutning Kriegers Flak . Desuden , påpeger , opførelse ny havvind tilsluttet Østdanmark , tage indtægtsmuligheder energiøen ved Bornholm . tvivl , trinvise udbygning dyrere løsning , fulde projekt realiseres første hug . » gerne undgå , ender situation , ingen tvivl , trinvis udbygning fordyrende løsning . formentlig stadig bedre løsning række andre alternativer , « siger . spørgsmål Østdanmarks forsyningssikkerhed Torsten Hasforth forklarer , behovet få ilandført havvinden Energiø Bornholm inden 2030 høj grad handler sikre elforsyningssikkerheden Østdanmark , kun mere presset fremover . alternativ havvinden Bornholm , Energinet satser mere betale reservekraft eksisterende kraftværker Sjælland , strategi indeholder del faldgruber . » Energinet sikre strømforsyningen Sjælland ene måde . Kablet Bornholm fugl hånden Energinet – modsat reservekraft kraftværker , mindre grad kender fremtiden , « siger Torsten Hasforth . Beslutning tages næste år Lige forhandler Energinet intensivt Tyskland indgå bindende aftale udlandsforbindelse , går via Energiø Bornholm . Ifølge aftalen energiøerne eventuel aftale plads senest begyndelsen næste år . sket , forligskredsen tage hele projektet revurdering . allerede næste år , beslutningen udbygge Energiø Bornholm trinvist tages , oplyser ministeriet : » ske trinvis udbygning inden udgangen 2030 , indebærer , først etableres forbindelse Sjælland ( udlandsforbindelse senere ) kræve politisk beslutning etablere første trin allerede 2022 . skyldes , etableringen ny forbindelse mellem Bornholm Sjælland tidskrævende , tale massive komplicerede anlæg , tager lang tid udbyde forhandle kontrakter , ligesom anlæg , produktion test tager lang tid , « skriver ministeriet mail GridTech . øjeblikket embedsværket gang analysere , hvilke muligheder trinvis udbygning , kan sikre strømmen kan nyttiggøres , lyder . Energinets chef energiø-projekterne fortalte GridTech sidste uge , endnu usikkert , hvornår respektive partnerlande , lige forhandles parallelt , dels interesse etablere forbindelsen dels netinfrastrukturen aftage strømmen store havvindparker , etableres tilknytning øerne . øen Nordsøen forventer myndigheder politikere øjeblikket , kan lade gøre tilslutte havvinden hverken Danmark andre side 2030 . Ifølge oplæg tidsplan Energistyrelsen forventes første møller tidligst slutte øen Nordsøen 2032 , mens sidste møller planen forventes tilsluttet udgangen 2033 .",-1.0
,2021-04-06 00:00:00,Forskere: Sådan undgår pattedyr høreskader fra Energi-ø-undersøgelser,Ingeniøren,Link,"akustisk opmåling havbunden inden anlægger energiøer , kan give permanente høreskader havpattedyr , kan let undgås , konkluderer forskere forud undersøgelserne . Før kan anlægges energiøer Nordsøen Østersøen havbunden kortlægges præcist , én metoderne benytter akustiske chokbølger så kraftige , risikerer skade hørelsen havpattedyr permanent . Forskere DCE ved Aarhus Universitet derfor undersøgt netop , hvordan akustiske chokbølger såkaldt sparker påvirker populationerne marsvin , hvidnæse , vågehval , spættet sæl gråsæl Nordsøen . fremgår pressemeddelelse DCE , sammen Niras udarbejdet rapport hver energiøernes områder forud strategiske miljøkonsekvensvurderinger udbud koncessioner havmølleparkerne . Gnist luftboble Sparkeren bruges lave højopløselige målinger havbunden ved hjælp lydbølger frekvensområdet mellem 1 4 kHz . Bølgerne laves elektroder sparkeren , skaber gnist , medfører luftboble , kollapser skaber lydbølgen . bølge kan altså så kraftig , havpattedyr kan tage permanent skade , påpeger DCE . Sæler kan tage skade inden 50 meter sparkeren , marsvin 620 meter væk vågehvaler hele 1400 meter undersøgelsen , påpeger forskerne . Hertil kommer , arterne , indgår undersøgelsen reagere lyden afstand hele 11 km undersøgelsesskibet . Løsningen havpattedyrenes høreproblemer ligger imidlertid lige , påpeger forskerne . » Risikoen permanent høretab havpattedyr kan al sandsynlighed reduceres ubetydelig ved anvendelse soft start procedure afværgeforanstaltning , « hedder rapporten Nordsøens energiø . Soft start betyder , apparatet begyndelsen fungerer ved lavere styrke længere mellemrum dermed skræmmer dyr området væk , før skrues styrke , kan give permanent høretab . Natura2000-områder kan ramt radius 11 km undersøgelsesskibet betyder , to Natura2000-områder Østersøen ramt akustiske bølger grad , så påvirker havpattedyrene . områderne Adler Grund Rønne Banke , fremgår DCE ’ s rapport Østersø-området . Rapporten foreslår , reducerer påvirkningen ved flytte undersøgelsesområdet længere væk to områder . skyldes , såkaldte JNCC-guidelines Natura2000-områder angiver , maksimalt 20 pct . området må påvirkes type forstyrrelser . Forskerne DCE konkluderer , områderne sammenlagt påvirkes 34 pct . arealet derfor mere påvirket JNCC-guidelinen foreskriver . Hertil kommer , reelt tale tre områder , hvoraf værst påvirkede danske del Rønne Banke , hele 59 pct . påvirket . andre dele undersøgelserne benytte apparater , enten laver lyde uden dyrenes høreområde benytter magnetometer derfor lydløse , påpeger DCE , derfor vurderet dele undersøgelserne . Rettet 7/4 2021 12:15 : fremgik tidligere artiklens sidste sætning , vælge bruge andre typer undersøgelser stedet sparkeren . tilfældet , to andre nævnte undersøgelser benyttes tillæg sparkeren forundersøgelserne kan stå stedet del undersøgelsen .",1.0
,2021-04-07 00:00:00,Investorer bakker op om dyr energiø,Ingeniøren,Link,"Forskere kritiseret økonomien energiøerne dårlig tiltrække investorer . skræmmer Vindø-konsortiet . række nye beregninger Aarhus Universitet , offentliggjort Finans tirsdag , viser dårlig projektøkonomi energiøen Nordsøen , dét burde ifølge økonomi-eksperter afskrække investorerne deltage festen . nye tal rokker ved interessen konsortiet Vindø deltage etableringen kunstige energi-ø Nordsøen , politikerne vedtaget . Konsortiet består pensionsselskaberne PFA Pension Danmark samt energiselskabet Andel – Copenhagen Infrastructure Partners ( CIP ) rådgiver : » synes fortsat , grønne omstilling samfundsøkonomisk god case , masser havvind central del heraf . betyder implicit , mener , energiø omkostningseffektiv måde føre grønne omstilling livet , Cowis beregninger Energistyrelsen påvist , « siger partner CIP , Thomas Dalsgaard . Tvivler indtjeningen lektor økonomi Aarhus Universitet Jan Bentzen , Finans regnet projektøkonomien staten energiø-projektet relativt sparsomme oplysninger , Energistyrelsen givet notat juni sidste år - se dokumentet bunden artikel . kan få indtjeningen havmøllerne hamle omkostninger energiøen – Energistyrelsen kan. Energistyrelsen notat skønnet , etableringen to energiøer – én Nordsøen 3 GW én Bornholm 2 GW – medfører projektøkonomisk overskud ca . 18 mia . kr. , opgjort nutidsværdi . » Selvom kan sælge al strøm havmøllerne fuld pris , 33 øre pr . kWh – hvilket helt urealistisk – så viser beregninger , projektet aldrig kommer give overskud , « siger Ingeniøren understreger , tale deciderede samfundsøkonomiske beregninger , hverken Energistyrelsens egen side . Mangler følsomhedsberegninger Energistyrelsen projektberegninger forudsat forrentning fire procent investerede kapital , Jan Bentzen mener , seks otte procent langt mere realistisk . dermed vokser underskuddet 30 år mellem minus 48 mia . kroner 3 GW-modellen minus 77 mia . kroner store model 10 GW havvind tilsluttet . Bentzens regnestykke indregnet bidrag andre lande , tilsluttes øen , forudsat beslutningen omkring energiøerne . Finans ’ artikel efterlyste professor Frede Hvelplund Aalborg Universitet mere detaljerede følsomhedsberegninger , hvordan kommer strømmen . Efterlyser plan elektrificering eksempel bør ifølge Hvelplund regnes , bruges nye grønne brændstoffer ( power-to-x ) , hvordan spiller sammen varmepumper opvarmning , kan sælges udlandet forskellige tidspunkter døgnet.Den del kritikken partner CIP , Thomas Dalsgaard , delvist enig : » mangler fortsat sigtbarhed tiltag , sørge , får elektrificeret samfundet , så klar forbruge store mængder grøn strøm , 10 GW havmøller producere , bruge varmepumper , elbiler grønne brændstoffer via power-to-x-anlæg , « siger . endnu besluttet , hvordan private parter kan indgå etablering energiøen .",
,2021-04-12 00:00:00,De skal undersøge havbunden under energiøen i Nordsøen,Energy Supply,Link,"Havbunden kommende energiø Nordsøen undersøges kortlægges grundigt , før arbejdet bygge selve øen store havvindmølleparker rundt øen kan gå gang . Energinet netop tildelt opgaven to erfarne havundersøgelses-virksomheder , forventes stævne skibe Nordsøen maj måned . to virksomheder Fugro MMT . skibe ladet blandt andet seismisk udstyr , minutiøst kortlægge havbunden mere 1000 kvadratkilometer store område ude Nordsøen , kunstigt inddæmmede energiø tilsammen 3 GW store havvindmølleparker bygges , skriver Energinet hjemmeside . - geofysiske undersøgelser dække stort område , vigtigt , tidsplanen holdes . Derfor glade , to erfarne professionelle selskaber Fugro MMT , udføre undersøgelserne havet Nordsøen kommende tid , siger Poul-Jacob Vilhelmsen , projektleder Energinets arbejde kommende energiøer dansk farvand . Sammen andre forundersøgelser geofysiske kortlægning havbunden gøre muligt udføre anlægsarbejdet forbindelse energiøen , omkringliggende havvindmølleparker søkabler måde , både sikrer teknisk gennemførlighed størst mulig hensyntagen natur miljø . Havbund undersøges 100 meter jorden Nordsøen relativt lavvandet 80-100 kilometer ude havet , kunstige ø havvindmølleparkerne anlægges . undersøgelsesområdet havet mellem 25 meter 50 meter dybt . maj måned begynder specialiserede skibe to havundersøgelses-virksomheder derfor arbejdet undersøge kortlægge havbundens overflade geologiske lag helt 100 meter havbunden . Istider , søslag kampesten geofysiske forhold havbunden præget såvel jordens geologiske udviklingshistorie menneskenes egne aktiviteter igennem historien . Sandbanker , rev skabt biologisk liv kampesten eksempler geologiske elementer , skibene Fugro MMT kortlægge minutiøst . skibene forventeligt sejle hen enkelte skibsvrag området verdenshistoriens største søslag , Jyllandsslaget 1916 , ligesom identificere såkaldt eksploderede objekter , altså typisk granater miner 2. verdenskrig . menneskeskabte forhold havbunden , kortlægges , hører eksisterende søkabler rørledninger samt mere samtidige spor eksempel affald , udstyr fiskeri rifter havbunden skibsankre , mv . geofysiske undersøgelser sammen senere boreprøver munde detaljeret , digital kortlægning havbunden geologiske lag havbunden hele området kommende kunstige energiø Nordsøen omkringliggende havvindmølleparker . Energiø Nordsøen : energiø samlingssted store mængder energi havvind . energiøen omformes videresendes energien flere lande . Energiøen Nordsøen levere 3 GW havvind stigende 10 GW senere . Energiøen Nordsøen kunstig ø-konstruktion bestående flere former sænkekasser 80 km . ude havet danske kyst – første omgang areal , svarer 18 fodboldbaner . Omtrent 200 vindmøller havet producere 3 GW første fase , energiøen Nordsøen drift . Vindmøllerne formentligt højere hidtil , måske helt 260 meter høje . højere eksempel pylonerne Storebæltsbroen . 210 milliarder kroner estimerede samlede investeringsomkostninger energiøen Nordsøen inklusive 10 GW havvindmølleparker , elektriske anlæg øen transportkabler land .",
,2021-04-15 00:00:00,Industri og fjernvarme: Energiøer før 2030 er afgørende for vores elektrificering,Ingeniøren,Link,"bred elektrificering industrien fjernvarmen sker først , sikkerhed tilstrækkeligheden grøn strøm , lyder brancheorganisationer . Derfor aktører , omlægge el , utilfredse , energiøerne først fuldt udbyggede 2030 . lød budskabet partner Ea Energianalyse Henrik Lindboe GridTech par uger siden . Udtalelsen udsprang , forligskredsen bag energiøerne seneste aftale udskudt fulde realisering øerne side 2030 . Øernes samlede havvindkapacitet 5 GW kommer derfor bidrage stort opfyldelsen 70 procentsmålet , ifølge Henrik Lindboes beregninger betyde , mangle grøn elproduktionskapacitet inden landets grænser 2030 grund stigende elforbrug bred elektrificering . Dansk Industri hører derfor utilfredshed medlemmerne , finder uacceptabelt , så stor mængde grøn strøm kommer tilgængelig før 2030 . » Vores medlemmer udtrykt utilfredshed nuværende tidsplan øerne . Derfor samlet række medlemmer inden energi arbejdsgruppe , give gode råd input , hvordan kan accelerere realiseringen øerne . brug stramme kæden , kan strammes , « siger Troels Ranis , branchedirektør DI Energi . Energiøerne væsentlig brik understreger , DI glade , indgået bred politisk aftale realisere øerne . » så sagt , så rigtig glade få fart realisering . Elproduktionen 5 GW havvind , tilknyttet , ligger fundamentet ambition , klimapartnerskabet energi forsyning sat næsten helt udfase fossile brændsler inden 2030 , « siger Troels Ranis fortsætter : » energi- forsyningssektorens omstilling igen helt afgørende forudsætning stor del CO2-reduktionerne øvrige erhvervssektorer. « Uagtet energiøernes udskydelse indsatsen elektrificere bredt samfundet allerede skudt gang . eksempel fødevareindustrien , blandt største energiforbrugere herhjemme . kører DI øjeblikket projekt 20 virksomhedscases , helt procesteknisk niveau forsøger analysere frem , dybt kan elektrificerers bredt set fødevareindustrien . skønne spildte kræfter forhold 2030-målet , ambitionerne energiøernes tidsplan hæves , forklarer Troels Ranis . » én ting finde , kan elektrificere , elektrificering kan tilskrives CO2-neutral elforsyning , så ingen værdi forhold klimamålene. « Fjernvarmen bindes el varmesektoren allerede taget hul omfattende elektrificering frem 2030 , fjernvarmen selvstændig målsætning helt fossilfri . seneste år antallet store varmepumper fjernvarmen eksploderet . videre omstilling frem 2030 betyde , fjernvarmeproducenterne går ét nettoproducent el nettoforbruger – tilmed én landets største . skyldes , kraftvarmeværkerne konkurrencen VE forventes få sværere ved få økonomi elproduktion derfor trappe gevaldigt kommende år . fjernvarmens elektrificering øger selvsagt betydningen , hvordan VE-udbygningen tegner . » nok grøn strøm , så stiger priserne rigtig , så får situation , hverken konkurrencedygtigt særligt grøn , blandt andet betyde import kulbaseret el . direkte modstrid vores egen klimamålsætning , « siger Jesper Koch , analysechef Dansk Fjernvarme leder tænketanken Grøn Energi . Blandt andet grund uvished , helt afgørende fjernvarmeselskaberne , fremover fortsat frihed tilrettelægge forsyning , så kun baseret el . » Set lyset udsigten eventuel manglende grøn strøm energiøerne frem 2030 særligt bekymrende , politisk samtidig sendt signaler , fjernvarmen bare se komme el – kun el – fremtiden , « siger Jesper Koch . » omstændigheder nødig 100 procent afhængige én kilde fjernvarmeforsyningen . Fjernvarmens bidrag både sektorintegration konkurrencedygtighed bygger effektiv brug bred pallette grønne energikilder , « siger . Usikkerhed giver tøven elektrificering Jesper Koch mener , spørgsmålet energiøernes tidsplan specifikt , fylder fjernvarmeselskabernes aktuelle elektrificeringsbeslutninger , omstændigheder endnu ligger stykke ude tidshorisonten . findes allerede eksempler , hurtigt usikkerhed fremtiden kan føre tøven elektrificering . » Bare give nutidigt eksempel , følsomt område , så oplevet fjernvarmeselskaber , tøver investeringer elkedler grund Energinets arbejde justere modellen modhandel elmarkedet , « forklarer Jesper Koch henvisning verserende debat elbranchen gøre handlen specialregulering mere konkurrenceudsat . lignende konsekvensen , energiøerne rigelige , grønne strøm ved uden rækkevidde , mener . » handler fjernvarmen gerne 100 procent grøn 2030 samtidig bevare konkurrencedygtighed minimere investeringsrisici . fuld gang investere store , eldrevne varmepumper , energiøerne lader vente , elpriserne stiger , så fjernvarmeselskaberne blot skrue elinvesteringer sikkert alternative grønne investeringer , « siger .",
,2021-04-21 00:00:00,Sådan kunne et europæisk brint-net se ud i 2040,Ingeniøren,Link,"vision 40.000 km brint-rør kryds tværs Europa bud brint fremtidens grønne Europa . gas brint opfører forskelligt . Brint baseret vedvarende energi høj kurs , flere europæiske lande , især Holland Tyskland , langt fremme planer udbygning rørledninger transport brinten . skyldes især behovet udskifte fossilt brint grønne alternativer eksempel stål- raffinaderiindustrien . 23 ejere infrastruktur transport gas ( TSO ’ ) , sat sammen formulere vision , hvordan brinten fremtiden kan transporteres produktionsstederne , eksempel energiø Nordsøen , forbrugsstederne , gået sammen vise , hvordan udbygges rørledninger sammenhængende brint-netværk Europa . tale 40.000 kilometer rørledninger nordligste Sverige sydligste Italien Spanien Vest Grækenland øst : » lang række europæiske TSO ’ opsat fremme grønne omstilling , netværket altså vores bud , hvordan kan udnytte eksisterende naturgasnet brint , behov udbygninger , « siger Stine Grenaa Jensen , områdeleder Energinet Gas TSO . konvertering dele naturgasnettet udbygning nye rørledninger lige klares håndevending , tidsrammen sat 2040 . visse områder Europa allerede langt fremme , forklarer Stine Grenaa Jensen : » Tyskland Holland stærk fokus få fossile brint processerne stål- raffinaderiindustrien . Derfor kan nok forvente , først se etableringen større netværk , « siger . Danmark gang TSO ’ , deltaget visionerne , bidraget behov grønt brint , ser fremtiden infrastruktur , mener bidrage . gælder Danmark , tegnet streger kortet . Blandt andet naturgaslagret Jylland kommende energiø Nordsøen : » tegnet nye rørledninger vores nabolande , gerne adgang brint . gælder både Sverige Polen , « siger Stine Grenaa Jensen . Konverterede naturgasledninger del danske brint-rørnet kan tænkes bestå naturgasforbindelser , konverteres håndtere brint . teknikerne undersøgt årrække , arbejdes fortsat finde rigtige løsninger . Derfor bemærkelsesværdigt , britiske TSO , National Grid , planlægger konvertere store dele britiske naturgasnet brint . Andre steder se , hvordan nye rørledninger forbinde eksisterende naturgasledninger landegrænser . blevet plads vision brint transporteret anlæg Nordafrika Europa . Stålet sprødt selvom visionen , del eksisterende transmissionssystem naturgas bruges transport brint , så kan opstå forskellige barrierer . forklarer Asger Myken , senior projektleder Dansk Gasteknisk Center . eksempel kendt viden , brint kan give udfordringer komponenter ventiler , regulatorer kompressorer . Oven risiko , brint påvirker stålet rørene , så materialet `` sprødt '' dermed lettere går stykker . Samtidig europæiske naturgasnet opbygget stor variation komponenter forskellige standarder : » betyder , bruge naturgasnettet transmission brint , kræve , enkelte dele vurderet individuelt . kan eksempel betyde , komponenter udskiftes trykket røret sættes , « siger . PtX-strategi kommer først efteråret Danmark gang flere brint-projekter , blandt andet Fredericia København , forventes produceret brint basis el vedvarende energi . Derfor indgår brint vigtig komponent , både IDA 's Energivision 2050 2016 IDA 's Klimasvar sidste år . Klimasvaret fremgår blandt andet , etableres 40 GWh lagerkapacitet brint sikre fleksibelt samspil mellem produktionen grøn el brint . stadig mangler politisk strategi , Energinet svært ved fastlægge kommende udbygningsplan , både angår lagre rørledninger . Stine Grenaa Jensen understreger , primære strategi bruge så grønne danske strøm direkte elektrificering : » klart , komme overskud , konverteres brint , enten kan værdiskabende Danmark kan eksporteres . proces vigtigt infrastrukturen flaskehals , « siger .",
,2021-04-22 00:00:00,Nu vil også Ørsted og ATP bygge energi-ø,Ingeniøren,Link,"Nyt partnerskab melder konkurrencen statens partner byggeriet kommende energiø Nordsøen . Dermed to konsortier buddet . melder nyt , kraftfuldt partnerskab kampen få lov bygge energiø Nordsøen . drejer Ørsted , førende udvikler havvind ATP , formue 960 mia . DKK Danmarks største institutionelle investor . Dermed to konsortier , interesserede medejer øen sammen staten , ingen tilsyneladende skræmte dårlige projektøkonomi , økonomiforsker pegede fornylig . andet konsortium hedder Vind-ø består pensionsselskaberne PFA Pension Danmark samt energiselskabet Andel . Accepterer fast ø Ørsted tidligere slået tromme , billigere bygge række platforme stedet fast ø Nordsøen tilslutning havmølleparkerne , meddelelsen nye konsortium selskabet accepteret , tale sænkekasse-ø havet . » ser frem sammen ATP yde vores bidrag realisere epokegørende infrastrukturprojekt bedste teknologiske løsninger laveste omkostninger risici gavn danske samfund , « siger Mads Nipper , administrerende direktør Ørsted pressemeddelelse . ATP vurderer Bo Foged , administrerende direktør , energiøen Nordsøen rigtig interessant investeringsmulighed ATP , fordi både kan sikre gode stabile pensioner , udvikle danske styrkepositioner samtidig afgørende løftestang grønne omstilling Danmark : » Investeringen naturligvis uden risiko , medlemmerne kompenseres , Ørsted ATP stærkt partnerskab , helt rette komplementære kompetencer løse opgave . så glæder , samarbejdet kan sikre , afkastet projektet gennem ATP kommer danskere gode , « siger . Markedskonsultationer gang politiske aftale februar lagt fast , energiøen Nordsøen samfundsopgave , bedst løses ved aktivere relevant kompetence tværs stat marked via delt ejerskab mellem stat én flere private aktører , staten majoritetsejer . foregår række såkaldte » markedskonsultationer « mellem Energistyrelsen interesserede parter , fastlægge nærmere proces omkring udbud øen . Blandt andet afgøres , stor øen konkret . Ifølge diskussionsoplæg markedsdialog , udgivet Energistyrelsen , forventes fuldskala-energiø Nordsøen ( altså tilslutning 10 GW havvind ) koste 10 ,9 mia . DKK anlægsomkostninger .",
,2021-05-10 00:00:00,Strid om betaling for elnettet kan true den grønne omstilling,Ingeniøren,Link,"overfladen lurer oprør energibranchen grund passus sommerens klimaaftale , pålægger VE-udviklerne betale store dele udbygningen elnettet . Energi tilslutning VE-anlæg kan dyrt går tilsyneladende godt fremad danske klimaindsats : Ifølge nyeste officielle klimafremskrivning sidste uge kommet langt tættere klimamålet seneste års tid . Konkret såkaldte klimamanko – altså CO2-reduktioner , mangler finde - skrumpet godt otte mio . ton , 20 mio . 11,8 mio . ton CO2 2030 . Forklaringen findes især effekten to klimaaftaler affald energi industri , indgået sidste sommer – så , interessen bygge nye biogasanlæg eksploderet . selvsamme klimaaftale energi industri finder passus , dén grad fået udviklere sol- vindmølleparker stolene , ifølge rummer potentiel trussel grønne omstilling . Passagen handler , hvem betale udbygningen elnettet grønne ­omstilling . sommerens klimaaftale ændrede politikerne afgørende princip , ­gældende siden 1990 ’ erne : udgifter udbygning elnettet forbindelse tilslutning nye VE-anlæg første omgang betales lokale el-distributionsselskab , så kan sende regningen videre landets elforbrugere via såkaldt udligningsordning , betales via PSO-tariffen elregningen . stedet besluttede ­politikerne lade regningen gå videre VE-producenterne 2023 via helt nye geografisk differentierede tilslutningsbidrag indfødningstariffer , endnu udformet . Formålet ændringen , iføl­ge aftalen , spare elforbrugerne penge samtidig opmuntre VE-udviklerne placere anlæggene dér , elnettet forvejen stærkt nok aftage transportere VE-strømmen . Ændringen kom fuldstændig bag danske energibranche . Ifølge adm. direktør Knud Erik Andersen VE-udvikleren European Energy listet ­forhandlingerne sen nattetime , siden branchen forsøgt forstå nye tariffers omfattende ­konsekvenser fremtidens vedvarende energi- projekter . gjort frustrationen mindre blandt VE-udviklerne . Dels fordi afklaring , hvordan nye tariffer indrettes , lange udsigter , hvilket bremser nye VE-projekter . Dels fordi klimaafta­lens ordlyd kan tolkes , VE- udviklerne bare betale udgifterne tilslutning konkrete anlæg , stor del relativt store investeringer transmissions- distributionsnettet , grønne omstillings øgede elektrificering kræve . Store summer spil store summer spil : Ifølge rapport Rambøll – brancheorganisationen Wind Denmark bestilt – perioden 2020 2040 investeres 80 mia . kr . nettilslutninger , udlandsforbindelser , transmissionsnet tilslutning energiøer , heraf VE-udviklerne betale cirka 30 mia . kr. , Rambøll beregnet . kan VE-opstillerne se frem ekstraudgifter form nettilslutningsafgift samt indfødningstariffer 2023 , giver samlet meromkostning 300 mio . kr . årligt frem 2030 . Beregningen tager udgangspunkt Energistyrelsens ­fremskrivninger brug Energinet 2020 , elforbruget 2030 ­forventes stige 83 pct . forhold dag – pri- mært følge nyt ­elforbrug varmepumper , elkedler , ­store data- centre , transport power-to-x- anlæg . Ifølge direktør Wind Denmark Jan Serup Hylleberg betyder , stor del VE-projekterne realiseres , derfor kan risikere komme mangle VE-kapacitet 2030 : » Udligningsordningen koster størrelsesordenen 300 mio . kr . året . prisen spare finansloven , , igen give tilskud ny vedvarende energikapacitet nå klimamålet , så skudt foden , « siger . Gulerod frem pisk VE-udvikleren Better Energys adm. direktør , Rasmus Lildholdt Kjær , finder rimeligt , udviklerne betaler direkte tilslutning enkelte anlæg , , betale nye transmissionsledninger forhold helt nødvendig udbygning transmissionsnettet : » bør kollektivisere omkostningerne gøre attraktivt folk tilslutte elnettet – straffe , « siger påpeger , eksempel tilfældet gasområdet dag , reguleringen netop fremmer tilslutning gasnettet ved kollektivisere tilslutnings- netomkostninger . andet formål nye lovgivning få VE-udviklerne etablere nye anlæg dér , nettet forvejen stærkt , så overordnet bruge så få penge netudbygning muligt . argument mødt hovedrysten VE-udviklerne , kalder grundvilkår VE-udbygning , velegnede pladser sol vind ligger langt byer , store elforbrug ligger . forvejen netop manglende elnet yderområderne stor udfordring VE-projekterne . tager typisk to år få projektet tilsluttet distributionsnettet mellem to fem år , projekt tilsluttes transmissionsnettet . selvom forvejen ledig kapacitet transmissionsnettet . Better Energy eksempel måttet indskrænke solcelleprojekter Lolland-Falster 2.000 MW 700 MW , fordi elforbruget øerne lavt , fordi transmissionsnettet stærkt nok transportere grønne strøm forbrugere eksempel Københavnsområdet . Indtil videre politikerne – trods flere møder – afvist ændre aftalen , klimaminister Dan Jørgensen ( S ) fastholder udvalgssvar forbindelse foretræde VE-selskaberne , tiltagene klimaaftalen vurderes bidrage mere omkostningseffektiv grøn omstilling , fordi elproducenterne højere grad komme bidrage omkostninger , giver anledning . fremgår ligeledes svaret , udviklerne betale fremgå ny tarifmetode , Dansk Energi udvikle distributionsnettet , godkendes Forsyningstilsynet . transmissionsnettet Energinet , udvikle nye tarifmodeller . Dansk Energi gribe Hermed spiller ministeren altså bolden videre brancheorganisationen Dansk Energi , nægter gribe , før klarhed stedet returnerer politikerne . Brancheforeningen nemlig både VE-udviklere netselskaber medlemmer , derfor indflydelsesrige brancheorganisa­tion finde løsning tarifspørgsmålet , parter kan se : » synes , aftaleteksten uklar , så – sammen Wind Denmark – skrevet ministeren bedt præcisere teksten række punkter , desuden afventer konkret lovtekst . Før plads , troværdigt komme bud tarifmodel , « siger vicedirektør Anders Stouge Dansk Energi . ærgrer hele taget hele forløbet omkring Klimaaftalen : » klart foretrukket , politikerne bevarede kollektive udligningsordning bare ­rykkede finansloven – faktisk aftalte gøre tilbage 2016 , afskaffede PSO-ordningen , « siger . spritnye klimafremskrivning Energistyrelsen regner , udbygningen solcelleparker – private udviklere står hovedparten , hovedsagelig sker uden tilskud – fortsætte rask tempo frem 2030 , 8.500 MW solcellekapacitet , hvilket 4,5 gange mere dag . Kapaciteten landmøller forventes blot stige 1.000 MW – 4.700 MW dag 5.700 MW 2030 . Lovforslaget nye tariffer forventes fremsat efteråret , så venter næste akt slagsmålet betaling udbygning elnettet .",
,2021-07-01 00:00:00,Mangel på arbejdskraft: Vindmølleeventyret skaber jobfest på danske havne,Ingeniøren,Link,"danske erhvervshavne udvider stor stil ­følge nye aktiviteter voksende vindmølleeventyr havet . føre ­varig jobfest havnene – brug ­ingeniørerne , lyder brancheorganisation . Godt vel halvdelen Danmarks omtrent 50 erhvervshavne ­beskæftiger form vindmøllesektoren . store havn Esbjerg – udskibet 80 procent al installeret havvindkapacitet hele Nordsøen – lille Klintholm Havn Møn giver vindmølleeventyret år anledning store udvidelser , mere aktivitet dermed flere job danske erhvervshavne . » klar tendens , vindmølleeventyret fylder mere mere danske havne . ser , hvordan havnene regner , kommer vokse ­kommende år , ingen tvivl , vind­området , motoren vækst , « siger Tine Kirk ­Pedersen , direktør Danske Havne , repræsenterer danske erhvervshavne . Optimismen skyldes især EU-Kommissionen strategi ­havvind , annonceret sidste år . lyder målsætningen , rejses havmøller kapacitet mindst 60 GW europæiske far­vande inden 2030 hele 300 GW inden 2050 . dag samlede europæiske kapacitet omkring 25 GW . Tine Kirk Pedersen store forhåbninger , stor del nye ordrer vundet danske virksomheder dermed udvide aktiviteterne ved danske kajer . gode chancer få ønske opfyldt . Sidste år fik organisationerne Danske Rederier , Dansk Energi Wind Denmark foretaget undersøgelse havvindens beskæftigelseseffekter . Undersøgelsen viste , hver GW havvind opstillet dansk farvand giver anledning 14.900 årsværk set møllernes levetid . 1.400 årsværk ligger såkaldte ‘ blå danmark ’ . danske virksomheder så dominerende havvindindustrien tilfalder god bid arbejdspladserne Danmark , selvom havvindmøllepark opstilles ude Eu­ropa . europæisk havvindmøllepark 1 GW bidrager således ca . 3.100 årsværk danske vindvirksomheder , viser undersøgelsen . Havne omfavner vind Rønne Havn godt eksempel erhvervshavn , alvor mærket vindmøllernes indtog taget nye forretningsområde . Indtil få år siden aktiviteten relativt begrænset , ændret forbindelse installationen Danmarks hidtil største havvindmøllepark , Kriegers Flak , udskibet Rønne . udsigt naturlige valg kommende energiø-projekt ved Bornholm 2 GW ( næsten 3,5 gange Kriegers Flak ) store havvind-ambitioner øvrige Østersøregion , Rønne Havn forventninger ud­skibe ca . 15 GW frem 2040 . » Rønne Havns ambition centrale udskibningshavn vindmøller Østersøen havnen haft gang store udvidelser . Takket store satsning vindenergi Østersøen ser , havnen måde lykkes skabe unik position , « siger Tine Kirk Pedersen . job ingeniørerne Kriegers Flak-projektet kastet job ­nævnte Klint­holm Havn , parkens operatør blevet valgt servicehavn . betyder , 35 nye arbejdspladser rykker én landets mindste erhvervshavne , samme årsag gang betragtelig fysisk udvidelse . selvom job fortrinsvist faglært arbejdskraft , ser Tine Kirk Pedersen masser potentiale nye ingeniørstillinger havnene . » hører ofte vindmøllevirksomheder , aktive danske havne , uddannelses­niveauet højere højere , mere mere . selvfølgelig faglærte , arbejder omkring havnene , behovet vokser højtuddannet arbejdskraft , kommer STEM-verdenen , « siger . Endelig danske erhvervshavne fuld gang positionere omdrejningspunkt kommende power-to-x-industri Danmark . Sammen brancheorganisationen Dansk Energi udgav Danske Havne nylig grøn havnestrategi , hvori to organisationer ser , havnene kan tjene flere formål power- to-x-industrien områder lige opbevaring påfyldning skibe lastbiler selve produktio­nen brændslerne . » oplever stor interesse aktører , gerne fysisk placere havnene gerne ­indgå strategiske samarbejder havnene omkring power-to-x . indbefatte ingeniørarbejdspladser havnene , « siger Tine Kirk Pedersen . Varig jobfest Selvom forventede vækst beror udbygning , sagens natur midlertidig aktivitet , Tine Kirk Pedersen tvivl , vindmøllerne skabt varig jobfest havnearealerne . » Udbygningsplanerne så omfattende , aktivitet fortsætter år frem . Samtidig ser , ældste parker ved gamle pilles – dekommissio­ne­ring , ske , næste forretningsområde , havnene kan se , « siger . Desuden trækker tendensen evigt voksende havvindmøller retning , møllernes komponenter stigende grad produceret havnene . » Vindbranchen giver allerede udtryk , mere produktionen flytte helt havnene fremtiden , takt elementerne store transporte­res vejnettet . Vejtransporten allerede dag begyndt begrænsende faktor , « siger Tine Kirk Pedersen tilføjer : » mildest talt bekymrede , opgave , ebber – hverken kort langt sigt. «",
,2021-07-02 00:00:00,Regeringen: Øget elektrificering giver mangel på knap 2 GW havvind i 2030,Ingeniøren,Link,"Elektrificering transport industri vigtige bidrag klimamålet . mangler udbygning VE , kan modsvare stigningen elforbruget . Målet 70 procents CO2-reduktion 2030 kræver hastig dyb elektrificering fossile sektorer samfundet . udsigt , øgede elforbrug kan dækkes produktion danske vindmøller solceller inden 2030 . Regeringen måneders forsinkelse endelig præsenteret elektrificeringsstrategi , tegner rammen , hvordan løfte opgaven få flere samfundets tandhjul køre el . Centralt nye strategi otte pejlemærker , sætter hegnspælene omkring regeringens mere konkrete tiltag området kommende måneder år . pejlemærkerne sikre rigeligt grøn strøm voksende elforbrug : » elektrificere , bruge mere grøn strøm . Regeringen arbejde , udbygningen vedvarende energi sker takt , nationale – sigt udenlandske – forbrug stiger , så elektrificeringen samfundet 100 pct . grøn , « lyder således regeringens nye pejlemærker . netop pejlemærke Danmark langtfra kurs imod , særligt set perspektiv klimaloven dens forpligtende mål reducere 70 procent drivhusgasudledningen 2030 forhold niveauet 1990 . Ingeniøren tidligere beskrevet , hvordan udsigt mangel grøn strøm kommende Power-to-X-industri , levere såkaldte indirekte elektrificering især tunge transport . viser regeringens egne beregninger , direkte elektrificering risikerer fattes grøn strøm , bringes yderligere fart kommende politiske initiativer . Øger elforbruget markant forbindelse udarbejdelsen strategien Klima- , energi- forsyningsministeriet fået foretaget række scenarieberegninger , forsøg anskueliggøre fulde elektrificeringspotentiale – dermed CO2-reduktionspotentiale – ved øget elektrificering frem 2030 . Beregningerne lavet tre udvalgte sektorer , dag betragteligt fossilt energiforbrug . drejer transportsektoren , husholdningerne ( primært opvarmning ) samt erhverv landbrug . sektorer kan ifølge beregningerne samlet yde bidrag klimamålet yderligere 5 mio . ton CO2-reduktion 2030 , vel mærke undergår kraftigt accellereret elektrificering kommende år . Derudover elektrificeringen indirekte give anledning yderligere 1 mio . ton CO2-reduktioner 2030 kraft sektorernes konvertering væk ledningsgas ( primært følge husholdningernes udfasning gasfyr industriens overgang eldrevne varmepumper , red. ) . Dermed øges fremskrevne andel CO2-neutral biogas ledningsgassen , målt imod endelige forbrug . altså potentiale yderligere reduktion godt 6 mio . ton følge øget direkte elektrificering . Regeringen mangler øjeblikket finde reduktioner 11,8 mio . ton frem 2030 , hvorfor ekstra elektrificeringsindsats strategien betones væsentligste redskaber indfrielsen 70 pct.-målsætningen . ovennævnte potentiale indfries fuldt , give anledning samlet stigning danske elforbrug anno 2030 8,8 TWh , viser beregningerne . svarer ifølge regeringens egne tal årlige produktion ca . 1,9 GW havvindmøller . sammenligning Danmark dag samlet havvindkapacitet 1,7 GW . ekstra produktionskapacitet knap 2 GW lægges oveni udbygning , allerede planlagt frem 2030 . storskala havvindpark tager typisk 6-8 år realisere , så møllerne stå klar inden 2030 , politikerne umiddelbart tage stilling nye konkrete havvind-udbud snart . Energianalytiker : Tynd strategi Regeringen anfører strategien , øgede elforbrug elektrificeringstiltag , nødvendigvis betyde behov flere vindmøller solceller . » hvilket omfang elektrificeringen praksis kræve fortsat udbygning vedvarende energi afhænger , forbruget falder sammen tidspunkter , vinden blæser solen skinner , « lyder strategien . udlægning forstår energianalytiker partner Ea Energianalyse , Henrik Lindboe , slet . tolker kravene klimaloven , Danmark årsbasis producere al VE-el , bidrager CO2-reduktioner klimaregnskabet . foretages udveksling udlandet balancering produktion forbrug løbet året , burde underordnet , mener . » klimaloven tolkes så stramt , kan indregne udlandet lager dansk sol vind årsbasis , så svært . , håber , misforståelse , « siger . Overordnet set synes , nye strategi tegner rimelig vision udviklingen . » strategi betragtet tynd , synes . opstiller muligheder , anviser ingen konkret retning . mangler prioritering , sætte først burde sikring tilstrækkelig VE-kapacitet konkret roadmap elektrificering industrien stå højt listen , « siger Henrik Lindboe . VE-udbygning ramt udfordringer Uagtet ekstra , elektrificeres frem 2030 , øjeblikket udsigt ekstra udbygning hverken havvind vedvarende energi generelt størrelsesorden , kan indfri 70 pct.-målsætningen . Ifølge Energistyrelsens såkaldte Klimastatus -fremskrivning ( tidligere kendt Basisfremskrivningen , red . ) , Danmark allerede vedtagne elektrificeringstiltag komme mangel grøn strøm 2030 , VE-andelen forbruget lande 97 procent . blandt andet indregnet to planlagte statslige udbud havvind , Thor- Hesselø-parkerne , samt forventning markedsdrevne udbygning solceller mere firdoble nuværende kapacitet 8.500 MW frem 2030 . Underskuddet skyldes især , regeringens tidsplan to energiøer samlet 5 GW havvind tilbage februar skudt side 2030 . nye strategi hedder , energiøerne realiseres 2030 ‘ hurtigst muligt derefter ’ . Helt generelt VE-udbygning , regeringen sætter lid frem 2030 , gennem foråret sommeren ramt ene dårlige nyhed . Fredag sidste uge udbuddet landets hidtil største havvindprojekt berammet 1.200 MW – havvindparken Hesselø – sat pause grund uforudsete vanskeligheder havbundsforholdene udpegede område . endnu uvist havbundsproblemerne betydning projektet . Derudover optræk , store kystnære havvindmøllepark Omø Syd 320 MW må droppes , møllernes havområde 11. time blevet udpeget naturbeskyttelsesområde hensyn fugleliv . sker ni års planlægning . Inde land tingene bedre . private VE-opstillere månedsvis beklaget , indgået nye tilslutningsaftaler elnetselskaberne . Årsagen , branchen mangler klarhed , hvordan regningen gøres , regeringens bebudede omlægning betalingen udvikling drift elnettet træder kraft 2023 . Dertil kommer , række store VE-projekter seneste tid blevet fældet følge afgørelser Nævnenes Hus , gået projekterne imod . marts fandt Planklagenævnet eksempelvis , landets største idriftsatte landvindmøllepark , Thorup-Sletten , opstillet ulovligt . Fremtiden 18 møller endnu uafklaret . fået brancheorganisationerne Dansk Energi Wind Denmark barrikaderne . to organisationer længe påpeget , grønne effektbalance 2030 går , klimamålene indfries . Tilbage april udgav Dansk Energi egen analyse , viste manko grøn strøm 7 TWh 2030 , mens Wind Denmark sidste uge udgav tilsvarende opgørelse , mankoen lød hele 27 TWh 2030 – forudsætning langt højere elforbrug blandt andet eksport PtX-brændsler , officielle fremskrivninger indregner . Regeringens elektrificeringsstrategi allerede efteråret følges nye tiltag , mens særskilt PtX-strategi ventes hen slutningen året . Vindbranchens organisation efterspørger imidlertid , regeringen udarbejder decideret VE-strategi , sikrer , klimamålene understøttes tilstrækkeligt grøn strøm . » elektrificeringsstrategi uden el vandland uden vand . behov , regeringen Folketinget tager ansvar , nok grøn strøm 2030 . Ellers mister resten klimaindsatsen mening . opfordrer derfor , regering Folketing udvikler vedtager egentlig VE-strategi tillæg elektrificerings- PtX-strategierne , « udtalte administrerende direktør Wind Denmark , Jan Hylleberg , pressemeddelelse sidste uge .",
,2021-08-20 00:00:00,Vindmøllebranchen ryster på hovedet af Energinets markedsdesign for energiøerne,Ingeniøren,Link,"Energinet oprette særskilte budzoner kommende energiøer , kommende markedsdesign betyde , vindmøllestrømmen oftest afregnes lavest mulige pris . truer vindmølleudviklernes investeringslyst enorme projekt . hybridforbindelsen Kriegers Flak Combined Grid Solution ( CGS ) gik drift sidste år vaskeægte verdenssensation . samarbejde tyske modpart , 50Hertz , Energinet begået teknisk nybrud ved første gang verden forbinde to landes elsystemer via vindmøllepark havet . Rent elmarkedsmæssigt trådte løsningen helt nye stier . Faktisk så eftertrykkeligt , markedsdesignet bag løsningen slet tilladt , forbindelsen gik live 2020 . Årsagen EU ’ s Clean Energy Package , få år forinden gjort krav , grænseoverskridende elforbindelser stille 70 procent kapacitet rådighed frie elhandel , samt generelt set længere tilladt give prioriteret adgang nettet VE-anlæg . Markedsdesignet Kriegers Flak baseret netop give prioriteret adgang vindenergien kablerne . Filosofien , forbindelsen primært tænkt ilandføring vindmøllestrøm , overskydende kapacitet forbindelserne ses bonus , stilles rådighed markedet , forklarer international chefingeniør Internationale Elmarkeder Energinet . » syntes dengang god idé , dermed udnyttede infrastrukturen bedre . siden fortolkningen reglerne indre marked blevet , varer fri adgang henover grænser , princip stred markedsdesignet grundlæggende , « siger . første tanker bag markedsdesignet Kriegers Flak-forbindelsen udtænkt helt tilbage 2007 , længe før Clean Energy Package kom vejen godt ti år senere . Derfor fik Energinet sidste år dispensation køre videre handels-diskriminerende markedsdesign . Budzoner havet model går selvsagt , kommende energiøer – Kriegers Flak-forbindelsen prototypen – designet elmarkedsrammer . » Kriegers Flak givet erfaringer omkring hybrid-projekter , kan trække . ved selvfølgelig , bygge markedsdesignet omkring prioriteret adgang , får venner regulatorisk side , « siger Morten Pindstrup forklarer , begyndte overvejelserne identificere grundlæggende principper , nye markedsdesign leve . Energinets principper energiøernes kommende markedsdesign lyder : ikke-diskriminerende transparent , så aktører kan forstå mekanismerne nødt følge gældende regler skalerbart liste grundvilkår nåede danske TSO frem simpelthen flytte eksisterende markedsmodel havet ved oprette særskilte offshore budzoner energiøerne – model , EU-Kommissionen støtter offshore vind-strategi . » umiddelbart ingen logisk grund afvige zone-modellen , bare fordi skifter græsset vand . Så besluttede gå videre løsning , gør samme offshore , gør onshore , « siger Morten Pindstrup . Vindmølle-ejere taber Selvom markedsdesignet altså velkendt , én alvorlig udfordring ved Energinets foreslåede model : aktører , sætte vindmøllerne , bryder slet . » Designet udfordring , vindmøller , opstilles tilknytning øen altså kommer stå inde særskilte budzone , andet lige , smule dårligere afregnet , eksempelvis tilsluttet direkte hjemmemarkedet , « siger Morten Pindstrup . Årsagen forfordelingen energiøernes havmøller findes metode EU ’ s markedsalgoritme finder frem priserne enkelte budzoner . Algoritmen – kaldet europæiske markedskoblingsmekanisme – optimerer flowet strøm mellem Europas budzoner ved flytte strøm lavpris-område højpris-område sætte priserne enkelte områder derefter . energiø placeret egen budzone forbindelser eksempelvis to andre prisområder – f.eks . Vestdanmark Tyskland , typisk henholdsvis lav- højprisområder – elmarkedslogikken sørge , så muligt øens billige vindmøllestrøm sendes Tyskland . fordi øernes interconnectorer respektive lande formentlig dimensioneret transportere al produktionen tilknyttede vindmøller , forbindelsen højprisområdet ofte mættet , opstå flaskehals . intet forbrug øens egen budzone ( hvert fald start ) kan øens strøm kun afsættes lavprisområdet , hvilket betyder , markedskoblingsmekanismen tildeler energiøens budzone – vindmøllerne inden zonen – samme spotpris lavprisområdet . Spænder ben støttemodel situationer , prisfordelingen mellem Vestdanmark Tyskland omvendt , møllerne tilknyttet energiøen ende spotpris , matcher billigste områder , ledig handelskapacitet , giver ingen måde holdbar investeringscase , lyder vindmøllebranchen . » Vores kommentar Energinets budzone-model gennem forløbet , mindsker incitamentet investere energiø-projektet , fordi andre Energinet står tabe modellen . Uden større hensyntagen investorsikkerhed almindeligt havvindmølleprojekt radial nettilslutning mere attraktivt investor , alene ser prisdannelsen spotmarkedet , « siger Wind Denmarks elmarkedschef Søren Klinge . henviser dermed , ejeren øens kabler – al sandsynlighed Energinet – står tjene markedsdesignet via såkaldte flaskehalsindtægter . indtægt sker bekostning vindmølleejernes ringere afregning . Flaskehalsindtægterne vender tilbage . systematisk lave spotpriser energiøerne , tilknyttede vindmøller al sandsynlighed brug sikkerhedsnet form statsstøtte , forventeligt form såkaldt 'Contract-for-Difference ' ( CfD ) , staten garanterer vindmølleejerne mindstepris strømmen . navnet modellen antyder , dækker staten differencen mellem realiserede elpriser aftalte mindstepris , fundet udbuddet . Modellen findes dobbelt-sidet version , staten modtager penge operatøren tilfælde , elprisen ligger aftalte mindstepris . måde åbnes , givne støtte tid går nul . markedsdesignet gør væsentligt mindre attraktivt staten indgå støttemodel , forklarer Søren Klinge . » Budzone-modellen medfører høj elpris-risiko . kobles statsgaranteret mindstepris via CfD , så staten , påtager store risiko , kan tvivl , hvorvidt nogen stat interesserede , « siger Søren Klinge . gardering imod løbsk skatteregning sætte absolut støtteloft kroner ører udbudsbetingelserne – loft eksempelvis del betingelserne kommende teknologineutrale udbud vindmøller solceller land . loft blot føre risikoen tilbage investorerne vindmølleparkerne , påpeger . Del flaskehalsindtægter Indvendingerne vindbranchen skam , ligger Energinet sinde , lyder Morten Pindstrup . » selvfølgelig lytte indvendinger , mølleejerne -udviklerne , nytter , laver verdens bedste markedsdesign , nogen , tør investere , « siger . vigtigste es , TSO'en ærmet forbindelse , netop førnævnte flaskehalsindtægter . Morten Pindstrup forklarer , ved se måder , hvorpå vindmølleejerne kan få del indtægterne slags supplement støttemodel . Én måde ved konkurreceudsætte dele transmissionsrettigheden interconnectorerne led havvindmølleparkernes udbud . laveste bud andele transmissionsrettighederne altså stå bedre konkurrenterne . Søren Klinge bekendt tankerne omfordele flaskehalsindtægter ved konkurrenceudsætte transmissionsrettighederne . synes endnu , skitserne kompensationsordningen vage , kan give investorerne tilstrækkeligt ro maven . » eksempelvis udfordring nuværende tidsbegrænsning transmissionsrettigheder , kun må gives få år gangen , reglerne . regler ser først ændres , så stemmer overens investeringshorisonten havvindmøllepark , mindst 20 år . udbuddet giver sikkerhed rettigheder hele levetiden , kan investorerne gå , « siger Søren Klinge . Tiden knap omstændigheder haster finde frem markedsdesign udbudsbetingelser , fungerer vind-investorerne , udvikling nye markedsmodeller tager lang tid , pointerer . » omfordeling flaskehalsindtægter nødvendigt få igennem europæisk niveau , nuværende markedsdesign forankret europæisk lovgivning . ændring ligger tidsmæssig udfordring – , bare lige gør , nede pille kernestoffet omkring indre marked energi . lang vej igen , « siger Søren Klinge estimerer , proces nemt kan tage flere år . Ifølge Energistyrelsens estimerede køreplan projektet nordsøen tilknyttede havvind gå udbud midten 2027 . markedsmodellen klar inden , siger Morten Pindstrup , helt enig , tiden knap . » design helst helt hugget sten , inden laver vindmølleudbuddet energiøerne , ret afgørende , hvilke business cases byderne vindmølleparkerne kan lave , « siger Morten Pindstrup . forsikrer samtidig , udviklingen markedsdesignet regelændringerne EU-niveau ske inddragelse aktørerne videst mulige omfang . » rigtig , rigtig ænder , stå række projekt . hver gang én står række , afspejler risiko , aktørerne forholde sidste ende , tage betalt . Derfor risici , gør rigtig afdække , inden kommer udbud , « siger . Næste skridt arbejdet markedsdesignet såkaldt budzonestudie , Energinet foretage samarbejde lande , øerne forbindes . Forhåbningen , budzone-studierne kan begynde starten næste år . betinget , politiske aftaler energiøernes udlandsforbindelser landet inden .",
,2021-09-01 00:00:00,Nyt elektrolyseanlæg bør være et ‘wake up call’: Risiko for mangel på grøn strøm,Ingeniøren,Link,"Ny aftale få brintanlæg 1GW gang ved Esbjerg 2024 . Dermed planer strømbehov power-to-x seks gange mere , Energistyrelsen fremskriver . Igen Europas største power-to-x-anlæg ( PtX ) elektrolysekapacitet forventede 1 GW vej Esbjerg , stå færdigt 2024 . fremgår pressemeddelelse Esbjerg Kommune , tidligere år offentliggøre planer andet kæmpestort 1,2 GW PtX-anlæg , Copenhagen Infrastructure Partners ( CIP ) står . Dengang drejede , vindkraft laves grøn ammoniak 2026 . nye projekt H2 Energy Europe fokus brint , kan bruges direkte forædles produktion flydende brændstoffer . Ifølge H2 Energy Europe brinten , laves ved hjælp strøm havvindmølleparker , eksporteres sydpå . » Esbjerg optimale forudsætninger forhold power-to-x brintproduktion , « lyder direktør Clifford zur Nieden pressemeddelelsen . » Først fremmest geografisk fordel grund placeringen forhold Nordsøens havvind , ligesom området godt placeret forhold eksportmuligheder store industriområder Tyskland Nordeuropa , stor del produktionen forventes baseret brint fremtiden , « lyder . Kan medføre import mere sort strøm Imens selve nyheden god , forstærker planerne bekymringen flere parter , forsyningen grøn strøm udbygges hurtigt nok efterspørgslen . knap danske vindmøller solceller nok stigende behov direkte elektrificering samfundet , endsige PtX-projekternes store energibehov . hjælper , Energistyrelsen nye Analyseforudsætninger Energinet , netop kommet høring , kun forventer 1 GW elektrolysekapacitet 2030 , allerede samlet planer opstille 6 GW inklusiv nyeste projekt . afpasses grønne strømproduktion efterspørgslen , kan ende importen fossil strøm må grundet grønne initiativer , må skovles mere kul ovnene tilbageværende kulkraftværker Danmark . særligt etableringen havvindmøller så langsommelig , H2 Energy Europes åbningsdag 2024 synes foruroligende tæt . » Ofte tager længere opbygge offshore-vindmølleparker , tager opføre PtX-anlæg . , giver mening , nok grøn strøm . Så nødt sikre , dimensionerer udbygningen grønne strømproduktion , « siger direktør Brintbranchen , Tejs Laustsen Jensen . PtX går hurtigere myndighederne venter branchen årevis råbt vakt gevær , sitet , risikerer flaskehals forsyningen vindmøllestrøm , fordi private investorer mere travlt PtX , myndighederne forventer . nyeste aftale Esbjerg forstærker kun problematik . nemlig usandsynligt , CIP H2 Energy Europe , trække samme ressource , kan nøjes strøm , kommer overskud . kapaciteten 2 GW to spillere kræver , vindmøllerne potentielt output dobbelte , elektrolyseanlæggene køre fuld kraft – altid vinden blæser lige . » håber , kan wake-up call , hurtigt går . understreger bare , kæmpemæssigt behov , får skruet produktionen grøn strøm rigtig , rigtig hurtigt . så enorme energimængder , erstatte , faktisk kan få , « siger Tejs Laustsen Jensen . mindst bør Energistyrelsen erkende , strømbehovet elektrolyse går vejret langt hurtigere , fremskriver – før 2030 . risikerer komme efterslæb , handler . » tror , lader gøre få grøn strøm nok . kræver , gør mere gør hurtigere , udsigt lige . grundlæggende positiv problemstilling , « siger direktøren brancheforeningen . 1 GW elektrolyse kan Uden detaljerede år år analyser , udbygningen vindkraft Nordsøen kan følge , svært slå , præcis hvornår flaskehalsen grøn strøm risikerer ramme . tyder , snært , medgiver seniorkonsulent János Hethey EA Energianalyse , arbejder analyse , modellering planlægning energisystemer , mindst vindkraft . » tidligere set 2030 forbindelse 70 procentsmålsætningen , vores vurdering , ene ene GW elektrolyse , tidligere forudsat Energistyrelsen , lidt snært , få etableret energiøerne 2030 , « siger János Hethey . understreger , måske lidt forvænt , lader gøre matche udbygning efterspørgsel , år år . Samtidig måske urealistisk , investorerne PtX kører fulde kapacitet dag ét – overhovedet bygger , kan få aftale strøm rimelig pris plads . » kan nok kun , udbygges tilstrækkelig vind sol . kan få aftale plads rigtig billig pris , generelt underforsyning Danmark . helt , 1 GW allerede 2024 , projekt , særdeles ambitiøst , « siger János Hethey . Umuligt nå bygge 1 GW vindmøller tide synes sektorfællesskabet Wind Danmark mildest talt . Faktisk svært forestille , kan trylles 1 GW frem nye Esbjerg-projekt , nye havvindparker størrelsesorden – optimistisk – tager fem-seks år etablere , inklusiv miljøvurderingsfasen . Thor , næste storskala havvindpark programmet Nordsøen , ventes først tilsluttet år , H2 Energy Europe ifølge planerne går luften anlæg . kører brintproduktionen fuld kapacitet , sluge hele strømproduktionen Thor mere . » savner langt større fokus , grønne strøm komme . uden nyeste Esbjerg-projekt , udsigt mangel grøn strøm . kan altså 2024 nå bygge endnu 1 GW havvind via statslige udbud , « siger Martin Risum Bøndergaard , Politisk chef Wind Danmark . understreger , grønne strøm komme havvindmøller opstillet uden statsligt udbud , landvindmøller solceller savner masterplan udbygningen , så opstår flaskehalse omstillingen komplet grønt energisystem . » simpelthen nødt lave VE-strategi parallelt PtX-strategien ( Folketinget arbejder kommende måneder , red. ) . ligesom anskueliggør efterspørgslen , nødt anskueliggøre , faktisk stand skaffe grønne strøm . klimamæssigt uholdbart ligefrem grønt foregangsland værdigt , nødt importere andre lande , gas , kul biomasse køre mere , « siger Martin Risum Bøndergaard . festtalerne eneste håndgribelige pressemeddelelsen Esbjerg Kommune , H2 Energy Europe købt stor grund Veldbæk ved Esbjerg 11 hektar . uklart , selskabet endnu forpligtet bygge anlægget , eksempel strømaftale plads mellem parterne .",
,2021-09-02 00:00:00,Energiøens enorme havvindparker truet af ny fuglefredning,Ingeniøren,Link,"'meget vanskeligt ’ finde plads 2 GW havvindmøller ved Energiø Bornholm , Miljøministeriets forslag nye fuglebeskyttelsesområder justeres , skriver Energinet høringssvar . Energiø-projektet bedst tjent området fredes , mener miljøretsekspert . Miljøministeriet årelang proces snublende tæt udpege seks nye fuglebeskyttelsesområder danske farvande . viser , ministeriet foreslåede beskyttelsesområder Bornholm karambolerer forundersøgelsesområdet statens eget , enorme havvindprojekt 2 GW , tilkobles ene landets to kommende energiøer . udpegningen sker streger , Miljøministeriet øjeblikket trukket nye såkaldte habitatbekendtgørelse , møllernes mulige opstillingsområde indskrænket grad , ‘ vanskeligt ’ finde plads 2 GW havvind . lyder kontante melding Energinet høringssvar bekendtgørelsesændringen , GridTech fået aktindsigt . » [ udpegningen , red . ] således stor sandsynlighed medføre , området opstilling havvindmøller etablering 2 GW havvind ved Bornholm indskrænket så betydeligt , sandsynligvis vanskeligt etablere 2 GW havvind området , « skriver Energinet høringssvar . Bufferzone indskrænker mølle-arealet nye habitatbekendtgørelse – altså netop høring , endnu endelig – foreslås udpege nyt fuglebeskyttelsesområde kaldet Rønne Banke , strækker bornholmske sydkyst helt grænsen eksklusive økonomiske zone Tyskland . Udpegningen sker hensyn andefuglen havlit , findes området . nye foreslåede område grænser allerede fastlagte forundersøgelsesområde to havmølleparker Energiø Bornholm . Parkerne placeres 20 km kysten syd Rønne opdelt østligt vestligt område , hver især huse 1 GW ( se kort længere nede ) . Selvom grænserne fuglebeskyttelsesområdet akkurat krydser møllernes forundersøgelsesområde , påpeger Energinet høringssvaret , erfaringer tidligere miljøkonsekvensvurderinger bl.a . Kriegers Flak viser , havlit bortskræmmes lettere , minimum etableres bufferzone 2-3 km havvindmøllerne . antagelse ekstra bufferzone 3 km langs nye fuglebeskyttelsesområdes grænser , udpegningen resultere reduktion 67,6 kvadratkilometer østlige havmølleområde 4,7 kvadratkilometer vestlige havmølleområde , skriver Energinet . » Særligt østlige havmølleområde så stort areal , kan betyde , projektet kan gennemføres vedtaget Klimaaftale 2020 , « lyder høringssvaret . hænger sammen , gasledningerne Nord Stream Baltic Pipe løber igennem østlige område . gasledningerne henhold andre regler holdes fri vindmøller afstand 200 meter hver side røret , mølleområdet indskrænket yderligere 18 kvadratkilometer . Dermed østlige mølleområde reduceret 212 kvadratkilometer . » Normalt havvindmøllepark 1 GW anvende areal ca . 220 kvadratkilometer hensyn , havvindmølleparken kan opnå forudsatte elproduktion dermed forventede reduktion CO2-emissionen , « skriver Energinet . angår vestlige mølle-område , griber fuglebeskyttelsesområdet mindre , forvejen begrænset areal 254 kvadratkilometer , kan indskrænkningen 4,7 kvadratkilometer vise problematisk , pointerer Energinet . Energinet bekymret Selvom problematikken , rejses høringssvaret , kan lyde alarmerende storstilede projekt , stor bekymring spore Energinet . » sige , bekymrede , flager risiko , så anviser løsning , « siger Energinets øverste ansvarlige energiø-projekterne , Hanne Storm Edlefsen . Energinet foreslår høringssvar , nyudpegede fuglebeskyttelsesområde indsnævres , således eventuel bufferzone griber minimalt mølleområdet . gengæld fordel gennemføres udvidelser eksisterende EF-Fuglebeskyttelsesområde ved Hyllekrog-Rødsand , lyder . » imødekomme risikoen , ender lidt areal rådighed , foreslår indskrænke nuværende oplæg smule , samtidig lægge nyt område , både større , faktisk større forekomst havlit , « siger . Professor : Fuglene bestemmer rigtige vej gå , medmindre vindmølleprojektet risikere løbe klager retssager , lyder professor ved Københavns Universitets Juridiske Fakultet ekspert miljøret , Peter Pagh . forklarer , EU-domstolen 25 år gammel dom efterfølgende praksis gjort retsstillingen tydelig tilfælde : » korthed siger domstolen , ved udpegning afgrænsning fuglebeskyttelsesområder alene ornitologiske kriterier , gælder . kan populært sige , ‘ fuglene bestemmer ’ . fast praksis forstås , fundet grundlag udpege område beskyttelse , så udpegningen ske , « siger Peter Pagh . Vælger myndighederne efterkomme Energinets ønske indskrænke beskyttede område ved Bornholm , gøres energiø-projektet vurdering særdeles sårbart klager retssager , risikerer standse projektet . forstå hvorfor , vigtigt kende Habitatdirektivets art . 6 , stk . 4 . Bestemmelsen giver mulighed undtage konkrete projekter forbud aktivitet fuglebeskyttelsesområde , blandt andet projektet særlig samfundsmæssig væsentlighed , kan godtgøres , findes alternative placeringer projektet . undtagelsen kan selvsagt kun bringes spil , området , møllerne står , udnævnt beskyttet område – ifølge Peter Pagh blevet slået fast flere EU-domme . » Domstolen tydeliggjort , undlader udpege trods , findes grundlag udpegning , så bortfalder muligheden bruge undtagelsen . Dermed gælder beskyttelsen fuglene absolut , så slet muligt fravige reglerne , « siger Peter Pagh uddyber : » udpeger området , så kan NGO eksempelvis komme bagkant gøre gældende , fandtes grundlag , valgte følge udpegning . sker , fuldstændig sikkert , domstolen dømme fordel klagende part , « siger . Energiøen gode chancer undtagelse Medmindre kan udelukke , møllerne skadelig virkning fuglene , udpegning området fuglebeskyttelsesområde Peter Paghs vurdering derfor eneste vej gå Energinet myndighederne nuværende tidspunkt . energiø-projektet nemlig gode muligheder leve kravene undtagelse , mener . » vigtigste , området første omgang udpeges , foreligger , dernæst så foretage habitatvurdering tage stilling , grundlag undtagelse . kan vel – endda oplagt sag , energiøen projekt skala vigtighed , så undtagelsesbestemmelsen formentlig godt finde anvendelse , « siger Peter Pagh . Energinet enig professoren , forslaget høringssvaret kan tale ændring udformningen fuglebeskyttelsesområdet , netop endeligt besluttet udpege . » stadig høringsfase , derfor forsøger netop vores løsningsforslag foregribe potentiel interessekonflikt start , « siger Hanne Storm Edlefsen understreger , Energinets høringssvar udtryk fagligt input , forsøger tilgodese både havfugle havvindmøller . endelige juridiske vurdering Miljøstyrelsen , slår fast . Miljøministeriet oplyser GridTech , øjeblikket gang behandle indkomne høringssvar derfor yderligere kommentarer . Energinet satte tidligere måneden formelt gang konkrete forundersøgelser havet omkring energiøerne . Ved Energiø Bornholm foretages undersøgelserne Rambøll .",
,2021-09-07 00:00:00,Ørsted hyrer tre ingeniørselskaber til udvikling af energiø,EnergiWatch,Link,"Aarsleff , Bouygues Van Oord hjælpe Ørsted ATP bud energiøen Nordsøen . Ørsted ATP allieret tre ingeniørvirksomheder Aarsleff , Bouygues Van Oord udviklingen bud energiø , opføres Nordsøen . første gang verdenshistorien , kunstig energiø opført , derfor fremhæver ATP Ørsted meddelelse , kræver `` tæt samarbejde mellem række højtspecialiserede virksomheder dokumenteret erfaring inden udvikling vedvarende energi opførelse komplekse anlægsprojekter havs . '' Ifølge Ørsted ATP besidder tre nye samarbejdspartnere nødvendige kompetencer inden design projektering , mens selskaberne erfaring komplekse anlægsprojekter havs . `` partnere plads Ørsted ATP lagt grunden vellykket leverance energiøen Nordsøen , '' lyder meddelelsen . `` Ørsted 30 års erfaring samarbejde højtspecialiserede ingeniørvirksomheder inden havvind . Aarsleff , Bouygues Van Oord udgør stærkest tænkelige hold vores bud energiøen Nordsøen . klar sætte fart overgangen grøn energi ny innovativ måde , bidrage omstillingen danske energisystem , gavne danske samfund levere grønne løsninger Danmark vores europæiske naboer . valgt verdensklasseleverandører baggrund arbejde inden bæredygtighed innovation sikre , energiøen opført respekt Nordsøens unikke miljø højeste grad tekniske kommercielle kompetencer , '' udtaler Rasmus Errboe , regionsdirektør Kontinentaleuropa Ørsted , meddelelsen . Jesper Kristian Jacobsen , adm. direktør Per Aarsleff , kalder projektet etableringen energiø både innovativt banebrydende , samt vigtigt skridt vejen løse klimaudfordringerne . `` Bouygues Travaux Publics , Van Oord Aarsleffs samlede ekspertise inden offshore-arbejde udgøre stærkt partnerskab , ser frem bidrage projektet sammen Ørsted ATP , '' udtaler vegne tre leverandører . Energiøen Nordsøen forventes sendt udbud 2023 , Ørsted ATP hensigt afgive bud .",
,2021-09-20 00:00:00,Energiøer: De teknologisk udfordringer tårner sig op,Ingeniøren,Link,"kræve helt nye teknologiske løsning energiøerne stå klar 12 år . Forskere advarer , gang , stå tilbage dyr forkert teknologi . 10-12 år robust elsystem , kan håndtere store mængder energi , produceres Østersøen Nordsøen fordeles via energiøer både Danmark andre lande området , så gang finde tekniske løsninger lige . opråbet række forskere DTU AAU ny rapport . Bekymringerne går først fremmest , hele systemet baseres jævnstrømsforbindelser ( DC ) konvertere ens- vekselrette energien : » måske enkelte hardware-komponenter rådighed dag . sted verden dag , erfaringer håndtere så store mængder vedvarende energi enkelt isoleret net uden store stabiliserende kraftværker . behov gøre tingene helt ny måde , « siger Jacob Østergaard , professor centerleder ved DTU Elektro . Frede Blaabjerg , professor AAU verdens førende forskere effektelektronik , understreger , , gang , løsningerne klar tiden : » satser energiø , potentielt klare 10 GW el vindmøller , så ude , ingen nogensinde prøvet før . rejser masse spørgsmål , god tid forsøge finde svar , « siger . Risiko ustabilitet rapporten , sammen række andre eksperter området netop udgivet , peger blandt andet , så elproduktion baseret højspændt jævnstrøm ( HVDC ) gå længere længere væk elsystem , stabiliteten dermed frekvensen 50 Hz først fremmest bygger inertien roterende generatorer landets kraftværker . betyder , længere kan regne , større mindre udfald forbrugere fejl højspændingslinjer opfanget automatisk tilpasset kraftværkernes sikkerhedssystemer : » Konvertere anderledes egenskaber synkrongeneratorer vant kraftværkerne . betyder , får el-system øen uden konventionel inerti , hjælper balancere styre elnettet . langt højere grad basere vores elsystem stort antal konvertere , så behov udvikle nye modeller simulere , hvordan regulerer energiflowet , sker ved fejl udfald , « siger Jacob Østergaard . type simulering yderligere bruges udvikle nye kontrolsystemer selve driften energisystemet . Risikoen nemlig , mindre fejl energiøen , distribueres 10 GW vindkraft , potentielt sprede mørklægge store dele Nordeuropa . mindske risikoen selvfølgelig mulighed overdimensionere systemerne , uvilkårligt føre højere pris energiøen , dermed andre løsninger måske bedre . Komponenterne findes , understreger begge forskere , så mener , øerne uden teknisk rækkevidde . Frede Blaabjerg peger blandt andet , komponenter , opbygge såkaldt multiterminal DC-system , allerede eksisterer dag . kan allerede se nyeste forbindelse mellem Jylland Norge , Skagerrak 4 , sat drift 2014 . Kapaciteten 0,7 GW : » Udfordringen , ingen sted verden bygget så stort system , energiøen Nordsøen kræver . betyder , kan. hurtigt gang få afdækket rigtige tekniske løsninger . eksempel få stor betydning hele måde , dimensionerer anlægget - PtX-anlæg øen , al energien land el , « siger Frede Blaabjerg tilføjer , Danmark energiøen helt forkant internationalt elektrotekniske udvikling . 12 år lære så god tid , første etape energiøen 3 GW stå klar 2033 , spørge ? forskere enige , godt kan nå , plads udskyde undersøgelserne el-tekniske aspekter mere . nemlig lang række muligheder forbundet gå gang så banebrydende energiø , siger : » dag vindmøller eksempel opfylde specifikke fordyrende krav tilsluttet elnettet . bygger direkte tilknytning energiøen , så kan krav , blandt andet forhold net-stabilitet , måske flyttes effektelektronikken HVDC-forbindelserne , føder energien land . måde kan møllerne gøres billigere , hvilket potentielt kan reducere prisen milliard-beløb . nogen ting , blandt andet brug få afklaret , « siger Jacob Østergaard . Frede Blaabjerg ser teknologiske muligheder system DC-forbindelser energiøen : » vælger gøre , så Danmark teknologiske pionerer , bringe internationalt helt front . prøvet før forhold store vindmølleparker havs . god sikker investering , så gang løse teknologiske udfordringer nu. «",
,2021-09-21 00:00:00,Professor: PtX-aktører har selv ansvar for at sikre tilstrækkelig VE,Ingeniøren,Link,"Staten stå klar fornødne mængde VE Power-to-X . først PtX-aktørerne nødt forpligte , mener energiprofessor . Svaret store spørgsmål , hvordan Danmark sætte strøm kommende Power-to-X-industri ( PtX ) blafrer endnu vinden . Mens gigawatterne kommende elektrolyseanlæg tårner horisonten , samme tilfældet storskala havvindparker , flere aktører eksperter ses væsentligste strømkilde fremtidens PtX . øjeblikket offentligheden kendskab planer PtX-projekter samlet 6 GW frem 2030 , planer realiseres , statsligt styrede udbygning havvind komme kort – hvert fald indtil mægtige energiøer står endeligt klar 5 GW havvindkapacitet . Øernes fulde kapacitet forventes tilsluttet før 2033 . egentlig statens opgave sikre fornødne strøm privat industri ? Nej , mener professor ved Institut Planlægning , Aalborg Universitet , Brian Vad Mathiesen » , laver PtX-anlæggene væsentligt ansvar , baseret VE . kan , hver gang nogen taler løst PtX-anlæg , så rammer ansvaret til-hver-en-tid siddende minister – kan marked fungere , « siger professoren vedvarende energisystemer ved Aalborg Universitet , Brian Vad Mathiesen . pointerer samtidig , endnu mangler formel proces , sikrer , to ting følges nogenlunde . » ny tids vorden , finde , hvordan gør tingene , « siger . PtX-aktører forpligte Grundlæggende mener , staten kan forventes foretage store satsninger energiplanlægningen alene løse hensigtserklæringer , betegner PtX-aktørernes foreløbige udmeldinger . » må , PtX-aktørerne sikre , VE mængder , passer planer , så selvfølgelig eget ansvar sørge . Staten kan bare løbe risikoen bygge løs uden vide , aftag , risikabelt lave så store udbud alene baggrund ‘ letters of intent ’ , « siger . usikkerhed kan løses , bare aktørerne villige indgå langsigtede aftaler VE-opstillerne , forpligter realisere planer . » kan sikre billige strøm , PtX-aktørerne villige gå langsigtede aftaler , finansiere VE-delen . opstillerne vedvarende energi selvfølgelig nødt sikre , aftag . hønen-eller-ægget-problematik , « siger . samtidig afgørende , staten står klar køreklar strategi udbud VE . » klar strategi , hvordan udbud kan eksekveres , så snart langsigtede aftaler begynder lande , så klart , problem . siger , ingen kan tjent vente to-tre år udbud , aftalerne ellers plads , « siger Brian Vad Mathiesen fortsætter : » Udfordringen skabe – undskyld udtrykket – ‘ vindtunnel ’ frem 2030 , kan tydeliggøre investorer PtX-anlæg , klar nødvendige udbud , forpligter realisere planer , « siger . Brintbranchen : forskelsbehandling Direktør Brintbranchen , Tejs Laustsen Jensen , forstår grundlæggende , hvorfor stilles særskilte krav virksomheder , stiller elektrolyseanlæg . » synes , fælles forpligtelse sikre , rigeligt grøn strøm . gælder sektorer , bruge grønne strøm – så varmen , transporten , industrien selvfølgelig PtX , « siger direktør Brintbranchen , Tejs Laustsen Jensen fortsætter : » bruge grøn el frygtelig masse ting fremtiden , netop elektrolyse stor skala forudsætning indpasse balancere store mængder VE hele energisystemet . kan derfor se rimelige sige , PtX-ejerne større ansvar mulige andre VE-forbrugere tilvejebringe grøn strøm forbrug. « deler Brian Vads bekymring , VE-udviklere risikerer stå manglende aftag peger faktum , flere konsortier , annonceret store projekter VE-udviklere holdet – udviklere Ørsted , European Energy Eurowind ben flere PtX-projekter herhjemme . Desuden , pointerer Tejs Laustsen Jensen , indgår opstilling konkrete VE-anlæg led flere konsortiernes planer . eksempel projektet ‘ Green CCU Hub Aalborg ’ , European Energy partner . planer rejse 500 MW ny VE-kapacitet Nordjylland formålet . Selvom erklærer enig intentionen Brian Vads idé tilrettelægge ‘ vindtunnel ’ udbud , mener umiddelbart , ‘ lige lovligt centralistisk tilgang ’ , kan vise gearet hastige udvikling inden PtX . » Udviklingen område løbet forudsigelser , så umiddelbart kan se udfordring lægge fast langsigtet udbygningsplan , så determinerende , PtX kommer , « siger . Brintchefen peger stedet , vigtigste sted sætte stimulere udbygningen VE forvaltningen etableringstilladelse miljøgodkendelser , samt håndtering nabomodstand naturhensyn , seneste tid fældet flere store energiinfrastukturprojekter . » store spørgsmål , forvaltningsmæssige kapacitet behandle hurtigt nok , ret overbevist , . så bekymret , lysten sætte VE , snarere udviklerne kan få lov sætte , gerne – , « siger .",
,2021-09-30 00:00:00,En enkel fejl på energiøen kan sende Nordeuropa i sort,Ingeniøren,Link,"Energiøen Nordsøen forbindes resten Europa via ny uprøvet teknologi . Simuleringer viser , brug nye styringskoncepter , undgå , større fejl forplanter resten europæiske elsystem . Ny uprøvet teknologi forstærker risikoen , fejl energiøen Nordsøen kan forplante resten elnettet kontinentet potentielt lægge meste Nordeuropa mørke . viser simuleringer , forskere DTU foretaget : » traditionelt overvejende analogt elnet kan sammenlignes propelfly , sagtens kan svæve lidt videre lande , motorerne går . system baseret flere forbindelser højspændt jævnstrøm , kobles sammen , moderne jagerfly : kræver avanceret styring , fejler , så falder flyet jorden sten , « siger Jacob Østergaard , professor centerleder ved DTU Elektro . rapport , DTU nylig udgivet samarbejde AAU , understregens alvoren yderligere : '' står spil , drive energiø 10 GW : fejl , får 10 GW vindkraft Nordsøen forsvinde elnettet , kan potentielt mørklægge hele europæiske elnet . '' Udfordringen energiøer handler teknologien kaldet “ multiterminal HVDC ” . betyder grundlæggende , energi vindmølleparkerne går vekselstrømsnet selve øen . konverteret HVDC ( High-Voltage Direct Current ) fordelt lande , forventes koblet energiøen , altså Danmark , Tyskland Holland . enkelte lande konvertere så igen omdanne jævnstrøm vekselstrøm 50 Hz sende energien nationale højspændingsnet . type forbindelser tegnebrættet årrække , enkelte steder forberedt udbygge eksisterende forbindelser . gælder eksempel Skotland , ny HVDC-forbindelse , kaldet Caithness-Moray , blevet dimensioneret , så længere sigt kan kobles vindmølleparker Shetlandsøerne . Danmark nye vindmøllepark Kriegers Flak Østersøen allerede forbundet både Sjælland Tyskland , kan dage vindstille udnyttes transportere energi mellem to lande . elnettet Sjælland Tyskland kører synkront , vekselstrøm gennem konverteranlæg Tyskland . Anlægget fremtiden forbundet Polen . Roterende maskiner fortidens elnet elnettet energiøen adskiller væsentligt type elnet , kendt omkring 100 år , frekvensen holdt plads store roterende generatorer kraftværkerne . danske net største elproducerende enhed før tiden 600-650 MW , nettet altså klare , lige pludselig fik fejl måtte koble ( højspændingsforbindelse koblede ) . Stabiliteten elnettet evnen holde frekvensen 50 Hz afhængig inerti , generatorer , fortsat kørte . få besked køre lidt omdrejninger , så frekvensen igen 50 Hz . Ingen inerti konverter-systemet Ude Nordsøen inerti , danner stabil frekvens , først energien vindmøller konverteret DC . energiøen opstår fejl DC-koblingerne forbindelserne land , energien vindmøllerne hurtigt flyttes andre forbindelser : » jævnstrømsforbindelserne belastes tæt maksimale kapacitet , så viser simuleringer , kørt , – designer styringen ny måde - mulighed , fejl HVDC-forbindelserne medfører , systemet kollapser ultimativt kan trække elnettet Europa ned. « Udfordringen , behov få udviklet nye styringskoncepter komponenter , indgår isolerede vekselstrømsnet energiøen , « siger Jacob Østergaard . udfordringerne , konverterne kan bruge frekvensen traditionel generator styre , sker fejl - dannes kunstigt softwaren , styrer konverterne energiøen . Altså ligesom jagerflyet , falde jorden , fordi kan svæve videre , motoren sætter . løsningerne nye såkaldte “ droop-kontrolstrategier ” , Georgios S. Misyrisder , ph.d-studerende DTU Elektro , arbejdet . praksis går sende signal andre konvertere , fortæller hurtigt , ændre overførsel energi , faldet : » kollaps simuleringerne , set , kommet , kørt kendte droops-strategier , ligger fast indstilling , reguleres ved given frekvensændring . Derfor sandsynligvis nye type kaldet “ adaptive droops ” , løbende tilpasser enkelte konverters indstillinger aktuelle situation , « forklarer Georgios S. Misyrisder . andre ord betyde , ændringerne , enkelte konverter regulere effekten , afhænger , hårdt belastet forvejen , forklarer Jacob Østergaard : » måde kan fordele konsekvenserne udfald hensigtsmæssigt mellem forbindelserne , ustabilitet undgås , « siger understreger , simpel løsning problemet overdimensionere hele systemet , både konvertere jævnstrømskabler , forøge omkostningerne væsentligt dermed øge elprisen energiøen . Energinet optimistiske Energinet enige , problemstillingerne , forskerne fremhæver , vigtige løses . siger senioringeniør ekspert netanalyse , Laurids Dall : » Lige kender svarene , gøre systemet sikkert robust . samarbejder bredt forskerne , teknologileverandører systemansvarlige Tyskland Holland , « fortæller . gælder dimensioneringskriterierne udfald største produktionsanlæg , så ligger Europa fast 3 GW . Nettet altså klare udfald enhed 3 GW , hvilket svare første vindmøllepark , sættes drift omkring 2030 : » omstændigheder inden næste tre år udbudsmateriale klar kommende leverandører , sikrer , får bygget energiø , lever vores kriterier , « siger Laurids Dall . Derfor kigger blandt andet Tyskland , allerede del erfaringer tilslutte vindkraft-parker via HVDC Skotland ovenfor nævnte Caithness-Moray-linje .",
,2021-10-14 00:00:00,Minister igangsætter undersøgelser for en udvidelse af Energiø Bornholm,Ingeniøren,Link,"Energiø Bornholm oprindeligt 2 GW havvind , Energinet pålæg klima- , energi- forsyningsminister Dan Jørgensen ( S ) blevet pålagt udvide forundersøgelsesområdet kigge mulighederne udvide energiøen 1 GW mere , så potentielt kommer kapacitet 3 GW . fremgår pressemeddelelse Energinet , yderligere oplyser , forudsætning plads mere havvind , grænsen rykkes 15 kilometer kysten . Energinet modtog tilladelsen starte forundersøgelserne d. 22. juni 2021 derfor allerede skibe søen undersøge havbund miljøforhold områder , politisk besluttet opstille havvind .",
,2021-10-19 00:00:00,Ramt af blød bund: Fagfolk spår dårlige chancer for vigtigt havvind-projekt,Ingeniøren,Link,"Myndighederne stor sandsynlighed se placering én Danmarks største havvindprojekter . vurderer række eksperter foreløbige forundersøgelser , viser , store dele havbunden blød . Vores chance nå klimamålene 2030 alvorligt pres samtidig forsyningssikkerheden strøm Østdanmark kan forværret . scenariet , tegner baggrund tekniske fagfolks vurdering , vanskeligt realisere Danmarks hidtil største vindmøllepark , Hesselø Havvindmøllepark 1,2 GW . Havbunden området nemlig blød . række eksperter inden geoteknik havvindmøllefundamenter Ingeniørens Ingeniørens søstermedie GridTechs opfordring taget kig forundersøgelser undergrunden området nord Hesselø , foreløbigt offentligt tilgængelige . vurderer , havmølleparken risikozonen aflyst grund blød havbund . Udbuddet Hesselø Havvindmøllepark slutningen juni pludselig sat pause , fund » blød ler-bund særligt øverste 20-30 meter havbunden « , Energistyrelsen dengang skrev pressemeddelelse . mellemtiden styrelsen offentliggjort foreløbig geoteknisk analyse , illustrerer udfordringens omfang . Analysen såkaldt triaksial test 80 udtagne boreprøver , hentet steder havbunden , bløde lertype identificeret . Testen måler jordprøvernes styrke ved komprimere tre retninger , resultaterne bekræfter , bløde bund rækker mindst 35 meter undergrunden . fleste målingerne ligger omegnen 20-40 kiloPascal ( kPa ) , bør ifølge flere eksperter minimum ligge mellem 100-200 kPa bære møllefundament . » lave værdier , fundet . fremgår , taget boreprøver 35 meter , uden værdierne plottet taget signifikant hop målte styrke . normalt vindmøllefundament gå omkring 20-30 meter , værdier , lidt støtte dybde , « forklarer lektor ved DTU Byg ’ s sektion geoteknik geologi , Thomas Guldborg Petersen . » formentlig lave fundamenter væsentligt længere bruge væsentligt mere stål få stå . fordyrende , tanke økonomien havmølleprojekter sandsynligheden lille , komme tale , « siger . Funderingspæle 100 meter Havvindmøller funderes typisk monopæle , tykke stålrør , indlejres havbunden løfter selve møllen mindst 20 meter havoverfladen . Forundersøgelserne kortlagt havdybderne området mellem 24,7 33,5 meter . Lægges dertil minimum 35 meter blød bund , ifølge eksperterne bidrage bæreevne , samt yderligere 20-30 meter , fundamenterne drives bærende jordtype , monopælene minimum mellem 99 108 meter lange . uklart , undergrunden fast nok bære umiddelbart 35 meter , udtaget boreprøver . » langt , hedder fast fjeld område . heller , ude . eksempelvis glacial aflejring , eksempelvis moræne-materiale . helt idéelt . sand grus , naturligt kompakteret stabilt bygge , « siger Thomas Guldborg Petersen . ligeledes kastet blik offentligt tilgængelige geofysiske undersøgelse , netop blevet offentliggjort Energistyrelsen . » Så vidt umiddelbart kan se , større områder lerede , dermed potentielt problematiske jordlag tykkelser 100 meter mere . kan enkelte områder , faste jordlag findes inden acceptabel dybde havbunden , « siger . Mindre klyger mulige understreger , oplysningerne undersøgelserne stor forskel fastheden bunden området , hvilket bakkes Lars Vabbersgaard Andersen professor ved Institut Ingeniørvidenskab , Aarhus Universitet . » helt sikkert steder havbund , kan stille vindmøller , kan vel mindre områder , muligt opstille mindre klynger vindmøller . så aerodynamisk økonomisk giver mening gøre , sag , kan vurdere , « siger Lars Vabbersgaard Andersen . Andre eksperter , GridTech/Ingeniøren kontakt , udtale citat , påpeger uafhængigt hinanden , bløde bundforhold gøre svært etablere midlertidige platforme , mens parken anlægges – såkaldte jack-ups . besværliggøre selve anlægsarbejdet betragteligt , lyder . Desuden kabler parken praksis frit svævende bløde bund , hvilket problematisk , ligesom eksperterne flager udfordring ved etablere såkaldt scourbeskyttelse fundamenterne . Skærper mangel grøn strøm endnu uklart , midlertidige standsning udbuddet betydning tidsplanen vindmølleparken , sat gå drift 2027 . Ifølge brancheorganisationen Wind Denmark kan nuværende tidspunkt betyde så års forsinkelse – altså parken overhovedet kan realiseres . parken må droppes udsigt , danske mangel grøn strøm frem 2030 endnu mere udtalt , allerede . findes forskellige opgørelser , senest beregning Wind Denmark opgjort såkaldte VE-manko mindst 45 TWh , 2030-målet nås . Hesselø forventes , fuldt udbygget , levere knap 4,5 TWh årligt danske elforsyning . store vindpark desuden udset vigtig rolle Østdanske elforsyningssikkerhed , allerede presset dybt afhængig få tilført strøm via udlandskabler Storebælt . Udbuddet sat pause Energistyrelse erkender , resultaterne kan få betydning havmølleparken ved Hesselø overhovedet . skriver pressechef Ture Falbe-Hansen mail Ingeniøren : » Energistyrelsen netop sat udbuddet Hesselø Havvindmøllepark pause , fordi Energinets foreløbige havbundsundersøgelser konstateret blød ler-bund store dele området særligt øverste 20-30 meter havbunden . bundforhold kan medføre tekniske udfordringer etableringen parken , derfor behov yderligere analyser. « Myndighederne altså endnu officielt droppet håbet realisere parken indkaldt aktørerne teknisk dialog bløde havbund senere måneden : » derfor tidligt sige , Hesselø Havvindmøllepark kan realiseret , nuværende pause kommer betyde tidsplanen , « skriver Ture Falbe-Hansen Samtidig Energistyrelsen indledt nye screeninger alternative placeringer havvindpark Hesseløs størrelse . Derudover klimaminister Dan Jørgensen ( S ) pålagt Energinet udvide forundersøgelsesområdet Energiø Bornholm , skibe netop gang indledende arbejde udvidelsen betyder , møllernes opstillingsområde undersøges helt 15 km kysten . give plads udvide energiøens kapacitet 2 GW 3 GW , forudsætter ny politisk forhandling , indskrevet afstandskrav minimum 20 km kysten aftalen bag øen . Dertil kommer , eksisterende mølleområde ved Energiø Bornholm allerede udfordret forestående udpegning nye marine fuglebeskyttelsesområder , Ingeniøren tidligere afsløret . foreslåede fuglebeskyttelsesområder ligger klos energiøernes fastlagte mølleområder , udpeges risikeres , politisk besluttede 2 GW energiøen kan realiseres .",
,2021-10-20 00:00:00,Regeringen tror på tonstung CO2-reduktion med PtX i 2030: »Det virker temmelig urealistisk«,Ingeniøren,Link,"nye rapport Klimaprogram 2021 , anslår Energistyrelsen , potentialet reducere udledningen CO2 vha . PtX ligger 9 mio . ton årligt . eksperter energibranchen anser helt urealistisk 9 mio . ton CO2 . Så stort potentialet ved Power-to-X ( PtX ) Danmark forhold reduceret udslip klimagassen allerede 2030 , lyder regeringen rapporten Klimaprogram 2021 Klima- , Energi- Forsyningsministeriet . Udspillet , indeholder 30 forskellige mulige reduktionsindsatser , kaldt “ samlet køreplan realiseringen 70 pct.-målet 2030 ” . PtX hele taget teknologier nævnt allerflest gange rapporten konkret fremgår , PtX kan føre reduktion cirka 1 mio . ton inden erhverv industri cirka 8 mio . ton transportsektoren 2030 , altså samlet 9 mio . ton . Ingeniøren hen sidste år løbende beskrevet , planlagte udbygning vindmøller , herunder kommende energiøer , opstå mangel grøn strøm , både øget elektrificering samfundet generelt produktion grønne brændstoffer via PtX . netop derfor flere eksperter helt uenige regeringens vurdering klimapotentiale ved PtX . Hurtig hovedregning viser behov 14 GW vind Karsten Capion grønne tænketank Concito , kan hurtig hovedregning ( se boks ) fastslå , Danmark slet nok grøn el fremstille så brændstof via PtX , opnå reduktion 9 mio . ton CO2 : » bruge grønne strøm erstatte benzin diesel transporten , så installere 14 GW havvindmøller alene formål . Oven tilsvarende mængde kulstof omdanne flydende brændsler produktionsanlæg klar 2030 - virker temmelig urealistisk , « siger . 14 GW svarer seks gange nuværende havvindmøllekapacitet Danmark . Alternativt Danmark importere grønne strøm Tyskland Norge , måske ligefrem importere færdigproduceret PtX-brændstoffer : » mon , 2030 konkurrence både grønne strøm færdige brændstoffer ? « spørger understreger , dansk produceret PtX fylde så , så planlægningen både PtX-anlæg grøn strøm , gang allerede år senest næste år . Højt sat virkelighedens verden Dansk Energi vurderer , tekniske potentiale fremgår Klimaprogram 2021 , sat højt . siger Martin Dam Wied , branchechef Dansk Energi , særlig fokus nye brændsler : » tale teoretisk potentiale 9 mio . ton året , virkelighedens verden højt sat . Realistisk tror kun , kan nå 1,5 2 mio . ton , virkelig ambitiøse , så kan indregne skibe fly dermed måske nå omkring 3,5 mio . ton CO2 2030 , « siger Martin Dam Wied understreger , kræver politiske vilje understøtte omstillingen Danmarks andel internationale skibs- flytrafik , kan medregnes nationale CO2-regnskaber dag . Ea Energianalyse , specialiseret modeller energisystemet , står partner Hans-Henrik Lindboe uforstående overfor , reduktionspotentialet PtX ligge 9 mio . ton 2030 : » kan hurtigt enige , helt urealistisk , kræve , al brændstof transport Danmark grøn allerede 2030 . slet klog PtX strategi . kan selvfølgelig forestille , købte stor del grønne brændstoffer udlandet , mon , generelt rift grønne el ? « siger anser mere realistisk , PtX bidrage 1 1,5 mio . ton reduktion året 2030 . teknisk muligt mail Ingeniøren skriver Energistyrelsen , står bag beregningerne Klimaprogram 2021 notat tekniske reduktionspotentialer CO2 2030 , 9 mio . ton CO2 “ dækker teknisk muligt realiserbare reduktion 2030 ved enkelte teknologier hensyntagen tidsmæssige tekniske begrænsninger ” notatet understreger Energistyrelsen endvidere “ formentlig praksis muligt iværksætte tiltag , sikrer fuld opfyldelse angivne potentialer . ”",
,2021-10-24 00:00:00,Forsinket udbygning: Energiøerne er det eneste rigtige – på det helt forkerte tidspunkt,Ingeniøren,Link,"Danmark opføre verdens første energiøer Nordsøen Bornholm . Dermed går havvindens hjemland forrest næste fase teknologiens evolution , spænder samtidig ben havvinden . Energi forsinket udbygning nyslåede socialdemokratiske regering slutningen juni 2019 sammen støttepartier udgav såkaldte forståelsespapir , store slagnummer , Danmark ved lov forpligte reducere udledning drivhusgasser 2030 70 procent forhold niveauet 1990 . Imidlertid indeholdt 19 sider lange dokument ­underspillet , mindst lige så udfordrende ambition . enkelt sætning dengang lidet kendte havvind-­koncept ‘ energiø ’ første gang introduceret dansk politik : » ( Klimahandlingsplanen ) afsøge muligheden , Danmark senest 2030 bygger første energiø minimum 10 GW tilkoblet , « fremgik dokumentet . både målsætningen mega-­infrastrukturprojektet samme deadline – 2030 – bestemt ingen tilfældighed , politikerne år senere vedtog både klimaloven indgik klimaaftalen energi industri , to ambitioners skæbnefællesskab beseglet . mellemtiden energiøen blevet halveret kapacitet fordoblet antal , således staten satser bygge kunstig ø Nordsøen 3 GW tilkoblet samt havvindmølleparker samlet 2 GW ved energiø , ligge Bornholm . Endnu vigtigere tidsrammen forskubbet , størstedelen energiøernes grønne strøm først flyde land 2033 – tre år sent forhold deadline lovfæstede 70 procentsmål , ifølge flere scenarieberegninger kræver mere grøn strøm nå . prop udbygningen havet energiøerne endeligt aftalt klimaaftalen energi indu­stri , besluttede politikerne lade nye ø-projekter annektere ene tre tidligere besluttede havvindmølleparker mindst 800 MW . samme forligskreds godt halvt år senere delaftale energiøerne udskød meste øernes kapacitet side 2030 , to aftaler facto formindsket ellers planlagte udbygning havvind årti , hvilket aflæses statens ­seneste klimafremskrivning , måler effekten førte politik . Staten altså kun to store havvindprojekter vej inden tidsfristen 2030 : Thor Hesselø , hver 1 GW . uklart , kommer flere inden . Særligt fordi forligskredsen bag energiøerne sat lidt klemme ved betinge projekterne , rentable . forudsætter relativt høj afregningspris fremtidige havvindmøllestrøm , uhensigtsmæssige effekt , staten interesse åbne havvindmølleparker , kan opføres tilsluttes før energiøerne . eksempel : borgerdrevet havvind-projekt 100 MW tilbage oktober sidste år ønskede dispensation opstille vindmøller lille hjørne område , staten reserveret Energiø Bornholm , afviste Klima- , Energi- Forsyningsministeriet blandt andet argument : » udbygning mere havvind , allerede plan- lagt staten , andet lige føre reduktion elpriserne dermed forringe rentabiliteten øvrige elproducenter , herunder besluttede energiøer. « Beregninger Cowi vist , energiøernes havvindmøller pressede konkurrencen konventionelle havvindparker , kan producere grøn strøm seks ni øre billigere pr . kWh . Staten enerådig havet kommer udbygning vedvarende energi havet staten fortsat ganske enerådig . sidder således fortsat række reservationer gode arealer , foretaget år tilbage frygt hamstring blandt ivrige private havvind-udviklere . Lykkes alligevel udvikler finde egnet areal , statsligt reserveret , muligt gennem såkaldte åben dør-­ordning havvind ansøge myndighederne etablerings­tilladse udenom statslige udbud . kort før sommerferien ­besluttede regeringen sammen Folketinget indskrænke ordningen betragteligt ved indføre grænse mulige projekter maksimalt 15 km kysten . Hvorfor så energiøer ? Blandt fagfolk energiøerne både fortalere indædte modstandere . Kritikken bunder typisk grundlæggende uenighed , hvorvidt prioriteringen storskala havvind rigtige , vedvarende energi kan opstilles langt billigere land . blandt , køber præmissen havvindparker fremtidens bærende kraftværker , synes konsensus , energi­øerne eneste rigtige iværksætte næste stadie teknologiens evolution : opskalering . Nogen , hvert fald købt præmissen , EU-Kommissionen , ser havvind » central komponent Europas energisystem « . Frem 2050 sigter overstatslige organ således , udbygningen samlede europæiske kapacitet 300 GW 2050 , heraf 180 GW Nordsøen . omtrent 25 gange mere eksisterende kapacitet foreskriver helt tilgang havvindudbygning , frem tænke projekt projekt begynder tænke parkerne sammenhæng , tværs lande . så stor oprustning nødvendigt søge længere væk kysten , hvilket nødvendiggør , ilandføringen strømmen sker via dyre jævnstrømskabler . , konceptet energiøer opsamlingspunkter fordelings­centraler begynder give mening . Øerne bringer nettilslutningen nærheden møllerne giver bedre økonomi dyre jævn­strøms­kabler øen land , fordi både agerer ilandføring elhandelskabler mellem landene . længere sigt planen , flere øer Nordsøen kommer , forbindes indbyrdes giver langt større afsætningsmuligheder vindmøllestrømmen . Energinet tidligere vurderet , storskalaudbygning adskillige energiøer Nordsøen gøres 30 procent billigere frem ‘ business as usual ’ , hver enkelt vindpark egen nettilslutning . altså , blikket løftes Danmark vores klimamål , energiø-konceptet alvor giver mening . EU ’ s politiske storsatsning havvind , fortalere endda mene , strengt nødvendige . Problemet , politikernes stædige insisteren økonomisk bæredygtige energiøer synes udgøre prop udbygningen mere havvind . Paradoksalt nok tidspunkt , politiske målsætninger skriger netop .",
,2021-11-12 00:00:00,Underskud af grøn strøm: Danmarks VE-udbygning er på katastrofekurs,Ingeniøren,Link,"massive ­elektrificering risikerer basere strøm udlandet . ­bliver både dyrt kulsort , advarer eksperter . Energi Underskud grøn strøm kan endnu større antaget Ved Veldbæk Industrivej syd Esbjerg ligger 11 hektar stor grund , rumme hidtil største annoncerede power-to-x-projekt Europa elektrolysekapacitet 1,2 GW . kæmpestore brintfabrik , trække strøm svarende produk­tionen halvanden nutidens allerstørste havvindmølleparker , opført schweiziske H2 Energy , forventer fuldt oppe køre 2025 . altså vel mærke selskabet kan skaffe nok grøn strøm . selvom Udenrigsmini­steriets handelskontor , sidste år trak milliardinvesteringen landet , tyder intet lige , Danmark levere tilstrækkelige VE-kapacitet . H2 Energys direktør , ­ingeniøren Clifford zur Nieden , optimis­tisk mand , købe grønne strøm via såkaldte PPA-strøm­kontrakter hidtil helt uhørt størrelsesorden . pinefuldt klar , Danmark resten Europa langt bagud udbygningen sol- vindkraft nødvendige mængder . » energiperspektiv brug acceleration . taler energiøer 2030 . Nej . gøres . hvorfor bygge vindmølleparker 1 GW , kan bygge 10 GW ? gang – ingen grund vente , « siger Clifford zur Nieden . Udfordringen ­mindre , H2 Energy langtfra står alene . opgørelse viser , ­herhjemme samlet ­annonceret planer power-to-x-projekter elektrolysekapacitet 6 GW før 2030 . projekterne realiseres udmeldt , kan power-to-x- fabrikkerne forbruge så årlige elproduktion knap syv havvindmølleparker 1 GW 2030 . Mere 85 procent samlede nuværende danske elforbrug . Så stor elektrolysekapacitet overstiger langt , Danmark bruge nå 2030-målet . desto mindre ligger planerne allerede truer gøre manglen grøn strøm endnu mere udtalt . langt mindre udbygning kommer forvejen mangle mellem 7 15 TWh grøn strøm 2030 , 70 procentsmålet nås , viser beregninger Ingeniøren konsulentvirksomheden Ea Energianalyse samt brancheorganisationerne Wind Denmark Dansk Energi . 2030-sejr sort baggrund Resultatet kan paradok­sale , danske elbiler brintlastbiler kører kulsort tysk energi 2030 , mens Danmark fejrer nået 70-procentmålet . klimaregnskabet tæller nemlig kun danske udledninger . » Så hjælper vores nabolande opnå vores mål , ved , , importerer , grøn sort strøm , « lyder medlem Klimarådet , profes­sor emeritus energiøkonomi ved DTU Wind Energy Poul Erik Morthorst . Ofte del sort strøm strøm , importerer , lyder Klimarådets energiekspert . samme siger senioranalytiker grønne tænketank Concito , Karsten Capion : » Elmæssigt hænger hele Europa sammen , ulti­mativt konsekvensen ved underudbud VE Danmark , nogen andet sted fyrer kraftværk dække hullet . Danmark blandt lande , bedst stillede forhold udbygge VE-kapaciteten , må antages , dansk underudbygning giver anledning flere fossile brændsler udlandet , « siger . Henrik Lindboe , partner Ea Energianalyse , kalder » kata­strofekurs « , politikerne sat fuld fart elektrificeringen , udbygningen mere grøn elproduktionskapacitet . medføre , vores sorte samvittighed skubbes nabo­landene , tilhørende høje elpriser give genlyd . » Skrækscenariet , industrien , fjernvarmen erhvervslivet bredt set sætter spørgsmålstegn ved , grøn strøm nok . Derfra kan brede fortælling , elektrificering godt hverken forretningen grønne profil . Sker , elektrificeringen – dermed grønne omstilling – gå stå , « siger . Ea Energianalyse , nyder stor troværdighed energibranchen , leveret mest pessimistiske vurdering VE-kapacitet Ingeniøren . Rådgivningsvirksomheden forudsiger mangel 15,2 TWh grøn strøm 2030 , blandt andet grundet nye regler , gør dyrere tilslutte solcelleanlæg landvind . Samtidig tør konsulenthuset kun regne halv Hesselø Havvindmøllepark . Projektet plaget svære bundforhold . Inklusive biomassefyrede kraftværker ifølge Ea nå VE-­kapacitet 53 TWh 2030 , mens 70 procentsmålet ifølge Ea Energianalyse forudsætter elforbrug 68,2 TWh . dag samlede elforbrug 35 TWh . Wind Denmark Dansk Energi anslår næsten enslydende elforbrug , mere optimistiske VE-udbygningen . ender manglen grøn strøm henholdsvis 13,1 TWh 7 TWh . Power-to-x kan forværre manko Tallene tre baserer konservativ PtX-udbygning to-tre GW , annonceret projekter mere seks GW samlet . reelt burde give langt mere gas ­grønne brændstoffer , sidder dét , ifølge flere eksperter branchefolk Europas bedste potentiale bygge havvind . » Skandinavien natur­givne ressourcer form store vind- vandkraftpotentialer . , kombineret tynd befolkning stor geografi , taler , Skandinavien nettoeksportør grøn strøm grønne brændsler ­Centraleuropa , forudsætninger ­lige omvendt , « siger politisk chef Wind Denmark , Martin Risum Bøndergaard . EU tidligere året vedtog nyt klimamål minimum 55 procent CO2-reduktion 2030 , satte samtidig elektrificering øverst hele kontinentets dagsorden . kommende efterspørgsel grøn el syd grænsen bør derfor anspore overudbygning VE Danmark , snarere underudbygning . fremgår Energistyrelsens udmelding ­siderne , mål dansk VE-kapacitet 2030 . Wind Denmark efterlyser derfor klarhed .",
,2021-11-13 00:00:00,Så må vi importere: Klimaministeren afviser at lægge sig fast på VE-andel i 2030,Ingeniøren,Link,"Ifølge beregninger Ingeniøren udsigt stor mangel grøn strøm nødvendige elektrificering nå 70-procents-reduktionsmålet . Regeringen lægge fast , al strøm , bruge nå klimamålet 2030 – bare eksempel 90 procent – komme grønne danske strømkilder . lyder skriftligt svar Ingeniøren , fredag fortælle , Danmark lige ser nå 70-procents reduktionsmålet netto-strømimport mellem syv 15,4 TWh – svarende mellem halvanden tre halv helt store kommende havvindmølleparker . Mankoen udregnet Ea Energianalyse , Wind Denmark Dansk Energi , kan endnu større , havvindmølleparken Hesselø må droppes grundet blød bund , udbygningen sol- landvindmøller – tyder – går langsommere forventet . mindst indeholder kun to-tre GW elektrolysekapacitet power-to-x , selvom annonceret projekter svarende seks GW før 2030 . tager seks otte år bygge ny havvindemøllepark , så kun hurtig handling kan få Danmark mål tiden . Derfor brancheorganisationerne energiområdet enstemmigt råbt særskilt VE-strategi , opstiller klare mål Danmarks VE-udbygning frem 2030 videre endnu . ministeren umiddelbart klar forpligte . » lægge fast bestemt andel grøn strøm 2030 , klart , følger udviklingen tæt træffer nødvendige politiske beslutninger sikre , tilstrækkelig mængde grøn strøm 2030 nå vores klimamål , « lyder skriftligt svar klimaminister Dan Jørgensen . Minister : Intet mål selvforsyning 2030 sidste danske kulkraftværk udfaset , derfor – bortset reserve- spidslastkapacitet – kun grøn strømproduktion herhjemme . nok opfylde efterspørgslen , importere . Ingeniørens kilder peger , dele strøm al sandsynlighed sort – eksempelvis tyske kulkraftværker . tysk udledning danske CO2-regnskab . Dermed kan stå paradoksale situation , kan fejre opnåelsen 2030-klimamålet ved skubbe udledningen udlandet . » Selvfølgelig betyder , klarer belaster andre landes klimamål nettoimport el . kan dårligt påstå foregangsland , klimaloven siger , , kan håndtere vores egen grønne elproduktion , « siger medlem Klimarådet Poul Erik Morthorst . ifølge Dan Jørgensen importsituation 2030 tråd klimaloven . Reduktionsmålet ligger fast , målsætning , hvornår Danmark 100 procent selvforsynende grøn strøm . Tværtimod lægger ministeren vægt øget udveksling strøm landene omkring . » Ja , overholder klimaloven , så længe kan opfylde klimamålene . afgørende , nødvendige mængde grønne strøm systemet nå mål . Derfor blandt andet fokus velintegreret elmarked vores nabolande , så Danmark kan importere eksportere strøm dermed sikre , altid strøm kontakten uanset vores vejrforhold herhjemme , « siger . Lover nyt VE-udspil næste år svar Ingeniøren henviser , Folketinget vedtaget beslutninger , » isoleret set fører knap tredobling nuværende kapacitet , alene kommer grøn strøm havvind « . referer ministeren energiøerne , netop står fuld udbyggede inden klimadeadlinen 2030 . peger , Energistyrelsen fremskrevet , 97 procent selvforsynende grøn strøm 2030 . såkaldt ‘ frozen policy ’ – fremskrivning baggrund allerede vedtagen lovgivning VE-udbygning . medtager kommende initiativer love , sikre nødvendige elektrificering nå 2030-målet , endsige strømhungrende produktion grønne brændstoffer . værd bemærke , regeringen regnet frem fortsat stort potentiale elektrificering , hidtidige tiltag berører . kan findes CO2-reduktioner godt 6 mio . ton CO2 ved yderligere elektrificering allerede vedtagne , fører merforbrug el 8,8 TWh , svarer 1,7 GW ekstra havvindkapacitet , viser regeringens egne beregninger . » Flere fremskrivninger peger , får brug endnu mere vedvarende energi , svært spå præcise , fremtidige behov . blandt andet afhænge grøn strøm , bruges eksempel power-to-x , ser frem forhandle Folketingets partier , « lyder klimaministeren , antyder nye annonceringer VE-projekter nytår . » fremgår vores grønne køreplan , præsenterer regeringen nye år udspil grøn energi- forsyningssektor , blandt andet understøtte sektorens fortsatte udvikling bidrag grønne omstilling , « tilføjer Dan Jørgensen . Klimarådet afviser nettostrømimport 2030 Imens Klimaministeriet Energistyrelsen mener regne VE-manko , tre centrale aktører , leverede tal Ingeniøren , haft samme problemer . stort set enige strømbehov , 2030-målet nået . omkring 70 TWh , hvilket dobbelt så nutidens elforbrug 35 TWh . VE-udbygningssiden mindre enighed nære fremtid . særligt Ea Energianalyse pessimistisk , kun kalkulerer halvdelen ventede kapacitet Hesselø Havvindmøllepark grund bløde havbund , ført yderligere undersøgelser . forventer langsommere udbygning sol landvind , blandt andet grund kommende regler betaling nettilslutning , indført Dan Jørgensen . VE-manko Danmark , Europas bedste vilkår havvind , særligt kritisk , fordi endnu sværere sikre grøn strøm syd grænsen . » Problemet , landene omkring gang samme elektrificering , især syd VE-potentialet begrænset . Derfor uholdbart forlade strategi , importerer strøm , « siger branchechef VE Dansk Energi , Kristine Grunnet . Klimarådet , regeringens klimavagthund -rådgiver , begyndt lave egen analyse VE-mankoen herhjemme 2030 . mener Danmarks status nettoimportør strøm bør slut 2030",
,2021-11-15 00:00:00,Opposition og støttepartier presser regeringen: Vi SKAL være selvforsynende med VE-strøm,Ingeniøren,Link,"70-procentmålet må nås ved import sort strøm . `` Klodshans '' kalder Venstre nuværende situation .. Mens regeringen se tiden an , gælder VE-udbygning , tonen helt Enhedslisten , Radikale , Konservative Venstre , se handling . Reaktionerne kommer , Ingeniøren fredag fortælle , Danmark kommer mangle strøm svarende mellem halvanden tre halv fremtidens helt store vindmølleparker 2030 . Beregningerne kommer Ea Energianalyse , Wind Denmark Dansk Energi , bad organisationerne ene side analysere , strøm nå 2030-målet - side sammenholde tal forventede udbygning dansk strømproduktion . Resultatet alarmerende , lyder konservative energiordfører , Katarina Ammitzbøll , lodret uenig klimaminister Dan Jørgensen ( S ) , mener stadig kan basere strømimport tid . » synes , kan nettoimport strøm 2030 . fordelagtige position , Danmark ligger , burde klare vores egen produktion vedvarende energi , « siger konservative energiordfører . Kræver national VE-strategi Dermed enig Klimarådet , lovfæstet vagthund grønne omstilling . ser , Danmark kan både nettostrømimportør foregangsland samme tid . tolkning svarer både branchens eksempel Ea Energianalyses vurdering , klimaloven forudsætter , selvforsynende strøm . Alternativet nemlig købe strøm , markedet – altså import , deriblandt tyske kulkraftværker . Tysk udledning danske klimaregnskab . klimagasser kender ingen grænser . Dermed opnåelsen 2030-målet papirøvelse – reel reduktion . » virkelig problematisk kritisabelt . dårligt . vej hjem COP26 , folk læser vores mål foregangsland . nogen strategi , hvordan nå mål , « siger energiordføreren , Ingeniøren ringer fredag . » stillet beslutningsforslag , håber , opbakning , , må national strategi produktion vedvarende energi . sætter mål , produceres , produceres , kommer slet gang , « siger . Radikale : Nødvendig VE-udbygning `` krav '' Lige modsatte side midterlinjen dansk politik , regeringens støtteparti Radikale helt enige . Danmark kan påstå mål 70 procent CO2-reduktion 2030 , samtidig nettoimportør strøm , lyder . » helt enige , VE-manko , nødt bygge , svarer cirka otte GW havvind inden 2030 . ønsker importere strøm lave brint . skørt , « siger energiordfører Rasmus Helveg Petersen . Radikale udvidet eksisterende projekter nå dertil . Lægge GW Bornholm Energiø , lægge mere Thor Kriegers Flak forsøge hjælpe Hesselø-projektet - står bogstaveligt talt gyngende grund - bedst muligt igennem . Resten hentes landvind sol . » stadigvæk del fuldstændigt åbent elmarked , fint udveksle nordmændene , så får vandstrøm får vindmøllestrøm engang imellem . Danmark energiø . samlet genereringskapacitet , svarer vores behov , « siger . Energiordføreren understreger gå hurtigt komme gang . rasler sablen regeringen , helt uddybe , hvori ultimatummet består . » må starte argumentere vores sag overbevisende . ellers må stille VE-udbygning betingelse , virker . krav . kan klare uden , så vigtigt krav , « siger Rasmus Helveg Petersen . Venstre afviser medvirke CO2-lækage Venstre presser hårdt handling VE-udbygningen . energiordfører Carsten Kissmeyer godt nok gerne par forbehold , spurgt selvforsynende 2030 . nemlig klappet linjen helt partigruppen . bundlinjen samme . 70-procentsreduktion 2030 må opnås bekostning kulstoflækage udlandet . » hvert fald forudsætning , sagt ja 70 procent . ønsker Venstre lave grøn omstilling , skaber lækage andre lande . spiller VE-andelen afgørende rolle , leverer , leverer dybest set vores målsætning , « siger Carsten Kissmeyer . peger , konservative ordfører gør , , Power-to-X ( PtX ) gør problematikken endnu mere hastende . Imens beregningerne Ingeniøren alene indeholder to-tre GW afsat elektrolyse , reelt annonceret projekter svarende seks GW herhjemme frem 2030 . kæmpe energitab ved konvertere strøm brint videre . » lidt Klodshans , PtX-projekter ender køre kulkraft . dumt , « siger . hindringer udbygning tre ordførere optagede administrative hindringer ved opsætningen nye VE-kilder – solceller , landvind helt store havvindmølleparker , eksempel Omø står stille grund mulig udpegning nye fuglebeskyttelsesområder . mulige udpegning kom først bordet 11. time , etableringstilladelsen 320 MW store havvindmøllepark behandling otte års projektudvikling . Venstres ordfører peger eksempel , resortministerierne – henholdsvis klimaministeriet miljøministeriet – tilfælde arbejdet parallelt koordineret langt bedre , måske dermed vundet tid . strømlinet samspillet mellem udbygning klageprocesser , så længe går miljøhensynet . side politiske spektrum Enhedslistens energiordfører Søren Egge Rasmussen smidiggjort beslutningsprocesser . peger flere steder , ligefrem mener systemet modarbejder – eksempel angår solcelleudbygning , modsatrettede interesser forhindrer flade tage udnyttes . » endt situation , udnytter flade tage solceller , fordi åbenbart mere rentabelt gøre store landbrugsarealer . tosset . sikkert hensyn statslige indtægter , forhindrer får fremmet , fordi firmaerne bag får strøm uden afgifter . billedet , veje , ender blindt lige , kan åbnes , « siger . Enhedslisten : 2030 målet revurderes borgerlige kolleger ser , Danmark rimeligvis kan påstå nået 2030-målet , sker bekostning eksempel tyske CO2-regnskab . » vigtigt , kan dække vores forbrug vedvarende energi får fart opstillingen vindmøller solceller . ting , går langsomt , « siger Søren Egge Rasmussen . Enhedslisten gå endnu videre værks . øvrige ordførere fanger Ingeniøren energiordføreren FN-klimatopmøde Skotland , Folketingsudvalget rejst hen . både øvrige påvirkede presserende dagsorden , fået helt livet . » mener set , nødt revurdere 70 procentsmålsætningen , ellers kan overholde Parisaftalen . måske 78 procent . så får alvor brug endnu mere vedvarende energi . kan langt mere gør lige , « siger Enhedslistens energiordfører . Imens blandt andet Klimarådet vurderer , klimaloven forudsætter Danmark producerer al egen strøm 2030 , afviser Dan Jørgensen skriftlig kommentar Ingeniøren , krav . heller sætte tal , hvilken selvforsyningsgrad Danmark 2030 . » lægge fast bestemt andel grøn strøm 2030 , klart , følger udviklingen tæt træffer nødvendige politiske beslutninger sikre , tilstrækkelig mængde grøn strøm 2030 nå vores klimamål , « lyder skriftligt svar klimaminister Dan Jørgensen .",
,2021-11-16 00:00:00,Energistyrelsen: 2030-deadline er ikke ensbetydende med 100 procent grøn strøm,Ingeniøren,Link,"Styrelsen afviser regne VE-manko 2030 . ministeren styrelsen slet lægge fast , stor del strømforbruget producere . Energistyrelsen , ansvaret danske energi­forsyning , ved , grøn strøm kommer mangle 2030 , hidtil slet opstillet mål , stor grøn energiproduktion Danmark tid . styrelsens optik 2030 øvrigt slet deadline selvforsynende vedvarende energi , elektrificering regeringens store klimahåb , power-to-x , kræver , lyder lederen Energistyrelsens Center Systemanalyse , kontorchef Mikkel Sørensen . » konkret beregning forhold VE-strøm 2030 . eksempler forhold klimamålsætninger . kan nødvendigvis overføres forhold grøn strøm . nogen målsætninger mængden VE-strøm 2030 , « siger . Tre centrale aktører ellers haft samme problemer , Ingeniøren bad beregne , strøm kommer mangle , nå mål 70-procents-reduktionen . størrelsesordenen 7-15 TWh . styrelsen mangler forudsætningerne regnestykket . udregningen gå ‘ frozen policy ’ – altså energibehovet , allerede besluttet ? forudse politiske beslutninger opfyldelsen 2030-målet ? ny politik , Danmarks vindmøller begrænse global CO2-udledning , eksempel ved levere energi eksport grønne brændstoffer stigende antal datacentre , leverer ydelser langt Danmarks grænser ? » eksempel målsætning VE-andel , svarer 100 procent danske elforbrug , regne . målsætning . VE-strøm kan andet – eksport nye ting , ønsker fremme , eksempel power-to-x , kan trække grøn strøm . balance afgørende , forbruget dansk grund , « siger . Ingen VE-deadline 2030 Dermed Energistyrelsen helt linje minister , siger : » lægge fast bestemt andel grøn strøm 2030 « – dermed heller kan sige , vindmøller solceller opstilles komme mål . 2030-mål sort slagside Resultater beregninger tre centrale aktører grønne omstilling – vist opslaget – afslører markant mangel vedvarende energi 2030 . forhindre nå reduktionsmålet CO2 . praksis sidste skive fremtidens energilagkage ofte kulsort . mangler strøm , nemlig hentes Europas indre marked energi . Vind- , vand- solkraft byder laveste priser afsat ‘ først ’ . Gas- kulkraft , kan skrues , dækker derfor typisk timer , grønne strømkilder kan dække ­behovet . Derfor strømmangel Danmark ofte føre øget afbrænding fossile brændsler andre lande . faktisk står ingen steder , opfyldelsen 70 procents-målsætningen kan baseres import strøm . lande , producerer sort , ifølge kontorchefen , blandt andet ansvaret klimafremskrivning . hvert fald højst bløde formuleringer Klimaloven , forpligtet undgå kulstoflækage . » Klimamæssigt kan godt opfyldes måde . 70 procents-målet formuleret , holdt FN ’ s definitioner godt ondt . udledninger inden territoriet , tælles . Så afgørende regnestykke , grøn strøm lavet , lidt sort strøm , produceres , « siger . Selvforsyning kan godt komme senere forhold grønne strøm ser Energistyrelsen slet 2030 skarpt hjørne , Danmark selvforsynende VE-strøm initiativer , underbygge 70 procents-målet . VE-udbygning ifølge Energistyrelsen * Analyseforudsætninger Energinet 2021 * * forventer Energistyrelsen følgende VE-produktion 2030 : Havvind : 25,6 TWh ( inkl . 1 GW Energiø Bornholm ) Landvind : 15,1 TWh Solceller : 11,4 TWh Biomasse : Ukendt udbygning slet nok nå behovet 2030 flere store projekter , tallene baserer , endnu stor usikkerhed omkring . [ /box ] CO2-neutralitet 2050 hele Europa langt mere bindende forholde Danmark . Derfor heller ingen nærliggende hård deadline opførelsen havvindmøller , nå målet , ifølge styrelsen . » usikker , 2030-punkt kommer . kan se , absolut plads , hensigtsmæssigt forløb . planlagt energiøer , kommer lidt 2030 . gerne behov , « siger Mikkel Sørensen . mener , nok VE-energi elektrificering , planlagt frem 2030 ? » ved , nok . tror , elektroner nok . mener , betydelig bevægelse elproduktionen hele Europa Danmark vej 2030 . krydspunktet lige dér god mening kan lægges , energiøerne proppet stikket , synes entydigt . hvert fald ingen målsætning . klimamålsætningen nås 100 procent grøn strøm , 90 procent tredje nødvendigvis afgørende , « siger Mikkel Sørensen . Hverken Klimarådet flere Folketingets partier enige styrelsen ministeren , 2030-målet kan opnås ved hjælp nettoimport strøm . fortæller nærmere senere dag , flere grønne omstillings centrale aktører dybt overraskede høre fortolkningen myndigheder .",
,2021-11-19 00:00:00,Klimarådet modsiger regeringen: Klimalov forudsætter selvforsyning med grøn strøm,Ingeniøren,Link,"Både Energistyrelsen klimaministeren mener , Danmark godt kan nå 2030-mål import sort strøm . Jurist giver overraskende ret : Klimaloven ren politik . Regeringen kan tilsyneladende se frem ny principiel kritik Klimarådet , lovfæstet vagthund opfyldelsen 70 procents-reduktionsmålet 2030 . står klart , Energistyrelsen Ingeniøren understreget , ser 2030 skarpt hjørne , Danmark producere lige så strøm , forbruger . Klimaministeren erklærer enig styrelsens tolkning , indebærer , danske forbrug , næste knap ti års elektrificering nå omkring 70 TWh , fortsat kræve , nettoimportører el , deriblandt kulkraft . hvert fald planlagte udbygningshastighed VE-strøm fortsætter . så kommer mangle svarende halvanden tre halv fremtidens helt store havvindmølleparker , ifølge beregninger foretaget Ingeniøren . ifølge Klimarådet kant lov , regeringen slået få vedtaget . » står klimaloven , foregangsland , kan dårligt se , kan , kan håndtere , svarer vores egen grønne elproduktion , « siger medlem rådet , professor emeritus energiøkonomi ved DTU , Poul Erik Morthorst . Energistyrelsen minister afviser 2030-deadline Ifølge regeringen Energistyrelsen ellers formelt set klimasporet uden selvforsyning VE . gælder opfyldelsen 2030-målet , fokus nemlig Danmarks afbrænding fossile brændstoffer . 2030 sidste danske kulkraftværk udfaset . Derfor – bortset reserve- spidslastkapacitet – kun grøn strømproduktion herhjemme . » 70 procentsmålet formuleret , holdt FN ’ s definitioner godt ondt . udledninger inden territoriet , tælles . Så afgørende regnestykke , grøn strøm lavet , lidt sort strøm , produceres , « forklarer lederen Energistyrelsens Center Systemanalyse , kontorchef Mikkel Sørensen . understreger , ske omfattende VE-udbygning både Europa Danmark . behøver producere vores egen strøm 2030 . » krydspunktet lige dér god mening kan lægges , energiøerne proppet stikket , synes entydigt . hvert fald ingen målsætning , « siger får opbakning lovtolkningen minister . » Ja , overholder klimaloven , så længe kan opfylde klimamålene . afgørende , nødvendige mængde grønne strøm systemet nå mål . Derfor blandt andet fokus velintegreret elmarked vores nabolande , « lyder skriftlig kommentar Dan Jørgensen . Klimarådet afviser ministerudlægning svarer dårligt Klimarådets tolkning . Rådet skrevet direkte klimaloven regeringens uafhængige rådgiver vagthund , rette vej opfyldelsen 70-procents-reduktionsmålet . Klimarådet netop begyndt egen udregning VE-mankoen 2030 . Altså manko , Energistyrelsen mener kan udregnes , fordi mål , stor VE-andelen , 70-procents-reduktionen gennemført . » Energistyrelsen må stå mål udtalelser . klart , Klimarådet forsøger opgøre manko , fordi mener rigtig vigtig . , « lyder Klimarådets Poul Erik Morthorst . anerkender , mindre rum fortolkning . må 2030 stå situation , importerer strøm dermed medvirkende CO2-udledning udlandet . » kan diskutere , lige præcis punkt 2030 , 2029-2030-2031 , tager gennemsnit , hvordan lige gør . selvfølgelig kan variationer , alligevel lige lille netto-import , . udgangspunkt Klimarådet sige , dække , svarer vores eget strømbehov 2030 , kan betragte foregangsland , ifølge klimaloven , « siger rådets energiekspert . Så plus minus lidt marginaler 2030 deadline , gælder selvforsyning VE ? » Ja . klart , kan vejrmæssige variationer ting , betyder , helt så vind år , måtte . ligge inden relativt snævert interval , udgangspunkt sige , dække vores eget strømforbrug 2030 , « siger Poul Erik Morthorst . Guidende principper kun vejledende Klimarådet består primært økonomer deslige , imens regeringen stor juridisk regnekraft rådighed både embedsværket eksempel Kammeradvokaten . Ingeniørens undersøgelser tyder , regeringens styrelsens tilgang klimaloven holder vand , gælder snæver juridisk tolkning : Manglende selvforsyning strøm 2030 lovbrud traditionel forstand . skyldes kun , to » guidende principper « blødt formuleret svære holde regeringen – nemlig Danmark » foregangsland « Klimaområdet , » sikres , danske tiltag blot flytter hele drivhusgasudledningen uden Danmarks grænser « . Årsagen snarere , loven mest karakter politisk deklaration , ingen dommer påtage forsøge fælde dom baggrund , siger miljøjurist professor Ellen Margrethe Basse ved Aarhus Universitet . længere juridisk analyse loven forrige sommer , kommer frem , juridisk bindende samme måde EU-direktiver forordninger området . » dér vejledende principper ren politik . langt hen vejen gratis – kun politisk styrende retligt bindende . traditionel opfattelse lov , håndhæves ved domstolene , lov , relevant , « siger . Kun Folketinget kan vurdere , klimaloven overholdt Ellen Margrethe Basse mener , eneste nogenlunde juridisk håndgribelige klimaloven Klimarådets status uafhængig rådgiver samt frister regeringens rapporteringer fremskridt forhold 2030 . Dermed kan minister regering beskyldes lovbrud , gælder opfyldelse konkrete miljømål – herunder 70 procents-reduktionsmålet . stedet sag folket Folketinget . » klima- , energi- forsyningsministeren kan godt gøres politisk ansvarlig – yderste fald anlæggelse rigsretssag , politisk flertal , gøre politisk ansvarlig . , loven tænkt « siger Ellen Margrethe Basse , får opbakning tolkning specialist velanset dansk advokatselskab , tale citat . stadig gode se , hvilken fløj parti , leverer klimaminister 2030 , vedkommende får fornøjelsen fejre opnåelsen 2030-målet , inden sat så turbo VE-udbygningen , mankoen forsvundet . mellemtiden siger flere partier begge sider Folketinget , helt uenige styrelse minister : producere strøm , forbruger 2030 , lyder samstemmende . Læs : Opposition støttepartier presser regeringen : selvforsynende VE-strøm støttepartiet Radikale nærmer , netop gøre politisk ansvar gældende . » må starte argumentere vores sag overbevisende . ellers må stille VE-udbygning betingelse , virker . krav . kan klare uden , så vigtigt krav , « siger energiordfører Rasmus Helveg Petersen .",
,2021-11-19 00:00:00,Bølgekraft-lobby sigter mod 4 GW i Danmark - trods manglende resultater,Ingeniøren,Link,"Forskning bølgekraft stået 40 år uden store resultater . Branche mener , brug flere penge udvikling . politiker afviser store beløb . Senest 2050 4 GW bølgekraft , står Partnerskabet Bølgekraft , består syv bølgekraftudviklere rådgivningsvirksomheden Rambøll . Derfor vedtages bølgestrategi Danmark sættes politisk mål afsætter penge uddannelse , forskning udvikling . rapporten , sendt Klima- , Energi- Forsyningsudvalget , tager partnerskabet udgangspunkt EU Kommissionens strategi udvikling bæredygtige energiteknologier , blandt andet sat mål , 2025 installeret 0,1 GW bølge- tidevandsenergi voksende 1 GW 2030 40 GW 2050 . Partnerskabet ser blandt andet energiøerne oplagt mulighed teste integrere bølgekraft kombination vindenergi PtX-teknologier . Støttemidlerne øremærket så bølgeenergi kommer konkurrere midlerne etablerede energiteknologier . Lang udviklingshorisont hvorfor fortsat støtte udviklingen bølgekraft , allerede gang cirka 40 år uden egentlig kommercielt gennembrud ? spurgt formanden Partnerskabet , Kim Nielsen , bølgekraftkonsulent Rambøll , varetager sekretariatet partnerskabet : » fulgt udviklingen næsten 40 år sket tid , så må erkende , resultaterne gange kan svære få øje . dag række projekter , reelt potentiale . kræver , testet realistiske forhold havs. « så god ide bølgekraft , så private investorer , træde finansiere udviklingen ? » Risikoen stadig stor , derfor brug offentlig støtte . mener , særlig store beløb , brug , sammenligner støtte , givet vindkraft gennem tiderne . ser potentialet , så lige så energi høste bølgerne rundt vindmøllepark Horns Rev , vindmøllerne kan få vinden . Partnerskabet Bølgeenergi række vidt forskellige projekter . risiko offentlig støtte fordeles mellem projekter , så bare kommer mål , fordi hver især får lidt ? bedre satse enkelt projekt ? » godt udvælge 2-3 projekter få grundigt testet igennem . mener , store beløb investeres få undersøgt projekterne levedygtige . DanWec fået etableret testområde Hanstholm , håb , kan få testet flere anlæg fuldskalaanlæg kørende 2025. « Gerne strategi andre lande Partnerskabet skriver rapporten udvalget , Danmark kan lade inspirere lande Canada , Kina , Irland , Sydkorea , Sverige , UK USA , nationale strategier planer udvikling bølgekraft . flere lande rundt verden ligefrem fastlagt konkrete mål etablering bølgekraftkapacitet . Derfor mener , flere penge forskning udvikling bølgekraft , , tidligere beskrevet , så etableringen energiøer kærkommen lejlighed så sat mere gang udviklingen svar udvalget , skriver Klima- , energi- forsyningsminister Dan Jørgensen , bølgekraft kommer kæmpe plads afsat innovation energiøerne lige fod andre teknologier . Mangler gennembrud Rasmus Helveg Petersen ( RV ) , medlem Klima- , Energi- Forsyningsudvalget , fulgt udviklingen inden bølgekraft årrække , overbevist , teknologien langt moden : » trods , set rigtig udviklingsprojekter , så tyder , bølgekraft kommer levere energi vores system inden næste ti år , « siger . afviser ingen måde , masser energi havets bølger , muligt høste , ingen altså fundet god måde høste energien endnu : » uvillig , afsætter mindre beløb grundforskningsmidler videre undersøgelse . tale store beløb , mindre får velbegrundet oplæg , peger gennembrud bølgekraft , « siger .",
,2021-11-25 00:00:00,KRONIK: Energiøerne er vores fælles Mars-mission,"Ingeniøren
Jacob Østergaard (DTU)
Glenda Napier (CEO, Energy Cluster Denmark)",Link,"Anlægssummen 210 milliarder kroner ved fuld udbygning to øer svarer fem Storebæltsbroer måder epokegørende , Danmark 2030 etableret verdens første energiøer Bornholm Østersøen 80 kilometer Thorsminde Nordsøen . grønne kraftværker havet indvarsler ny æra produktion energi væsentlig del grønne omstilling Danmark Europa . ved øerne allerede stort : Anlægssummen 210 milliarder kroner ved fuld udbygning to øer svarer fem Storebæltsbroer ; beløb får 12 GW grøn strøm svarende 12 mio . husstandes strømforbrug . alene beløb energiproduktion , sprænger skalaen energiøerne . gør innovationen . Beslutningen etablere verdens første energiøer modig visionær . Lykkes , sikre Danmark absolutte førertrøje anvendelse udvikling vedvarende energi år frem , kan potentielt nyt , dansk grønt energieventyr historiske dimensioner . kræver innovation forløse potentialet . udvikle designe energiø ingen triviel opgave . aldrig sket før kræver , tænker godt sikre rette løsninger . Lige behov forskning , udvikling innovation mindst tre væsentlige områder : første sikre , opbygningen energiøerne robust . Øerne levere stabil pålidelig strøm elnettet , nok . udvikle løsninger avancerede software-modeller , så systemerne stand modstå ekstreme sjældne hændelser , herunder cyberangreb , stadig større grad hører dagens uorden . kræver nye tilgange , så energiøernes kompleksitet fører fejl designet resulterer så store sikkerhedsmarginer , omkostningerne udvikling drift langt større nødvendigt . Netop økonomiske attraktive andet område , øje . allerede overveje , hvordan eksempelvis kan udvikle nye elektriske komponenter havvindmøller , indgå energiøerne . Møllerne nuværende koblet direkte vores elnet behøver derfor leve samme strenge krav . Alene øvelse spare adskillige milliarder kroner . samme måde gennemgå øvrige elementer energiøerne f.eks . transformere , HVDC-forbindelser mulighed eventuelle power-to-x-anlæg hvert enkelt tilfælde vurdere , hvordan løsningerne skrues sammen mest fornuftigt økonomisk attraktivt . Endelig tredje sikre , udviklede løsninger blot lever standarder teknologiske muligheder , kender dag . sørge , fremtidssikrede , så kan fungere rette basis , par år får ny viden nye muligheder , så kan udvides kobles sammen flere fremtidige øer . Effektelektronik , intelligent digital styring indretningen elmarkedet gennemgår år kæmpe udvikling , ingen tvivl , inden længe stå nye avancerede løsninger , langt bedre lever krav , energiøerne stiller . år , energiøerne stå færdige . derfor bare komme gang . vores øjne ligger lige højrebenet bruge første energiøerne , Bornholm , levende testlaboratorium nye løsninger , udvikles . Bornholm interessant , fordi øen allerede ligger , kan komme hurtigt gang . Derudover Bornholm store fordel , ø , let kan komme komme rundt , ligesom samfundsstrukturer , gør let arbejde . Anderledes må forventes kommende energiø Nordsøen , kræver helikoptertransport , clearing adgangstilladelser barske arbejdsbetingelser dage hårdt vejr . Bornholm muligheder teste forskellige konstellationer styringsmetoder miljø , fleksibelt vant fungere levende energilaboratorium . løsningerne først udviklet Bornholm , muligt efterfølgende kopiere både energiøen Nordsøen andre fremtidige energiøer Danmark udlandet . klart , så lad komme gang . første test opstillinger kan foretages allerede sikre tempo niveau innovationen , nødvendigt få energiøerne plads , så kan bidrage presserende grønne omstilling .",
,2021-12-13 00:00:00,Fremtidens elforsyning: Hvor lange nedbrud kan vi tåle?,Ingeniøren,Link,"kan både øge elforbruget lukke kraftværker uden går forsyningssikkerheden , siger Dansk Energi . Energinet , står bag beregningerne holder fast , problemet løses tættere samarbejde vores naboer forbrugere virksomheder fremtidens eldrevne samfund flere vindmøller solceller risikere flere perioder manglende strøm kontakterne . imødegå ? fagfolk forsyningssikkerheden dybt uenige . Statsorganisationen Energinet forudser beregninger fremtidens elsystem , elforbruget sagtens kan øges nedlægger traditionelle kraftværker bakke , f.eks . blæser vindmøllerne stå stille . Vel mærke uden stigende risiko længere flere perioder manglende strøm kontakterne , anfører Energinet . kalder brancheorganisationen Dansk Energi 'kontraintuitivt ' argumenterer , - Energinet forudser - kan regne importere energien via udlandsforbindelser , vores nabolande gang samme proces . Derfor mener Dansk Energi , større fokus udviklingen resten Europa , data både el-produktion -forbrug vores nabolande kvalitetsikres bedre . fremgår høringssvar årlige redegørelse elforsyningssikkerhed , Energinet fremsendt klima- , energi- forsyningsminister Dan Jørgensen , danne grundlag ministerens fastsættelse målet elforsyningssikkerhed 2031 . Konkret handler , minutter årligt danskere gennemsnit tåle , mangler strøm kontakterne , elforsyningen ( både kraftværker nettet ) udbygges opnå mål . kigger 10 år frem , så handler forudsætningerne , Dansk Energi svært ved se logikken redegørelsen . forklarer chefkonsulent Christian van Maarschalkerweerd , kalder beregningsforudsætningerne “ kronisk forsinket ” : » dag termiske kraftværker rådighed Danmark , så nogenlunde kan klare vores maksimale forbrug . mere mere afhængige udlandet , takt værkerne lukker biler , opvarmning industri højere grad kommer køre strøm . udvikling går stærkt , går hurtigere Energistyrelsen opdatere analyseforudsætninger Energinet bruge . samme måde ser , analyseforudsætningerne tilstrækkeligt fremsynede forhold udviklingen nabolande , afhængige « siger . Christian van Maarschalkerweerd mener derfor , resultaterne tolkes varsomhed , brug højere grad udvide følsomhedsberegningerne . redegørelsen Energinet fremgår , antallet minutter , danskere gennemsnit oplevede , tænde lyset 2020 lå 20 minutter året . svarer forsyningssikkerhed 99,996 procent . færre kraftværker , kan producerer el uafhængig vind vejr , politisk accepteret , forsyningssikkerheden 2031 lander 99,993 procent svarer 35 afbrudsminutter årligt . endnu flere minutter , ifølge Energinet sikres udvikling fleksibelt elforbrug investeringer eksisterende elnet udlandsforbindelser . Usikkert datasæt Dansk Energi peger , proces gang Danmark , altså omlægningen større elforbrug , eksempel elbiler , elsystem baseret sol- vindkraft , sker vores nabolande : » Tag bare Tyskland , forventer fremrykke udfasningen kulkraft 2038 2030 , hvilket betyder , 17 GW regulerbar kraftværkskapacitet forsvinder . ser udvikling salget elbiler , måske overrasket . virker gennemtænkt , lukker grønne danske kraftværker tiltro , 2030 kan få strømmen tyske kulkraftværker , mellemtiden fået fremrykket slutdatoen 2030 , « siger Christian van Maarschalkerweerd , grundlæggende enig , elsystemets fleksibilitet fremtiden højere grad findes fleksibelt forbrug , lagring nye teknologier , realistisk først får stor effekt side 2030 . Stine Grenaa Jensen , leder området systemudvikling Energinet , stået bag årets redegørelse , understreger , effektsituationen næste 10 år faktisk blevet forbedret forhold sidste år understreger , beregninger baseret data , indhentet tæt samarbejde andre europæiske transmissionsnetansvarlige : » korrekt , ser vækst elforbruget , selvfølgelig udfordring , forbruget ufleksibelt , aktører Europa vælger lukke kraftværker , kan bidrage fleksibiliteten . acceptere , vej nyt elsystem , nødvendigvis ramme vores maksimale elforbrug termiske kraftværker , « siger henviser , Energinet gennemført flere følsomhedsanalyser - eksempel , energiøerne kommer betyde effektsituationen hvornår bygget . » fremtiden indgå tættere samarbejder vores nabolande kigge , teknologier , kan hjælpe reducerer spidsbelastningen kan levere energi solen skinner vinden blæser , « siger . Husk decentrale kraftvarmeværker Forskere ved Aalborg Universitet forbindelse beregningerne bag IDA ’ s Klimasvar 2045 , netop set forsyningssikkerheden effektmanglen , selvom muligt opbygge elsystem baseret enorme mængder solceller vindmøller udveksling mellem landene , så situationer , brug traditionelle kraftværker . peger Henrik Lund , professor energiplanlægning Aalborg Universitet , to afgørende faktorer : » første antal biogasfyrede kraftværker stående klar situationer . billige installere virkningsgraden behøver fantastisk , kun køre kort tid , « siger nævner , danske andel lige så godt kan stå dansk jord . andet punkt fremhæver , eksisterende decentrale kraftvarmeværker , produktionen dag knyttet tilhørende fjernvarmenet : » stedet lukke før levetid nået , så mener , overveje bevare netop effekt rådighed kritiske situationer , « siger . Senest 15. februar 2022 klima- , energi- forsyningsminister Dan Jørgens endelig fastsætte niveauet elforsyningssikkerheden 2031 forventer yderligere præsentere analyse “ Klimaaftale energi industri 2020 ” effekt elforsyningssikkerheden starten 2022 .",
,2021-12-21 00:00:00,Nye tekniske løsninger kan gøre en energiø 20 milliarder kroner billigere,Ingeniøren,Link,"Forskere beregnet , ændring tekniske krav vindmøller nettilslutninger kan reducere prisen energiø tilslutning 10 GW vindkraft cirka 10 procent . Energi Opgør etablerede standarder ingen grund købe standardhavvindmøller , få år går gang bygge vindmølleparker forbindelse kommende energiøer . Andre enklere typer kan gøre , selve øerne kan smelte- digel nye energiløsninger . mener energiforskere DTU AAU , beregnet , nye løsninger kan gøre energiø 10 GW tilsluttet vindkraft mindst 20 milliarder kroner billigere , blot bruger kendte løsninger standardkomponenter . nye løsninger kredser udfordre standarder , danske vindmølleproducenter netselskaber arbejdet årtier , forklarer Spyros Chatzivasileiadis , lektor DTU Elektro bidraget beregningerne : » Fordi energiøerne ­sandsynligvis forbundet land HVDC-forbindelse ( High-Voltage Direct Current , red . ) , så kan selve øen praksis vælge , hvilke elektriske standarder arbejde , « siger tilføjer , del mere ekso­tiske tekniske ideer oppe vende – kommer tilbage . brug grid codes begynder selve møllerne , så ligger runde tal besparelse 3-5 procent venter . skyldes , nettilsluttede vindmøller underlagt strenge krav indpasning elnettet – kaldet grid codes . Overordnet betyder , møllen levere elektrisk energi , må belastning nettet angår spænding , frekvens andre unoder . praksis sige , møllen hjælpe nettet eksempel stabilisere spændingen ved optage levere reak­tiv effekt . muligt konverterteknologi , nye møller dag installeret , bruges konvertere ‘ ujævne ’ energi møllens generator ren 50 Hz vekselstrøm : » Energiøerne udgør altså eget net , kan nøjes mindre komponenter , kompensere reaktiv ­effekt , « siger Spyros Chatzivasileia­dis tilføjer , HVDC-forbindelse land kan kompensere reaktiv effekt . kan ­betydning transporten energi enkelte møller selve ­energiøen . dag forbindes større antal havmøller transformerstation , så fører energien land . Møllerne parkerne forventes 10-15 MW hver , derfor hensigtsmæssigt samle grupper fem møller egen transformer , koblet transformer , fører energien hele vejen energiøen : » alligevel ­ændre , hvordan vindmøllerne forbun- enerigøen , så samtidig øge interne spænding vindmølleparken sende energien direkte store transformer . måde spare mindre transformere , « siger Spyros Chatzivasileiadis . Alene løsning spare omkring 12 mia . kr . regningen udstyr 10 GW havmøller . mere ­avancerede elektrotekniske muligheder ; udviklerne helt dropper ideen vekselstrømsnet stedet går direkte jævnstrøm ? så fald hver mølle nøjes mere enkel konverter jævnstrømskabel koblingsstation . Herfra jævn­strøm sendes energiøen . Forskerne regnet besparelserne , Spyros Chatzivasileiadis overbevist , teknisk økonomisk muligt . Brint møllen energien kommet land energiøen , opstår endnu mulig­hed , potentielt spare penge . handler produktion brint muligvis ammoniak . nemlig langt billigere lægge rør transport brint havbunden placere elkabel – faktisk kan brinten føres land halve pris : » Vores beregninger viser , 12 procent billigere producere brint energiøen , gøres fastlandet , « siger Spyros Chatzivasileiadis , peger nærliggende tanke , brinten kan produceres direkte møllen sendes energiøen rør parallelt elkablet . type møller stadig eksperimentalstadiet , vindmølle Siemens-Gamesa Flø lidt uden Brande , år blevet installeret 0,4 MW brintproducerende system vindmølle , hvilket altså viser , ideen allerede realitet . yderligere fordel ved brintproduktion direkte møllen , energiproduktionen kan styres mere effektivt én enhed frem to uafhængige . gøre billigere produktion drift , møllen elektrolyseproduktion kan dele udvalgte komponenter infrastruktur . Samlet vurderer forskerne , energiø 10 GW ­tilsluttet vindmøllekapacitet 7,5 mia . ke . spare selve vindmøllerne , 12 mia . kr . transformere oven mulighed mere avancerede løsninger . Spyros Chatzivasileiadis under­streger , forskernes ideer drømme kan møde konkurrencemæssige udfordringer mølleproducenterne : » Markedet vindmøller , tilpasset vores nye ideer , ­eksisterer dag derfor vindmølleproducenter komme tilbud . derfor risiko , kun få udbydere , konkurrencen dermed stærkt begrænset , « siger . Energiøerne stadig planlægningsfasen , forskerne danske universiteter understreger , , stregerne slås nye teknologiske løsninger , nå klar ­besparelserne realitet .",
,2021-12-21 00:00:00,Overset bombe under regeringens grønne håb: Power-to-x kan fordoble erhvervslivets vandforbrug,Ingeniøren,Link,"Efterspørgslen vand erhvervsbrug kan fordoblet ved udrulning Danmarks store PtX-ambitioner . Fagfolk advarer bruge drikkevand . ligger vandbombe regeringens storstilede planer udrulning power-to-x-teknologien , omdanner grøn el brændstoffer . påpeger flere fagfolk vandsektoren , bl.a . direktøren Lemvig Vand Klimatorium , Lars Holmegaard . » foreløbige forespørgsler lokale PtX-producenter Lemvig Vand vurderer , efterspørgslen vand erhvervsbrug stige mere 100 procent , « siger Lars Holmegaard . Erhvervslivet brugte 2020 samlet set 728 millioner m3 vand , ifølge Danmarks Statistik - år forbruget endog lidt mindre sædvanligt pga . corona-hjemmearbejde . Erhvervslivet står så store mængder så stor andel vandforbruget , fordobling områder PtX-anlæg kan problem forsyningen . » Set lyset ambitionsskala , PtX-området , , tages hånd , « fastslår Lars Holmegaard . Slå to fluer ét smæk højtstående grundvand Regeringen lancerede sidste uge længe ventede PtX-strategi , ambitionen opbygge national elektrolysekapacitet mellem 4 6 GW inden 2030 . Lars Holmegaard peger , kan oplagt løsning , nemlig ’ gøre problemvand ressourcevand ’ , f.eks . ved anvende højtstående grundvand . » oplagt undgå hente drikkevand dybe magasiner PtX-brug stedet anvende højtstående grundvand , større større udfordring , « påpeger Lars Holmegaard . Klimatorium Water Valley Denmark , indstillet erhvervsfyrtårn Midtjylland indenfor vandteknologi , netop afleveret fælles ansøgning Erhvervsstyrelsen , bl.a . projektforslag udnytte problemvand frem drikkevand PtX-produktion . Lars Holmegaard mener , teknologi viden , gør problemvand ressourcevand kan væsentligt bidrag regeringens vision fordobling eksporten vandteknologi . Vandet renses PtX-kvalitet brancheorganisationen Danva understreger direktør Carl-Emil Larsen , Danva står flere spørgsmål svar ift . vandaspektet ved PtX – Lemvig Vand eneste medlem , meldt , forespørgsler levering omkring dobbelt så vand dag . » tyder , taler eksorbitante mængder , hvert fald område anlæggene ligge . ved endnu , f.eks . grundvand spildevand kan renses kvalitet , kræves ved PtX , « påpeger Carl-Emil Larsen . rent vand , bruges ved elektrolyse – formentlig renere drikkevand . præcis rent hvordan spiller sammen vandsektorens øvrige renseteknologier , vides heller endnu . Endnu større problem energiøer Danva påpeger , første bør tænke lægge PtX-anlæggene , kan vand overskud – , smart klima- , miljø- trafikmæssigt transportere vand store afstande . endnu mere bøvlet problematisk , holder fast planerne lidt længere sigt placere PtX-anlæg energiøer Nordsøen . saltvand renses krævede vandkvalitet , nemlig dyrt kræve store mængder energi - kan underminere gevinsten . » jo… spændende… sige lidt besynderligt , tilsyneladende træffer stor politisk beslutning uden rigtig undersøgt essentielle vand-del , « påpeger Carl-Emil Larsen . Vandudfordring underbelyst Seniorforsker Sanderson Institut Miljøvidenskab Aarhus Universitet enig , udfordring ved PtX hidtil underbelyst . » ingen tvivl , PtX kræve store vandmængder , « fremhæver : » hvordan vandet tilvejebringes siden håndteres , bestemt relevante tekniske spørgsmål . umiddelbart nogen teknisk videnskabelige analyse/løsning vand udfordringen – kan blot konstatere tænkes perspektiver overvejer omkring PtX – sammen andre udfordringer opskalering PtX . Derfor behov mere forskning stor-skala PtX Danmark , så kan udvikle teknikkerne. « artiklens offentliggørelse tilføjet præciserende sætning 3. afsnit indikere , forsyningsproblemerne primært kan komme områder , PtX-anlæggene placeret .",
,2021-12-23 00:00:00,Ekspert om Nordre Flint-pause: Bliver svært at skaffe og få økonomi i dværg-havvindmøller,Ingeniøren,Link,"Hofor gået tænkeboks , vist , planlagt 220 meter høj havvindemøllepark Øresund risikabel flysikkerheden . svært forsyningsselskabet Hofor få økonomi havvindemølleparken Nordre Flint , lykkes skaffe så lave møller , projektet får brug . siger Peter Hjuler Jensen , viceinstitutdirektør ved DTU Vindenergi , Ingeniøren , TV2 Lorry går fortælle , projektet , udmundet 16-40 havvindmøller installeret effekt 160 MW , sat pause . Parken leveret VE-energi svarende mere 160.000 husstandes forbrug tide , København kan nå målsætning verdens første CO2-neutrale hovedstad 2025 . beliggenheden øst Saltholm tæt Københavns Lufthavn givet problemer start , betyder projektet enten må aflyses forsinket . Årsagen flysikkerhed . fly mister motorkraft lige start Øresund , vende sikkert tilbage trods lav højde . ifølge sikkerhedsvurdering havvindmølleparken Naviair , TV2 Lorry fået aktindsigt , indskrænke flyenes horisontale manøvrerum 40 procent forhold dag 220 meter høje vindmøller , planen Nordre Flint . » nødt sige , reducere flyvesikkerheden , rimeligt , « siger Københavns Lufthavns tekniske direktør , Christian Poulsen , TV 2 Lorry . Specialbyggede vindmøller dårlig økonomi Energistyrelsen , give endelige tilladelse opførelsen Nordre Flint . henholder ifølge mediet , Trafikstyrelsen fraråder møllehøjde mere 155 meter . gøre svært gennemføre projektet - både fordi dværg-havvindmøller just hyldevare , fordi svære få økonomi , siger DTU 's Peter Hjuler Jensen . » tror , svært finde nogen havvindmøller , konkurrencedygtige størrelse , « siger . peger , havvindmøller blevet større større årene , fordi omkostningerne ved opsætningen stiger proportionalt møllestørrelsen . » Fordobler møllestørrelsen , koster fundamentet måske kun 10-20 procent mere . Møllerne altså mere priseffektive , større . lægger udkanten område , havvindmøllerne befinder dag , derfor andet lige dyrere , « siger viceinstitutdirektøren ved DTU Vindenergi . sætte flere nå effekten 160 MW ? » sætte flere , lave særlige vindmøller site . findes sandsynligvis kommerciel udgave , umiddelbart kan bruges , « siger Peter Hjuler Jensen . projekter ramt problemer Ifølge Hofor kan projektet flyttes , fordi placeringen tæt forbrugerne vigtig . møllerne mindre , kan muligvis opstilles flere samme plads , så effekten samme , lyder skriftligt svar Ingeniøren Jesper Pedersen , chef vind energihandel . » økonomiske aspekt svært spå nuværende tidspunkt , stadig dialog projektets endelige udformning . desto mindre vindmøllerne , desto ringere økonomi andet lige . Vores mål , sammen diverse aktører finder vej frem , både tages hensyn lufttrafikken , Danmarks grønne omstilling forsyningen grøn strøm Øresundsregionen , « skriver . Hofor bestemt eneste aktør , problemer etablere havvindmølleparker . flæng kan nævnes Hesselø Havvindmøllepark , bunden viser blød , Omø Syd , trues kommende Natura 2000 område , Lillebælt Syd , mødt stor lokal modstand Energiø Bornholm , risikerer indskrænket betragteligt kommende fuglebeskyttelsesområde . november måtte Mejls Flak Århus droppes årsager , minder problemer , Hofor står Nordre Flint . Bygherren European Energy nemlig finde rentable møller , overholde tilladelsens krav totalhøjde maksimalt 150 meter afstand havoverfladen 20 meter . Nordre Flindt Hofor projektet Aflandshage støbeskeen - lignende problemer . Havvindmølleparken ligge cirka 10 km Amagers sydspids forventes effekt 250 MW .",
,2021-12-26 00:00:00,Nu sættes der strøm til samfundet: Elnettet skal lære nye tricks,Ingeniøren,Link,"Elektrificeringen fået momentum , ­dermed omfattende forvandlingsproces elnettet gået gang . findes ord tysk , kan få hårene rejse , arbejder grøn elforsyning : Dunkelflaute . Termen kan lidt groft oversættes ‘ mørk stilstand ’ beskriver således værst tænkelige vejrsituation elsystem , udelukkende baserer produktion vindmøller solceller – eksempelvis iskold vindstille decembernat . sådant scenarie særligt skræmmende , fordi samfundet – takt flere vindmøller solceller skubber kraftværkerne drift – netop lægger mere mere energiforbrug el . Dét dag bare kalder elektrificering . Elektrificeringen synes 2021 haft gennembrudsår . Aldrig nogensinde før installatører erstattet gasfyr varmepumper omfang . Salget elbiler stigende , udrulningen offent­lige ladestandere går så hurtigt , elnettet svært ved følge . Al elektrificering vej skabe store omvæltninger ‘ verdens største maskine ’ , ynder kalde moderne elsystem . nettet klart opgaven ? Hvordan elsystem se , smart­phones containerskibe energi vindmøller solceller ? kan forvente varme stuerne , juleaften 2050 ramt regulær Dunkelflaute ? hele begyndte svært fastslå større præcision , hvornår elektrificering samfundet slog rod grønne omstillings omdrejningspunkt . ingeniørkredse ideen ingen måde ny . 2009 udgav Energinet – statsejede virksomhed ansvar danske elsystem – første rapporter , alvor regnet fremtid rigtig elbiler varmepumper . Anders Bavnhøj Hansen , chefingeniør ved Energinet Systemansvar , udarbejde . suppleres kollegaen Carsten Vittrup , energi­strategisk rådgiver Energinet Systemansvar , påpeger , udbygningen vedvarende energi ( VE ) så tæt forbundet elektrificeringen , praksis blevet to sider samme sag . » kan sige , energieffektiviteten eksempelvis varmepumper længe så fordelagtig , rationale elektrificere , selvom strømmen stadig produceret kul . , vind sol , troner billigst , teknologien blevet mere moden , så simpelthen ofte blevet no-brainer , « siger . Begge peger slut-nullerne afgørende periode , tankerne fossilfrie – dermed elektrificerede – samfund fik tag allerøverste politiske niveau herhjemme . Dengang flere sider regnet , hvordan omstilling se , såkaldte Klima­kommission nedsat komme anbefalinger . 2010 udgav rapport , hovedkonklusionerne lød , el omdrejningspunktet energisystemet 2050 . Siden udstrakt grad elektrificering , primært drevet vind sol , stået centralt overordnede billede fremtiden , Energinet arbejdet frem imod . Power-to-x Siden Klimakommissionens rapport gået stærkt udfase fossile brændsler , ser isoleret elsektoren . dag blot tre kulfyrede kraftværker tilbage – endegyldig slutdato , seneste sat ultimo 2028 . Derefter eneste fossile rest danske elsystem gasdrevne spidslastværker . vender lige tilbage . samme periode vind sol alvor holdt indtog . 2010 dækkede grønne strømkilder omkring 20 procent Danmarks elforbrug , mens tallet sidste år vokset 50 procent frem 2030 ventes nå 90 procent . vel mærke baseret politiske beslutninger elektrificering , hidtil truffet . høje VE-andele elsystemet andet lige falde , takt flere fabrikker fjernvarmeværker piller kedlerne stedet sætter strøm produktionen . Derudover såkaldte indirekte elektrificering meldt ankomst . del elektrificeringen omtales typisk power-to-x ( PtX ) , dækker kunsten konvertere grønne strøm brændstoffer via elektrolyse derved skubbe ­olien endegyldigt energisystemet . seneste par år PtX gået visioner små demoanlæg planer bygge konkrete , store anlæg . Frem 2030 aktører Danmark annonceret elektrolyseanlæg samlet kapacitet forbruge 30 TWh strøm , svarende mere 85 procent landets nuværende elforbrug 35 TWh . andre ord voldsomt elforbrug , systemansvarlige planlægger . Ifølge Klimakommissionen el dække 40-70 procent Danmarks totale energiforbrug 2050 opnå fossilfrihed . Energi­styrelsens seneste energistatistik 2020 blot 19,3 procent energiforbrug Danmark elbaseret . Anders Bavnhøj Hansen pointerer , systemet god tid forberede . » 2050 langt ude fremtiden , vigtigt , gør klart , lang transi­tionsperiode så stor omvæltning . Så nå målet 2050 , nødt ret langt ting PtX allerede 2030 2035 , « siger Anders Bavnhøj Hansen . transitionsperiode , Carsten Vittrup år arbejder forberede elsystemet . billedet samme hele Europa , EU ’ s nyligt opjusterede klimamål sat elektrificeringen hele kontinentets dagsorden . forbindelse står Europas eltransmissionsoperatører overordnet to forbundne udfordringer , grønne omstilling bringer : Styringen elsystemet ændrer fundamentalt , samtidig behovet transport grøn strøm store afstande eksplodere . Jævnstrømsnettet kommer større elnet verden kører vekselstrøm således frekvens , vedligeholdes nidkært undgå , systemet kollapser . Europa – verdens største sammenhængende synkronområde el – frekvens 50 Hz . Stabiliteten frekvensen siden elsystemets undfangelse sikret tunge , hurtigtroterende synkrongeneratorer , ligger maven store kraftværker reagerer øjeblikkeligt små varia­tioner frekvensen . Afkobles enkelt kraftværk eksempelvis grund havari , mangler elsystemet energi driftsøje­blikket . energi frigives automatisk , ved tunge rotorer generatorerne andre kraftværker bremses . kinetiske energi frigives stedet nettet afbøder effekttabet , hvilket betyder , frekvensen holder tættere 50 Hz . Fordi hele Europa ét stort synkron­område deler landenes elsystemer samme inerti­reserve kraftværkerne . ændre . vindmøller solceller leverer ingen inerti systemet , hvilket åbner hurtigere dybere frekvensfald , systemoperatørerne hidtil skullet forholde . » inertien roterende masse kraftværkernes store synkrone generatorer holde hånden frekvensen nettet , kigge , hvordan stedet tilvejebringe stabilitet syste­met , « siger Anders Bavnhøj Hansen . Fremover særligt havvindparker agere Danmarks så vidt hele Europas bærende kraftværker . Størstedelen parker al sandsynlighed komme forbundet Europas elsystem via energiø , ligesom kunstige ø , planer opføre danske del Nordsøen . Kablerne øerne typen HVDC – højspændingskabler jævnstrøm . Vindmøllestrømmen altså flyde land jævnstrøm , hvorfor konverteres vekselstrøm ved ankomst kontinentet såkaldte konverterstationer . Stationerne fordel , kan styre effekten digitalt dermed overtage kraftværkernes opgave balancere frekvensen vekselstrømsnettet . sker ved hjælp lynhurtige algoritmer , dag tæt bevogtede forretningshemmeligheder . Så længe forbindelsen kun løbe mellem to endepunkter , styringen konverterstationerne mindre kompliceret . Sådanne kabler forbinder allerede Danmark landene omkring stort omfang . kommende energiøer jævnstrømmen udveksles mellem flere konverterstationer ­flere forskellige udbydere – regulært ‘ jævnstrømsnet ’ . forudsætter , algoritmerne kan tale sammen , problematik , først gang finde , hvordan adressere . » Energiøerne første store prøver øvelsen multiterminale HVDC-forbindelser . stor sandsynlighed blandt første rent konverterbaserede ‘ synkronområder ’ verden , spille gnidningsløst sammen eksisterende vekselstrømsystemer , « siger Anders Bavnhøj Hansen . Energinet luksus bygge demonstrationsudgave energiøernes elnet , må simulere frem . ekstremt krævende opgave , helt forudsætningerne plads løse endnu , forklarer Anders Bavnhøj Hansen . » enormt tungt simulere system . kan køre intensive beregninger dynamiske egenskaber hel nat , så stadig kun simuleret få sekunder . Derudover modeller , , helt sikkert videreudvikles , før sikkerhed kan sige , hvordan systemet opføre , « siger . Energiøen Nordsøen fulde udbygning fordele integrere 10 GW jævnstrøm europæiske vekselstrømssystem – ubetydelig mængde . » fuldstændig sikkert slutte flere forskellige leverandører HVDC-konverterstationer hinanden – ellers etablere . konsekvensen ved , taler samme sprog , yderste konsekvens , strømmen går hele Europa , « siger Carsten Vittrup . løsningsforslag udvikle branchestandard styringsmekanismen konverterstationer – proces tager år , energiøernes premiere årene omkring 2030 rykker hastigt nærmere . Højspændingskabler upopulære Inde land handler udfordringen opti­mere udnyttelsen net , allerede bygget . modsætning gamle kraftværkspladser , anlagt udkanten store byer , tæt elforbrugere , vindmøller solceller typisk stå langt forbrugerne . Dermed strømmen transporteres længere , hvilket nævnte HVDC-kabler rigtigt gode . modsætning højspændingsledninger vekselstrøm kan tilmed let graves . betyder nødvendigvis , Europa HVDC-kabler kryds tværs . » Tyskerne mere ti år få etableret HVDC-forbindelse , løber nord syd . Selvom forbindelse superkritisk løse stor flaske­halsproblematik Centraleuropa , projekt udskudt igen igen grund modstand type infrastruktur , « siger Carsten Vittrup . » Så understreger vigtigheden øge udnyttelsen , engang etableret. « Derfor Energinet fokuseret stor omlægning priserne transport el . Filosofien bag kommende eltariffer , bedre afspejle omkostningerne VE-baseret elsystem . højere grad takseres , kapacitet ønsker fuld rådighed , præmieres , kan fleksibel ligefrem afbrydelig bruger nettet . Fleksibilitet kommer nemlig stor værdi systemoperatørerne , fragte mere energi kablerne længere afstande tidligere . » takt gør mere elforbrug fleksibelt , muligt gå mere grænsen kablerne . Lidt forenklet sagt fylde ledningerne mere tidligere , falde sted , så ved , store forbrugsklumper , kan smides , uden giver problemer forbrugerne , « siger Anders Bavnhøj Hansen . » nye tariffer medvirke øget belægningsgrad elnettet , så optimerer udnyttelsen elnet , allerede , dermed gør elektrificeringen så billig muligt , « supplerer Carsten Vittrup . Små kraftværker bekæmper Dunkelflaute uanset fleksible elforbrugerne måtte , fremtidens elsystem stadig grundlæggende udfordring kompensere vejrafhængig elproduktion , vinden blæser , solen skinner . » Tidligere analyser vist , kan komme rigtig langt forbinde store geografiske områder hinanden via HVDC-forbindelser . uanset stort område , forbinder – så hele Europa , forbundet kryds tværs – så altid få timer , elproduktionen tæt nul , « siger Anders Bavnhøj Hansen . kommer andre ord uden backup , flere dage lang Dunkelflaute sænker Europa , hvilket , optaget Forskningsgruppen Energiplanlægning ved Aalborg Universitet . Tidligere året udgav forskerne samarbejde Ingeniørforeningen , IDA , bud , hvordan Danmarks energisystem kan indrettes , så CO2-neutralt samfund allerede 2045 . Én rapportens væsent­ligste pointer , snart bør adressere backup-problematikken . » Indtil videre kan godt fortsætte vores nuværende strategi – nemlig trække kabler andre lande – så regne , står kraftværker ende . strategi dum lange bane , England , Tyskland , Sverige Norge nedlægger kraftværker , « siger Henrik Lund , professor energiplanlægning ved Aalborg Universitet én hovedkræfterne bag IDAs Klimasvar 2045 . » oppe så store mængder VE systemet , 2045 , så opstå perioder , nok strøm vind sol – problem kun opstå Danmark , hele Europa . selvfølgelig løses fællesskab , ved hver især giver vores bidrag kapacitet , kan træde kritiske dage timer , « siger . Derfor foreslår forskerne bruge 16 milliarder kroner opføre ny decentral , gasfyret kraftværkskapacitet 1.400 MW Danmark . Samtidig små værker , allerede stående , bevares , lyder . år værkerne hårdt økonomisk presset lave elpriser , netop vind sol forårsager . kan virke kontraintuitivt , udbygge kapa­citeten gasfyrede kraftværker få elektrificeringen grønne omstilling gå . 2045 regner forskerne Aalborg , CO2-neutral biogas udgør 100 procent ledningsgassen Danmark . Dermed værker – sidste rest elsystemets fossile æra – altså grønne slutsten system , gøre elektrificeringen mulig . » små værker få stor værdi elsystemet fremtiden . Vores pointe , andet tidspunkt nødt tage stilling , så form kapacitet fremtiden , solen skinner , vinden blæser , « siger Henrik Lund .",
,2021-12-29 00:00:00,Atlas viser hvordan lysforurening fra energiprojekter kan skade havmiljøet,Ingeniøren,Link,"kortlægning lysforurening verdens viser Nordsøen udsat grund energiprojekter - både vedvarende fossile . nyt atlas lysforurening verdens viser udbredelsen menneskers kunstige belysning - rækker langt vandet vores farvande rammer sårbart dyreliv , kan påvirkes negativt lys natten . Engelske forskere kortlagt kystnære områder , mest udsat kunstigt lys natten , ALAN ( Artificial Night Light ) store byer industriområder . derefter beregnet mængden lysforureningen forskellige vanddybder ved kombinere satellitbilleder , feltstudier computermodellering , langt lyset trænger . verdenskort undervands-lysforurening viser , 1,9 mio . kvadratkilometer kystnært hav udsat 'biologisk betydningsfuld ' ALAN 1 meters dybde - sige udsat kunstig lysmængde , kan påvirke dyrelivet . 1,6 mio . m2 lysforurening dybde 10 meter . 840.000 m2 lysforurenet helt 20 meters dybde . Kunstigt lys natten forstyrrer naturen Tidligere studier vist skadelige effekter lysforening f.eks . tanglopper , dagen graver tørre sand , hver nat bevæger vandkanten spise alger . natlige migration forstyrres kunstig belysning ( Current Biology , juni 2020 ) . studie sidste år viste , lysforurening kan række vandet påvirke dyrelivet havbunden ( Biologically important artificial light night on the seafloor ) . Især lave dybder havmiljøet tilpasset stor variation lysmængden følger årstiderne vejrets skiften ofte muligheden høje lave niveauer sedimenter , filtrerer mere mindre lys . vis tærskel kunstigt lys natten påvirke balancen biodiversiteten ved ændre dyrenes adfærd . Atlasset kortlægger konkrete effekter lokale dyreliv , kvantificerer lysmængde , trænger vandet . Formålet kortet skabe fælles ramme vurdering miljøeffekten lysforureningen , stigende grad tilskrives skadevirkning biodiversiteten . » Udbredelsen lysforurening lands kendt årevis , antager måske , kunstige lys trænger havene , gør tilstrækkelig mængde biologisk effekt . Vores atlas første , kvantificerer mængden ALAN verdenshavene . Alvoren problemet visse regioner , herunder Middelhavet , Persiske Golf Sydkinesiske Hav , ganske alarmerende , « siger studiets hovedforfatter , Thomas Davies , lektor Havmiljø ved University of Plymouth , pressemeddelelse universitetet . Energiprojekter havs giver stor lysforurening nye kort lysforureningen langt Nordsøen lysende gule lysegrønne plamager , angiver lysforening stor dybde . omkring gas- oliefelterne , arbejdes døgndrift farligt maskineri , kræver kraftigt lys hensyn ansattes sikkerhed . Artiklen nævner energiprojekterne blandt andet Nordsøen , Persiske Golf , særskilt problemstilling lysforeningen land , fordi kunstige lys ofte rammer direkte vandet . Ved lysforurening storbyer industri lands lyskilderne oftest rettet indad land havet . Boreplatformene ligger desuden ude havet , vandet ofte mere klart derfor lader lyset trænge længere nærmere ved kysterne . gøre havenergiprojekter kilde lysforurening , forskerne bag lysatlasset opfordrer holde øje . gælder vel mærke kun kun fossile energi , store VE-projekter vands , arbejdet heller kan udføres mørke udsættes lyse timer . Søfartsstyrelsen Miljørapport marts 2021 Danmarks Havplan indgår risikoen lysforurening del miljøvurderingen , behandles primært spørgsmål påvirkning havfugle andet dyreliv havoverfladen . Risikoen miljøpåvirkning ved lysforurening nede vandet stadig underbelyst område . underlagt international lov kortlagte 1,9 mio . kvadratkilometer lysforurenet hav udgør 3,1 procent 'Eksklusive Økonomiske Zoner ' , kan etableres FN 's Havretskommision 1982 . Havretten giver kyststat eneret udnytte naturressourcerne havet , havbunden undergrunden zonen , kan strække 200 sømil havet række territorialfarvandet . Andre stater ret sejle flyve igennem zonerne lov lægge undersøiske kabler rør , kyststaten ret håndhæve egen respektive miljølovgivning indenfor zonen , så lysforurening havs reguleres , ske ved frivillighed enkelte lande .",
,2022-01-31 00:00:00,Nødråb fra branchefolk: Ingeniørmangel truer den grønne omstilling,Ingeniøren,Link,"Danske virksomheder nærheden inge­niører , reducere Danmarks udledning drivhusgasser 70 pct . inden 2030 , mener flere organisationer . Manglen ingeniører Danmark så udtalt , truer grønne omstilling . tolker række organisationer nye tal situationen arbejdsmarkedet . ny konjunkturundersøgelse Foreningen Rådgivende Ingeniører ( FRI ) viser således , 98 pct . medlemsvirksomhederne dag mangler kvalificeret arbejdskraft mens foreningens 10 største medlemmer tilsammen efterspørger 700-800 ingeniører . Samtidig tyder ny mismatch-­analyse udarbejdet Danske Gymnasier Ingeniørforeningen , IDA , problemet værre , så Danmark 2030 kommer mangle 13.000 uddannede kandidater inden ingeniørfaglige områder samt teknik it . Hertil kommer mangel 7.000 personer mellemlang teknik- it-uddannelse . » Tallene viser , ingeniørmanglen samfundsudfordring . bare enkelt par virksomheder , problemer , « siger FRI ’ s direktør , Henrik Garver , fortsætter : » initiativer Finansloven , sikre bæredygtighed grøn omstilling , gør klart , behovet ingeniørkompetencer fortsat stige . generelle mangel ingeniører truer Danmarks førerposition inden bæredygtighed grøn omstilling , så udviklingen kommer gå langsomt forhold regeringens visioner mål , « siger . Henrik Garver henviser politiske målsætninger reducere udledningen drivhusgasser 70 pct . inden 2030 samt Finanslovens initiativer inden bæredygtighed grøn omstilling , bl.a . omfatter drikkevands­indsats 120 mio . kr . CO2-fangst godt 2,5 mia . kr . 2 GW mere havvind . ingeniørfag hårdt ramt største udfordring grønne omstilling omstille energisystemet , så først fremmest baseret el . kræve ekstraordinært ingeniører . » grønne omstilling kræver , nytænker måde , hvorpå vores energisystem fungerer . kræver flere ingeniører energiplanlæggere . stor forskel koncentrere vedligeholde ­kraftværker net så opbygge helt nyt energisystem gøre alting fundamentalt måde . , giver ­massive mangel ingeniører lige , « siger Henrik Garver . klimasvar , IDA Aalborg Universitet sammen udarbej­dede 2020 , fremgår , grønne omstilling alene vindområdet medføre merbeskæftigelse 54.400 årsværk frem 2030 – heraf godt par tusinde inden lange naturvidenskabelige tekniske videregående uddannelser , bl.a . favner ingeniøruddannelserne . » særlig udfordring el , får via vindkraft , kun , vinden blæser . kræver mere fleksibelt system , kan koble forskellige elementer , kan føre overskudsstrøm power-to-x udvikling energi­øer opvarmning vand fjernvarmesystemet , « siger Henrik Garver . Afhængighed udlandet Jan Hylleberg , administrerende direktør ­brancheorganisationen Wind Denmark , oplever klar mangel ingeniører hele sektoren – især offshore-området : » Vores sektor kendetegnet ved , trækker hele porteføljen kompetencer . Derfor stærkt bekymrende , områder så hårdt ramt mangel ingeniører . kan betyde , kan ­rekruttere hurtigt nok , endnu mere afhængige udenlandsk arbejdskraft , « siger Jan Hylleberg henvisning , 15-20 pct . sektorens medarbejdere dag udenlandsk baggrund . » afhængige , sigt uddannes nok ingeniører . Så enhver ændring , forringer uddannelserne reducerer antallet uddannelsespladser , uacceptabel . bekymring , politiske beslutningstagere tilstrækkeligt opmærksomme omstillingstempoet , kan gøre udfordringen større , burde , « siger . eksempel , hurtigt omstillingen foregår , nævner Jan Hylleberg brintsektoren , få år siden beskedne forventninger , power-to-x brintproduktion levere inden 2030 . » dag forventningerne tårnhøje følge betydeligt fald omkostningerne grøn strøm brint samt krav CO2-reduktioner . teknologi- ­markedsmæssige udviklinger gør , grønne omstilling visse sektorer kommer forløbe hurtigere forventet . skubber efterspørgslen bl.a . ingeniører , « siger Jan Hylleberg . Lønnen stiger betragteligt konsekvens manglen ingeniører , organisationer virksomheder stjæler medarbejdere hinanden , fortæller Henrik Lindved Bang , direktør Bygherreforeningen . peger medlemsundersøgelser , viser , aktuelt ekstra stort fokus aktiviteter , kræver ingeniører ekspertise inden bæredygtighed digitalisering . IDAs lønstatistik viser , lønningerne IDAs privatansatte medlemmer gennemsnit steg 4,3 pct . 2021 – højeste lønstigning siden årene finanskrisen . » Lønpresset skyldes , især inden byggeri anlæg fuldt drøn aktiviteterne , ingeniørerne bl.a . går finde løsninger , mindst mulige klimaaftryk . bevirker , virksomhederne forsøger lokke andre virksomheders medarbejdere lovning bedre vilkår højere løn , « siger Henrik Lindved Bang . angår digitaliseringen , Henrik Garver så bekymret . selvom opgaven fylder del grønne omstilling , oplever digitale kompetencer både virksomheder ingeniører stærke . gengæld bekymrer ærgrer , hverken korte lange bane ser politiske initiativer , kan afhjælpe ingeniørmanglen . » Regering folketing gøre mere styrke tekniske naturvidenskabelige videregående uddannelser slå slag øge børn unges inter­esse fag f.eks . ved løfte folkeskolelærernes kompetencer områder , « siger Henrik Garver , foreslår øremærke 125 mio . kr. , afsat forbedre læreruddannelsen . pointerer samtidig , opgradering uddannelses­systemet alene løser problemet : virksomhederne må mere banen gøre større indsats opspore talenter , f.eks . ved rekruttere udlandet samarbejde nationale internationale virksomheder , nødven­dige kompetencer området . » altid huske , trække udenlandsk arbejdskraft både kan godt skidt Danmark . altid ked , virksomheder flytter , fordi kan finde nødvendige arbejdskraft herhjemme . bund grund politisk ansvar sikre , danske virksomheder kan finde nødvendige medarbejdere flytter landet , « siger Henrik Garver . Manglen generel Socialdemokratiets uddannelsesordfører Ida Auken fremhæver , samfundet kun mangler ingeniører . Mangel arbejdskraft generelt problem , siger : » Arbejdsmarkedet skriger sygeplejersker , faglærte , læger , pædagoger , lærere , ingeniører andre . Opgaven sikre mennesker sektorer , størst behov , derfor vigtigere , længe , « siger . » Regeringen indgået aftale oprettelse nye studiepladser rundt landet , så uddannelserne tilgængelige flere . glæder , universiteterne lægger foretage tilsvarende nedskalering antallet studiepladser store byer uddannelser stor ledighed , så flere unge tilskyndes søge uddannelser højere efterspørgsel kandidater , « siger Ida Auken .",
,2022-02-19 00:00:00,Sensorer i vinger skal forebygge dyre skader på vindmøller,Ingeniøren,Link,"DTU-forskere arbejder forudsige skader vindmøllevinger ved hjælp digitale tvillinger sensorer inde vingerne . DTU samarbejde Siemens Industry Software udviklet live demo digital vindmøllevinge­-tvilling . håndkraft vingen sat svingninger , mens realtid kan se dens digitale tvilling efterligne bevægelserne . Foto : Simon Rubin Overvågning Operatører jagter data forudsige dyre skader Data digital overvågning højt dagsordenen operatørerne verdens store havvindmølleparker . alene vokser enkelte møller højden udgør hver større investering tidligere – flytter længere længere havet , hvilket gør dyrere inspicere . verdens største operatør havvindmøller , danske Ørsted , derfor længe arbejdet gøre IoT lavpraktisk redskab forbindelse vedligeholdelse stadigt voksende portefølje dyre anlæg langt ude havet . Klaus Baggesen Hilger , chef Operations Digital & Innovation Ørsted , fortæller , markedet vedligehold få år bevæget udelukkende bestå én løsning – tekniker reb udstyret digitalt kamera – dag mere multifacetteret . kan droner kigge både uden inde vingerne visse tilfælde endda foretage lette reparationer . anerkender , muligheder gøre endnu smartere , derfor retrofitting sensorer målekampagner fast praksis Ørsted eksisterende havvindparker . » vindmølleparker , sat , ekstremt digitale fødslen . takt driver , finder løbende , data , ønske , . flere datapunkter forbedre oppetiden generelt tilrettelægge bedre mere omkostningseffektiv vedligeholdelsesstrategi , « siger Klaus Baggesen Hilger . kun spareøvelse kun spareøvelse Ørsted , forsikrer . handler høj grad klæde havvindparkerne bedre rolle fremtidens bærende kraftværker elsystemet . » Vores parker blevet så kæmpestore efterhånden , enormt vigtigt sikre oppetiden . pålideligt levere strøm elmarkedet , holde frekvensen spændingen nettet , derfor demonstrere , fuld kontrol vores aktiver , « siger Klaus Baggesen Hilger . Analysehuset Wood Mackenzie udgav sommeren 2019 ­rapport , konkluderede , slitage skader offshore-vindmøllevinger årligt løber 5.000 dages nedetid koster operatørerne 450 millioner kroner tabt fortjeneste reparationsomkostninger . Derfor ser dansk-tysk projekt ved navn ReliaBlade lige nærmere , hvordan industrien fremover kan danne bedre overblik tilstanden særligt vingernes beskaffenhed ved hjælp sensorer såkaldte ‘ digitale tvillinger ’ . Hovedformålet virtuel replika , komplet fysiske modeller , beskriver vingens indre så tæt muligt virkeligheden , gør vindmølleoperatørerne stand komme forkant skader møllernes mest udsatte komponent . » Idéen , kan ­monitorere skadesudvikling måde forudsige behovet vedligehold . stedet foretage periodisk inspektion , kan vise forgæves , møllerne fint , så kan operatører bruge digitale tvilling kun tage havet , virkelig brug , « siger Kim Branner , seniorforsker sektionsleder DTU Vindenergi står spidsen danske del ReliaBlade-projektet . Sensorer vingerne Kim Branner forklarer , allerede dag foretages løbende monito- rering vindmøllevingernes beskaffenhed , endnu findes sensorer inde vingerne , hvilket forudsætning få digitale tvillings høje grad indsigt potentielle skader . » bekendt rigtig gået gang få sensorer vingerne vindindustrien . måde lidt bagefter eksempelvis bilindustrien , sætter både sensorer , lidar-skannere kameraer rundt omkring bilerne år , « siger . kan Klaus Baggesen Hilger Ørsted skrive . siger , operatørerne længe forsøgt forklare mølleproducenterne , gerne så indbyggede sensorer vingerne . » andre sensorer vindmølle , leverer data , kan bruge sige vingernes tilstand . måler både vibrationer , rotationshastigheder akustiske signaler dag , kan bruges henseende . lækkert , få sensorer vingerne , « siger . » findes dag kommercielt modnede løsninger , sensorerne integrerede vingerne , derfor bare spørgsmål , industrien ( vindmølleproducenterne , red . ) tager , sent gøre vores led forsyningskæden , « siger . Havvinden netop taget hul årti , Danmark planer opføre energiøer mere fordoble eksisterende kapacitet 2,3 GW . Samtidig kalder EU ’ s klimamål årlig udbygning minimum 30 GW , både land hav , frem 2030 . Vindmølleoperatørerne kan andre ord se frem travlt årti , antallet anlæg , holdes øje serviceres , eksplodere . Derfor mener Kim Branner , haster få installeret rette hardware møllerne . » vindmølleoperatør , så begynde efterspørge flere sensorer vingerne . uanset fysiske modeller kunstige intelligens bag digitale tvillinger klar brugt operativt ej , så kan altid opdatere softwaren , fem-ti år blevet bedre . Så synes , gælder bare få sensorerne vingerne , « siger .",
,2022-03-24 00:00:00,Storbritannien forventer 86 GW vindkraft til havs,Ingeniøren,Link,"Planlægning udbygning havvindmøller tager fart Storbritannien . Danmark projekterne svært ved få tilladelse myndighederne . Mens danske politikere svært ved enige hvornår udbygges havvindmøller , går anderledes stærkt Storbritannien . nyeste opgørelse organisationen RenewableUK , samlede nuværende planlagte udbygning havvindmøller blevet opgjort 86 GW . altså både indregnes eksisterende 10 GW havvind , parker konstruktion så lang række mere mindre tidligere faser planlægning . Nok så interessant , antallet planlagte havvindmøller steget 60 procent sidste 12 måneder . skyldes især udbudsrunde England 8 GW Skotland 25 GW . 517 GW undervejs verden RenewableUK yderligere samlet kendte planer hele verden vurderet , udsigt udbygning hele 517 GW kendte planer . Heraf står Kina 75 GW , USA 48 Sverige 39 GW . samlede tal sat dato , hvornår vindmøller plads koblet nettet , allerede hel del mere Global Wind Energy Council fremvise 2021-rapport . estimeret , 2030 270 GW havvindmøller . 2050 anslår GWEC , kan helt 2.000 GW havvindmøller . sammenligning anslår Verdensbanken , samlet teknisk potentiale 71.000 GW verdensplan . Danmark lige 14 havvindmølleparker samlet kapacitet 1.699 MW . yderligere 14 projekter planlægning tilsammen godt 4 GW . Dertil kommer vindmøller forbindelse kommende energiøer Nordsøen ( maks 10 GW ) Bornholm ( maks 2 GW ) . planlægningen flere tilfælde , især kystnære parker , løbet lokale problemer . Senest beskyttelsesområde fugle området Omø Syd , flere år blokeret opførsel park 50 møller Smålandsfarvandet .",
,2022-03-26 00:00:00,DEBAT: PtX er slet ikke nyt - det startede på en højskole i 1891,"Ingeniøren
Hans Christian Hansen
dr.scient, lærer ved Askov Højskole 1978-95",Link,"PtX hype . opfinderen Poul la Cour allerede sporet , lagde vind brint Askov Højskole forrige århundrede . kan ved brænde varmefyr motorer , så ryger klimafremtid ingen ønsker . Heldigvis fundet mulig løsning . Ren energi sol vind omdannes rent brændstof , går navnet ” power-to-X ” . lyder matematisk ligning ubekendte x , faktisk fundet løsning nemlig X=H Hydrogen brint , hed skoletid . skønne ved brint , dannes let ved spaltning/elektrolyse vand , ved forbrænding ilt igen vand . Så ingen forurening . Ydermere kan brinten formeres række andre brændstoffer , faktisk stort omfang begrænset forurening kan erstatte nuværende brændstoffer motorer , brinten kan direkte omsættes elektricitet igen såkaldte brændselscelle . Så bare komme gang energiøer brintfabrikker . Hvorfor alverden nogen , fundet før ? , skete således : skruer tiden tilbage 1890 ’ erne landsbyen Askov , mest kendt højskole , bl.a . naturvidenskabelig undervisning højt niveau . undervisning varetaget meteorologen opfinderen Poul la Cour ( 1846-1908 ) . Askov 1894 Pressen godt klar , skete Askov midt 1890 ’ erne . Politikens ” Justus ” besøgte forsøgsanlægget Askov 1894 : ” Rygtet lykkedes fremstille nyt Lys , ved Prisbillighed snart vilde fortrænge baade Gas Elektricitet . talte Jernbanekupeen , undervejs Esbjerg steg ved Askov føre vore Læsere Opfinderens Laboratorium . Poul la Cour bebor nette Villaer , tilsammen udgør Askov By . Hjem Frastand let kendelig paa høj Mølle , fritstaaende Ben Parasolvinger minder lidt Møller , brugelige Farmerstaterne Dakota Montana . blæste Møllen gik fuld Kraft . Opfinderen , modtog største Forekommenhed , fyrretyveaarig Mand… forlegen søger Ordene , indtil Samtalen føres paa specielle Omraade . faar Personen Liv Talen næsten Lyrisk Flugt ” . Så får læserne ellers besked tekniske arbejder . Forsøgsmøllen Askov , oprettet 1891 baggrund finanslovsbevilling , omsatte vindens energi elektricitet , så adskille vand ilt brint . Luftarterne opsamlet to beholdere . Tanken luftarter føres højskolen del andre boliger Askov . Anlægget udviklingsfasen , ” Justus ” besøg , overbevisende nok slutte reportage : ” forlod Møllen Marken saa Skygge inde hvide Lysning , kom tænke paa , straalende Lysstrøm opsparet Storm - maaske samme Storm , haft Par Dage siden Strandingen ved Thyborøn Kanal . saa tror endda paa Mirakler ” . Forsøgsmøllen start 1891 Poul la Cour kendt pioner vindkraft . Specielt undersøgelser møllemodeller vingeprofiler vindtunneller , resulterede velbegrundet opskrift ” ideal ” mølle . allerede starten arbejde vindkraft dybt forbundet tanken brint energimedium -lager . ” beder læse hoslagte igennem . ingen Flyveide , Tanke , År syslet . først fået endelig Form , dels ved Ide , ser , fået Brinten , dels fordi fået Appel Hjælp ” . Ideen skitseform lød : ” Opgave : Opsamling Vindkraften , så kan benyttes , Brug , både Lys , Varme Bevægkraft… Midlerne : Ved Vindmotor omsættes Vindkraften gjennem Dynamo­elektrisk Maskine Elektricitet… P. la Cour : anvende elektriske Kraft sønderdele Vandet Ilt Brint , opsamle Brinten Gasmotor . Benytte dens forbrænding Lys , Varme Bevægkraft Behovet - 1 kubikmeter Brint kan yde samme Kraft 5 Heste Time . Andragende : 4.000 kr . gjennem Forsøg føre Sagen videre , så kan forelægges positivt Resultat ” . Broderen J. C. la Cour samme år præsident Landhusholdningsselskabet . kender forretningsgangene omkring finansloven tog initiativ brors vegne . gik straks indenrigsministeriet ovenstående notat fandt sammen departementschefen , senere statsminister , Hugo Hørring ledig plads finanslovsforslaget , bevillingen gik igennem allerede måned senere . Så maj 1891 stod Forsøgsmøllen Askov klar forsøgsvirksomhed . Brintværket Askov Vandsønderdeling princippet nemt nok . processen gerne effektiv . Så la Cour måtte udvikle apparat , bedste anlæg markedet viste godt nok . lykkedes , demonstrere nytten brintkraftværk , forudsatte kunder distributionsnet . la Cour måtte derfor sikre , Askov højskole lærerboligerne turde ideen . efteråret 1893 fik beroliget parter hensyn pris eksplosionsfare . referat forhandlingerne lærerrådet står : ” højskolen petroleumslysene større lokaler erstattes nye lys . To store lamper hver gymna­stiksalen , foredragssalen spisestuen fik tildelt hovedparten , 1000 nor­mallys . læsestuen , » Skriveskolen « , køkkenet , dagligstuen , » Havestuen « for­standerens stue hvert sted oprettes mindre lampe derudover lidt gangoplysning ” , aftalen orden brinten ilten ledes hen højskolen . krævede bl.a . nedgravede blyrør . lærer Askov Højskole 1980 ’ erne oplevede , hvordan gasarbejderne Naturgas Syd stødte blyrør steder . gamle brintsystem 1890 ’ erne , genopdagede . Systemet brug 1890 ’ erne par år 1900-tallet . brinttanken kun 12 kubikmeter , forekom sjældent , værket lagret energi nok vindstille dage . La Cour demonstreret , lille samfund godt få klaret belysningsbehov vindmølle , elektrolyse-apparat brinttank . Knaldgas eksplosionsmotor fremtidens store brintværker energiøer nok kommer først fremmest levere brint , la Cours altså levere ilten , selvom faktisk findes vores atmosfære . tappe såvel ilt brint elektrolyseapparaterne lede luftarterne jorden hen højskolen lokalerne farligt . uden grund , blandingen 2-1 brint ilt kaldes ” knaldgas ” fristet ” sjove ” , forbudte forsøg , skolernes fysiklokaler . La Cour foretog kontrollerede sprængninger afklare , stor risikoen ved knaldgas . Forsøgsmøllens arkiv fundet gammel glarmesterregning , lød ” Istandsættelse ruder eksplosion ” . Fremtidens brintforsyning baseret vindkraft solenergi får næppe sådant parallelt forløb ilt brint , så knaldgaseksplosioner forekomme . brinten ethvert brændstof behandles omtanke . la Cours oprindelige ansøgning finansudvalget fremgik , blot betragtede brinten energilager . Selve målet få ” bevægkraft ” , kalder dag ” power-to-X ” . realisere mål måtte la Cour gang udvikle eksplosionsmotor , gå brint knaldgas . række forsøg 1895 samarbejde Maskinfabrikken Tuxen Hammerich konkluderede , knaldgaseksplosionerne heftige , motoren gå rigtigt . Så opgav omdanne brint tilbage elektricitet . teknologihistorisk apropos spekuleret , hvorfor la Cour så let opgav komme videre elektricitet vindmøllebrint . synes slående , to dage før meddelte Tuxen Hammerich trække forsøget , klippet dateret avisartikel gemt ganske få udklip , langt senere finde la Cour arkivet . Artiklen drejede tyske kemiker Wilhelm Ostwalds tale Bunsengesellschaft . Talen berømt - drog Ostwald konsekvens termodynamikkens hovedsætning , nemlig afbrændingsteknikker aldrig kan energieffektive øvrigt skabe uudholdelig forurening . Derfor teknikken samfundet vælge elektrokemisk fremtid . Artiklen gav eksempel Dr. Wilhelm Borchers udvikling , dag kalde brændselscelle . La Cour skrift vedgået påvirkning elektrokemiske program , handlinger månederne heromkring kan tolkes retning . Kalkkul brændselscellen , la Cour arbejdede videre , Dr. Borchers ideer , nemlig produktion kalkkul , calciumkarbid . Processen beskrevet Ingeniøren februar 1895 : Stærk strøm sendes gennem blanding pulveriseret kalk kul , hvorved stof fremkom , ved tilsætning vand danner energirige acetylengas . højt oppe Ingeniøren : ” kan vel vente fremstille Dyr Planter , mulighed syntetisk Vej fremstille Næringsmidler , ere nødvendige Opholdelsen livet ” . la Cour stå . energilager – power to X - form faste stof CaC2 , anderledes let transporteres omkring frigøre energi blot ved tilsætning vand . prøvede derfor købe teknologien Forsøgsmøllen amerikanske patenthaver T. L. Wilson . forhandlingerne trak langdrag valgte la Cour eksperimentere . kan læse resultatet Forsøgsmøllens protokol : ” dag lykkedes Forsøgsmøllen fremstille Kalkkul ( Calciumcarbid ) « . beskrivelse forsøgsforløbet : » fremkomne Kalkkul største Delen lavaagtigt , mindre dele helt sammensmeltede jævn Masse . Ved pågydning Vand afgiver Luft , lugter Fosfor , brænder improviseret Lampe særdeles kraftig Flamme . sidste bevidnes Ludvig Schrøder H. F. Feilberg , Forsøgsmøllen 24. maj 1895 , kl . 9½ Aften « gennembrud gjorde lettere forhandle rettighederne benytte amerikanske patent , udelukkende brug forbindelse vindkraft . Pioner Power to X ? Poul la Cour klar anerkendt pioner inden vindkraft , pioner ptx ? lykkedes danne karbid vindkraft , så vidt kan se , spredte teknologi andre vindmøller gik kun gang mølleforsøg , fordi fået ideen brint , held holde Askov belyst lille årti brint energilager . held komme videre brinten , forsøgte knaldgasmotoren . Så må regnes blandt pionererne Power to X. dag teknologien klar , politiske rammer klar , kan alvor gå gang realisere la Cours brintvision nationalt internationalt plan .",
,2022-04-07 00:00:00,Med den rette løsning kan den danske olie- og gasproduktion elektrificeres,Ingeniøren,Link,"CO2-emissionen danske produktion olie gas Nordsøen kan reduceres 900.000 ton årligt . prisen per ton CO2 høj projektet usikkert . olie gas hives produktionsplatformene Syd Arne , Tyra , Halfdan Dan danske del Nordsøen udsendes store mængder CO2 . processen bruges gas produceret platformene , lige før Tyra-feltet lukkede 2018 ( renoveret ) , toppede emissionen cirka 1,5 millioner ton årligt . Energistyrelsen samarbejde danske olie- gasbranche udarbejdet analyse , ser , hvordan udslip kan bringes ved elektrificere del processerne energi VE . kigget tre overordnede koncepter : Forsyning el via højspændingsledninger land Forsyning havmøller kombination to foregående Resultatet viser , CO2-emissionen kan reduceres 900.000 ton årligt 2030 , akkumuleret kan ende 14 mio . ton frem forventede produktionsstop 2050 . resultaterne viser , stor forskel enkelte løsninger set forhold CO2-skyggeprisen , samfunds- selskabsøkonomien . » analysen beskriver antal løsningsmodeller tekniske såvel økonomiske termer . Dermed skabt grundlag vurdere , modeller , interessante arbejde videre , « siger chefkonsulent Energistyrelsen , Troels Krogh , stået spidsen arbejdet . Forskellige muligheder forskellige platforme dag el platformene produceret generatorer drevet gasturbiner , cirka 80 procent udstyret produktionsstederne Syd Arne Tyra allerede eldrevet . gælder eksempel gaskompressorer vandinjektionspumper . Halfdan Dan del udstyr direkte mekanisk forbundet gasturbiner , kan give del praktiske udfordringer , elektrificeres . gælder eksempel forhold pladsbegrænsninger vanskelige tilgangsforhold . Platformene forskellige muligheder hurtigt overgå el graden elektrificering taget beregningerne . udgangspunkt tre overordnet modeller blevet set forskellige muligheder forsyne platformene eksempel kommende energiø norsk havmøllepark , bygges norsk farvand tæt danske platforme . andet alternativ , bygge kommerciel havmøllepark tæt platformene så bruge gasturbine timer , vinden blæser nok forsyne udvindingen . Brug snævre feltet muligheder kombinationer give blandet landhandel resultater . Oven vurderer Energistyrelsen usikkerheden data ligger -30 pct./+50 pct . løsningen laveste CO2-skyggepris kun tale elektrificering Syd Arne Tyra , hvilket betyde , akkumulerede CO2-emission kun 7,1 mio . ton . omvendt modellen , hentes el direkte få havvindmøller området så bruges gasturbiner backup , give laveste omkostning , mindre potentiale CO2-reduktioner . » peger konkret løsning lægger informationerne frem , så kan træffes kvalificerede beslutninger videre forløb . Herfra kan forestille , snævrer feltet kigger lidt dybere virkemidler , lovgivning tidsmæssige aspekter , « siger Troels Krogh . Undersøgelsen CO2-reduktioner danske platforme bygger aftalen fremtiden olie- gasindvinding Nordsøen 3. december 2020 . fastlagt , indvindingen stopper udgangen 2050 . Læs hele rapporten .",
,2022-04-20 00:00:00,Her er de største udfordringer for regeringens nye grønne plan,Ingeniøren,Link,"Regeringens nye plan grøn omstilling Danmark får positive skudsmål erhvervsorganisation forsker , risikerer hurtigt løbe store udfordringer , lyder . peger største udfordringer , planen lykkes Tirsdag uge regeringen , Mette Frederiksen spidsen , præsentere ny plan , hvordan Danmark får mere grønt energisystem samtidig får udfaset russiske gas . Hovedpunkterne kan ses boksen siden . planen indlagt række punkter , måske ser løsbare politisk system , måske lader løse helt så nemt konkrete processer , sættes gang nå mål . derfor spurgt to centrale aktører processen , få bud største hurdler , overvindes , lykkedes , både gøre boligopvarmningen uafhængig naturgas mangedoble grønne elproduktionen . Først Kamilla Thingvad , direktør ansvar energiproduktion -udvikling handel nye erhvervsorganisation Green Power Denmark , fusion Dansk Energi , Wind Denmark Dansk Solkraft . første udfordring understreger , planen gennemføres , så holdes særdeles højt tempo udrulningen : » kan se , vindmølleudbygningen land stagneret senere år . kan årsager ; lokal modstand langsommelige sagsbehandling ude kommunerne . Derfor myndighedsbehandlingen gribes markant anderledes an , foreslår , oprettes “ grønne råd ” ude kommunerne , borgerne definere lokalplaner udbygning sol vind helt konkrete projektforslag. « » dag , så kun modstanderne , hørt . Oven klima-forhold prioriteret faktor kommunernes planlægning – altså såkaldt ” national interesse ” . sige , kommunerne forpligtede gøre plads opstillingen vindmøller solceller , udarbejder lokalplaner , « siger . gælder kravet , husholdninger 2022 klar information alternativer olie- gasfyr , så Green Power Denmark positivt indstillet . ifølge Kamilla Thingvad , så oplever del udfordringer planlægningen . Derfor tages fat kommunale planlægning : » rigtig fint , udvide fjernvarmen danske husholdninger . beregningsgrundlaget lokale fjernvarmeprojekter oplever ofte , lægges pessimistiske data alternativer varmepumper . priser selve varmepumper , effektivitet omkostninger udbygning elnet , simpelthen holder vand . Derfor foreslår , Energistyrelsen opretter slags “ rejsehold ” , kan hjælpe kommunerne kvalificere projekterne , så får mere uvildig vurderingen tekniske økonomiske grundlag udbygningen , « siger . Langsommeligt klagesystem forsinker omstilling Langvarige klageproces opdelt klagesystem , forhindringer Kamilla Thingvad peger vigtigste udfordringer : » , klageprocessen delt mellem planklagenævnet miljø-og fødevareklagenævnet . gør processen langsommelig gange så langvarig , udføres ny VVM . Derfor samles nævn . Oven kigget selve plangrundlaget godt igennem , så bedre kan håndtere krav beskyttelse åer vandløb , kystbeskyttelse , fredede arealer specielle regler anlæg nærheden kirker . nuværende regler blevet tid , måske kun udsigt opførsel par vindmøller . står dag helt situation helt andre behov , « siger Kamilla Thingvad . Flere eksperter organisationer peget , udbygningen elnet kan stopklods . Kamilla Thingvad helt enig i. Igen nuværende regler udbygning , høj grad blevet regime , netudbygningen skete bagkant behovet , gøres : » Forstærkningen elnettet risikerer halte bagefter behovet både distributions- transmissionsniveau , reguleringen understøtter markant rettidig udbygning . Vores bekymring , ende , selvom taget politisk stilling ændre . Netudbygningen går simpelthen langsomt , mener , udbygges planer , fremlægges først foreligger konkrete projekter. « Sidst , mindst , Kamilla Thingvad stærkt bekymret adgangen kvalificeret arbejdskraft , helt nødvendig få regeringens plan lykkedes . dag underskud medarbejdere , kan gennemføre projekterne , kan give udfordring nummer fem : » kompetencer nødvendige etablere nye projekter stede dag . brug lige stærkstrømsingeniører , netplanlæggere kontrolrumspersonale elektrikere ufaglærte . får gang uddannelserne omskoling , kan ende alvorlig stopklods , « siger får lige nævnt så konkret indkøb hardware , transformere , varmepumper andet udstyr , lige mangel . Lad samtidig isolere husene Marie Münster professor DTU speciale energisystemer fokus væsentlige forhindringer lange leveringstider materialer udbygning fjernvarmen , elnettet varmepumper : » kigger regeringen ønske firedoble VE-produktionen vindmøller solceller land , heller muligt komme uden , folkelige accept følge . Hvem helt konkret , udsigt vindmølle solcellepark ? Kan eksempel betyde , høringsfasen forkortes ? « spørger kalder spørgsmålet borgeraccept “ elefanten rummet ” . undrer , regeringen iver få konverteret 400.000 gasfyr boligopvarmning , helt glemmer se energibesparelser : » ved , kan konverteres omkring 50-60.000 gasfyr fjernvarme året , så hvorfor bruge ventetiden resterende forbedre boligerne ? sætte hel række andre håndværkere arbejde sådanne energiforbedringer kommer aldrig dårligt igen . sidste ende kan betyde , brug mindre varmepumpe mindre fjernvarmeforbrug , konverteringen gennemført , kan ingen vel utilfredse ? Så måske , regeringen sætte hjælp rådgivning boliger , behovet energirenovering størst , « siger . Marie Münster hæftet ved regeringens ønske langt mere biogas erstatning naturgas . Konkret planen fremrykke biogasproduktionen , så gassen Danmark senest 2030 100 procent grøn : » øge produktionen brug mere biomasse spørgsmålet , hvilken biomasse tale . eksempel majs , bruges dag , måske så god ide . kan vælge trække biogene CO2 biogasproduktionen røggasser , så kan komme stå dilemma CO2 jorden igen opnå negativ emission bruges grønne brændstoffer. « » hele taget mangler diskussion , hvordan bruger biomasseressourcer , rådighed , « siger Marie Münster understreger samtidig , biogasanlæg allerede dag kan øge kapaciteten , betyder , køre flere lastbiler anlæggene bruges mere “ værdifuld ” biomasse , eksempel majs , øge produktionen . Grundlæggende tror Marie Münster , muligt få konverteret 400.000 gasfyr alternativ , enten fjernevarme varmepumper 2028 . mere skeptisk overfor , muligt nå udbygge elnettet takt behovet , udbygges voldsomt vedvarende energi kort sigt .",
,2022-04-27 00:00:00,Borgmester raser over manglende mobilsignal under strømsvigt: 'Det duer ikke i 2022',Ingeniøren,Link,"Bornholms borgmester ønsker forpligte teleselskaberne seks timers backupbatteri masterne . holdbart , mobildækningen svigter længerevarende strømafbrydelse , ramte Bornholm marts . Ingeniøren fortælle hvordan seks timer lange strømsvigt lagde øens telekommunikation , betegner flere politikere situationen klart uholdbar . » duer selvfølgelig moderne samfund . synes , burde kommet videre , « siger borgmester Jacob Trøst ( C ) Bornholms Regionskommune . » Bornholm lidt særlig situation grund søkablet , burde tages hensyn , udsteder frekvenstilladelser. « Heller folketingspolitikeren Peter Juel-Jensen ( V ) , valgt Bornholms Storkreds født øen , mener , holdbar situation . » grundlæggende infrastruktur samfund plads Bornholm . tilfældet , ringe 112 . går selvfølgelig , kan ske mulige ting . tragisk vidne dødsfald , ene alene skyldes , få fat nødvendige hjælp , « siger . Krav nødstrøm nyt kabel Strømmen Bornholm forsvandt , søkablet mellem Sverige Bornholm revet ankeret skib . Flere øens telemaster forsynet backupbatterier , alligevel forbindelsen væk første 30 master kun to timer . Kun to øens master holdt kørende seks timer lange strømsvigt . Står borgmesteren Bornholm , fremtiden skrevet krav frekvenstilladelsen , forpligter teleselskaberne sikre mobildækningen hele øen seks timer . » Mobildækning kritisk infrastruktur , må samfundets interesse , prioriteret . håber , wake-up-call gennem systemet , problem , « siger . Folketingspolitikeren Peter Juel-Jensen ( V ) mener , mest optimale løsning problemet sikre selve strømforsyningen Bornholm . » Vores udfordring søkablet Bornholm . løsning , kan se , , forbindelse planlagte Energiø etablerer endnu kabel øen . give god mening , nuværende søkabel fuldt belagt . Derfor regner , alligevel nødvendigt endnu kabel transportere strømmen energiøen væk Bornholm , « siger . Energiøen projekt , gøre Bornholm knudepunkt 2 GW havvindmølleparker . Ekstra kabel kan lade gøre Ideén koble Bornholms elnet fremtidige Energiø vindmølleparker helt ny . Tidligere året meldte Energinet , indledende analyser peger , rent teknisk kan lade gøre . Ifølge Energinet koste cirka 230 millioner kroner anlægsomkostninger . Omvendt lange løb penge spare , etablerer kabel forbindelse Energiøen . manglende mobildækning eneste konsekvens , nuværende kabel stykker . Ingeniøren tidligere beskrevet Bornholm primært holdt kørende fossile energikilder , kablet ude drift . vedvarende energikilder nemlig ofte fluktuerende usikre bruge , øen forbundet omverdenens elnet . fossile energikilder dyre , koster ekstra holde Bornholm kørende , fejl skader kablet . Seks gange indenfor sidste 20 år gået så galt , kablet revet . Ifølge Energinets beregninger kan derfor spares omkring 676 millioner kroner 40 år , etablerede endnu søkabel forbindelse Energiøerne .",
,2022-04-28 00:00:00,"Atomkraftlisten giver svar om vindmøllestop, prisen på en kWh og politisk kidnapning af IDA",Ingeniøren,Link,"Ingeniøren bedt listen Atomkraft ja tak ! svare spørgsmål , læserne kvitterede , listen valgt IDA 's repræsentantskab . kom overraskelse kandidaterne affødte del debat ing.dk , listen Atomkraft ja tak ! vandt seks 61 pladser IDA 's repræsentantskab . Listens budskab lyder : » IDA forblive videnskabeligt funderede spydspids klimadebatten tage lederskab grønne omstilling , prioriterer klima , natur , miljø biodiversitet . lytter videnskaben , så vores vores budskab klart : kommer aldrig mål uden brug atomkraft. « generelt behersket , høflig forbeholden lykønskning tråden . gået stålet inden række kategorier spørgsmål , valgt samle give listen mulighed give uddybende svar . forbi finansiering , miljø , politiske lister fremtiden VE sammen listefører Olavur Thorup .. jeres overordnede tanker , atomkraft fylde danske energiforsyning fremtiden , hvilken rolle ? » gået valg atomkraft tages seriøst medregnes mulighederne grønne omstilling . Derfor arbejde , forskere danske universiteter regne mulighederne atomkraft Danmark . , hvordan atomkraft , politisk beslutning bør træffes Folketinget . IDA 's ansvar viderebringe data muligheder , findes , herunder fordele ulemper ved enkelte energiformer. « jeres seks valgte kandidater , Thomas Schoubye Poulsen , egen valgprofil argumenteret , Danmark indføre totalt stop solceller vindmøller . skriver : `` støtter listens formål arbejde side side andre indvalgte listen . typisk gruppen , mindre diplomatisk stemt overfor andre energikilder atomkraft . andre mener , atomkraft `` '' spille sammen vindmøller solceller , så går stop flere vindmøller solceller . '' AJT-listens generelle holdning ? » Listens politik står listens side . Vores kandidater enige , atomkraft bør spille rolle , bør spille større rolle andre . enkelte kandidater kan lidt forskellige personlige meninger , afgørende , arbejder samlet flok - nemlig , muligheden atomkraft undersøges forskere danske universiteter , anbefalinger mest optimale energimix mellem atomkraft , vind , sol andet bør følges . Så , synes , forskerne anbefaler . Små forskelligheder plads vores liste , vores fælles politik , arbejder for. « Danmark førende vindkraft , sted , stor stil kan kapitalisere forspring , hvilket gælder danske ingeniørstand . Risikerer stort sats a-kraft spænde ben vores eksportsucces vindmøller ? » IDA bør arbejde CO2-neutral energiforsyning . energiforsyning , kan levere rigelige mængder energi , brug . sikrer stabil vedvarende forsyning stabile energipriser , hvorved sikrer energitung industri samtidig tiltrækker nye virksomheder arbejdspladser Danmark . holde hånden enkelt sektor bekostning resten industrien forbrugerne , skade samlede ingeniørstand . udvikle samfundet , kunstigt fastholde bestemt energiform. « takt prisen VE falder år år , så atomkraft dyrere dyrere valg , senest fremgår IEA´s outlook ( side 333 ) . Viser netop , VE fremtiden , mens a-kraft dyr langsom vej ? » Enhver læser ing.dk ved , atomkraft vind/sol to helt forskellige energiformer , kan sammenlignes en-til-en . atomkraft får strøm , behovet , kan samtidigt bruge produktion procesvarme industrien fjernvarme forbrugerne . Derudover kan atomkraft konstant overproduktion fx PtX-fremstilling derved undgå lukke produktionsanlæg periodevis . Sol vind producerer kun energi , vejret tillader kræver både balancering elnet backupkapacitet . udgifter , bør tilskrives vejrafhængige producenter . aspekter , medregnes , vælger energiform : Aftryk natur miljø biodiversitet , mennesker , forsyningssikkerhed , prisstabilitet osv . koster vindmøllestrøm , blæser ? samlede vurdering , indgå beregning prisen . Opgørelsen , henviser , kun baseret europæiske projekter dobbelt så høj investeringsrente atomkraft forhold vind . endnu grund , danske forskere se data mulig dansk atomkraft. « Byggeriet blot to atomkraftreaktorer samlet effekt 3 GW kommer hurtigt koste omegnen 40 mia . kroner , ser nuværende byggerier . Hvordan byggeriet affaldshåndteringen finansieres ? rent statslig finansiering private markedsvilkår ? » Hvordan store infrastrukturprojekter finansieres , politisk beslutning . Sverige atomskat 0,04 øre kWh , producenten betaler Svensk Kernebrændselshåndtering . dækker håndtering affald dekommissionering gamle værker . stor gavn miljøet , indføre lignende afgift energiproducenter , så hver sektor betaler egen oprydning . ser , får 3 GW atomkraft , så lyder 40 mia . kr . dyrt . 3 GW atomkraft kan fjerne al brug gas , kul biomasse dansk elforsyning spare energiø 200 mia . 3 GW producere 24.000 GWh året 60-80 år . Danmarks samlede strømforbrug ligger ca . 35.000 GWh. « Flere kritikere hævder , visionen a-kraftværker Danmark statsligt styret planøkonomisk projekt , nationaliserer elproduktionen . enige ? grundlag , bygge a-kraft Danmark ? » fleste nationalpolitiske orienteringer repræsenteret vores liste . , bringer sammen , oprigtig bekymring klima , natur miljø . Hvordan energisektoren sammensættes styres - , besluttes Folketinget. « Uranudvinding atomkraft behæftet betydelige energi- miljømæssige omkostninger ved både minedrift , oparbejdelse sidste ende affaldssammenhæng . Både form radioaktivitet cocktail tungmetaller . Hvordan forholder ? » former energiproduktion omkostninger . Atomkraft klart mindste aftryk natur , miljø , biodiversitet mennesker . uran energitæt , behøves store mængder . Ifølge FN så udleder europæisk atomkraft 5,1-6,4 g CO2e kWh inklusiv udvinding , forarbejdning , produktion affaldshåndtering . Offshorevind udleder 13-21 g. meste uran udvindes dag ved brug 'In situ leaching ' , teknik , cirkulerer væske via borerør udvinder uran uden grave jorden . står stærk kontrast vedvarende energis massive aftryk natur , miljø mennesker . 82 procent verdens minearealer skyldes vedvarende energi , udvindingen sker ofte bekostning miljøetog menneskerettigheder . oprigtigt bekymrer miljømæssige omkostninger , så støtter brugen atomkraft. « Flere medlemmer giver udtryk , fagforening bør politisk slet lister enkeltstående politiske mærkesager jeres . føler gidsler egen fagforening ved finansiere politisk sag , står inde . pointe ? » IDA valgte flere år siden udgive klimarapporter planer påvirke ført politik Danmark . klimarapporter , reagerer . Ser vores stemmeantal , så IDA-medlemmer enige . tre grundlæggende problemer IDA 's klimarapporter . Rapporterne anbefaler reduktion vores energiforbrug 30 % inden 2030 . helt urealistisk stor skade forbrugerne industrien . udvikle vores samfund - afvikle . andet indregnes store mængder biomasse . dag , så kommer mere 60 procent vedvarende energi biomasse . Amagerværket alene brænder 1,5 mio . ton træ året . 99 procent importeret træmasse . IDA 's planer forudsætter , vores nabolande al strøm , mangler , blæser , naboerne købe strøm , tilovers , blæser . Vores nabolande massiv udbygning vind samme områder . bygger vind . dermed reel mulighed , samme tid lidt strøm . mere elektrificerer vores samfund , mere sårbare . Strømafbrydelser kan hurtigt få katastrofale konsekvenser . mener , seriøst basere vores fremtidige energiforsyning håb , vores nabolande nok strøm . bør selvforsynende CO2-neutral energi døgnet rundt . IDA teknologiens stemme klimadebatten , turde påpege , faktuelt virker mindst , faktuelt virker. «",
,2022-04-28 00:00:00,Energistyrelsens klimastatus: Vi er stadig 10 millioner ton CO2e fra klimamålene i 2030,Ingeniøren,Link,"Danmark nærmere målet ved sidste års fremskrivning , mangler stadig findes reduktioner svarende 13 procentpoint 2030 . Uden yderligere politiske tiltag Danmark stadig bagud reduktion 10,1 mio . ton CO2e , skriver år 2030 , klimamålsætningen 70 procents reduktion nået . viser Energistyrelsens seneste vurdering klima-mankoen . fremgår netop offentliggjorte Klimastatus- fremskrivning 2022 . fremgår , nuværende vedtagne klimapolitikker forventes samlede danske drivhusgasudledinger faldet 33,5 mio . ton CO2e 2030 . Målsætningen nå udledningsniveau 23,4 mio . ton CO2e samme år . svarer , 2030 reduceret udledningerne 57 procent . lille forbedring siden sidst Sammenligner reduktionsmankoen 2021 , nærmet målet 2030 smule . sidste års status- fremskrivningsrapport reduktionsmankoen 11,8 mio . ton CO2e . Udviklingen mankoen , ifølge rapporten teknisk gennemgang , særligt tilskrives klimaaftalen landbruget infrastrukturaftalen , begge vedtaget 2021 . baggrund forventes udledningerne landbrugsprocesser falde 11,3 mio . ton CO2e 2019 10,2 mio . ton 2030 , mens udledningerne transportsektoren ventes gå 13,5 mio . ton CO2e 2019 10,7 mio . ton 2030 . Herudover bidrager beslutningerne 2 GW ekstra havvind teknologineutralt udbud negative emissioner Finanslov 2022 , mens forventede udviklinger priser marked ændret siden sidste fremskrivning . Biogas-lækager mere cementproduktion , trækker negative retning forhold nå målsætningerne , blandt andet , nye fremskrivning nye forventninger væksten danske cement- el-produktion kommende år frem . bidrager flere udledninger tidligere ventet . Samtidig siden sidste års fremskrivning forhøjet forventningerne , lækage , sker biogasproduktion , hvilket negativ indflydelse nå målsætningerne . samme vis nuværende rapport ændret forventede fremtidige temperaturer , hvilket betydning mængden klimagasser , kan optages mineralholdige jordbrugsarealer .",
,2022-05-10 00:00:00,Sådan gik Kattegatforbindelsen fra klimaforbedring over klimaneutral til klimaskadelig,Ingeniøren,Link,"Vejdirektoratets beregninger omkring CO2-udledningen Kattegatforbindelse ændret flere millioner ton CO2 løbet få år . fire år driften Kattegatforbindelsen gået klimagevinst samfundet mellem 600.000 ton 5.600.000 ton mindre CO2-udledning klimaskadelig samlet 626.000 ton ekstra CO2-udledning set længere tidsperiode . viser aktindsigt , Ingeniøren fået mailkorrespondancen mellem Vejdirektoratet Transportministeriet , beregningerne klimaprisen broen svinger . Tilbage 2018 viste Vejdirektoratets rapport 'En fast forbindelse Kattegat - Strategisk analyse ren vejforbindelse samt kombineret vej- jernbaneforbindelse ' , Kattegatforbindelsen samlet reducere CO2-udledningen Danmark mellem 600.000 5.600.000 ton driftsfasen . Beregningen omfattede hele perioden mellem 2035 2080 indregnede blandt andet CO2-besparelser ved færre tage flyet flere køre kortere tur broen fremfor Fyn . viser aktindsigt , beregningerne omkring udledning CO2 ændret klimagevinst klimatab . Hovedårsagen opdateringer såkaldte Landstrafikmodel . Landstrafikmodellen Vejdirektoratets beregningsmodel trafikken Danmark , 2021 blevet opdateret to gange . korrespondancen går Transportministeriet rette Vejdirektoratets CO2-beregninger omkring drift Kattegatforbindelsen . Rettelsen skyldes , Transportministeriet afviser , estimeret besparelse CO2-udledning indenrigsfly kan medregnes . Korrespondancen viser , Vejdirektoratet længere regner plus , altså CO2-gevinst . januar viser beregningerne Vejdirektoratet stedet , Kattegatforbindelsen medfører større udledning 51.000 tons mellem 2035 2050 – alene driften projektet . beregning retter Transportministeriet udledning 626.000 ton - altså stor mulig millionstor CO2-reduktion udledningen øget CO2-klimabelastning 626.000 ton . Herudover vurderer Vejdirektoratet etableringen Kattegatforbindelsen medføre udledning 2-3 millioner ton CO2 . Aktindsigten viser hvordan Transportministeriet retter Vejdirektoratets beregninger . statsminister Mette Frederiksen nytårstale meddelte , » senest 2030 flyve helt grønt , flyver indenrigs Danmark , « så væltede CO2-beregningerne Kattegatforbindelsen . kan spares CO2 , passagerne vælger tage bro Kattegat fremfor flyve brænde tungt udledende jetbrændsstof atmosfæren , ja så går klimagevinsten forbindelsen . fremtidig grøn flytrafik , så ingen fordele klimaet ved sende folk Kattegat . Søren , programchef grønne tænketank Concito , mener , slingrekursen klimaestimaterne udtryk inkompetence mangel god vilje . konsekvens fraværet solidt grundlag embedsmændenes analyser . Behov mobilitetsstrategi Situationen Kattegatforbindelsen eksempel , Danmark brug samlet , national grøn mobilitetstrategi , embedsmænd politikere kan lægge grund prioriteringer omkring fremtidens infrastrukturprojekter/klimamålsætninger . Så kan embedsmændene få forbundne kar hænge sammen . » ser velforståede sandheder , anderledes , fordi spillepladen ændrer . Oprindeligt troede Kattegatforbindelsen spare CO2 omvejskørsel , lidt lige , kørslen højere højere grad elektrisk . mangler samlede plan det. « Ifølge Søren skaber fraværet samlet strategi usikkerhed forhold klimaaftryk , trafikale behov – mindst aftrykket bygge anlæg forskellige tidspunkter . » hér viser hvordan tingene bevægelse . siddet regnet , verden udenom ændret . fangede fejlen , mangler samlede plan hvordan får klimaaftrykket ved mobiliteten nul. « Forudsætninger forandring Ifølge Søren forudsætningerne klima- trafikberegninger hastig forandring . betyder , projekter , førhen klimamæssigt gode , gode længere . » risikerer klatte vore CO2-budget væk ting brug for. « Søren mener , mangler overordnet mobilitetsstrategi , tager højde klimamålene definerer , mangler infrastruktur – hvornår hensigtsmæssigt etablere . Uden overordnet plan , estimater Kattegatforbindelsen usikre . » risikerer spilde penge arbejdskraft ministerier , resurserne brugt bedre andet sted , fordi løst problemet måde – fordi trafikken vokser , så troede. « » Måske bygger vejinfrastruktur brug . kan værste fald medføre energiø klimasikring busterminal andet vigtigt grønne omstilling forsinket. « Artiklen rettet 10.05.2022 kl . 9:45 , så fremgår , CO2-besparelsen 600.000-5.600.000 ton kun vedrører driftsfasen projektet - medregner CO2-udledninger forbindelse etablering . tidligere version artiklen fremgik .",
,2022-05-18 00:00:00,"Sted, teknologi og tid: 5 udfordringer for Esbjerg-erklæring om 150 GW vindkraft i Nordsøen",Ingeniøren,Link,"Analyse : fælleserklæring 150 GW vindkraft 2050 kan hurtigt løbe forhindringer . dag fire statschefer Danmark , Tyskland , Nederlandene Belgien underskrevet erklæring , vindkraft Nordsøen tilstødende havområder udbygges , så 2050 står 10.000 havvindmøller , svarer 150 GW . tilsammen producere strøm 160 millioner europæiske husstande . Allerede 2030 landene ifølge erklæringen opført 65 GW . planer , forvejen meldt enkelte lande . Danmark planen , bygges 10 GW , hvoraf 2-3 GW bygges ved Bornholm . opmærksomme læser vide , mål allerede skredet flere år . Tidsplanen energiøen rykket 2030 2033 . tid forventes 3 GW Nordsøen . 2040 målet 10 GW . Alligevel fælleserklæringen imponerende set politisk perspektiv . plan kræve gennemgribende koordinering udbygningen både hav land . Derfor EU-kommissionens formand Ursula von Leyen stede Esbjerg sammen energikommissær Kadri Simson . Set teknologisk vinkel 150 GW vindmøller inklusiv transport el udgøre gigantisk udfordring , politiske forhindringer ryddet vejen . Lad tage fem største udfordringer : 1 . møllerne stå ? første spørgsmål naturligvis , møllerne bygges . Nordsøen stor , havdybden gør , steder egnet . Oven kommer hensynet fiskeri , Natura 2000-områder , fredede områder , områder friholdt skibstrafik råstofudvinding . Energistyrelsen rapport 2019 udpeget arealer danske farvande , svarende 34.914 km2 , potentielt rumme ca . 40 GW havvindmøller . maksimale potentiale daværende forudsætninger . altså brug støvsuge hele Nordsøen potentielle pladser vindmøller energiøer . Teknologien længere sigt muligvis give hjælpende hånd . eksempel kan kravet relativt lavvandede områder mindre relevant , flydende vindmølleplatforme modnet økonomisk rentable . 2 . el føres land ? Næste punkt spørgsmålet , energien føres land . allerhøjeste grad relevant , så energi bydende nødvendigt , energi kan føres hen rigtige forbrugssteder land , vinden blæser . klassiske eksempel Tyskland , vedvarende energi overvejende ligger nordpå , mens tætbefolkede områder industriens forbrug ligger sydpå landet . gennem seneste årtier næsten umuligt først fremmest grund miljøprotester , udbygge højspændingsforbindelser mellem nord syd . 3 . produceres PtX ? føres næste spørgsmål : del store mængder el omdannes andre energibærere direkte energiøerne ? nyt spørgsmål , allerede overvejelserne omkring danske energiø . Sådanne PtX-anlæg kan bidrage lagre del energien , blæser mere forbruget kan aftage , yderligere forsyne skibstransporten brændstof . aldrig prøvet før svaret , hvordan vægtningen mellem forskellige brændstoffer teknologier , helt ukendt . 4 . el-teknologien klar ? mens stadig ude energiøerne , så håndtere såkaldt 'multiterminal HVDC'-system . type systemer findes dag større stil , markant anderledes drive , traditionelle delvist analoge elnet . Ingeniøren ved flere lejligheder beskrevet teknologiske udfordring professor ved DTU Elektro , Jacob Østergaard , beskrevet moderne jagerfly : » kræver avanceret styring , fejler , så falder flyet jorden sten. « Risikoen , alvorlig fejl energiø , havmølleparker tilkoblet , potentielt kan mørklægge dele europæiske elnet . 5 . Holder tidsplanen ? Sidst mindst tidsplanen . 2050 kan godt virke langt ude fremtiden , først kommer hul igennem , så kan , udbygningen går smurt . set solceller land , ( nogen , sagde hockeystav ? ) . ser godkendelsen sidste danske havmøllepark , Thor Nordsøen , så skete 2018 , parken forventes gå drift 2026 . nærheden få udbud første park , kobles energiøen , forventes stadig , 10 GW klar 2040 . altså hele planlægningen , allerede få opfatte erklæringen urealistisk . Flere aktører foreslået nye udbudsmodeller , private investorer længere vente udbud staten , bare kan gå gang udpegede arealer . ambitiøst , fire lande enige , vindkraft Nordsøen tilstødende havområder , vejen frem bæredygtigt energisystem Europa . erklæringen hurtigst muligt fulgt konkrete handlinger , så hurtigt set indholdsløs . nok tage fat , politiske systemer fire lande forklare enorme investering samtidig afværge lokale miljøprotester . færreste 2022 ser frem få ny højspændingsforbindelse baghaven . frygten , politikerne undervurderet teknologiske udfordringer . Vindmøller 15 MW endnu hyldevare elektronikken , forbinde parkerne elsystemet Europa , langt færdigudviklet . Derfor erklæringen følges mere forskning udvikling , ellers risikerer politikerne sætte grønne omstilling tilbage frem .",
,2022-05-19 00:00:00,"Esbjerg-erklæring skriger på svar: 'Vi aner ikke, hvordan vi styrer energiøernes kraft i land'",Ingeniøren,Link,"Hvordan styre energisystemer offshore vindkraft , energiøer stabilt elnet Esbjerg-erklæringen aktuelt igen . midten århundrede kan se frem , blæsten sætter gang vingerne 10.000 vindmøller havs . står klart europæiske topledere statsminister Mette Frederiksen vært onsdag underskrev hensigtserklæring bygge 150 GW havvind Nordsøen frem 2050 . inden europæiske energimarkeder kan få glæde enorme mængder vindenergi , så luft ganske andre vinger . Esbjerg-erklæringen lægges nemlig offshore energisystem bestående energiøer vindmølleparker flertal . så står samfund flere udfordringer : ved dag , hvordan sådant energisystem fungere praksis . derfor koges gryden forskning udvikling energisystemer , styre gigawatt , Nordsøen kommer producere , lyder klare budskab to landets førende energiforskere forbindelse onsdagens erklæring . » Energiøerne giver store , nye udfordringer vores elsystemer , dag ved , hvordan løse . Derfor kræver forskning udvikling både universiteter producenter udviklere teknologiløsninger , samt , driver elnettet . tager tid , « Filipe Miguel Faria Silva , lektor AAU Energy , formulerer . » taget 100 år udvikle nuværende elsystem . udvikle nyt elnet få årtier , så tale stor udviklingsopgave , « siger . system , kræver styring store opgave ligger udvikle system , kan rumme konverteringen mellem jævn- vekselstrøm , nødvendig transportere GW vindkraft havmølleparkerne via energiøer land . Sandsynligvis flere lande . udgangspunkt vindmøllerne føde strøm lokale vekselsstrømsnetværk energiøerne gennem effektelektronisk konverter . energiøen vekselstrømmen konverteret jævnstrøm ført land via højspændingskabler ( HVDC ) . tale flere destinationer , får , kaldes 'multiterminal HVDC ' . Jacob Østergaard , professor centerleder ved DTU Elektro , forklarer , hvordan hele udfordringen ligger , tale energisystem baseret effektelektroniske konvertere . kræver væsentlig større portion styring synkrongenerator-baserede system , kender nutidens energisystem store termiske kraftværker . sidstnævnte indbygget inerti generatorerne , kan bruges opretholde frekvensen tilfælde udfald andre ubalancer mellem forbrug produktion . rent konverter-baseret energisystem findes inerti , så sætter vindmøllepark , kræver momentan reaktion styringen . Alternativt risikerer store strømsvigt tværs Europa . pointe stod klar forbindelse udgivelsen væsentligt hvidpapir , både Jacob Østergaard Filipe Miguel Faria Silva medforfattere . Udgivelsen september sidste år bærer titlen ’ Energiøerne : Mars-mission energisystemet ’ , tidligere omtalt grundigt Ingeniøren . onsdagens hensigtserklæring dens pointer relevante ny . Professor Jacob Østergaard bruger skarp analogi beskrive udfordringer , står overfor multiterminale HVDC-systemer . » Vores nuværende energisystem kan sammenlignes gammeldags propelmaskine . Sætter motoren , kan stadig styre manøvrere flyet lande sikkert . Fremtidens energiøer offshore elnet baseret konverterteknologi , konstant styres . svarer moderne jagerfly . Fejler styresystemerne , falder flyet samme jorden sten , « billedliggør DTU-professoren . undgå genskabe hestevognen Jacob Østergaard forklarer , hvordan grundlæggende brikker plads skabe nødvendige energisystem . brikkerne sættes sammen rigtige vis , spænde ben . » dur , bare tager stumperne , kender vores nuværende elsystem , sammensætter , smart gennemtænkt starten . ved , afgørende tænke systemløsninger helhedsbetragtninger , energiøerne nyt offshore elnet robust omkostningseffektivt , « siger fremhæver , hvordan kan opstå ukendte lock-in-effekter . » kan ses analogt udviklingen første biler . tog udgangspunkt , kendte hestevognen . Derfor første biler bygget store hjul , chaufføren sad oppe foran kuskesæde , inden fandt , smart , « eksemplificerer Jacob Østergaard fortsætter : » Ved start indbygge vores viden energiøerne kommende Nordsøudbygning , kan undgå “ genskabe hestevognen ” bygge “ moderne bil ” , optimeret formålet. « spørgsmål rette tidsramme Ingeniøren opridset forud underskrifterne Esbjerg-erklæringen , tegner udfordringerne etablere rette multiterminale HVDC-system én centrale barriere overkomme vejen 150 GW havvind Nordsøen . Ifølge Jacob Østergaard mangler eksempelvis stadig finde metoderne styring konverter-baserede energisystem , mens hæve vores viden a-til-b-forbindelser højspændingskabler , kendes eksempelvis dansk-norske søkabel , inkludere punkt c , d e. Derfor virker helt oplagt spørge : realistisk nå mål samlede system 2050 ? » , fuld gang arbejde allerede . Så selvom ligger store forskningsmæssige udfordringer foran , gøre klog omkostningseffektiv måde , så realistisk , « mener Jacob Østergaard , bakkes kollega AAU . » Netop tidsrammen helt afgørende . tro , starter , muligt opnå rette løsninger 2050 . kan vente forskning udvikling indtil 2040 , « siger Filipe Miguel Faria Silva . Se Bornholm planlagte energiø Bornholm står helt unik mulighed teste , forske udvikle overskueligt set-up , mener Jacob Østergaard . » Verdens første energiø Bornholm kan oplagt tjene testcenter fremtidige energiø-løsninger , kan tage vigtige læringer dér forhold , betydeligt lettere langt ude Nordsøen , « siger uddyber : » afgørende teste løsningerne , industrien nødvendige tillid nye løsninger , kan simuleres computere DTU andre universiteter , fungere virkeligheden. « Se længere verden Indonesien andet sted , forskere forhåbentlig trække konkret erfaring energisystmer , minder , se Nordsøen . erfaringen måske snarere hentes Aalborg Universitet , Filipe Miguel Faria Silva forskningsleder projekt , udvikle koncept styring netop multiterminal HVDC mellem øerne indonesiske ørige . » nuværende ingen resultater klar offentliggørelse projektet Indonesien , forventer , nyttig viden trække forhold kommende arbejde energiøer. « Ingeniørens søstermedie GridTech tidligere omtalt , kan drages flere paralleller mellem Indonesien Nordsøen anno 2050 . dag forsynes Indonesiens hovedø Java hovedsageligt energi kulkraft . energiforbruget omstilles VE , kræver strømføring andre øer . Strøm , ført land øerne ved hjælp undersøiske HVDC-kabler lokale vekselstrømsnetværk videre Java . netværk VE-producerende øer - “ energiøer ” - igen tale multiterminal HVDC . Dermed kan relevant viden høste Indonesien . Esbjerg-erklæringens sigte tusindvis havmøller koblet adskillige energiøer nødvendigt trække al erfaring nå målet 2050 . Filipe Miguel Faria Silva siger : » Èn enkelt energiø udfordring . så multiplicere udfordring. «",
,2022-05-23 00:00:00,Projekt Energiøer' kræver ølkassetaler og high fives,Ingeniøren,Link,"Visionen øer , producerer nok vindenergi forsyne både Danmark andre europæiske nordiske lande , ved virkelighed . ansvarlig el-infrastrukturen står vicedirektør Energinet Hanne Storm Edlefsen front synlige arbejde energiøerne . aldrig blevet gjort før . Hele verden følger , flere teknologierne findes endnu . lykkes 210 milliarder store projekt energiøerne henholdsvis Bornholm Nordsøen , betyder dels voldsom acceleration grønne omstilling , dels større uafhængighed geopolitiske udfordringer energiforsyningen . » virkelig gjort energisystemet grønt , så bruge havvind , lavet via brint flydende brændstoffer , eksempelvis tung trafik fly skibe tung procesindustri , « slår Hanne Storm Edlefsen fast . Siden energiøerne realitet sommeren 2020 , siddet vicedirektør Energinet , ansvarlig el-infrastrukturen enorme projekt . Idéen øerne , producere nok vindenergi dække fem millioner husstandes årlige elforbrug , opstod tilbage 2017 brain child mellem chefer hollandske TenneT , Gasuine danske Energinet . EU bifaldt idéen tidspunkt , Danmark endnu lagt fast 70 procents reduktion samlede CO2-udledning . april 2017 Hanne Storm Edlefsen inviteret udviklingen ‘ ønskeøerne ’ ordene Energinets direktør : `` projekt , sikkert lidt svært – så nok lige ! » udfordring Hanne Storm Edlefsen rigtigt nok lade slippe forbi … » nok optimistisk sind stort fokus , hen . lykkes lave god model , andet valg . sekund tvivl , energiøerne virkelig god idé , så bare lavet setuppet rigtigt , « siger baggrunden , hvorfor taget så stor opgave . » kun endnu mere vigtigt , krig Ukraine . handler bundet sammen god måde , så passer hinanden . fokus gør bare , lige går tilbage prøver igen , driller , « siger programdirektøren . Trækker luft Siden blevet vicedirektør ansvar Energinets arbejde energiøerne foreløbigt 20 medarbejdere . » kan godt få sug maven tænke » hold kæft , vildt « , » hvordan kommer A B uge ? « Så trækker lige luft minder selvom , dygtige folk gode samarbejdspartnere – så tager ellers én ting gangen , « siger . » , hjemmefra . giver , driller . giver krammer high five , så igen. « Hanne Storm Edlefsen barn , lærerforældre samtalekøkken , inden modeord . tog endda så alvorligt , bygget høj stol lille Hanne – efternøler – så deltage samtalen lige fod søskende . » altid blevet inddraget , blevet stillet store krav , « fortæller . eksempel , gerne – vandretur spejderne – bedt argumentere sag brugte lang tid sidde skrive for- imod-lister værelse modargumenter klar samtalen forældre . mente , argumenter tynde , tilbage værelset pudse . » Så blevet trænet tage beslutninger , barn , taget alvorligt. « Energinet Hanne Storm Edlefsen derfor bleg minde medarbejderne , hvilket fantastisk arbejde gang , selvom gange griner lidt evindelige ‘ ølkassetaler ’ . » surt svært , så stiller minder , ved redde klimaet . tvivl , rygge . , vildt , virkeligt svært , rigtigt vigtigt , « siger fortsætter kort : » nogen , kan , så hoveder , bare pissekloge. « Fart omstillingen Snebolden begyndte alvor rulle maj 2020 , enigt Folketinget – kun uden Nye Borgerlige – besluttede , energiøerne realitet . stor nyhed– Hanne Storm Edlefsen så bare lige gik glip første omgang , fordi sad ved indianerbål ‘ pillede navle ’ ledelseskursus uden telefonkontakt . » Så ret specielt vågne virkeligheden finde , , gået udviklet år , pludseligt realiseres . kun én ø , to , « husker . » fedt opleve , , vision 2017 , blevet grebet , andre se , måde sætte størrelse fart grønne omstilling . , handler : skalere sætte tempo på. « klimaaftalen , kom måned senere , står netop , aftalen ‘ bane vejen globalt lederskab inden vedvarende energi sikre ambitiøs grøn omstilling industrien . aftalen står Danmark foran ambitiøs udbygning grøn energi markant satsning fremtidens grønne teknologier , såsom CO2-fangst Power-to-X. ’ Energinets opgave stå forberedende miljø- havbundsundersøgelser , udvikle drive elkabler mellem Danmark , energiøerne andre lande sørge , vedvarenden energi energiøerne forbindes integreres energisystemet land . andre ord , Energinet ansvar , Hanne Storm Edlefsen kalder ‘ grej ’ – kabler transformatorstationer . Energinet arbejdet organiseret gennem programmet ‘ Energiøer ’ , direktør . programmet ligger så projekt , omhandler Bornholm , , omhandler Nordsøen . tredje projekt omhandler tværgående udviklingsaktiviteter , udvikles nyt , går tværs to projekter . , naturligt nok ubekendte forhold teknologi , programmet så stort , gå ændre hele Energinets forretning , fordi kommer så mere vind systemet , styres . » , laver , kommer smitte vores kolleger stor betydning driften , « forklarer Hanne Storm Edlefsen . » Derfor sindssyg vigtig del holds opgave forankre , kommer med. « Størrelsen afgørende politisk besluttet , Bornholm-øen producere 2 GW , undersøger området 3 GW . Kapaciteten kommer betyde , plads vindmøllerne , aftagere markedet sikres , ligesom elsystemet balanceres . Energinet udarbejder samtidig business case el-infrastrukturen , så Hanne Storm Edlefsen ved forhandle endeligt tyskerne , hvordan indtægter udgifter fordeles forbindelsen mellem Bornholm Tyskland . Forundersøgelserne , afsluttede 2024 , fuld gang , ligesom dialogen markedet leverandører . » ret langt forhold modne anlægsprojekt , « siger vicedirektøren . Nordsø-øen lidt anderledes , fordi ø forvejen . offentligt-privat partnerskab , staten eje minimum 50,1 procent , så private part ‘ vicevært ’ øen , mens Energinet betaler ‘ grejet ’ husleje øen . Indtil videre Ørsted Copenhagen Infrastructure Partners dannet hver konsortium pensionskasser byde opgaven private part . synspunkt Ingeniørens medier brugte Hanne Storm Edlefsen analogien bryllup forklare , langt samarbejdet andre lande forhold aftage strøm energiøen Nordsøen . » forlovede Tyskland Belgien kurtiserer Norge . gerne giftes Norge omgang , så analysere , kan forbinde norsk havvindområde dansk energiø , « siger . Ro udviklingskassen Inden så langt , tekniske udfordringer , Energinet løst . aldrig blevet gjort før koble stort jævnstrømsanlæg højt spændingsniveau lille lokalt vekselstrøms-elnet , kører relativt lavt spændingsniveau . komplicerede ligger udtænke styring strømmen vindmøllerne , så giver problemer vekselstrømsnettet Bornholm . 2 – måske 3 – GW , øen producere , gange , normale kraftværker yder , sammenligning Bornholms nuværende forbindelse Sverige lille sytråd . Derfor helt afgørende , Energinet kobler kæmpestore maskine helt rigtigt bornholmske net får strømmen svinge perfekt takt . » gerne udvikle standardisering modulært opbygget system forbindelse Bornholm , så bruge showcase laboratorium , bygge Nordsøen , « fortæller Hanne Storm Edlefsen . Ingeniøren skrev efteråret , risikoen ved anvende ny uafprøvet teknologi Nordsøen , mørklægge hele Nordeuropa , fejl forplanter resten elnettet kontinentet . » ekstremt eksternt fokus , ved . Så enormt vigtigt , ingeniørerne ro udvikle , « siger peger , primære opgave give retning , udviklingen hen , mens projektlederne fået stort mandat finde løsninger , ingen gode grunde kender forhånd . » giver rum ‘ udviklingsboks ’ uden , , binder , kan udvikle frie rammer , indtil alvor . Lige prøver ting , så præsentere ude virkeligheden , så blander blod ser hinanden øjnene siger : » , går ’ . « virkeligheden måder nå målet eksisterende teknologi , ifølge vicedirektøren mere ‘ bøvlet ’ giver mindre stabilitet energisystemet . Så smartere billigere udvikle standardisering . » Så backup-plan , , « smiler . øjne Hanne Organisatorisk lidt udfordring geare organisationen gribe projekterne programmet uden vide , hurtigt tingene kommer gå , ‘ , politisk besluttede alligevel lave Bornholm , nogen interesse udlandet ’ , Hanne Storm Edlefsen siger . » vilkår , betyder , almindelige ting styr bemanding , project ingeneering-dokumenter ESDH-systemer osv . taget lidt én dag gangen. « vilkår enorme interesse , tidligere talte – alles øjne rettede . Hvordan håndterer ? » – Energinet – alene . Energistyrelsen kæmpe ansvar , så stærk samarbejdspartner . , gør Energinet , tage føle , fordi , udfører forundersøgelserne banke døren landmand , bruge mark . Derfor vigtig kommunikationsopgave , « siger vicedirektøren , føler forpligtet fortæller vidt bredt , Energinet laver . » skala , fart . Så kan nytte , synes , svært forhandle tyskerne , tvivler , lander teknologi , « siger . » gu ryster hånden , tror sundt , så gør umage går lige tilbage Hannes kasse igen , føles 100 procent godt maven , « siger sender hilsen gamle pigeværelse Fyn argumentationsøvelsen . så hjælper vicedirektøren helle Fyn , bor mand søn lader obligatoriske havbade shelterture spejdere , leder hver tirsdag . `` engang imellem lidt skeløjet træt , mand siger ‘ lige sidde lidt sofaen ’ , så minder , spildt arbejde . , virkelig kan sige , gjort , fordi vigtigt , « siger rørt ved tanken . `` minder jævnligt , derfor , kolleger griner lidt , kan sagten finde trække lommen stille ølkassen helt almindelig tåget onsdag , « siger Hanne Storm Edlefsen .",
,2022-06-10 00:00:00,Konsortium smider joker på bordet: Energiø skal være international data-hub,Ingeniøren,Link,"Ifølge DTU-professor Lars Dittmann kan rent praktisk lade gøre etablere datacenter energiøen , formentlig dyrere gøre land . Fremtidens energiø Nordsøen bare producere store mængder grøn energi , international centrum digitaliseringen . mener energiselskabet Ørsted pensionskassen ATP , sammen kæmper vinde udbuddet etablere energiøen . Konsortiet nemlig indgået aftale , gøre muligt forbinde energiøen 100.000 kilometer stort fibernetværk ejet virksomheden Globalconnects . Ved tilbyde grøn energi fibernet håber konsortiet tiltrække internationalt datacenter øen , samtidig fiberforbindelsen kan bidrage yderligere digitalisering havvind . » Nordsøens Energiø giver Danmark unik mulighed centrum fremtidens nøgleteknologier dermed tiltrække betydelige investeringer inden både vedvarende energi digitalisering , « siger Rasmus Errboe , regionsdirektør Kontinentaleuropa Ørsted , pressemeddelelse samarbejdet . Dyrt teknisk muligt kræver store mængder energi drive datacenter . Ingeniøren tidligere beskrevet , kan datacentre inden 20 år ende stå tredjedel Danmarks energiforbrug - elforbruget centrene vokser allerede hurtigere forventet . Derfor måske umiddelbart sige , Ørsted ATP gerne udnytte energien energiøens vindmøller datacenter . ifølge Lars Dittmann , professor ved DTU , praktisk vejen tilkoble energiøen fiberinfrastrukturen . påpeger , energiøen uanset , brug tilkoblet fibernettet . » Moderne vindmøller så komplekse kræver stor datakraft styre . Spørgsmålet ligge flere , datacenter , langt , så kan sagtens lade gøre , « siger tilføjer , behovet fiber kapacitet afhænger , hvilken type datacenter , ender placeret energiøen . burde heller give tekniske problemer etablere selve datacenteret kunstige ø. Lars Dittmann kan svare , idéen økonomisk hænger sammen . » nok dyrere etablere ude vand , dyrt få medarbejdere derud , så ved bedre kan betale få energien land . kan , gerne udnytte havvandet nedkøling . bruger normalt lige så strøm nedkøling , gør få computerne arbejde , « siger . Esbjerg-erklæringen Planerne energiøen centrum digitalisering , kommer kun måned såkaldte Esbjerg-erklæring . underskrev danske regering aftale Tyskland , Belgien Holland udvide planerne energiø Nordsøen . Oprindeligt energiøen levere 3 GW havvind , Esbjerg-erklæringen målet opjusteret gøre energiøen internationalt centrum grøn energiproduktion . går vel 10.000 havvindmøller producere hele 150 GW 2050 .",
,2022-06-17 00:00:00,DTU-forskere vil tæmme ustabilt elnet med fremtidens kvantecomputer,Ingeniøren,Link,"Ph.d.-projekt DTU demonstrerer første beregninger kvantecomputeres rolle styringen fremtidigt komplekst elnet fluktuerende energikilder . fremtidens stadig større andel vedvarende energikilder energipriduktionen stiger kompleksiteten vores elnet . kræver styring monitorering andet omfang , vant dag . Parallelt udviklingen elproduktion -net sker udvikling tilgængelig computer-regnekraft . Særligt store forventninger , fremtidens kvantecomputere løse . to sideløbende udviklinger fået Ph.d.-studerende ved DTU Vind Brynjar Sævarsson stille spørgsmålet : Hvilken rolle kan kvantecomputeren spille sikre stabiliteten fremtidens elnet ? » potentiale kvantecomputere , bygget store nok . så fald ser bruges værktøj elsystemet , « siger Brynjar Sævarsson . Første brug kvantecomputer elnettet Krydsningen mellem beregninger elnettet brugen kvantecomputere løse beregningerne relativt ubevandret felt . Brynjar Sævarsson kolleger beskriver videnskabelig artikel , accepteret præsentation konference efteråret , kun få forskere verden forsøgt lave elnetsberegninger kvantecomputer - umiddelbart kun simulerede kvantecomputere . Dermed forskerne DTU , så vidt vides , første rent faktisk gennemføre beregninger aktuelle kvantecomputere . sket forbindelse fem beregninger IBM ’ s offentligt tilgængelige 5 7 qubits-maskiner samarbejde IBM . Brynjar Sævarsson kolleger løst såkaldte loadflow-problem , værktøj analysere flowet elsystem sikre , løber strøm enkelte linjer , spændinger inden rigtige område , forklarer Ph.d.-studenten . » konstateret , kan bruge kvantecomputerne lave beregninger lille testsystem . resultater , rigtigt glade , selvom kvantecomputerne stadig begrænsede forhold , kan gøre , « siger Brynjar Sævarsson . Løse flere funktioner samtidig Brynjar Sævarsson forskerkolleger DTU stor tillid kvantecomputerens rolle beregninger fremtidens elnet , skyldes muligheden qubits superpostion kun antage værdierne 0 1 separat ved klassiske computere . Kvantetilstandene gør nemlig muligt løse flere funktioner adskillige variable samme tid , hvilket elnet-sammenhæng kan bidrage højne forsyningssikkerheden . » Kvantecomputere velegnede lave beregninger forskellige scenarier samme tid parallelle processer . passer godt elnet vedvarende energi , fluktuationer usikkerheder giver anledning regne parallelle scenarier , « siger Brynjar Sævarsson . nævner prognoser energiproduktion vindmøller eksempel sted , kvantecomputeren kan komme få betydning . Gode muligheder nødvendig realtidsberegninger Claus Leth Bak , professor ved Aalborg Universitet Energi , del DTU-forskningsprojektet , arbejder computerberegninger elnettet form komplicerede simuleringsmodeller . forklarer , hvordan grønne omstilling , herunder gigantiske energiø-projekter gør , behov mere mere detaljerede nøjagtige simuleringsmodeller hele elnettet . kun Danmark , lande energiø-projekterne forventes tilkobles . beskrevet flere gange Ingeniøren . Claus Leth Bak mener , potentiale , fremtiden kan supplere normal computerregnekraft kvantecomputere brug simuleringer elnettene . » takt får tilført mere vedvarende energi elnettet , styringen nettet langt mere kompleks . Derfor behov online realtidsstyringsmetoder tilstrækkelig regnekraft . formål kan kvantecomputere komme spille rolle , « siger Claus Leth Bak . Netop realtidsløsninger kalder ifølge Claus Leth Bak stor regnekraft , håbet , fremtidens kvantecomputere kan levere . » Bag beregninger elnettet ligger modeller , takt stigende kompleksitet usikkerheder elnettet stadig mere komplekse . dag prøver modellerne ofte simplificere kompensere manglende computerregnekraft , « siger AAU-professoren . » mere regnekraft , tilgængelig , mere præcise , globale modeller kan lave . elnettet fremtiden mere sårbart udsving , vant seneste 20-30 år , vigtigt mere præcise modeller realtidsberegninger , kan holde elnettene stabile . moderne samfund afhængig , pålideligheden vores elforsyning forringes følge grønne omstilling. « Støj små maskiner inden så langt , hel del ting , stadig udvikles . » stadig del støj aktuelle kvantecomputere , del begrænsninger , « siger Brynjar Sævarsson . forklarer , hvordan samtidig udfordring bygge algoritmer beregningerne passende skalerbarhed . Gøres systemerne større testcasen , algoritmerne vist utilstrækkelige . så hele spørgsmålet kvantecomputerens størrelse , dag gør favorabel forhold nutidens supercomputere . » Teoretisk set burde metoderne kvantecomputer eksponentielt hurtigere klassiske computere . resultatet vores forskning , kan køre beregningerne aktuel maskine - stadig hurtigere klassisk computer , « siger Brynjar Sævarsson . får Ingeniørens journalist spørge , overhovedet realistisk , ønskede kvantecomputerregnekraft tilgængelig , grønne omstilling alvor slår igennem . Eksempelvis firdobling produktionen sol- vindenergi alene land nuværende regerings planer . » svært sige , hvordan udviklingen kvantecomputere kommer ske . ser positive resultater IBM andre bygge stadig større maskiner , « siger Brynjar Sævarsson.Hans håb derfor , forskning egen kan bidrage nødvendige algoritmer udviklet , så metode klar , pludselig står elnet baseret 100 procent vedvarende energi . så kvantecomputeren næppe stå alene , vurderer DTU-forskeren . snarere ses supplement klassiske computere . » Kvantecomputeren kan specielt , bedre . Derfor nok se , opgaver løses klassiske computere , mens løses kvantecomputere , « siger Brynjar Sævarsson .",
,2022-06-21 00:00:00,"Elnettet i Tyskland forstærkes fra nord til syd, og det er godt for Danmark",Ingeniøren,Link,"Tre nye højspændingsforbindelser Tyskland sikre , el vindblæste nord kan sendes forbrugsstederne syd . Planlægningen langstrakt , idriftsættelsen forsinket flere år . køretur gennem Tyskland svært slippe synet enorme højspændingsforbindelser , skærer igennem landskabet . hænger gange fire trefasede vekselstrømsystemer 380 kV enkelt masterække , hvilket runde tal svarer overføringskapacitet 2.400 MW , forsyne halvdelen Danmark efterårsdag . trods højspændingsmotorveje elektriske forbindelse mellem Nord- Sydtyskland svag . årtier , takt nordpå blevet bygget flere flere vindmøller , blandt andet havmøller danske del Nordsøen , så problemet blevet forstærket . Oven Tyskland besluttet stoppe elproduktionen landets atomkraftværker , hvoraf del befinder sydlige del , største elforbrug ligger . Udfordringen , gammeldags højspændingsforbindelser master hverken miljøorganisationer beboergrupper vilde . Derfor nye forbindelser lægges kabler jævnstrøm , giver både gigantisk merudgift kompliceret godkendelsesproces . udsigt , stor del problemet løst , tyske elnet forstærket , komme Danmark gode . fastslår Morten Pindstrup , international chefingeniør ved Energinet . » godt ønsket , udbygningen sket hurtigere . får bygget forbindelser , Danmark efterspurgt årevis . ingen tvivl , hjælpe vores område , nemmere flytte energien sydpå , « siger Morten Pindstrup . ørst klar 2028 især kabel-forbindelsen kaldet Suedlink , består to 525 kV HVDC-forbindelser , danske elnet første omgang få glæde . ene forbindelse , danske kabelproducent NKT levere , 702 km går Brunsbüttel Schleswig-Holstein nord Grossgartach Baden-Württemberg syd . 558 km går Wilster Grafenrheinfeld tæt Schweinfurt . samlede overføringskapacitet 4 GW , får forbindelse kablet Nordlink , går Tyskland Norge . uproblematisk få forbindelserne godkendt . Arbejdet startede 2012 egentlig planen , selve konstruktionen gå gang 2016 idriftsættelse 2022 . to systemansvarlige tyske virksomheder Tennet TSO TransnetBW , ansvarlig forbindelsen . talrige forsinkelser , blandt andet grund beboerprotester langs ruten miljøorganisationer , gjort , forbindelsen først kommer drift 2028 . trods , nye tyske regering , tiltrådte 2021 , erklæret projekt “ accelereres '' gennemføres høj politisk prioritet '' . Selvom Suedlink første omgang vigtigste forbindelse Danmark , så bygget lidt længere østpå , fået naturlige navn SuedOstLink . ansvarlige netselskaber TenneT 50hertz . SuedOstLink forbindes nordlige Mecklenburg-Vorpommern , transformerstation ved Isar-atomkraftværket Bayern to 550 km lang 525 kV kabler , tilsammen kan overføre 4 GW . NKT inde , leverer kabler sidste 275 km . Forbindelsen vedtaget 2015 , forventes først gå drift 2027 : » korte bane , kommer SuedOstLink betyde så Danmark . Energiø Bornholm dennes forventelige tilslutning Tyskland kan interessant få flyttet mere vindenergi længere sydpå Tyskland , « siger Morten Pindstrup . Gennemført trods modstand trods forsinkelserne mener Axel Happe , ansvarlig planlægning myndighedsgodkendelse 50hertz , , gået hurtigere : » dialog offentlige myndigheder , interesseorganisationer brede offentlighed siden starten ​​planprocessen 2016 . årenes løb blevet rejst besvaret masse spørgsmål . tilfælde , rutekorridorerne passerede landsbyer , nødt forklare vores planlægning mere detaljeret . tilfælde fandt , sammen beboere , landmænd jordejere langs ruten , løsninger gange specifikke problemer . Hård lokal modstand generel modstand kabel-projektet sjælden , « skriver svar Ingeniøren . længere vestpå Tyskland forstærkes nettet kabelforbindelse kaldet A-Nord Emden Nordvesttyskland Osterath tæt Düsseldorf videre Phillipsburg lige syd Frankfurt a.m. endnu kabel kaldet Ultranet . Spørgsmålet så , nye nord-syd-forbindelser Tyskland allerede lidt , kommer fart udbygningen Nordsøen . » Hvert andet år laver netudviklingsplanen prognose fremtidens elsystem . Ifølge vores seneste udsigter , ser frem år 2035 , viser planlagte transmissionskapacitet mellem Börde Isar tilstrækkelig , skriver Alex Happe . Samtidig understreger , tænkes øget elforbrug Nordtyskland . gælder både produktion brint nye højt elektrificerede industrier eksempel Tesla Intel . Oven kommer øget forbrug grund elbiler varmepumper : » faktorer inkluderet viser vores fremskrivninger stadig , planlagte forbindelser tilstrækkelig høj kapacitet , « skriver Alex Happe tilføjer , russiske invasion Ukraine understreger nødvendigheden ​​en hurtig pålidelig omstilling energiforbruget Tyskland Europa . Energinet opbakning tyske initiativer . » el eneste måde flytte energi . sandsynligvis brug rørledninger brint produktion metanol ammoniak brug lastbiler skibe . får forbindelser , årevis efterspurgt . må godt gå hurtigere , gjort , spørgsmålet , nok , udbygningen vind Nordsøen tager , « siger Morten Pindstrup .",
,2022-07-04 00:00:00,Tysk forsker om PtX-udviklingsbehov: »svært at retfærdiggøre mange flere forskningspenge«,Ingeniøren,Link,"PtX mest hypede begreber tiden . forskere virksomheder kæmper finde rigtige teknologiske løsninger – både gælder fremstilling brug PtX . Energi brug både push pull Inden energiteknologi PtX ( power-to-x ) lige allervarmeste emner . godt eksempel norske virksomhed HydrogenPro , netop afholdt symposium Aarhus Universitet fortælle , samtaler potentielle kunder salg 12,6 GW elektrolysekapacitet . antages , globalt dag lige 0,5 GW kapacitet drift . internationale energiagentur ( IEA ) anslår , 2030 cirka 85 GW kapacitet drift , omkring 3.000 GW drift 2050 , CO2-målene nås . HydrogenPros pipeline forveksles faste ordrer , giver indikation , stor hypen omkring konvertering energi vind sol brint derfra videre andre energibærere metanol , ammoniak , flybrændstof benzin . HydrogenPro bare én virksomheder , kæmper få del udvikling avancerede elektrolyseenheder produceret 5,5 MW-moduler Kina elektroder aarhusianske Advanced Surface Plating . sidste uge fortalte HydrogenPro projekt amerikanske stat Utah , produceres 100 ton brint dagen 220 MW-elektrolyseanlæg , svarende 40 elektrolyseenheder , hver længde 8 meter , diameter ca . 2 meter vægt mere 75 ton . ovenstående tal , gør , allerfleste dag ved , PtX betyder . Enhver politiker , skolelærer virksomhedsdirektør kan tale , udnytte grøn el fremstille nye brændstoffer , kan erstatte fossile . fleste ved , teknologien bag langtfra ny – heller industriel . Helt tilbage begyndelsen forrige århundrede fremstillede Norsk Hydro kunstgødning basis elektrolyse ( kvælstof ) Verdenskrig holdt nazisterne angivelig del krigsmaskine rullende brændstof fremstillet forgasset stenkul . Politisk opbakning forår indgik danske regering så bred politisk aftale dansk strategi PtX , sigter udbygge danske elektrolysekapacitet 4-6 GW 2030 . Forventningerne politisk opbakning allerede sat del aktører gang , eksempel Ørsted Copenhagen Infrastructure Partners ( CIP ) , annonceret store projekter hhv . Avedøre Esbjerg . el havvindmøller ved energiøer Østersøen Nordsøen indgå fremstilling brint , efterfølgende kan omdannes benzin , metanol , ammoniak flybrændstof . Så historiske perspektiv politiske forhindringer ryddet vejen burde vel ligetil ? Argumenterne omfavne PtX hvert fald blevet mindre sidste par måneder stigende brændstofpriser toppet politisk fokus forsyningssikkerhed . symposiet Aarhus afslørede , selvom udviklingen inden PtX taget enorme skridt sidste fem år , enkelt teknologi , ‘ vundet ’ . brintfremstilling eksempel ske traditionel alkalisk elektrolyse , mere avancerede PEM- SOEC-teknologi , teknologiske rødder brændselsceller ? helt teknologi , elenergi , biomasse restprodukter bruges direkte produktion flydende brændstoffer ved hjælp teknologier hydrothermal liquefaction termokemiske processer ? Virksomheder tyske Electrochaea , danske Circlia Nordic canadiske Enerkem viste forskellige teknologiske løsninger . Oven kommer spørgsmålet bedste slutprodukt . ren brint busser lastbiler , ammoniak metanol store skibe råstof industrien benzin diesel transportsektoren ? hele taget : finde rigtige løsninger ? kender løsningen Rigtig bolde oppe luften verdens førende forskere , Dr. Ralph-Uwe Dietrich Deutsches Zentrum für Luft- und Raumfahrt ( DLR ) undgå lettere irriteret , Ingeniøren mødte Aarhus : » risikerer , få forsker­kolleger nakken , svært retfærdiggøre flere forskningspenge problem , godt kender løsningen . Selvfølgelig kan gøre processerne mere effektive finde bedre kemiske løsninger , grundlæggende ingen teknologiske barrierer PtX , « siger nævner , Tyskland talrige demonstrationsprojekter , fordi kommerciel efterspørgsel brændstofferne , projekterne forlænget . så , mangler ? professor Lars Ditlev Mørck Ottosen Aarhus Universitet svar , handler opskalere , gå hurtigt : » Fossile brændstoffer utrolig billige , derfor omkostningen ved PtX største barriere . vores beregninger viser , sætter ambitiøse krav overholde Parisaftalen , kommer gang PtX-markedet . Derfor push politikerne krav anvendelse pull industrien . sidste Mærsk vist ved bestille nye metanoldrevne containerskibe – , brug , « siger . Ralph-Uwe Dietrich enig , selvom høj grad handler teknologi , sidste ende flere penge , – investeres produktion. » brug , investorerne ser troværdig forretningsmodel , kræver politisk regulering . Lad starte iblandingskrav sektorer , PtX – eksempel luftfarten . Så kan løbende øge presset gøre mere mere attraktivt investorerne , « siger . Elektrolyseenhederne 5,5 MW , vejer cirka 75 ton 8 meter høje . Produktionskapaciteten cirka 100 kg timen ved 15 bar . norske virksomhed HydrogenPro får bygget anlæg egen fabrik Kina . ses ene to gasseparatortanke henholdsvis ilt brint . Fotos : HydrogenPro",
,2022-07-12 00:00:00,Klimavenlige materialer og bæredygtighedskrav til vindmøller kan blive del af offentlige udbud,Ingeniøren,Link,"Klimaminister lydhør overfor forslag bæredygtighedskrav energiprojekter . staten fremover lave udbud vindmølleparker land vands , så bør udbuddene indeholde klimamål , så producenterne tilskyndes bruge mere bæredygtige materialer , mener tænketanken Concito Tekniq Arbejdsgiverne . sådant krav hjælpende hånd danske vindmølleproducenter , pres kinesiske konkurrenter , grund statstilskud adgang billigt stål kan fremstille vindmøllerne billigere . beskytte europæiske vindmølleindustri indførte Europa-Kommissionen december antidumping-told import vindmølletårne Kina . » forbindelse anti-dumping-sag rejst europæiske vindtårnproducenter ( heraf to danske ) kom frem , ét enkelt læs kinesiske tårne , sejles Danmark Kina , udleder lige så dansk tårnfabriks samlede årlige udledning « , skrev Troels Blicher Danielsen , administrerende direktør Tekniq Arbejdsgiverne , nylig debatindlæg Altinget . » risikerer altså udlede mere CO2 globalt plan , stiller skarpt klima- miljømæssige krav både anlægs- driftsfasen energiøer lignende VE-projekter. « Krigen Ukraine kun forværret situationen europæiske vindmølleindustri . juni meldte brancheorganisationen Wind Europe , baseret rundspørge blandt medlemmer , priserne råmaterialer vindmøllerne steget 30 procent . tal , danske brancheforening villet kommentere overfor Ingeniøren . Stål udgør ifølge Wind Europe cirka 70 procent turbine . Concito : grøn retning » Grundlæggende klimateknologi større udbud anlægsprojekter , herunder vindmølleparker , fordi stort potentiale efterspørgslens side trække markedet grønnere retning « , siger Tobias Johan Sørensen , klimaanalytiker Concito , Ingeniøren . nærliggende , offentlige indkøbsmuskel 300 milliarder kroner årligt bruges kræve klimarigtige materialer , så producenterne tilskyndes omstille hurtigere . Concito foreslår skrive bæredygtighedskrav offentlige udbud , bevidst forsøg give danske producenter fordel . » rigtig positivt producenter , konkurrencefordel . kan svensk producent grønt stål , kan byde leverandørerne kommende stål , så forfordele producenter frem andre . grøn retning , « siger Tobias Johan Sørensen . Concito fremsat konkret model , hvordan bæredygtighed skrives udbuddene , Tobias Johan Sørensen godt komme forslag . » umiddelbare bud , arbejde CO2-pris omkring 1.500 kr . kan højere . Så leverer bud , oversigt ens materialer CO2-aftryk så kommer CO2-pris oveni . Så kan lave projekt rigtig lave udledninger , så bonner forhold udbud « , siger . » udgør samlede omkostning vægte , kan så diskutere . første omgang se , hvordan kan få udbud , få prissat , så favoriserer , vælger grønneste materialer bruger mest effektivt. « Minister åben forslaget Forslaget bæredygtighedskrav offentlige udbud møder lydhørhed klima- , energi- forsyningsminister Dan Jørgensen . svar Folketingets klima- , energi- forsyningsudvalg sidste uge indikerede , åben forslaget . hensigten , øget bæredygtighed del betragtningen , inden udgangen 2022 drøftes , hvordan udbudsrammerne havvindmølleparker frem 2030 indrettes , skrev . » Aftale grøn strøm varme 2022 fremgår , sikres øget bæredygtighed udbuddene iagttagelse principperne EU 's taksonomi miljømæssig bæredygtighed danske klimamålsætninger , samt redskaber ESG- livscyklusvurderinger , « skriver .",
,2022-08-05 00:00:00,CO2 fra biogas kan give negative udledninger: Sådan gør vi,Ingeniøren,Link,"usikkert , CO2 opgradering biogas gør mest gavn lagre anvendt PtX . Sikkert , kulstof biomasse knap ressource . CO2-fangst vands , lands luften dag vinker årligt farvel halv million ton CO2 , ledes atmosfæren danske biogasanlæg . gode grunde stedet holde CO2 ’ . biogasanlæggene relativt billigt indfange CO2 ’ , samtidig rimelig ligetil fragte rør . så indeholder kulstof biomasse , fremtiden kan knap ressource . paradoksalt må lyde , betyder praksis , mens kæmper begrænse mængden CO2 atmosfæren , kan rift CO2 Jorden brug flydende grønne brændstoffer fremstillet ved såkaldt power to x ( PtX ) lagring . gælder mindst CO2 , hvert år udskilles derefter udledes danske biogasanlæg forbindelse opgradering biogas ren biometan . Klimarådet ‘ Statusrapport 2022 ’ dedikeret helt kapitel understrege knaphed . » kan producere begrænset mængde biomasse , fordi klodens størrelse begrænser dyrkningsarealet . Derfor kan biogent kulstof mangelvare sigt , « siger Peter Møllgaard , Klimarådets formand . introducerer dermed begreb , nødt plads se , fremtiden ske biogas-CO2 ’ . Negative emissioner nemlig forskel CO2 . klimagassen udledes ved forbrænding fossile brændsler kul , olie naturgas , frigives kulstof , naturlig del Jordens kulstofkredsløb . taler fossil CO2 . klimagassen omvendt stammer forrådnelsesprocesser marken , røggassen halmfyrede kraftværk afgasning biogasreaktor , tale biogen CO2 . Så længe plantes nye træer planter erstatning udnyttede biomasse , CO2 ’ optaget igen dermed bidrage atmosfærens CO2-indhold . Klimaanalytiker grønne tænketank Concito Tobias Johan Sørensen forklarer , én primære årsager , tidligere forsøgt reducere CO2-udledningerne biogasanlæggene : » Eftersom CO2 ’ biogen , figurerer vores klimaregnskab udledning . papiret tale netto-nuludledning , « siger Tobias Johan Sørensen . » kommet fokus , fordi lave reduktioner , overhovedet kan. « Både Klimarådets formand , Peter Møllgaard , understreger , lige situation , hurtige billige tiltag rette balancen CO2-regnskabet . kan biogen CO2 biogasanlæg komme spille vigtig rolle , lagres . Dermed trækkes nemlig kulstof kredsløbet , skabt negative emissioner . Billigt lager land spørgsmålet , ske biogene CO2 biogasopgradering . Spørger Tobias Johan Sørensen Peter Møllgaard , se komme gang lagre – altså anvendes såkaldt CCS ( Carbon Capture and Storage ) . Eftersom teknologierne udskillelse CO2 biogas allerede installeret biogasanlæggene – fordi nødvendigt fjerne CO2 biogas udnytte naturgasnettet – kan fangst , fragt efterfølgende lagring CO2 biogasanlæg ifølge Klimarådets beregninger klares omkring 500 kr . per ton . » blandt billigste ton vores analyser , « siger Peter Møllgaard , henviser , Klimarådets vurdering , lagring CO2 billigere brug PtX-processer . prisen fangsten lagerets placering betydning . CO2 ’ biogasanlæggene første omgang nok udskibes mere modne , undersøiske lagre , vurderer Tobias Johan Sørensen . Gas Storage Denmark GEUS ’ igangværende undersøgelser landfaste kystnære lagre bærer frugt , ifølge klimaanalytikeren , CO2 ’ ende . » billigere samfundet virksomheder lave billigst mulig rørføring lagre land kystnært , « siger peger dermed endnu udgiftspost ved CCS : transporten punktkilde lager , Tobias Johan Sørensen vurderer , billigst sker rør . tyder foreløbige beregninger landets gasdistributionsnetoperatør Evida . Peter Kristensen , Evidas strategi- udviklingsdirektør , fortæller , forhåndsscreening udpeget 35 større biogasanlæg geografiske placeringer , lægger fælles CO2-rørnet frem fragt tankbiler . Ifølge kan herfra føre hele 755.000 ton CO2 nettet inden 2030 » bare ved forbinde tingene « . så kan CO2 ’ dele nettet føres plastrør ved normalt tryk temperatur . » ingen tekniske hindringer komme gang , « siger Peter Kristensen . El to tredjedele energiø Evidas undersøgelser kigget flere scenarier , hvordan CO2 ’ biogasanlæggene nyttiggjort . fragtes opsamling CO2 andre punktkilder ? sendes retning landfaste lagre ? snarere havneområder udskibningsmuligheder PtX-produktion – hører fællesbetegnelsen CCU ( Carbon Capture and Utilization ) ? » alternativ transportere CO2 væk biogasanlæggene , stedet metaniserer CO2 ’ lokalt ved tilførsel brint . kigger begge dele , betydning udformningen infrastrukturen , « siger Peter Kristensen . Brancheorganisationen Biogas Danmark blandt , skeler alternativ . skyldes blandt andet , branchen faktisk oplever gryende interesse firmaer , bruge CO2 ’ PtX-brændsler . kan laves liter . Mens Energistyrelsens prognoser tegner årlig ­biogasproduktion gående 25 PJ 2020 51 PJ 2030 , anbefaler Biogas Danmark lade produktionen stige helt 60 PJ ved indgangen næste årti . produktion 2 millioner ton biogen CO2 rådighed . » mængde CO2 optage 2 gigawatt el vind- solkraft 2030 . svarer to tredjedele produktionen energiø , « siger Frank Rosager , direktør Biogas Danmark . Tallene stammer beregninger lavet forbindelse ‘ Biogas Outlook 2021 ’ , hovedsageligt lægger bruge overskydende , biogene CO2 produktion elektrometan ved hjælp brint . samme grund nævner Frank Ros­ager eksempelvis biogasproducenten Nature Energys igangværende projekt eFuel , præsentere ny metode produktion elektrometan lokalt Biogasanlæg Midtfyn . tale grønne PtX-brændsler , brinten grøn . støder endnu knaphed : adgangen grøn strøm . Både CCS CCU Energiøerne bekendt bygget endnu , så mens venter fornødne kapacitet storstilet elektrolyse , finder Frank Rosager sandsynligt , CO2 biogasopgradering første omgang finder CCS-vejen undersøiske lagre eksempelvis Norge . » kan godt tænkes , får lidt underligt forløb , CO2 biogasopgradering først bruges CCS , sidenhen CCU f.eks . PtX så igen CCS , « siger direktøren Biogas Danmark.For Klimarådet heller tale enten , angår brugen biogene CO2 blandt andet biogasanlæg . både bruges skabe negative emissioner hældes tanken forbrændingsmotorer . » Specielt punkt tale både , « siger Klimarådets formand , Peter Møllgaard . begrænsede mængder biomasse lægger Klimarådet , så transport muligt holdes kørende strøm alternativt ikkekulstofbaserede PtX-brændstoffer brint ammoniak , mens kun flytrafikken holdes vingerne biogent kulstof . knapheden biomasse sætte grænser , kan genoprette klimaet ved hjælp lagring biogen CO2 . » sigt gøre reducere restudledninger sektorer . Negative udledninger kan redde , « siger Peter Møllgaard . Læs mere biogas CO2 næste side Fakta Lagring biogas-CO2 Finansloven første initiativer lagre CO2 indfanget ved opgradering biogas taget finansloven 2022 . afsat 2,5 milliarder kroner projekter , støtteperiode 8 år kan skabe negative udledninger . Midlerne kan gå projekter nedpløjning biokul pyrolyse lagring CO2 biogasopgradering direct air capture . Tildeles blot tredjedel midlerne lagring biogas-CO2 , puljen ifølge Klimarådets ‘ Statusrapport 2022 ’ føre reduktioner 0,25 millioner ton CO2-ækvivalenter allerede 2025 0,33 millioner ton fem år senere .",
,2022-08-17 00:00:00,Gaskrisen bremser ikke klimamål: Høj naturgaspris virker som en CO2-afgift,Ingeniøren,Link,"Europa opsætte ca . 400 GW VE året 2025 2035 overholde Parisaftalen . højere gaspris kan samme klimaeffekt CO2-afgift . russiske gasledninger snører langsomt sammen , gasprisen eksploderer energikrisen raser Europa . Dermed mister naturgassen rollen 'det grønnere ' alternativ kul olie , mens udvikler udruller grønne omstilling . Naturgas fossilt brændstof , CO2-udledningen lavere ved afbrænding olie kul . selvom europæiske lande tvunget Putins hånd gashanerne sænke forbrug , så stadig muligt europæiske lande leve klimaambitioner overholde Parisaftalen . viser netop afsluttet forskningsprojekt Aarhus Universitet . Forskerne opstillet model , viser hvordan europæiske landes energiforbrug kan dækket billigst muligt . Modellen anvender eksisterende teknologier , kan produceres opstilles uden globale opvarmning overstiger 2 grader , indskrevet Parisaftalen . ifølge forskernes model altså fortsat muligt , overholde Parisaftalen samtidig efterkomme europæiske efterspørgsel energi , selvom gastilførslen reduceret . gælder hvert fald , rigtige politiske valg vedvarende energiformer taget . » må spilde tiden ved tage forkerte valg grund udfordringerne gassen , « siger Gorm Bruun Andresen , lektor ved Aarhus Universitet forskerne bag modellen . Gaskrisen medfører nemlig risiko mere kul faldende klimaambitioner Europa . » Selvfølgelig fylder nuværende energikrise lige , lang sigt grønne omstilling langt større udfordring. « Gaspris effekt CO2-afgift medlemslandene skære naturgasforbrug samtidig leve klimaambitioner , så gennemføres voldsomt stor udrulning vedvarende energi hele Europa , viser forskernes model . opsættes ca . 400 GW pr . år 2025 2035 . svarer bygge 200 anlæg størrelse havmøllepark , etableres forbindelse energiøen Bornholm Østersøen . Vel mærke hvert eneste år . medføre højere elregning forbrugerne . grønne omstilling gøre omstændigheder . Omstilling vedvarende energi , Parisaftalen bygger , få elprisen stige gennem næste 10-15 år . Forskellen , uden gas overgangsteknologi , prisstigningen finde sted allerede . kan måske lyde lidt udfordring demokratisk valgte politisk ledelser EU , forskernes model viser , høje gaspris drive grønne omstilling frem områder - fx private virksomhederne - omlægge energiforbrug opfylde Parisaftalen , fordi kan betale . højere gaspris nemlig fungere form CO2-afgift , gør mere rentabelt investere økonomisk vedvarende energi , gennemføre elektrificering erhvervslivet udskifte husstandenes gasfyr varmepumper fjernvarme . » Tidligere satset overgangsfase gas , plan kan gode grunde køre videre . Heldigvis andre ting , gøre komme mål , fremskyndet krisen , « siger Gorm Bruun Andresen . eksempel peger steder industrien , dag bruger gas opvarmning ved høje temperaturer . kan højere gaspris fungere motivation udskifte moderne elovne , samme måde CO2-afgift gjort . » grønne teknologier billigste , købe nyt . Problemet , helst undgå købe nyt , så længe , allerede , stadig kan bruges . Beslutningen omlægning fremskyndet , høj gaspris , « siger Gorm Bruun Andresen . Ulige udfordringer varierer imidlertid land land , let gennemføre grøn omstilling uden gas . Danmark gasforbruget forholdsvis lavt , samtidig relativt langt fremme elektrificeringen opsætning vedvarende energi . Anderledes står f.eks . Tyskland . dybt afhængige russiske gas , krisen blandt andet ført genåbning 10 kulkraftværker . » vores model brugt mere kul , dække EU 's energiforbrug overgangsfasen . højere CO2-udledning kul forhold naturgas så kompenseret store udbygning mere grøn teknologi , « siger Gorm Bruun Andresen tilføjer , derfor nødvendigt accelerere grønne omstilling yderligere lande , åbner kulkraftværker . » klart mere kulkraft forbundet risiko . fare , ender slække klimaambitionerne , « advarer . Høje klimaambitioner umuliggør gas ekstra detalje kan skrues forskernes model , så afspejler mere ambitiøs klimapolitik . Dermed kan modellen vise scenarie , temperaturstigningen mindre 1,5 grader . scenarie spiller gaskrisen langt mindre rolle . holde temperaturen 1,5 grader gassen nemlig udfases inden 2030 , uanset Rusland invaderet Ukraine ej .",
,2022-09-01 00:00:00,Politikerne accepterer dundrende milliardunderskud på energiø,Ingeniøren,Link,"Energiøerne oprindeligt kun bygges betingelse , projekterne rentable . siger ministeriet , økonomien sandsynligvis holder . » sagt ja løbe risiko forundersøgelserne 10 mia . kroner . korrekt. « svarer Carsten Kissmeyer Ingeniøren , Venstres klima- energiordfører spurgt , hvorfor Venstre energi-topmødet mellem statsminister Mette Frederiksen række statsledere andre nordeuropæiske lande Marienborg mandags medunderskriver ny tillægsaftale Energiø Bornholm , nye beregninger Klima- , Energi- Forsyningsministeriet tyder , projektet - stik imod tidligere tidligere aftaler - kommer koste flere penge etablere drive hidtil antaget . Beregningerne , fremgår notat , Ingeniøren kommet besiddelse , viser , alene projektomkostningerne løbe omegnen 10 milliarder kroner . Dertil kommer ekstra samfundsøkonomisk omkostning to milliarder kroner . Notatet konkluderer , energiøen sandsynligvis rentabel , fordi øen tjene tilstrækkelige summer hjem staten via salg strøm . » Vores oprindelige tilgang , grønne omstilling bære , stadig vores opfattelse , store hele . ændrer ved , står situation , helt , helt anderledes , gjorde to år siden , « siger Kissmeyer . Rentabilitet betingelse Positiv økonomi - kaldet rentabilitet - begyndelsen politisk krav overhovedet etablere energiøerne . hidtil rød tråd igennem politiske aftaler . Øerne kun bygges betingelse , projekterne rentable . siger ministeriet , økonomien sandsynligvis holder . fortæller Marc Skov Jacobsen , seniorøkonom ved tænketanken Kraka Advisory , Ingeniørens søstermedie GridTech. . henviser Klimaaftale energi industri mv 2020 , rummer første aftaler to energiøer . står , ‘ betingelse projekterne , rentable. ’ Kravet rentabilitet gentages senere Tillæg klimaaftale energi industri 22. juni 2020 vedr . Ejerskab konstruktion energiøer mv , står ‘ fortsat betingelse projekterne , rentable. ’ seneste udviklingen prognosen økonomien betyder ifølge Marc Skov Jacobsen , forventning gives betydelig statsstøtte Energiø Bornholm . Carsten Kissmeyer synes , aftalekredsen haft god grund se stort krav . » Vores tilgang sige , lige kæmpe udfordring energimæssigt . Situationen lige kritisk , ser fremtiden nødvendigt få sikret , energi nok . element , rentabelt , budrunderne komme vise , « siger fortsætter : » får niveau elpriserne , ligger lidt højere , oprindeligt regnede , så gætte , godt kan se , kan rentabelt. « ser nye beregninger , ministeriet lavet , så , tyder , kan rentabelt ? tager vel højde højere elpriser ? » bare opmærksom , danske samfund totalt set , så skaffe tilstrækkelige mængder energi udfordring aktuelt . derfor presset situation , erstattet gas andet. « Udbud afgør projektet dø Carsten Kissmeyer forsikrer , regeringen dens aftalekreds først kommer træffe beslutningerne , ser udbuddene . » klart , forundersøgelserne omkostning - , ifølge beregningerne koster størrelsesordenen 10 milliarder . kan forestille andet , se projekterne gennemført . beslutning , kom landene Østersøen , alvorlige situation , Polen , så kan forestille andet , energimængde , kan produceres rundt Bornholm efterspurgt , « siger Carsten Kissmeyer . Hvorfor meldt klart offentligheden , gået kompromis betingelse , stået nedfældet samtlige hidtidige aftaler energiøerne ? » korte lange , vores oprindelige tilgang , grønne omstilling bære , stadig vores opfattelse , store hele . ændrer ved , står situation , helt , helt anderledes , gjorde to år siden . vigtigt sige , sagt ja offentlige omkostninger nuværende tidspunkt . sagt ja , løber risiko forundersøgelserne , korrekt. «",
,2022-09-07 00:00:00,Biogas Danmark: Størst klimaeffekt når biogas-CO2 ender i et PtX-anlæg,Ingeniøren,Link,"Biogasindustriens brancheorganisation analyseret klimaeffekterne ved udnytte CO2 biogasopgradering . årlig basis Danmark indfanget mere halv million ton CO2 opgradering biogas naturgaskvalitet . tallet kan stige helt to millioner ton , biogasproduktionen øges 55 PJ 2030 . sidste foreslår brancheorganisationen Biogas Danmark netop udgivne rapport ‘ Biogas Outlook 2022 ’ . undersøges klimaeffekten holde indfangede CO2 . Ingeniøren afdækket , hovedparten biogas-CO2 ’ dag udledt atmosfæren , sendes CO2 ’ stedet underjordiske lagre ved CCS bruges kulstofkilde PtX-produktion brændsler , stort potentiale reducere udledningerne klimagasser . viser nye beregninger Biogas Danmark , ved årlig biogasproduktion 55 PJ årligt kan reduceres 1,8 millioner ton CO2e ved lagring mellem 2,5 1,3 millioner ton CO2e ved produktion henholdsvis elektro-metan elektro-metanol . Ved årlig produktion 60 PJ biogas overstiger reduktionspotentialerne både lagring produktion elektro-metan henholdsvis 2,1 millioner ton CO2e 2,8 millioner ton CO2 . Elektro-metan størst potentiale Ifølge Biogas Danmark største klimaeffekt altså findes ved udnytte indfangede opgraderings-CO2 lave elektro-metan . kombineres CO2 ’ brint fremstillet elektrolyse ved hjælp grøn strøm , hvormed metanen fungerer lager lagring el . PtX-produktion resulterer lagring 2 GW el , svarer ‘ opsamle 30 70 procent el-kapaciteten energi-ø timer , blæser maksimalt ’ , lyder rapporten . Diskussion bedste anvendelse rapporten Biogas Danmark udeladt regne , identificerer mest oplagte brug biogas-CO2 ’ . Nemlig udnytte erstatning industriel CO2 , dag fremstilles ved hjælp naturgas . Samtidig står situation , hverken bygget energiøer udfylde potentialet PtX modnet underjordiske lagre CCS . Ingeniøren tidligere beskrevet , altså god grund nøje overveje , CO2 ’ biogas-opgradering bedst tages brug . Biogas Danmarks direktør Frank Rosager tidligere peget samme retning brancheorganisationens nye rapport kåret PtX bedste udnyttelse CO2 ’ sigt . Omvendt ser både Klimarådets formand Peter Møllgaard klimaanalytiker Concito Tobias Johan Sørensen rigtigt gode muligheder lagring biogas-CO2 ’ , tale billigt alternativ lagring CO2 indfanget røggasser . Klimarådets formand ser helst brugen kulstof forbrændingsmotorer begrænset absolut minimum . Potentiale frozen policy sidste ende understreger nye rapport Biogas Danmark , klimagevinster hente ved udnyttelse udskilte CO2 , uanset biogasproduktionen udbygges branchens foreslåede 55 PJ 2030 60 PJ 2035 holder nuværende linje såkaldt frozen policy-tilgang . sammenligning Biogas Danmarks eget scenarie læner brancheorganisationen nemlig Energistyrelsens Klimastatus -fremskrivning 2022 ( KF22 ) , fremskriver produktion 51 PJ 2030 . resulterer reduktionspotentialer henholdsvis 1,5 millioner ton CO2e lagring , 2,0 millioner ton CO2e produktion elektro-metan 1,1 millioner ton CO2e produktion elektro-metanol .",
,2022-09-12 00:00:00,Datacentre sænkes ned i havet: En undersøisk serverpark i spil ved energiøen i Nordsøen,Ingeniøren,Link,"Senere år sænkes første kommercielle datacenter vand Stillehavet . dyrere booke plads dine data skyen . Tårnhøje elpriser får række datacenter-ejere varsle prisstigninger , senest Microsoft AWS sat byggeriet nye datacentre Europa pause . simpelthen rentabelt . Danmark planen åbner verdens største energiø Nordsøen , kan vel flere undersøiske datacentre tilknyttet . mens venter forsinkede udbud energiøen , arbejder to konsortier undersøge mulige datacenter-løsninger koblet energiøen . alligevel trækkes fiber- datainfrastruktur , så både energiøen omkringliggende havvindmølleparker forbundet omverdenen . » kan se stigende behov serverkapacitet styring vindfarmene , elnettet , balanceres kommende PtX-anlæg , « siger Sofia Dinesen , sustainability director GlobalConnect , del konsortiet ATP Ørsted spidsen , ønsker byde etableringen energiøen Nordsøen . Energiøen plads kommercielt datacenter infrastrukturen alligevel plads , adgang billig strøm havvindmølleparkerne omkring øen , så foreslår GlobalConnect etablere kommercielt datacenter forbindelse energiøen . » løsning umiddelbart oplagt store hyperskala-operatører , høj grad efterspørger grøn strøm . datacenteret placeres ved energiøen , kan kobles bag måler , hvilket giver bedre pris strømmen , tilfældet land - eksempelvis Jylland , bare 80 kilometer energiøen , « fortæller Sofia Dinesen . Danmark , trods vores beskedne geografiske størrelse , kendt ansigt blandt store hyperskala-virksomheder Google , Facebook Apple , placeret store datacentre dansk jord . » oplever stor efterspørgsel dokumentere CO-aftryk tjenester services , leverer , både offentlige private kunder . arbejder intensivt levere løsninger - både korte bane , længere sigt nye innovative løsninger eksempelvis energiøen Nordsøen , « siger Sofia Dinesen . Lige oplever GlobalConnect stor efterspørgsel grønne cloud-løsninger , kan datacenter energiøen næste generation . » spildes energi ved nedkøling servere . Luft indtil videre bedste kølemetode land , omstændighederne energiø gør , oplagt undersøge muligheder bruge vand køling , « siger Sofia Dinesen . andet konsortium , ledet Copenhagen Infrastructure Partners , tidligere oplyst , Rambøll undersøge mulighederne etablere kommercielt datacenter forbindelse energiøen . Hverken CIP Rambøll vendt tilbage Ingeniørens henvendelse . Selvom dags dato findes kommercielle datacentre drift vand , så projektets størrelse fordel , lyder GlobalConnect . » helt naturligt , kigger tekniske løsninger køling havvand , ligesom Microsoft undersøgt . Øen først stå klar 2030 , så tid udvikle modne tekniske løsninger , « siger Sofia Dinesen . Fiberkabler flettes strømkabler Lige afventer parter endelig udbud staten energiøen , forventes komme 2023 række forsinkelser . Derfor endnu uvist , hvilke specifikke krav staten stille fiber- datainfrastruktur øen . forventningen , kobles sammen . » helst lægge fiberkabler nærheden energikabler , fordi kræver større setup ved nedbrud energikabler , større kræver flere ressourcer vedligehold . vores fiberkabel revet , tilladelse energioperatørerne . Så forventer ligge samme område , 20 meters afstand , « siger Sofia Dinesen . kræver vis fleksibilitet designe datacenter , endnu kender energiøens dimensioner behov . » lidt anderledes modulært design , kan ændre tid . Designet hovedøen små øer omkring laves J-tubes . passer godt placere vores netværk J-Tube . behovet ændrer - fx bygges forskningscenter - så kan udvide undervejs , « siger Sofia Dinesen .",
,2022-09-13 00:00:00,Ledelse kan forløse klimapotentialet,Ingeniøren,Link,"ganske enkelt muligt løse klimakrisen uden IT- teknologisektoren . Alene inden digitale løsninger ifølge World Economic Forum CO2-reduktionspotentiale 20 procent frem 2050 . Ligesom før tilfældet historien , teknologiske løsninger , langt hen vejen kan føre mål , står overfor store kriser . forløse enorme klimapotentiale tech-sektorens store opgave kommende år . store mulighed . sidder aktører både offentlige private , mangler mulige typer klimaløsninger , kan optimere , gentænke , kombinere , effektivisere accelerere så videre , fordi snart opfylde nå egne klimamål . Hvordan del løsningen ? påstand , næsten nye teknologier digitale løsninger klimapotentiale . Enhver ledelse inden IT tech må altså spørge : Hvordan kan løse klimaudfordringen ? Kan vores produkt reducere CO2 andre sektorer ? Kan optimere processer ? Kan nytænke problemstilling ? Udviklingen videotelefoni oprindeligt tænkt klimaløsning , sparer dag tusindvis tons CO2 ( tid penge ) årligt gennem sparede flyveture . GPS-teknologien ligeledes heller tænkt klimaløsning , kan blandt andet bruges præcisionslandbrug , kan klimaoptimere fødevareproduktion markant . Ledelse kan forløse ledelse IT- ingeniørvirksomhed strategisk genovervejet potentiale klimaperspektiv , sættes retning . kommer ledelsesvinklen endnu tydeligere billedet . tingene sker , ineffektiv ledelse bør , forsinker resultater sektor , afgørende , mål . Klimapotentialer forløses , koordineres , mennesker holdes ilden . drejer store energiø-projekter , tidsplaner må overskrides ( slet ret hensyn klimaets overlevelse ) , omstillinger små store virksomheder , investeres nye teknologier , udvikles nye produkter afprøves løsninger gennem komplekse innovationsprojekter . kan dreje værdikæder , gentænkes radikalt . kræver ledelse , kan forløse , smidiggøre , facilitere . Ledelse altså nøglen . Ledelse kan skabe møder Nye klimaløsninger findes kanterne kendte brancher ( eksempelvis digitale sektor møder landbrug , restprodukter sektor kan anvendes helt sektor ) . Ligeledes kræver klimaomstilling ofte store længerevarende PPP ( public-private-people ) partnerskaber . Ledelse må sikre , forskellige interessenter kan tale sammen . Hver sektor kommer typisk forskellige sprog , verdenssyn interesser . opstå dilemmaer , misforståelser , skred tidsplaner osv . peger pilen igen gode ledelse . Ledelse kan engagere mennesker mindst mennesker komponent ligningen , oftest overses store omstillingsprojekter . ledelsen helt inde virksomheds sjæl redefinerer dens DNA grøn retning , sikres , resten organisationen del nye forståelse retning . nyt forøget fokus klima skabe spørgsmål , forvirring måske endda modstand blandt medarbejderne . stille spørgsmål : sige , virksomhed sat klima overordnet mål ? Betyder ændrede arbejdsopgaver ny organisering ? starter gode klimaleder IT- techbranchen bør spørge : Hvordan kan løse klimakrisen ? Forstår fulde forretningspotentiale ? Lav klimaanalysen . styr eget klimaaftryk ? reduktioner kan lave andre virksomheder ? medarbejderne nye dagsorden ? andre interessenter omverdenskrav ( EU-lovgivning etc. ) ? Hvordan kommunikerer bedst vores løsning omverdenen ? Ved , reel løsning ? sikrer , greenwasher ? Klimaledelse kan spændende disciplin , typisk samler masse ledelsesdiscipliner – forandringsledelse , ressourceledelse , kultur- værdiledelse . mindst måske verdens vigtigste form ledelse , bidrager løfte mest akutte samfundsudfordring , står overfor .",
,2022-09-26 00:00:00,Tyskland truer dansk adgang til udenlandsk arbejdskraft: 'Helt oplagt at rykke på',Ingeniøren,Link,"tysk tiltag gøre lettere lokke kvalificeret arbejdskraft landet . eftersyn tyske immigrationsregler fører dømme større overhaling tyske system løbet efteråret . sker , fordi Tyskland , ligesom andre lande , står akut mangel arbejdskraft , derved ønsker gøre lettere lokke kvalificeret arbejdskraft landet . nyt giver 'chancekort ' mulighed komme Tyskland uden job hånden , dag ansat igangsætte visumproces . » klart , stort naboland formentlig gøre nemmere få udenlandsk arbejdskraft , så konkurrence forhold vores virksomheders mulighed tiltrække samme kompetencer , « siger Lia Leffland , direktør ATV – Akademiet Tekniske Videnskaber . Peter Halkjær , arbejdsmarkedschef Dansk Erhverv , påpeger , initiativ tyske pointsystem gøre både nemmere mere attraktivt arbejdskraft uden EU søge retning Tyskland . » rykker lidt balancen forhold talenter , kan lade gøre virksomhederne tiltrække Danmark , « siger . Siger nej arbejdsopgaver Tyskland længe fokus hente udenlandsk arbejdskraft landet . 2020 indførte regeringen ny ‘ Skilled Immigration Act ’ målrettet faglærte ikke-akademisk uddannelse . kampagnen ‘ Make It in Germany ’ områderne ingeniører , it-specialister , forskere , læger andre sundhedsprofessionelle samt håndværkere udpeget særligt efterspurgte erhverv . Herhjemme danske virksomheder Topsoe , Cowi Rambøll igennem længere tid råbt manglen kvalificeret arbejdskraft . » Procesingeniører ­område , efterspurgt , konkret spiller , hvilke opgaver kan tage . situa­tion , – selvom vækster kraftigt – må sige nej opgaver , fordi mangler ressourcer , « sagde Klaus Winther Ringgaard , divisionsdirektør Cowis energidivision , juli Ingeniøren . alene sige nej opgaver . danske radarproducent Weibel Scientific følt nødsaget sige nej opgaver grund manglende hænder . Adm. direktør , Frode Scott Nilsen , overvejer lige , hvorvidt virksomheden åbne flere udenlandske afdelinger dæmme især ingeniørmanglen . Kan negativ effekt Peter Halkjær , arbejdsmarkedschef Dansk Erhverv , vurderer , konsekvenserne Tysklands tiltag afhængig , hvilken branche befinder i. Blandt andet ser områder life science , green tech it brancher , virksomheder relevant kigge rundt hele verden finde nye medarbejdere – dermed Danmark særligt konkurrence andre lande . kun tale konkurrence forhold løn , understreger arbejdsmarkedschefen , forhold hele processen omkring ophold arbejdstilladelse . Tyskland åbne mere smidiggøre processerne , kan dermed konsekvenser danske virksomheder . » fagområder , vanskeligt virksomhederne rekruttere , konkurrencen dygtigste hårdest , forudser , kan afsmittende negativ effekt forhold tiltrække talenter Danmark , « siger . nødvendigvis kopiere både ATV Dansk Erhverv mener , konkurrencen dygtigste talenter skærpes , Tyskland lemper mulighederne adgang , ser Dansk Industri umiddelbart tyske udmelding dårlig nyhed danske virksomheder . » viser bare , skarp konkurrence internationale arbejdskraft , højt specialiserede , derfor vigtigt , stadigvæk fokus international mobilitet mulighederne tiltrække international arbejdskraft Danmark , « siger Søren Kjærsgaard Høfler , politisk konsulent inden international mobilitet DI . tilføjer , altid interessant følge , andre lande gør , dermed sagt , kopiere Danmark . » klart udmelding , så kigger vores egne regler , sørger , fortsat fokus arbejder dagsorden , fordi internationale arbejdskraft så afgørende danske arbejdsmarked , udvikling , set , « tilføjer . Krav dansk bankkonto fjernes Søren Kjærsgaard Høfler peger , Danmark allerede findes række erhvervsordninger , muliggør international rekruttering , positivlisten beløbsordningen , ligesom fast-track-ordning , gøre lettere danske virksomheder hurtigt få internationale medarbejdere gang Danmark . nævner nye tillægsordning , træder kraft 1. december år , såkaldte beløbsgrænse periode sænkes 448.000 kr . 375.000 kr . forventeligt gøre lettere rekruttere især faglært arbejdskraft landet.Han ser gerne kravet eksempelvis dansk bankkonto helt fjernet , ligesom hurtigere sagsbehandlingstid ønskelisten . » rekrutterer internationalt , vigtigt , processerne Danmark hurtigere . fokus , processerne omkring opholdstilladelse , cpr-nummer , Nemkonto bankkonto fungere så smidigt overhovedet muligt , « siger . Dæmpe mulighed grøn omstilling Tysklands kampagneside ‘ Make It in Germany ’ it-specialister grønne jobs fremhævet ‘ top-temaer ’ . Lia Leffland , direktør ATV , håber , Danmark lade inspirere tyske initiativer , foreslår samtidig helt ny dansk brandingstrategi , gøre gældende kampen vigtige STEM-talenter . nævner blandt andet , står udviklingen etableringen nye energiøer samt investeringer vores infrastruktur . kræver både hænder hoveder . » Lige taler , mangel gas elektricitet masse andre ting . allerstørste mangler manglen talenter . nok arbejdskraft hele store omstilling , står blandt andet energiområdet . supplere dygtige , danske ingeniører andre STEM-profiler international talentfuld arbejdskraft simpelthen afgørende , Danmark kan stå godt fremadrettet , nødvendigt nå vores mål , « siger . Samme toner lyder arbejdsmarkedschef Dansk Erhverv , Peter Halkjær , kun fortaler , nemmere virksomhederne rekruttere internationale talenter , fastholde . mener , mest afgørende argument hente mere international arbejdskraft landet , simpelthen dæmpe mulighederne grøn omstilling teknologisk udvikling , gør . » brug skabe bedre rammer tiltrække udenlandske talenter . Uanset , gør nede Tyskland , så dagsorden , helt oplagt rykke Danmark , « siger Peter Halkjær . forventes , tyske beskæftigelsesminister , Hubertus Heil , løbet efteråret præsentere regeringen ny immigrationslov tiltag , gøre muligt hente mere kvalificeret arbejdskraft landet .",
,2022-10-03 00:00:00,Smeltevandsdal under havbunden: Nyt fund skaber tvivl om placering af energiø,Ingeniøren,Link,"Havbunden Nordsøen kan gemme problemer ­kunstige energiø Nordsøen , levere 3 GW havvindmøllestrøm 2033 . Cirka 100 kilometer ude Nordsøen stik vest vestjyske by Thorsminde Energistyrelsen udset gunstig lokation ­kunstige energiø , fungere transmissionsled 3 GW havvindmøllestrøm 2033 sigt 10 GW . ligger banke , vanddybden 26-40 meter langt gennemsnittet 95 meter Nordsøen . reducerer både kompleksitet pris ved anlæg selve øen . nordsøiske dyb stødt forhindring . Undersøgelser undergrunden viser , cirka 100-170 meter havbunden ligger sedimentfyldt dal , formentlig levn seneste istid . Dalen krydser hele område 2,5 x 2,5 km , lavet forundersøgelser i. sedimentlag dalen klarlagt , to konsortier , vist interesse med­finansiere bygge energiøen , fraråder ønskede placering . » tykke kvartære aflejringer palæokanalen udgør stor risiko anlægsarbejdet , « skriver VindØ-­konsortiet , består pensions­kasserne PFA PensionDanmark energiselskabet Andel , dokument Energistyrelsen , Ingeniøren fået aktindsigt i. VindØ hyret entreprenør- ingeniørhold bestående blandt andre MT Højgaard hollandske anlægsfirma Boskalis , laver udgravninger Femern-tunnellen . » kræve omfattende geo­teknisk undersøgelse , angår både antallet boringer dybder , nødvendigt få undersøgt få afdækket jordlagene tilstrækkeligt , « lyder videre dokumentet VindØ . Ø minimum 120.000 m2 Størrelsen selve øen , formentlig plads transformerstationer , driftscenter overnatningsmuligheder , stadig fastlagt . mindste version tegnebrættet 120.000 m2 , mulighed designe ø helt 1 km2 . Fakta Energiø Nordsøen kunstige ø Nordsøen ligge ca . 100 km jyske vestkyst omkringliggende havvindmølleparker ca . 80 km Thorsminde . Øen huse eltekniske anlæg transport strøm møllerne elnettet , eventuelt havn servicefaciliteter første 3 GW havvindmølleparker Nordsøen , stå klar 2033 . 2040 øen vindmølleparker udvides 10 GW . planer , plads Power-to-X- anlæg øen . Øen , vindmølle­parkerne tilknyttede el­infrastruktur estimeret 210 mia . kroner . Projektet udbudt OPP-model , konsortium står anlægget efterfølgende medejer deler indtægterne danske stat . [ /box ] Potentielt mulighed placere øen inden ønskede område uden sedimentfyldte dal , VindØ-konsortiet foretrækker , begynder undersøge nyt område par kilo- meter nordvest , lav dybde , ingen smelte­vandsdale havbunden . Udfordringen ved anlægge øen oven undergrundsdal , øen tid begynder sætte uhensigtsmæssigt , ­fordi undergrunden sætter , siger Lars Bo Ibsen , professor ved forskningsgruppen Geoteknik Fundering Aalborg Universitet . » kan sammenlignes svamp vand , presset . værste fald kan ske stabilitetsbrud , « forklarer . » geologiske tider masse floder , gravet , efterfølgende geologiske tider fyldt andet materiale . bange , organiske aflejringer , gør , jorden særlig stærk . kan kun afklare ved lave undersøgelser. « Kanalen havbunden behøves gemme hovedpine . » eksempel fede tertiære lerarter , . står gamle Lillebæltsbroen , kun sat cirka 1 meter cirka 100 år , « siger Lars Bo Ibsen . endnu besluttet , Energistyrelsen afsætte penge få undersøgt dybere uudforskede sedimentlag dalen . dermed heller energiøen placeres feltet 2,5 x 2,5 km . Ingeniøren spurgt Mogens Hagelskær , vicedirektør Energistyrelsen ansvaret energiøerne , mest sandsynlige lokation . » område , haft størst sigte , tror , kan sige , mest sandsynlige , « svarer . god tid få placering plads , mener : » lavet undersøgelser ­dele banke ( 2,5 x 2,5 km-­arealet , red . ) , fordi vurderet , teoretisk grundlag mest velegnede . Så laver undersøgelser , så klogere , kan godt , haft øje , ændres smule . kan nå ske gange , inden underskriver kontrakt . stadig langt stadie , etablere , så helt rolige. « Mogens Hagelskær pointerer , endelige placering først forseglet , indgås kontrakt private konsortium , medejer stå anlægget . kontraktindgåelsen kan tale småjusteringer ø-placeringen , siger . sidste ende kan konsortierne endelige tilbudsmateriale placere energiøen , lyst , inden afgrænset område 23 km2 dansk farvand , identificeret lav vanddybde . Flere elementer holdes åbne Energistyrelsen stillet række funktions- kvalitetskrav øen , elementer konkrete design , størrelse placering holdt åbne . Udpegningen placering sker praksis dialog ­danske stat . både markedet poten­tielle tilbudsgivere ­danske stats interesser giver mest mening , størstedelen under­søgelser havbunden underliggende sedimentlag gennemført inden udbuddet , hvilket Energi­styrelsen Energinet står . Udfordringen danske stat , ubegrænsede midler geotekniske undersøgelse adskillige lokationer . Så hvornår siger Energistyrelsen stop ? » tidspunkt sige , mener , lavet tilstræk­kelige undersøgelser , kan lave vores udbudsmateriale sætte udbuddet gang , så må pri­vate part supplere egne undersøgelser bede gøre regning , « siger Mogens Hagelskær .",
,2022-10-04 00:00:00,Vi har ikke hænder og hoveder nok til den grønne omstilling,Ingeniøren,Link,"Danmark bekendt bindende mål reducere udledningen drivhusgasser 70 procent frem 2030 . kræver blot lang række investeringer grøn teknologi viden , prioritering arbejdskraft , rådighed fremtiden . Nye tal tænketanken Concito viser arbejdskraftsefterspørgsel 50.000 årsværk frem 2030 . Samme analyse viser , arbejdsstyrken samme periode vokser 26.000 . Væksten arbejdsstyrken kan dermed langtfra ventes lukke hullet . Pengene problemet Senest besluttet udvide Energiø Bornholm 2 3 GW , selvom lokale kræfter forbindelse talte , hvordan betyde efterspørgsel helt nye specialister øen , bestod regeringens skåltaler løfter lignende omkring , hvordan nødvendige arbejdskraft kan tænkes tilvejebringes slet , hvordan efterspørgslen måtte passe eventuel ligning øvrige højt prioriterede energiprojekter , ser dagens lys år – måneder . landene omkring tiden naturligt stort fokus investeringer vindkraft grøn energi , aktualiseret konsensus ønsket slippe russiske gas . investeringer havvind nå danske 70 procents-mål udgør ifølge Concitos beregninger 175 milliarder kroner alene . Intet tyder , vanskeligheder finde pengene investeringerne . Flere danske pensions- energiselskaber blandt andet meldt banen finansiere drive energiø Nordsøen , melder banen , udbud . gerne give gode muligheder yderligere danske eksporteventyr . . store udfordring elefanten rummet altså , ser lige , hænder hoveder nå danske mål endnu mindre katapultere teknologi energi verden . Oplagt stoppe udflytning uddannelser række knapper , kan skrue finde del arbejdskraft , behov . oplagt frugt plukke – ellers smidt kompostbunken – stoppe udflytningen videregående tekniske uddannelser . DTU alene øge optaget 2030 500 studiepladser . kan samfund markant bedre skabe incitamenter fastholde seniorer længere arbejde . ligger stor del ansvaret erhvervslivet offentlige arbejdspladser . gælder indsatsen fastholde tiltrække flere internationale talenter , afgørende politiske greb , gælder især antallet studiepladser . så gerne national kampagne uden landets grænser , selvom bestemt eneste land , ønsker rekruttere vej . Uanset kommer udenom prioritere , kernen vores appel Christiansborg . savner simpelthen åben erkendelse , kan hele slet én gang . IDA ønsker instans systematisk , kontinuerligt kompetent kan følge udviklingen uddannelsesområdet kobling arbejdsmarkedet svare spørgsmål : Får rette kompetencer uddannelser , ? mismatch , hvordan kan udbedres ? Hvordan kan omskoling opkvalificering bidrage ? dag ingen , opgave , fulde overblik . form uafhængigt kompetenceråd give nødvendige grundlag hjem svære diskussion afklaring , hvordan finder hænder hoveder løfte blandt andet grønne omstilling oplagt etablere side folketingsvalg , Danmark tiden kollektivt afventer . Store beslutninger energiområdet står tydeligvis stille , svarene arbejdskraftmanglen bør følge .",
,2022-10-06 00:00:00,Evida når frem til milliardgevinst på brintnet: 'Udokumenteret' og 'misvisende',Ingeniøren,Link,"rapport samfundsøkonomiske gevinst ved bygge rørsystem gastransport får kraftig kritik energi- økonomieksperter . hårde ord , kommer række danske økonomi- energieksperter vurdering ny rapport gasdistributionsvirksomheden Evida samfundsøkonomiske gevinster ved opbygge rørbaseret netværk transport brint . Rapporten udarbejdet konsulenthuset Deloitte Economics , oplyser , beregningerne bygger retningslinjer danske myndigheder . Rapporten forudser , samlet nettoværdi 16 milliarder kroner , netværket opbygges , Evida planlagt . Så hvorfor al postyr omkring brint , rør samfundsøkonomi ? engang gået gang opføre store PtX-anlæg , grønne brint produceres ? Baggrunden bred aftale folketinget . fastslår , skabes nødvendige rammer , brintnetværk kan etableres . grønne el vindmøller solceller begynder overstige elforbruget , derfor produceret brint store mængder , så brinten transporteres rør , samme måde dag transporterer naturgas . kommer rigtig brint kommende PtX-anlæg , så mulighed eksportere brint Tyskland . Politikerne beslutte , hvem eje netværket . Valget står mellem Evida , ejet Finansministeriet , Energinet , ejet Klima- , Energi- Forsyningsministeriet . Økonom : Udokumenteret Jan Bentzen , lektor økonomi Aarhus Universitet , mener , beregningerne Deloitte-rapporten høj grad bygger vurderinger kvantificeringer 'bløde ' værdier . » elever afleveret opgave , så dumpet . bare resultaterne , præsenteres uden nogen form dokumentation mulighed regne vurderes rimeligt . sprogbruget , ingen måder standard inden sådanne beregninger , « siger peger sammenblandinger ord 'gevinst ' 'samfundsøkonomisk nettoværdi ' . Jan Bentzen siger , samfundsøkonomiske analyser velegnet beregne effekter store infrastrukturprojekter lang sigt - 40 år ude fremtiden . kun tager konkrete effekter beregningerne . eksempel bro , erstatter færge , naturgasnet , gassen erstatter andet brændsel . » rapporten fyldt 'vurderinger ' lang række bløde effekter , ligger langt væk selve brint-røret , umulige kvantificere . eksempel værdien 'ekspertise knowhow ' , nutidsværdi 4,7 milliarder kroner , « siger kalder resultat 'helt ude tredje revle stormvejr ' . Professor : Misvisende Brian Vad Mathiesen , professor energiplanlægning Aalborg Universitet blandt andet forskerne bag IDA ’ s Klimasvar 2045 , kalder voldsomt misvisende , give bud nettoværdi , mangler afgørende viden . gælder eksempel erfaringer PtX-anlæg , slet opført endnu , svar , brint produceres energiøer land , grundlæggende spørgsmål national brintnet overhovedet nødvendigt . » fordi , kan lade få overskud . kan bevises så usikkerheder , « skriver Brian Vad Mathiesen mail Ingeniøren . Energianalytiker : Mærkværdigt Partner Ea Energianalyse , Hans-Henrik Lindboe , kalder mærkværdigt , Evida kan finde offentliggøre rapport så afgørende betydning kommende infrastrukturprojekt uden offentliggøre forudsætninger- beregningsmetoder . » kan se , hvordan rent faktisk kommet frem tal , så rapporten ligegyldig , « siger hæfter ved , Evida offentlig ejet selskab , fremlægger positivt tal infrastrukturprojekt , gerne penge . » give uafhængige analytikere mulighed gå forudsætningerne kritisk , « siger pointerer , rørnet brint sagtens kan vise samfundsøkonomisk god ide . Rapporten svarer bare spørgsmål . Ingeniøren bedt Evida baggrundsdata rapporten . Evida henviser Deloitte , mail skriver , økonomiske miljømæssige data omfattet fortrolighedserklæring Evida , Deloitte gerne stiller interview besvarer specifikke spørgsmål omkring antagelser hypoteser , fører frem resultaterne cost-benefit-analysen . Ingeniøren sagt nej tak , medmindre tredjeparter - eksempel tre eksperter , optræder artikel - får mulighed gennemgå beregningerne . Deloitte efterfølgende opfordring Ingeniøren fremsendt del data , udgør beregningsgrundlaget samt detaljerede resultater . sendt videre vurdering eksperterne . desværre megen hjælp hente tal , siger lektor økonomi Jan Bentzen : » fremlægger bare parametre resultater , uden kan se , hvordan regnet sammen . intet , viser , modellen korrekt , dermed kan stole resultaterne , « siger Jan Bentzen . hæfter ved , flere parametre stemmer tal , normalt bruges samfundsøkonomiske beregninger . gælder eksempel diskonteringsraten nettoafgiftsfaktoren . » beskæmmende , Evida foreslår investeringer otte milliarder kroner , uden mulighed gennemgå beregningerne , « siger .",
,2022-10-07 00:00:00,LEDER Valgets vigtigste spørgsmål: Hvem skal levere de teknologiske løsninger?,Ingeniøren,Link,"Så kom folketingsvalget . tide utide , lade andre vurdere - centrale , får sammensat folketing , klar finde løsninger tidens største udfordringer . gælder både kort sigt , først pandemien krigen lavet rod globale logistik , truer energiforsyning , holder vores huse varme virksomhedernes hjul gang , sender mørke skyer verdensøkonomien . lang sigt , ødelæggende accelererende klimaforandringer venter , får styr pandemi Putin . handles . Nok regeringen ifølge egne beregninger nået lave aftaler , sammen nå tre fjerdedele CO2-besparelse , nå 70 procent-målet , bredt politisk flertal enige . konkrete udledning Socialdemokratiets tre-årige regeringsperide ifølge Energistyrelsen alene faldet fire procent . aftalerne hængt stadig umodne teknologier CO2-fangst lagring Power-to-X , samt uproblematisk fremdrift opførelsen energiøerne , bevæger ukendt land . Lykkes , så regeringens såkaldte hockey-stav - satsningen lade teknologien sikre helt store CO2-besparelser tæt målstregen frem sikre besparelser - så slatten , kan skyde bolden mål . historisk vist , regeringens farve haft stor betydning viljen lægge arm klimaforandringerne , ser , hvert fald store gamle partier begge sider Folketinget enige , grønne omstilling absolut vigtigste opgaver , Danmark vigtig rolle vise vejen løsningerne grønt foregangsland . kun partierne ydre højrefløj , trukket grønne arbejdstøj , kan lidt bekymret eventuel borgerlig regerings parlamentariske grundlag , Danmarksdemokraternes mærkesager lempelse reguleringen landbruget . landbrug , står mere tredjedel Danmarks CO2-udslip , stigende 40 procent 2025 ifølge rapport Energistyrelsen , landbrug , foreløbigt fået lov trække frinummer klimakampen . Mens Konservative røde fløj går CO2-afgift landbruget , sætter Venstre tilsyneladende lid teknologiudviklingen grønne plan , - bl.a . penge salg Ørsteds havmølleforretning - skrue grønne forskning inden landbrug fødevarer . flertallet partier valget ellers kan finde samarbejde hen midten , så måske håb , klimaindsatsen kan komme styrket valget . endnu vigtigere , både Danmark resten Europa formentligt kommer skovle kul ovnene kommende vintre , så kan holde varmen holde gang produktionen - kul ellers dømt ude CO2-regnskabet . fordrer endnu hurtigere omstilling fossilfrie energikilder , så merforbruget kompenseres hurtigere udfasning overgang ren grøn energi . kan længere vente tøvende kommuner - ej heller borgernes bremsende kamp undgå nærområder . åbningstale dagen før valgudskrivelsen opremsede statsminister Mette Frederiksen fire væsentlige opgaver , næste store skridt klimakampen nævnt nummer tre . Desværre fulgt fjerde spørgsmål : “ Hvordan sikrer danskerne tryghed frihed leve lige præcis liv , ønsker ? ” sigende statsminister , haft ambitiøst grønt flertal bag , hele tiden fastholdt , danskerne helst slet mærke klimaindsatsen . brug regering , træffe valg danskernes vegne , betyde , kan leve præcis liv , ønsker , indebærer leve , spise , transportere , forbruge rejse præcis , plejer - samme mølle-fri udsigt stuevinduet . så brug politisk flertal , tager manglen kompetencer løse tidens store udfordringer alvorligt . synligt , mangler sygeplejersker hospitalerne pædagoger passe vores børn - alvorlig sag . løse tidens største problemer , enten klimakrisen , cybersikkerheden , forsyningskrisen sundhedskrisen , så dygtige ingeniører , matematikere , forskere it-folk , hjælpe løsningerne . Manglen STEM-kompetencer måske nok mindre synlig almindelige dansker , lige så vigtig få gjort ved . Så sent tirsdags lød meldingen Center Cybersikkerhed , største udfordringer cybersikkerheden Danmark sikre specialister nok , samme melding lyder flere fronter grønne omstilling . Mette Frederiksen sagde åbningstale : “ fremtidige regnestykke går . færre færre erhvervsdygtige alder. ” Alligevel deltager aktivt , endnu engang tegner kamp levere strammest mulige indvandrerpolitik . kompetenceproblemet løses , brug politikere , tør se udenlandsk arbejdskraft del løsningen . Både , allerede landet , får lov arbejde , , virksomhederne ønsker hente hertil , kan finde kompetencerne herhjemme . fordel se Tyskland , netop smidiggjort immigrationsregler tiltrække nødvendige arbejdskraft . uddannelsesområdet rettidig omhu invitere flere unge mennesker Danmark uddanne , frem lukke vores engelsksprogede uddannelser . så behov politikere vilje prioritere vores uddannelser forskningsindsatser fordel STEM-områderne . kan komme langt teknologiske løsninger , kræver , nok hoveder udtænke producere . Lad derfor få gjort helt klart valgkampen , får kompetence-regnestykket gå STEM-området , så får løst tidens største udfordringer .",
,2022-10-14 00:00:00,Kritik af EU-plan om at beskytte søkabler: 'Den tager ikke truslen fra Rusland alvorligt',Ingeniøren,Link,"Kommissionens fempunktsplan beskyttelse undersøiske kabler utilstrækkelig , lyder dansk ekspert området . EU-kommissionens nye plan overvåge beskytte undersøiske gas- el- datakabler helt utilstrækkelig . dæmmer trussel , Europas infrastruktur , siger danske professor Internationale Relationer , Christian Bueger Københavns Universitet . specialiseret trusler kritisk infrastruktur havbunden skrevet flere rapporter emnet , senest EU-Parlamentet . kølvandet sabotagen Nord Stream-gasrørene fremlagde EU-kommissionens formand Ursula von Leyen 5. oktober fempunktsplan , eneste bud øget overvågning gøre brug eksisterende ESA-satellitter . gør store forskel . » Satellitter gode , forhånd ved , kigge . nødt skibe , droner overvågning havet opdage mistænkelig aktivitet se havoverfladen . dag , Europa undersøisk blind , « siger Christian Bueger , mener , årevis overhørt advarsler . rapport Europa-Parlamentet juni beskrev Christian Bueger kollegaer , hvordan EU klar voksende russisk ubåds-aktivitet omkring undersøiske kabler siden 2015 . 2017 fik EU advarsler Nato , hidtil uset russisk aktivitet omkring undersøiske kabler . påpeget Norges efterretningstjeneste rapport starten sidste år . Nato flere gange advaret , Rusland investeret særligt skibe stealth-mini-ubåde ødelægge kabler , ligesom klippede kablet Krim annekteringen 2014 . lever vores Nato-ansvar EU-kommissionens fempunktsplan indeholder - udover øget satellitovervågning - forslag bedre cyberforsvar , samt undersøgelser ( ‘ stress-test ’ ) , sårbar infrastrukturen enkelte lande . andet forslag øget backup-kapacitet dieselgeneratorer styrket samarbejde Nato især USA . Nato-artiklerne fremgår , netop infrastruktur nationalt anliggende . Medlemslandene stand beskytte infrastruktur overkomme angreb . Nato kalder modstandsdygtighed 'modstandsdygtighed først fremmest nationalt ansvar ' , fremgår artikel 3 . » Flere lande lever princip , herunder Danmark . gør kun udfordringen større ved basere grønne omstilling ubeskyttet netværk elkabler energiøer Nordsøen , « siger Christian Bueger . Undersøiske kabler kan saboteres anker rapporten EU-kommissionen peger forskerne , stor forskel , hvordan landene forsøger beskytte kabler . Portugal Spanien eksempel gjort militær opgave beskytte undersøiske datakabler , mens Danmark udliciteret opgave industrien . » EU fokuseret risikoen cyberangreb , lukket øjnene fysiske kabler havbunden . nødt vågne forstå , øjeblikket ser flere tegn , står kamp fysisk infrastruktur land havet , « siger Christian Bueger . rapporten Europa-Parlamentet forskerne især haft fokus datakabler havbunden , dag indeholder 97 procent al internettrafik rygraden vores datadrevne samfund økonomiske transaktioner . Alligevel kablerne » ofte blevet glemt fået minimal opmærksomhed politikerne , « overladt reparation industrien , fremgår rapporten . gør ekstremt sårbare . Flere steder ligger kablerne fuldkommen ubeskyttede havbunden kan saboteres enkle midler . » behøver slet avanceret teknologi miner ubåde . Datakabler kan rive ved blot smide anker lade trække kablet . simpel opgave , kan udføres civilt skib uden vække stor opsigt , « siger . Behov flere kabelskibe reparation dag reparationer datakabler store dele Europa omfattet fælles aftale såkaldte atlantiske kabelvedligehold- reparationsaftale ( ACMA ) , dækker Atlanten , herunder Nordsøen . ACMA kun to reparationsskibe Europa , godt nok , lyder kritikken . » fald udsat sabotage flere steder , så slet skibe få datakablerne gang igen . Derfor anbefaler , EU egne reparations-skibe , uafhængige industrien , samt faciliteter kabler , « siger Christian Bueger . Koordineret overvågning punkt mulighed , EU relativt hurtigt kan øge overvågningen søs . EU 's nye maritime sikkerhedsstrategi lægger nemlig øget vidensudveksling tværs EU-institutioner medlemslande . gælder især tre EU-agenturer Europæiske Søfartssikkerhedsagentur ( EMSA ) , EU-Fiskerikontrolagenturet ( EFCA ) Europæiske Agentur Grænse- Kystbevogtning ( Frontex ) . næste år udveksle information gennem såkaldte CISE-samarbejde ( Common Information Sharing Environment ) . arbejdet indgår militære projekter koordineret europæiske forsvarsagentur , , ifølge Christian Bueger , oplagt pålægge overvågning infrastruktur havoverfladen . sker nemlig dag .",
,2022-10-27 00:00:00,Forsker angriber notat om a-kraft i Danmark: 7 løse påstande og faktuelle fejl,Ingeniøren,Link,"» virker , forstået teknologien , « lyder sektionsleder DTU Fysik notat 16 forskerkolleger , vurderer , atomkraft dårlig ide Danmark . nyt notat 16 forskere , skrevet bringe fakta debatten atomkraft , fyldt misforståelser , løse påstande faktuelle fejl . lyder kritikken Bent Lauritzen , sektionsleder ved DTU Fysik landets førende eksperter inden kontroversielle energiteknologi , læst ‘ Fakta Atomkraft : Input faktabaseret diskussion fordele ulemper ved atomkraft del grønne omstilling Danmark ’ . » virker , forstået teknologien . vurdere , atomkraft Danmark , bør mindste undersøge seriøst grundlag , mener , , « siger . kan pege stribevis fejl notatet skrevet 16 forskere , heriblandt energi- økonomiprofessorer Aalborg Universitet , Syddansk Universitet , DTU , Københavns Universitet Aarhus Universitet . kommer række ifølge Bent Lauritzen mest fejlagtige påstande antagelser , langt udtømmende liste : 1 . A-kraft indebærer sikkerhedsrisiko notatet nævnes , » uanset placerer atomkraftværk Danmark indebære sikkerhedsrisiko hele landet « . Bent Lauritzen vurderer imidlertid , sidste del udsagnet direkte forkert . » tegner skræmmebillede . Ulykker sker , moderne atomkraftværker føre stor katastrofe , fordi bygges ‘ core catcher ’ , dobbelt inddæmning passive sikkerhedssystemer , forhindrer spredning radioaktivt materiale , « siger . Fukushima-ulykken 2011 , henvises notatet , reaktorer Europa udsat såkaldt stresstest , simulerede total strømafbrydelse fuldstændig mangel køling , forhindre kernenedsmeltning ved konstant føre varme væk kernen . eneste værk lukket baggrund stresstesten , konstaterer Bent Lauritzen . 2 . Atomreaktor velegnet hurtig 'ramping' misforståelse ifølge Bent Lauritzen , nævnes , atomreaktor dampturbine lige så velegnet hurtig 'ramping ' » rent teknisk bedre « gasturbine , fremtiden kan køre grøn biogas . 'Ramping ' betyder , skrues produktionen afhængigt svingende elproduktion vindmøller solceller . » ved gasturbiner , konklusionen forkert . Selvfølgelig kan lave lastfølge atomkraft . moderne kraftværker designet . Hvordan kan lave rapport uden bevidst ? « 3 . Baserer uran Rusland Bent Lauritzen kritiserer påstanden notatet , » næppe ønsker vælge atomkraftteknologier , baserer uran Rusland « . første produceres brændsel reaktor gennem flere trin ( udvinding , konvertering , berigelse fabrikation endeligt produkt ) . Rusland indgår trin del brændsel , bruger Europa , forklarer . » europæiske energiselskaber klar , væk afhængigheden russisk brændselsteknologi . Derfor arbejder øge konverterings- berigelseskapaciteten . foregår allerede , tidshorisonten komme væk russisk brændsel ligger 2-3 år. « 4 . byggetid 15 år Endnu kritikpunkt anslåede tid , tager opføre atomkraftværk . notatet nævnes - baggrund års forsinkelser tre konkrete atomkraftprojekter ; Olkiluoto 3 Finland , Hinkley Point C Storbritannien Flamanville 3 Frankrig - tager 5-8 år planlægge nyt atomkraftværk , dertil tager cirka 15 år første spadestik , sender strøm elnettet . » EPR-reaktorer ( European Pressurized Reactor , red . ) , ligesom bruge IC4-togene eksempel fremtidige tog . værker , tegnet færdige , påbegyndte opførelsen EPR-enhederne , kompetencer erfaringer , dag , « siger Bent Lauritzen . stedet kigger byggetiden atomreaktorer opført hele verden perioden 1981-2020 ligger byggetiden gennemsnit syv år . seks reaktorer , startede 2021 , tog gennemsnitligt 7,1 år første spadestik produktion elektricitet elnettet , viser ny opgørelse World Nuclear Industry Status Report . Tre reaktorer , startede elproduktionen sidste år , ligger Kina , forskerne bag nye notat inkludere estimat byggetiden , fordi værker opført Kina ( Indien ) stiller » andre krav byggeri sikkerhedskrav , gælder Vesteuropa « . ifølge Bent Lauritzen forkert antagelse . » bekendt , atomkraftværker Kina Indien bygges anderledes andre steder . Kina opføres EPR ’ , helt ens Frankrig , så overbevist , slækkes sikkerhedskravene. « Derudover henviser tal Internationale Atomenergiagentur , IAEA , vurderer , tager 5-10 år politiske beslutning , byggeriet atomkraftværk kan starte . » højtindustrialiserede Danmark taler snarere 5 år 10 , viljen , « siger Bent Lauritzen . Bent Lauritzen føler heller overbevist , generelt går hurtigere bygge vind solenergi , tager højde kapaciteten . » kigger samme produktionskapacitet , så tager måske endda længere tid . Energiøerne står først klar midt 2030 ’ erne , så taler altså 10-15 år beslutningen taget. « 5 . Notatets prisestimater kritiserer prisestimater atomkraft , indgår nye notat . benyttes estimater Internationale Energiagentur , IEA , pålidelig kilde . problemet ifølge Bent Lauritzen , forskerne bag notatet lægger ‘ ekstraomkostning ’ tre vesteuropæiske EPR-reaktorer , selvom ifølge allerede må antages inkluderet IEA ’ s prisestimater . 6 . Kapacitetsfaktor 75 procent Derudover mener , burde taget højde , atomkraftværker kan bruges varmeproduktion , væsentligt forbedrer økonomien atomkraft . Desuden regner IEA typisk kapacitetsfaktor 85 procent , EPR ’ andre nye reaktorer regner 90 procent . » forfatterne skruer 75 procent . savner begrundelse , hvorfor gjort , « siger Bent Lauritzen . 7 . SMR-værker relevante notatet nævnes små modulære reaktorer kort , afskrives hurtigt mulighed . » Små modulære reaktorer ( SMR ) , udvikling blandt andet danske firma Seaborg Technologies nuværende tidspunkt kommercielt tilgængelige . Internationale studier indikerer markant billigere nuværende atomkraftteknologi . baggrund , tyder , SMR-værkerne ændre billede , beskrevet ovenfor. « stiller Bent Lauritzen uforstående . » forstår , hvorfor bruger Seaborg fjerdegenerationsreaktor afskrive SMR ’ , udvikles SMR ’ baseret kendt teknologi , « siger . Selvom første SMR ’ verden sandsynligvis koster samme - dyrere - konventionel atomkraft , så hele drivkraften ved udvikle netop reducere byggeomkostningerne ved fabriksfremstille moduler simplificeret design , forklarer . Selvom Bent Lauritzen fortsætte påpege fejl , så glæder trods , atomkraft debatteres Danmark - både offentligheden blandt forskere . Ingeniøren arbejder få kommentar Bent Lauritzens kritik 16 forskere bag notatet .",
,2022-10-27 00:00:00,Moderaternes klimaudspil: Flyafgift og koncessionsmodel for havvind,Ingeniøren,Link,"Moderaterne finansiere havvindmølleprojekter inspiration statens samarbejde olie- gasudvindingsindustrien 1960 ’ erne . Moderaternes politiske leder , Lars Løkke Rasmussen , fremlagt partiets klimaudspil kaldet ‘ Grøn Konsekvens ’ . udspillets forslag koncessionsmodel udbredelse havvind Nordsøen , aftaler mellem staten potentiel investor . Partiet ønsker , koncessionsmodel give staten del potentielle gevinst , mens eksterne investor står tilbage finansieringen risikoen . Helt konkret betyder , mulig energiø-investor betale årlig udgift staten såkaldt ‘ eksklusivret ’ lave forundersøgelser bestemt havbundsområde Nordsøen . ‘ optionspræmie ’ -udgift efterfølgende årligt fast beløb staten få ret udnytte bestemte havområde , eventuelt kan kombineres aktier projektet ved given milepæl . » energi-øen stadie økonomisk overskud indtræffer progressiv overskudsdeling mellem investor staten , staten modtager andel overskuddet , øges takt investors afkast , « står konkret programmet fortæller , inspirationen model kommer statens samarbejde olie- gasudvindingsindustrien 1960 ’ erne . Borgere motiveres mindre forbrug Partiet forslag , private bedre kendskab forbrug egen bolig . udspillet fortæller Moderaterne , inspirationen kommer danskernes større opmærksomhed energiforbrug grund krigen Ukraine . Ligesom dag muligt overvåge dit el-forbrug via eloverblik.dk , så partiet etablere såkaldt ‘ energioverblik.dk ’ , viser privates samlede forbrug el , varme gas . » tal husstandens samlede forbrug kan måle imod tilsvarende husstandes forbrug , hvilket kan motivere gøre endnu mere nedbringe optimere energiforbruget opfange unaturlige pludselige høje energitab , « skriver Moderaterne . Kritik Radikale Venstre Desuden ønsker partiet klimamærker fødevareprodukter højt CO2-udledning , offentlige arbejde målrettet bæredygtighed samt gennemsnitlig grøn afgift 80 kroner flyrejser , sidste lande Europa , afgift flyrejser . politisk næstformand Radikale Venstre , Martin Lidegaard , lagt mærke , partiets forslag udspillet allerede undervejs . Derfor går Lidegaard partiformanden . » tydeligt , Lars Løkke først lige stemplet klimadiskussionen . gæst , kommer to timer sent middagen insisterer , hele selskabet lige tage samtalen forfra , så opdateret , « siger Martin Lidegaard Ritzau ifølge Klimamonitor .",
,2022-11-07 00:00:00,Risiko for en brintboble: En sulten branche investerer og tænker stort for tidligt,Ingeniøren,Link,"vælter frem brintprojekter Danmark , inden ved , brug , bygges . Danmark plan producere brint via power-to-x , næsten høre lettelsens suk samlede danske brintbranche , Energistyrelsens nye analyseforudsætninger 2022 sendt høring efteråret . Analyseforudsætningerne officielle tal , Energistyrelsen bruger planlægge udviklingen energisystemet Danmark helt frem 2050 . forrige datasæt 2021 PtX angivet blot 1 GW elektrolysekapacitet 2030 , kan læse , lagt 4,9 GW 2030 helt 25 GW 2050 . Planlægningstallene styrelsen betyder , PtX-projekter , allerede annonceret , kan tage næste skridt , nye tal givet signal , kan forvente politi­ske initiativer kommende år , gælder lovgivning mulige støttekroner 48 store små projekter linet , masser tage fat , organisationen Brintbranchens direktør , Tejs Laustsen Jensen , siger , nye tal skabt » enorm appetit komme gang « . gælder både ­konkrete PtX-anlæg rør , forbinde forbrugerne muligvis anvendes eksport . Billigere bruge el direkte Ifølge Brintbranchen dag samlet produktionskapacitet brint 4,4 MW , ser samlede kapacitet 48 projekter spoler tiden frem 2030 , allerede langt forbi 4,9 GW , analyseforudsætningerne forudser : Nok nærmere dobbelte . Imidlertid peger kritikere – heriblandt internationale NGO Bellona hovedkvarter Oslo – , enorme fokus brint kan ende regulær boble . produktionen brint kræve enorme mængder el vedvarende energi store energitab følge . stedet langt billigere , miljømæssigt bedre mindre kompliceret bruge el direkte batterier biler , busser , fly varmepumper opvarmning . investorerne kan måske nok finde byggeplads PtX-anlæg argumentere marked , set projekter Esbjerg Avedøre . stat myndigheder involveres helt andet niveau , lægges plan , hvornår etableres nyt elnet forsyne brintproduktionen energi lægges rør jorden , brinten transporteres væk . andre ord tale ‘ hønen-ægget-hønen ’ -situation , komme først : Infrastrukturen , understøtter produktionen , produktionen , giver anledning udbygning infrastruktur , markedet , aftage produktet . Fremtidsscenarier Lad derfor skrue tiden frem 2030 havnen Esbjerg . internationale energigigant H2 Energy opført PtX-anlæg 1 GW elektrolyse årlig produktionskapacitet 100.000 ton grøn brint . Brinten kan både bruges industrier havnen sendes via rørledning Fredericia , forsyner tankstationer tung lastbiltransport produktion jetfuel lokale raffinaderi . springer videre Skive , Greenlab årrække ­været hjemsted mindre lokalt netværk brint . gået gang lægge rør landskabet , først naturgaslageret Lille Thorup derfra videre Aalborg . Planen herefter , bygges forbindelse Esbjerg-Frederi­cia-røret derfra videre Tyskland . Ovenstående drømmen , især investorer udviklere brintløsninger , mener , satsning brint energibærer fremtiden grønt dansk energisystem . mener , forhold allerede taler , vej moderne version ‘ brintsamfundet ’ . Ideen bakkes bredt politisk funderede PtX-strategi foråret , Klimaaftalen 2021 , afsat 1,25 milliarder støttekroner samt flere andre store politiske aftaler , blandt andet sikre firedobling produktionen sol- vindenergi land samt mulighed femdobling produktionen vindkraft havet . Oven kommer forstærkning udbygning elnettet . Tyskland fuld gang Udviklingen ligger tråd især Tyskland , fuld gang planlægningen ­infrastruktur , kan håndtere brint , bruges bredt industrien ( stål kemi ) transport . eksempel Tyskland dag 91 tankstationer , biler , busser lastbiler kan tanke brint . Frem 2030 forventningen , alene Tyskland bygget elektrolysekapacitet 20-30 GW . Inspirationen udlandets massive satsning brint bidt så godt fast , internationale energikoncern H2Energy truet , lægges brint­rør mellem Esbjerg Fredericia , 1 GW-elektrolysenalæg Esbjerg står klar 2026 , anlægget droppet . Omvendt kan vise , kommer langt flere anlæg planlagt , annoncerede projekter , måske helt 13 GW 2030 , rejser ­afgørende spørgsmål , hvornår konkrete PtX-anlæg drift storskala , hvilken takt udbygges net brintrør . mindst brinten bruges . risikerer kort sagt hurtigt investere bygge dele energisystemet , senere viser , brug . bygges ? Lad bare helt konkret tage energiøen Nordsøen : længe åbent spørgsmål , al el havvindmøllerne sendes land direkte , etableres PtX-produktion øen , kan forsyne skibstrafikken , alternativt føres land rør . Ulempen ved PtX , teknologien , modsætning direkte anvendelse el eksempel køretøjer , medfører relativt stort energitab ( omkring 30 procent ren brintproduktion ) , ligger langt søs , danske byer miste grøn kilde fjernvarme . omvendt bygges store PtX-anlæg land , inden energi­øen blevet etableret , kan behov , energisystemet se helt anderledes . Så kan stedet give mening etablere netværk brintrør land , første omgang Jylland , forbindelse lageret Lille Thorup . Netop ruten forbi lager understreger , vigtig funktion velfungerende brintnetværk . Langt staten stærke kræfter , kortslutte overvejelserne se komme gang . mest ivrige spillere brint­ambi­tionen statsejede gasdistributionsselskabet Evida . nylig fremlagde rapport , beskrev , hvordan netværk rør dedikeret transport brint rulles Danmark næste 40 år . rapporten beregnet , samfundsøkonomiske værdi netværk cirka dobbelt hver krone , investeret . Rapporten mødte stærk kritik Ingeniøren fik dumpekarak­ter flere økonomi- energieks­perter . simpelthen tidligt sætte økonomi store tekniske anlæg , endnu tilstrækkelige erfaringer selve produktionsteknologien markedet brint . andet statsejede selskab , Energinet , banen sat gang flere undersøgelser omkring brintrør . Blandt andet indledt samarbejde Energinets tyske modpart brintforbindelse mellem Danmark Tyskland , muligvis stå klar 2030 . brint transporteres rør , truffet beslutning Tyskland Holland . Allerede planer konvertere naturgasrør brint bygge nye rør omkring Ruhrområdet forbindelser Holland Belgien . tyske miljøminister Robert Habeck , sagt , brint nøglerne transformationen tyske energisystem . gælder eksempel store tyske stålindustri , indtil 100 procent afhængig brint produceret fossile brændsler . tyske stålværker bruge grøn brint , brug netværk rør , fastslog Robert Habeck besøg tyske stålgigant Thyssenkrupp . europæiske samarbejde mellem gastransmissionsselskaber , kaldet EH2B , Energinet deltager , foreslås , fleste europæiske lande bindes ­sammen nye brintrør allerede 2030 . Ifølge EH2B 2040 muligt transportere brint rundt meste Europa – princippet Nordsverige Sydspanien Grækenland . måske brug . EU-regi forventningen , 2030 40 GW elektrolysekapacitet Kommissionen efterfølgende forhøjet 100 GW , hvilket cirka svarer årlig produktion 20 millioner ton brint . brinten bruges ? Danmark ingen stålværker , lang række industrier ligeledes udnytte brint , enten direkte , dag sker fossilt brint raffinaderier , konverteret metan , ammoniak metanol . eksempelvis planen Holstebro , Everfuel , danske pionerer inden brintindustrien , etablere hydrogen hub . brint produceres 100 MW elektrolyseenhed derefter bruges ‘ industrielle processer transport ’ . Overskudsvarmen bruges opvarme Holstebro dermed udfase naturgas . Energistyrelsens analyseforudsætninger givet bud , bruge brinten 2030 . Lidt halvdelen bruges direkte ren brint . godt bud , vis del tunge transport bruge brint drivmiddel . eksempel international lastbiltransport gennem Danmark . vis andel landets busser , tog personbiler potentielt køre brint . Produktion jetfuel udgøre 20 procent , mens resten metanol , ammoniak metan . Bortset ammoniak konverteringen flydende brændsler metanol jetfuel kræve kulstofkilde , eksempel biogasanlæg udtræk CO2 røggassen biomasse- affaldsfyret kraftvarmeværk . fleste enige , proces både dyr , kompliceret særlig energieffektiv , nødvendig , interkontinentale rutefly flyve bæredygtigt . Alternativer simplere store dele vores energisystem så brint , frem udvikler direkte anvendelse grøn el transport , husholdninger industri ? Kritikere peger , alternativ efterhånden presse grøn brint bredt alternativ el , naturgas olie , så slet . » Brintbranchen begynder ligne økonomisk boble « . lød advarslen Michael Liebreich , grund­lægger BloombergNEF dag arbejder selvstændig energianalytiker netop overståede World Hydrogen Congress ­Rotterdam . refererede udtalelser tyske Kansler Olaf Scholz , brint erstatte naturgas industrien opvarmning . Tilsvarende britiske energiminister sagt , brint ‘ silver bullit ’ . kan farlig vej , siger Michael Liebreich . brint erstatte fossile brændsler , så behovet grøn el enormt , praksis produktionen mange­dobles 100 procent dedikeres produktion brint . eksempel bare erstatte al fossile brint , dag bruges industrien verden , grøn brint , så bruge al energi , dag får sol vind , plus 43 procent . gode spørgsmål derfor , konkurrencen direkte brug el langt fleste ­tilfælde udkonkurrere brint : Hvorfor bruge brint opvarmning , varmepumper billigere ? Hvorfor fylde biler , busser lastbiler brint brændselsceller , billigere simplere bruge batterier ? Michael Liebreich beskriver , så kan godt , brint ligner energiteknologisk schweizerkniv , derfor nogen grund bruge løse opgaver . Lige buldrer valgkampen stadig Danmark . inden længe træffes politiske valg : potentialet produktion forbrug brint Danmark ? hvornår bygges rør transport , hvem eje ? gælder datoen første brintrør , direktør Brintbranchen Tejs Laustsen Jensen bud : » stærk national målsætning , 2026 første brintrør jorden – så gang planlægningen nu. «",
,2022-11-10 00:00:00,"Chefen for Vindø-projekt: »Jeg er jack of all trades, master of none«",Ingeniøren,Link,"Morten Hesselager Pedersen kemiingeniør arbejdet specialist stor del karriere . dag står spidsen Danmarks største anlægsbyggerier , Vindø . Morten Hesselager Pedersen dét , kalder hardcore teknisk baggrund : kemiingeniør års ansættelse diverse operationelle ingeniørroller Mærsk Olie Gas TotalEnergies . Derfor bemærkelsesværdigt , sidste år takkede ja stå spidsen Vindø-projektet – Danmarks hidtil største anlægsprojekt svimlende stort millardbeløb – etablere samarbejder henblik afgive konkurrencedygtigt derfor vindende bud Energistyrelsen Energiø Nordsøen . vice president ved Vindø-konsortiet regi investeringsselskabet Copenhagen Infrastructure Partners ( CIP ) bestrider dermed langt mere økonomibaseret lederrolle , før haft . kan sagtens få øje røde tråd : » første ti år karriere varetog primært tekniske funktioner . 2012 projektleder Mærsk Olie Gas kastet forhandlinger Qatars nationale oliefirma kommercielle vilkår stort udviklingsprojekt , « siger Morten Hesselager Pedersen . banede vejen , bevæge arbejdsfelt , både bruge tekniske kunnen erfaringer kommercielle verden : 2016 ansat leder genopbygningen Danmarks største naturgasfelt , Tyrafeltet , blandt andre opgaver involveret forhandlinger danske regering . Først fremmest generalist , går igen lederjob , Morten Hesselager Pedersen bestredet , rollen integrator . går bruge kommercielle tekniske omstændigheder danne samlet risikobillede projektet omsætte balanceret kommerciel vurdering . » stand integrere brug basisforståelse enkelte byggeklodser , ligger grund kommende energiø . trækker selvfølgelig dygtige rådgivere , omfatter specialister inden både tekniske kommercielle domæner , « siger Morten Hesselager Pedersen . Integratorrollen passer godt . synes hvert fald , altid haft tendens ægte generalist gå forstå overordnede principper frem grave allermest snævre tekniske problemstillinger . » Selvom første årti karriere arbejdede hen imod specialistrolle , vidste , aldrig komme bevæge dybt , dybt specifikt emne , højere grad jack of all trades , master of none , « siger . » forlod specialistsporet 2012 , hovedkulds kastede første lederrolle fik integreret team 100 mennesker , klart , , gerne : tilføre værdi ved etablere miljø , folk trives arbejder godt sammen . Derfra egentlig bare bestridt større større lederroller. « stærke kompetencer inden økonomi , teknik projektledelse , forhold hvordan forstår overordnede risikobillede , kalder aktuelle opgave evnen fastsætte overholde både tidsplaner budget – glemme særdeles gode kommunikationsevner . Derfor taget stribe kurser projektledelse kommunikation Stanford University . ændrer ved , oplever , erfaringerne virkelige liv , tæller mest løfte opgaven . To job hånden Første gang decideret usikker , , 1996 , ved lægge sidste hånd speciale kemiingeniør . Derfor søgte tre vidt forskellige job . fik tilbudt to : ene kemiingeniør House of Prince , andet wellsite-ingeniør Mærsk Olie Gas . tøvede sekund : Mærsk . » Én ting , tiltalte ved olie- gasbranchen dens store faglige dygtighed tekniske såvel kommercielle front . altid omgivet kompetente mennesker , « siger Morten Hesselager Pedersen fortsætter : » Derudover gav branchen mulighed arbejde virkelig store projekter , nøglen succes alene stærkt teknisk fundament , evnen arbejde kommunikere tværs snitflader tekniske discipliner . kan projekter karakter bare , mindre projekter kan. « fælles mål ultimative ledelsesopgave set Morten Hesselager Pedersens stol få mennesker tilknyttet projektet gå fælles mål . » resultat , mest stolt , varme opkald beskeder , fik , forlod jobbet leder Tyra-genopbygningen – opkald ansatte , udtrykte oprigtig stolthed glæde , « siger : » Folk spurgte igen igen : Morten , brugt seks år , hvorfor alverden gør færdigt ? gode personlige grunde f.eks. , brug udfordre nye måder , arbejde nyt miljø hele taget presset komfortzone , hvilket vigtig drivkraft liv. « muligheden chef etableringen Danmarks største anlægsprojekt , tilmed talte direkte grønne dagsorden , fristende . slog . » Vindø-projektet alene gearet levere betydelig del enorme mængde grøn strøm , Danmark får behov kommende år . Øens placering optimal forhold eksportere el udlandet . afhænger , lykkes komme mål konstruktionen . gøre , « siger .",
,2022-11-11 00:00:00,Økonomien i Energiø Bornholm smuldrer: Styrelse har overset en uklarhed i loven,Ingeniøren,Link,"Private energigiganter opføre 3 GW havvind tæt Energiø Bornholm , tænkt planerne . Stik imod forventningerne kan statens prestigeprojekt Energiø Bornholm ende give underskud 10 milliarder kroner . dag kan Ingeniøren løfte sløret årsagen . Interviews lang række kilder aktindsigter interne korrespondancer mellem ministerium styrelse viser , Energistyrelsen overså uklarhed lovgivningen , frem ultimo juni gav store konkurrerende havvindmølleparker mulighed etablere ved siden område Østersøen , afsat havvindmøller Energiø Bornholm . Konsekvensen andet lige større udbud elektricitet dermed lavere kWh-priser skade indtægterne Energiø Bornholm , forventes stå færdig 2030 . Ansøgningerne drejer etablere vindmølleparker henholdsvis Bornholm Bassin Syd Øst tilsammen 3 GW , hvilket svarer planlagte kapacitet Energiø Bornholm . Per Nikolaj Bukh , professor økonomistyring ved Aalborg Universitet , kalder » katastrofalt « , Energistyrelsen opmærksom , energiselskaber bruge såkaldte åben dør-ordning ladeport store projekter . » undrede , projekt­økonomien beregningen juni så forringet , først opmærksom sammenhængen forbindelse Ørsteds involvering CIP ’ s projekt . tænkte : Hold , går godt . Hidtil energiøprojektet økonomisk lige akkurat hængt sammen , praksis allerede behov tilskud , « siger Per Nikolaj Bukh : » Energistyrelsen set , selvfølgelig bebrejdet . jurist , så kan vide , synlig svaghed ved lovgivningen . Bagklogskab ædel disciplin. « Ingeniøren erfarer , især to projektansøgninger , fik ministeriet notat dateret 23. juni 2022 nedjustere forventninger øens business case nedtone ellers ufravigelige krav , øen rentabel . Marc Skov Jacobsen , seniorøkonom ved tænketanken Kraka Advisory , ser risiko , private projekter forringer energiøens indtjening . » kan sagtens se , projekterne kan kannibalisere Energiø Bornholm , kan medvirkende faktor projektøkonomiske underskud , « siger Marc Skov Jacobsen . Ingeniøren forelagt Energistyrelsen kritikken . Styrelsen oplyser , gjort rede muligheden etablere store projekter længere kysten Energistyrelsens ‘ Analyse åben dør-ordningen ’ marts 2021 . øjeblikket ved gennemgå enkelte sager , nuværende tidspunkt kan oplyse ansøgningernes potentielle konsekvenser . Ingeniøren spurgt CIP , selskabet enig , nye projekter Østersøen risikerer 'kannibalisere ' Energiø Bornholm , Kraka udtaler . Lars Gert Lose , Associate Partner Copenhagen Infrastructure Partners Head of Public Affairs , Communication & Marketing svarer per mail : » ser absolut ingen konflikt mellem Åben Dør , EnergiØerne kommende statslige udbud . Projekterne kommer kannibalisere hinanden. « » arbejder fortsat hårdt bidrage realisere politiske ambitioner energiøer Danmark . understregede fælles udmelding Ørsted omkring vores samarbejde Åben Dør projekterne , fortsat opsatte engageret kommende statslige udbud offshore vind energiøer. « » afgørende , positiv synergi mellem Åben Dør-projekterne gryende danske Power-to-X industri . Strømmen Åben Dør projekterne - herunder Bornholm Bassin Øst Syd - høj grad tænkt leveres direkte føde brintproduktionen dermed sørge skabe fornødne skala Power-to-X Danmark . Dermed kan Åben Dør projekterne ved Bornholm muliggøre synergier Energiø Bornholm form eksempelvis etablering brintinfrastruktur. « » hele taget svært ved forstår argumenterne , kan produceret grøn strøm situation , europæiske energiuafhængighed spil , forbrugerne beskyttes galoperende energipriser – kommende danske PtX eventyr skriger grøn strøm , - alvor - få luft vingerne . samfund høje klimaambitioner ganske enkelt brug al grønne strøm , kan producere. «",
,2022-11-11 00:00:00,Sådan overhalede private havvindparker staten indenom i Østersøen,Ingeniøren,Link,"Bundlinjen prestige­projektet Energiø Bornholm gået sort blodrød grund konkurrence kommende private VE-projekter , kan ødelægge øens indtjening ved presse elprisen bund . Energi Åben dør ladeport Energistyrelsen modtog 14. juni to ansøgninger investeringsselskabet Copenhagen Infrastructure Partners ( CIP ) forundersøgelser to havvindmølleparker nær Bornholm . Ansøgningerne kom via såkaldte åben dør-ordning , tidspunkt gav private selskaber mulighed byde havvindprojekter egne penge selvvalgt placering . ene park ifølge projektbeskrivelsen areal 503 km2 Bornholm Bassin Syd 60-70 meter dybt vand 25 km Dueodde kapacitet 1,5 GW . sat få størrelse 341 km2 Bornholm Bassin Øst 85-100 meter dybt vand 41 km Svaneke . CIP ønskede , park kapacitet 1,5 GW , ansøgte CIP altså sammenlagt tilladelse etablere 3 GW havvind nær Bornholm . præcis samme størrelse offshorepark , bærende element højtprofilerede 67 milliarder kroner dyre statslige projekt Energiø Bornholm . Ørsted så begejstret CIP ’ s projekter , selskabet nylig koblede stor mediebevågenhed , nedjusterede Energistyrelsen hen sommeren energiøens business case røde tal mest sandsynlige scenarie . Forværret business case Ingeniøren talt kilder , peger , specifikt CIP Ørsteds projekter , årsagen , Klima- , Energi- Forsyningsministeriet notat dateret 23. juni 2022 nedjusterede forventninger øens business case nedtonede ellers ufravigelige krav , øen rentabel . Notatet opsummerede resultaterne analyse , viste , etableringen Energiø Bornholm dømme løber 67 milliarder kroner , hvilket udløser underskud 10 milliarder kroner . Dertil kommer , byggeriet rent samfundsøkonomisk kun løber rundt , EU giver tilskud to milliarder kroner . Worst case scenario samfundsøkonomisk underskud ved etablere Energiø Bornholm 12 milliarder kroner projektøkonomisk underskud 24 milliarder kroner – svimlende store beløb , staten så fald nødt dække . Overhalet indenom Forklaringen , hvordan private offshoreprojekter underminerer Energiø Bornholms indtjening simpel : private statslige projekter ligger så tæt , vinden blæse samme perioder samme styrke respektive områder . udløse samtidig elproduktion . lagt , strømmen ført land samme priszoner , kommer sandsynligvis presse elprisen niveau , ligger godt stykke , staten oprindelig budgetterede øens business case . business casen dårlig lever aftalepartiernes eget krav , energiøen levere positiv samfundsøkonomi , staten alligevel valgt gå videre projektet . Staten må således fravige oprindelige princip indtjening give statsstøtte . kan indkassere milliardbeløb aktører , byde energiøens vindmøllepark . ellers sat næsen , fordi interesserede bydere Thor Havvindmøllepark villige betale 2,8 mia . kroner overhovedet få lov budrunden . ‘ Åben dør ’ store projekter CIP ansøgte Energistyrelsen tilladelse forundersøgelserne , blot par uger før ændring loven fremme vedvarende energi trådte kraft . Ændringen satte stopper , åben dør-ordningen kan bruges ansøge etablere projekter dybt vand afstande større 15 km kysten . områder kan således fremover kun tilgås via statslige udbud , modsætning åben dør-ordningen koster private aktører milliardbeløb få lov deltage i. Derfor statslige udbud mindre attraktive . Loven vedtaget 19. maj 2022 trådte kraft 1. juli . ugerne optil modtog Energistyrelsen markant flere ansøgninger selskaber , ønskede tilladelser lave forundersøgelser projekter - måske naturligt , set lyset mulig adgangsbillet anlægge havvindprojekter dybt vand lovændringen helt forsvandt . , kom bag Energistyrelsen , , ansøgningerne gik endog store projekter mere 1 GW . regnet . hjemmeside bemærkede Energistyrelsen pludseligt » store interesse « åben dør-ordningen oplyste , » modtaget række ansøgninger store projekter , « hvoraf flere ligger langt kysten . private projekter nærmest smyger statslige – CIP Ørsteds projekter gør ved Bornholm – søgte Energistyrelsen råd Kammeradvokaten finde , ansøgningerne afvises . . Energistyrelsen derfor forpligtet sende projekterne myndighedshøring regi gamle version åben dør-ordningen . høringer stadig gang kommer strække hen efteråret hen nytår . CIP Ørsted ender etablere to vindparker nær energiøen , få store konsekvenser elprisen , påpeger Per Nikolaj Bukh , professor økonomistyring ved Aalborg Universitet . henviser ‘ teknisk brief­ing ’ , regeringen sendte forligskredsen forbindelse aftalen etablere energiøerne februar 2021 . tekniske briefing lavet belyse , betyder elprisen , energiøen Nordsøen bygges stor . kan sammenlignes , CIP Ørsted etablerer to havvindprojekter nær kommende Energiø Bornholm . » Beregningerne viser , stor ø – svarende flere ekstra vindprojekter tæt – betyder overraskende . Elprisen falde ret , før kan se , koster bestående projekt , « siger Per Nikolaj Bukh , fortæller , fald elprisen ifølge beregningerne øge støttebehovet 110 mio . kroner hver øre , ekstra vindprojekter presser prisen området . Ifølge notatet betyder , fald 15 øre forøge støtteudgifterne 1,65 milliarder kroner . » tør vove regne , stort indtjeningstab Energiø Bornholm få grund CIP ’ s Ørsteds fællesprojekter . 110 millioner kroner årligt normale sammenhænge stort beløb . 110 millioner kroner kun svarer fald elpris én øre , så ret store beløb spil , « siger . Hvem skyld , private projekter underminerer statslige ? » Energistyrelsen haft svært ved forudse , private aktører så frisk grad benytte åben dør-ordningen lave konkurrerende projekter skala , « siger Per Nikolaj Bukh fortsætter : » tidspunkt , åben dør-ordningen , troede , fornuftig . godt , Energistyrelsen dengang overvejet , risiko , ordningen forvandle form selvbetjening energiplanlægningen . vanskeliggør statens planlægning. « » Energistyrelsen set , så selvfølgelig bebrejdet . nærlæst lovgivningen jurist , så kan vide , synlig svaghed ved lovgivningen . Bagklogskab ædel disciplin. « ‘ hele usikkert ’ Marc Skov Jacobsen , seniorøkonom ved tænketanken Kraka Advisory , kan få øje endnu punkt , to private offshoreprojekter kan komme skade energiøens økonomi . drejer , Ørsted CIP projektbeskrivelser lægger koble vindprojekter selvsamme kabler henholdsvis Tyskland Danmark , Energiø Bornholm trække . » perioder , blæser rigtig , kan forestille situation , hele kapaciteten forbindelsen Tyskland udnyttet , hvorfor plads al strømmen energiøen , « siger Marc Skov Jacobsen fortsætter : » elprisen Tyskland oftest højere , kan netop situationer betyde rentabiliteten energiøprojektet , indtil eventuelt etableret ekstra transmissionskabler Sverige Tyskland. « understreger , CIP Ørsted må øjne indtjeningsmulighed , siden budt projekter , længe staten iværksat projekt Energiø Bornholm . Marc Skov Jacobsen kan godt se gode , fornuftige pointer åben dør-ordningen . kan se tendens , private aktører bruger ordningen fast track-spor overhale statens projekter indenom . øger risikoen , , først får etableret , meler kagen , frem , bedste bygge drifte projekt . » Danmark brug masser grøn strøm . Derfor godt , fokus hastighed . burde mere fokus , hvem , kan gøre bedst , hvilke projekter , bedst kan integreres resten elnettet , så bare spørgsmål hvem , hurtigst kan sætte området , « siger Marc Skov Jacobsen . Kristine van het Erve Grunnet , afdelingschef hav analyse , Green Power Denmark , tvivler , problem . » ved , parker placeres rundt Bornholm , kobles elnettet . tænker , rigtig , påvirke energiøens rentabilitet . kæmpestore usikkerheder omkring , « siger Kristine van het Erve Grunnet. «",
,2022-11-17 00:00:00,Analyse: Udbygningen af havvind har udviklet sig til Det Vilde Vesten,Ingeniøren,Link,"Private aktører længere alene tjene penge havvind . staten . skabt rod reguleringen havvind-udbygningen , kan koste både markedsaktører stat store summer . Udbygningen nye vindmølleparker havet ske så hurtigt effektivt overhovedet muligt . enige . Konsensus , udbygningen lange bane drives private aktører , sætter tempo ved gå konkurrence hinanden . Statens rolle henseende skabe rammerne , kommer ske . rolle staten godt gang ændre ved f.eks . indføre tilskudsordninger , staten f.eks . dække ejeren vindmøllepark , elprisen dykker vist niveau , giver mulighed , budgivere kan betale penge staten få adgangsbillet havvindområder . Ændringen dømme sikre , mest effektive udviklere vinder . byderne villige indgive bud , ligger markedsprisen samtidig give betaling staten , tyder , udviklerne udsigt få pris el , ligger udviklingsomkostningerne . rent konkurrencepræget marked , udbygget tilstrækkelig havvind , priser omkostninger nær matchede hinanden . tilfældet , må oplagt skyldes , udviklerne tilstrækkelig stor frihed få prisen bragt niveau . Gevinsten ved sætte konkurrencen mere fri opnå mere grøn strøm lavere elpris . Derudover bedre dansk implementering EU-direktiv sætte yderligere gang udviklingen - vender tilbage . Indskrænker markedets muligheder konkurrencen mere fri , skyldes to centrale indgreb staten . ene , staten reserveret flere flere arealer udbud . andet , staten indskrænket såkaldte Åben Dør-ordning . ordning hidtil givet private aktører mulighed ansøge tilladelse etablere havvindprojekter vilkårlig størrelse selvvalgt område egen regning . 1. juli trådte lovændring kraft , indskrænkede ordningen kun gælde små VE-projekter inden 15 kilometers afstand kysten . officielle argument smække Åben Dør-ordningen uden 15 kilometers afstand kysten , staten gerne sikre , mest effektive bydere , får adgang områderne , frem , fordelingen sker først mølle-princippet . Imod taler , bevaret Åben Dør-ordningen inden 15 km kysten . svært se , hvorfor samme logik så gøre gældende område . derfor oplagt tanke , lukningen Åben Dør-ordningen rummer element , staten ser mulighed tjene godt udbygningen havvind dybt vand . 8,5 GW uden statens kontrol Problemet , Energistyrelsen opmærksom , gamle Åben Dør-ordning formuleret måde , gjorde muligt private aktører bruge ansøge endog store projekter langt kysten . kom derfor bag styrelsen , deadline ordningens udfasning modtog stort antal ansøgninger private aktører , ønskede etablere store VE-projekter 1 GW ude midt havet . Styrelsen spurgte uformelt kammeradvokaten , afvise forholde ansøgningerne store projekter henvisning , ordningen beregnet dertil . Svaret nej . Flere ansøgningerne signeret investeringsselskabet Copenhagen Infrastructure Partners , midt juni bad Energistyrelsen tilladelse lave forundersøgelser bl.a . to havvindmølleparker sammenlagt præcis samme kapacitet , Energiø Bornholm planlagt . projekterne ligger så tæt , stor udfordring . Udfordringen består , vindmølleprojekter koblet samme priszoner dermed presse elprisen yderligere . kan positivt samfundsøkonomien , forbrugerne får lavere elpris . bagside ved reducere indtjening , staten håbet opnå Energiø Bornholm . fald elpris CIP Ørsted partner kunnet tage højde business cases to fælles havvindprojekter nær energiøen , to samarbejdspartnere hele tiden klar , etableret . Staten derimod først fået kendskab CIP 's Ørsteds to fælles projekter længe , bokset få energiøens økonomi gå nogenlunde . Øens tvivlsomme business case risikerer yderligere forringet to store , private projekter , pludselig kom dumpende himlen . Ingeniøren første medie , bragte problematik torvs artiklen smuldrer økonomien bag Energiø Bornholm . reaktion historien udtalte Michael Hannibal , partner CIP , efterfølgende Energiwatch , aldrig tanken føre 3 GW elnettet . pegede , ansøgte projekter bruges fremstille brint via Power-to-X . rigtigt , CIP ansøgninger projekterne Bornholm Bassin Syd- Øst næppe brugt så plads diskutere projekters mulige tilslutningspunkter elnettet . Usikkerhed energiøens vindmølleparker Én forudsætningerne , energiøen fik fornuftig business case , , energiøen komme ligge området deraf følgende høj elpris . forudsætning opfyldt , etableres to private projekter nær ved , presser elprisen . lave elpris gør nemlig mindre attraktivt private aktører byde Energiø Bornholms havvindprojekter . sandsynligvis få byderne komme lavere bud , ellers gjort . Dermed mindre sandsynligt , staten kan få indtægt Energiø Bornholm , fik Thor Vindmøllepark , byderne tilbød betale 2,5 mia . kroner bare budrunden . Sandsynligheden yderligere minimeret , byderne forventeligt betales afgift tilslutte Energiø Bornholm . Samlet set kommer betyde , Energiø Bornholms projektøkonomi forringet . kan medføre , igen står situation , staten nødt give tilskud havvind , nemlig , specifikt tilsluttes energiøen . Spørgsmålet , god løsning , markedsaktørerne ellers ser villige bygge markedsvilkår uden støttekroner . Energistyrelsen jagter optimal støttemodel CIP Ørsteds projekter nær Bornholm eneste , kommer udfordre statens planer tjene penge havvind . kan opstå steder , private aktører aktuelt forsøger kile projekter mellem statslige via Åben Dør-ordningen . Energistyrelsen fuld gang vurdere seks ansøgninger sammenlagt 8,5 GW ekstra havvind , staten regnet . lever kravene Åben Dør-ordningen Energistyrelsen nødt godkende . så kan gratis tildelte Åben Dør-projekter alene underminere statens mulighed tjene penge havvind fremtidige statslige udbud , ødelægge dens planlægning selve udbygningen . statens ambitioner tjene penge måde risikerer komme spænde ben udbygningen , staten stadig fast besluttet tjene penge havvind . fortsat tvivl , hvordan konkret gøre . Duften god indtjening havvind fået ministeriet bede styrelse opspore udvikle nye modeller , hvordan bedst muligt kan sælge el havvind . Energistyrelsen arbejder lige ihærdigt spore model . forslag spil : Én vej gå måske sælge områderne milliardbeløb fremadrettet få leveret el derfra ønsket pris . vej , staten får én øre per produceret kWh private aktør , vundet udbud givet område . så selvfølgelig mulighed helt droppe idéen tjene . Stram private aktører staten falder hinanden kampen skaffe mest mulig plads etablere havvind skyldes kun , staten øjnet klækkelig indtjeningsmulighed . tegn , lovgivningen regulerer området godt nok . Klima- , Energi- Forsyningsministeriet kan f.eks . spørge , implementeret delegerede retsakt EU-Kommissionens VE-direktiv hensigten , stiller krav , stigning elbehovet altid ske ved hjælp ny , støttefri grøn strøm . retsakt virkelig implementeret herhjemme , næppe muligt staten holde hånden Energiø Bornholm , ministeriets beregninger viser , næppe rentabel kun kan holdes live statsstøtte . retsakt håndhævet Danmark , vel komme situation , store havvindmølleparker anlagt så tæt , ene park æder andens fortjeneste .",
,2022-11-17 00:00:00,Transformerstation på Sjælland udløser protester: Området er et beskyttet grundvandsreservoir,Ingeniøren,Link,"Omformeranlægget knudepunkt grøn vindenergi , via kabler Energiø Bornholm fordeles sjællandske hjem . enorme mængder strøm Energiø Bornholm 2030 transporteres Sjælland , kablerne gå land ende ved transformerstation . Anlægget bl.a . inkludere 25 meter høj bygning , 400 kV GIS-anlæg såkaldte 'sivesøer ' . Anlæggets byggeri fylde 18 hektar , tilsammen området omfatte omkring 60 hektar land . så bygges ved landsbyen Solhøj Høje-Taastrup Kommune . Energinet stort set valgt værre placering , mener Hofor , hovedstadens forsyningsselskab . Området nemlig beskyttet drikkevandsområde : Mere syv millioner kubikmeter vand pumpes hvert år kildepladserne området . brev kritiserer Hofors konstituerede forsyningsdirektør Brian Hansen Energinet forholdt tilstrækkeligt drikkevandsinteresserne : » Transformerstationer historisk kilder forurening jord grundvand , stor station type , tidligere afprøvet Danmark , bør udgangspunkt placeres område drikkevandsinteresser , « begrunder bekymringen . » placering Energinets nye anlæg området konflikt eksisterende uerstattelig infrastruktur , « skriver Hofor brevet , opfordrer Energinet undersøge alternative placeringer transformerstationen . Energinet afviser kritikken . » Vores anlæg forurener . foranstaltninger , afskærer anlægget grundvandet , så ske uheld , slippe . allerede andre transformerstationer områder drikkevandsinteresser , påvist forurening , « siger Marian Kaagh , vicedirektør eltransmission Energinet , understreger , ved indgå dialog Hofor . Lokale føler tromlet Energinet valgte placeringen ved Solhøj bl.a . grund dets nærhed eksisterende højspændingsledninger , fordi 700 hektar store område giver plads fremtidige udvidelser anlægget , uden overskride støjgrænserne forhold naboerne . alternative placeringer ved Hove Avedøre fravalgt primært grund manglende plads , fremgår notat Energinet . udvælgelsen området foregået ‘ forkerte præmisser ’ , mener borgmestrene to kommuner Høje-Taastrup Ishøj , Merete Amdisen ( A ) Michael Ziegler ( K ) , sidenhen blevet midlertidigt afløst Kurt Scheelsbeck ( K ) grundet sygdom . 1. oktober modtog brev indenrigs- boligminister Christian Rabjerg Madsen , udtrykker ønske lave landsplandirektiv projektet , kan trumfe kommunernes egen planlægning . fik to borgmestre råbe processen samlet brev . » udgangspunkt teknokratisk-økonomisk analyse Energinet bedt sætte gang kommunal planlægning , baner vejen projektet uden reel borgerinddragelse. « kritiserer bl.a . beslutningen placere anlægget åbne land frem eksisterende industriområde , kalder hele processen 'statslig skueproces ' . Samme opfattelse lader naboerne : borgermøde 7. november stimlede folk sammen fyldt gymnastiksal rettede adskillige kritikpunkter vrede tilråb Energinet , ifølge Sjællandske Medier . Byrådsmedlem Ishøj Ole Beckmann ( V ) kalder projektet » galimatias , « stiller skeptisk overfor , Energinet egentlig gennemtænkt projektet før placeringen blevet valgt . » synes bund grund , tale hastværk sagsbehandlingen , mangler tænkt helheder . tale Danmarks største grundvandsreservoirer område naturhistoriske værdier . slet undersøgt adgangsforholdene ude området : Lige kun få smalle landsbyveje , begrænser tilkørselsforholdene . Så nok bygge nye veje , hvordan så påvirke miljøet ? « frygter , myndighederne tænkt sikkerhedspolitiske situation vurderingen : forhindre grundvandsforurening tilfælde sabotage . Energinet maner ro Ole Beckmann flere andre interessenter udtrykt bekymring muligt Power-to-X anlæg , fremgik intern præsentation mellem Ishøj Kommune Energinet , transformerstationen fremtiden muligvis kan kobles . ifølge Marian Kaagh heller bange , Power-to-X-anlæg behøver placeret samme område transformerstationen . komme tale , kræve ny tilladelse kommunen separat miljøvurdering , forklarer . Marian Kaagh forsikrer , processen forløbe helt bogen , vise fare miljøet , Energinet tage processen derfra . » Miljøministeriet udarbejde miljøvurdering projektet , overvejelser belyst. « Indtil 5. december kan indgive høringssvar , behandles projektets miljøkonsekvensrapport . Miljøstyrelsen udarbejde miljøvurdering , dermed fastslå , transformerstationen foreneligt grundvandsinteresserne . planen munde mijøtilladelse slutningen 2024 . 2030 Energiø Bornholm stå færdig levere 3 gigawatt danske internationale elnet .",
,2022-11-17 00:00:00,Han er kemiingeniør og står i spidsen for Danmarks største anlægsprojekt,Ingeniøren,Link,"Morten Hesselager Pedersen arbejdet specialist stor del karriere . styrer anlægsbyggeri milliarder . Morten Hesselager Pedersen dét , kalder hardcore teknisk baggrund : kemiingeniør års ansættelse diverse operationelle ingeniørroller Mærsk Olie Gas TotalEnergies . Derfor bemærkelsesværdigt , sidste år takkede ja stå spidsen Vindø-projektet – Danmarks hidtil største anlægsprojekt svimlende stort millardbeløb – etablere samarbejder henblik afgive konkurrencedygtigt derfor vindende bud Energistyrelsen Energiø Nordsøen . vice president ved Vindø- konsortiet regi investeringsselskabet Copenhagen Infrastructure Partners ( CIP ) bestrider dermed langt mere økonomibaseret lederrolle , før haft . kan sagtens få øje røde tråd : » første ti år karriere varetog primært tekniske funktioner . 2012 projektleder Mærsk Olie Gas kastet forhandlinger Qatars nationale oliefirma kommercielle vilkår stort udviklingsprojekt , « siger Morten Hesselager Pedersen . banede vejen , bevæge arbejdsfelt , både bruge tekniske kunnen erfaringer kommercielle verden . 2016 ansat leder genopbygningen Danmarks største naturgasfelt , Tyrafeltet , blandt andre opgaver involveret forhandlinger danske regering . Først fremmest generalist , går igen lederjob , Morten Hesselager Pedersen bestredet , rollen integrator . går bruge kommercielle tekniske omstændigheder danne samlet risikobillede projektet omsætte balanceret kommerciel vurdering . » stand integrere brug basisforståelse enkelte byggeklodser , ligger grund kommende energiø . trækker selvfølgelig dygtige rådgivere , omfatter specialister inden både tekniske kommercielle domæner , « siger Morten Hesselager Pedersen . Integratorrollen passer godt . synes hvert fald , altid haft tendens ægte generalist gå forstå overordnede princip­per frem grave allermest snævre tekniske problemstillinger . » Selvom første årti karriere arbejdede hen imod specialistrolle , vidste , aldrig komme bevæge dybt , dybt specifikt emne , højere grad jack of all trades , master of none , « siger . » forlod specialistsporet 2012 , hovedkulds kastede første lederrolle fik integreret team 100 mennesker , klart , , gerne : tilføre værdi ved etablere miljø , folk trives arbejder godt sammen . Derfra egentlig bare bestridt større større lederroller. « stærke kompetencer inden økonomi , teknik projektledelse , forhold hvordan forstår overordnede risikobillede , kalder aktuelle opgave evnen fastsætte overholde både tidsplaner budget – glemme særdeles gode kommunikationsevner . Derfor taget stribe kurser projektledelse kommunikation Stanford University . ændrer ved , oplever , erfaringerne virkelige liv , tæller mest løfte opgaven . To job hånden Første gang decideret usikker , , 1996 , ved lægge sidste hånd speciale kemiingeniør . Derfor søgte tre vidt forskellige job . fik tilbudt to : ene kemiingeniør House of Prince , andet wellsite-ingeniør Mærsk Olie Gas . tøvede sekund : Mærsk . » Én ting , tiltalte ved olie- gasbranchen dens store faglige dygtighed tekniske såvel kommercielle front . altid omgivet kompetente mennesker , « siger Morten Hesselager Pedersen fortsætter : » Derudover gav branchen mulighed arbejde virkelig store projekter , nøglen succes alene stærkt teknisk fundament , evnen arbejde kommunikere tværs snitflader tekniske discipliner . kan projekter karakter bare , mindre projekter kan. « fælles mål ultimative ledelsesopgave set Morten Hesselager Pedersens stol få mennesker tilknyttet projektet gå fælles mål . » resultat , mest stolt , varme opkald beskeder , fik , forlod jobbet leder Tyra-genopbygningen – opkald ansatte , udtrykte oprigtig stolthed glæde , « siger : » Folk spurgte igen igen : Morten , brugt seks år , hvorfor alverden gør færdigt ? gode personlige grunde f.eks. , brug udfordre nye måder , arbejde nyt miljø hele taget presset komfortzone , hvilket vigtig drivkraft liv. « muligheden chef etableringen Danmarks største anlægsprojekt , tilmed talte direkte grønne dagsorden , fristende . slog . » Vindø-projektet alene gearet levere betydelig del enorme mængde grøn strøm , Danmark får behov kommende år . Øens placering optimal forhold eksportere el udlandet . afhænger , lykkes komme mål konstruktionen . gøre , « siger .",
,2022-11-29 00:00:00,Energiø Bornholm: Gevinst for milliarder ved at udvide med kabel til Tyskland,Ingeniøren,Link,"Energinet udarbejdet ny businesscase energiøens infrastruktur . danske stat kan hente 25 milliarder kroner ved forbinde kommende Energiø Bornholm danske elnet . Forbindes energiøen desuden tyske elnet , opnår yderligere gevinst omkring 20 milliarder kroner - altså næsten fordobling . fremgår ny business case Energinet . Business casen vurderer samfundsøkonomiske værdi elinfrastruktur , gør muligt forbinde strømmen Energiø Bornholm elmarkeder ét flere lande . forholder konsekvenser samfundet , dvs . kun udgifter etableringen driften elinfrastrukturen , gevinster f.eks . industrien klimaet . overrasket mergevinsten Hanne Storm Edlefsen , direktør Energinets arbejde energiøer , pointerer , business casen basalt set svarer to spørgsmål : koster elinfrastrukturen to scenarier , hvilken bedst samfundsøkonomi forudsætning , etableret 3 GW havvind , transmitteres via elinfrastrukturen . måde Energinets business case slags 'proof of concept ' netop energiøer hybride elforbindelser mere land , påpeger . glæder , etableringen elinfrastrukturen giver sorte tal bundlinjen nøjes koble energiøen danske net . bider mærke , mere hente ved forbinde energiøen tyske selvstændigt kabel . » Business casen viser klare økonomiske klimamæssige fordele energiøer , én gang muliggør storskala havvind forbinder flere landes elnet hinanden , « siger Hanne Storm Edlefsen . Hele ideen energiøer vel , netop kan sende strøm hen mest brug prisen højest . Så vel så overraskende opkobling flere lande bedre projekt . 20 mia . umiddelbart stort tal mergevinst . overraskede store beløb ? » Nej , overrasker hverken Energinet - derfor nyttigt helt nødvendigt opfylde governance ( regler retningslinjer , red . ) analyser beregninger , fortæller , god samfundsøkonomien , « siger Hanne Storm Edlefsen . understreger , betydelige usikkerheder beregningerne . således forskel , bedre dansk-tyske løsning , hvilket scenarie energiudviklingen Danmark Europa , lægger grund . scenarier , Energinet vurderet , dansk-tyske løsning klart bedste . Business casen omfatter kun anlægsdelen Hanne Storm Edlefsen gør opmærksom , Energinets business case besvarer spørgsmål Energiø Bornholms samlede rentabilitet . omfatter kun anlægsinvesteringen , omkostninger indtægter , kan knyttes elinfrastrukturen , bruges transportere strømmen . Omkostninger opførelse havmølleparkerne medregnet . skyldes , Energinet kun ansvar anlægge drive elinfrastruktur form kabler anlæg , selve hjertet Energiø Bornholm . driver vindmølleparkerne . Business casen selve anlægsinvesteringen røde tal bundlinjen , Ingeniøren flere gange omtalt . Regeringen regner længere , Energiø Bornholm rentabel . mest sandsynlige scenarie , udløse projektøkonomisk underskud 10 mia . kroner . Selvsamme business case viser , isolerede klimaeffekt selve elinfrastrukturen ved Energiø Bornholm størst europæisk plan årlig C02-reduktion elproduktion godt tre millioner tons Europa 2040 . får Energinet konkludere , Energiø Bornholm bidrager gøre Europa grønnere .",
,2022-12-01 00:00:00,Elnettet om igen: Den grønne omstillings skjulte udfordring,Ingeniøren,Link,"bygges nyt , udskiftes gammelt ændres måde , 100 år udbygget vores elnet . Gammelt nedslidt færreste ønsker få prædikat hæftet . desto mindre , danske elnet gang gang må lægge ryg . måske leve , stadig befandt gamle verden , store centrale kraftværker sad edderkopper solidt forgrenet netværk leverede el store små forbrugere byer landet . Elforbruget dikterede , hvornår brug ny kapacitet elnettet . eksempel højspændingsforbindelse – nedgravet kabel – forstærke forsyningen landsdel dedikeret kabel nyt industri­område by . Pointen , el­selskaberne først reagere , behovet opstod . hele elektriske infrastruktur sidste 5-10 år forandret , stedet årets timer vendt rundt leveringen , så længere centrale kraftværker , står primære elforsyning , havvindmølleparker , solceller udlandsforbindelser . fjernvarmen kræver solidt træk kold vinterdag , store kraftværkers rolle få årtier blevet decimeret . stedet fokus få opladet elbiler sendt energi nye varmepumper samt sikre , nye producerende anlæg kan komme energien , vinden blæser solen skinner . mulighederne danske elnet ligeligt fordelt forhold geo­grafi , flere tilfælde fået energiske solcelleentreprenører rive håret udsigterne , tilslutning ny solcellepark ligger 4-6 år ude fremtiden . Rådgivningsvirksomheden Rambøll udsendte foråret 2021 rapport bestilt brancheorganisationen Wind Denmark ( del brancheorganisationen Green Power Denmark ) , hvori beregnede , forventede stigning elforbruget frem 2040 brug investeringer nettilslutninger vind sol plus andre nødvendige ændringer elnettet 42,2 milliarder kroner . Oven kommer næsten lige så stort beløb tilslutning energiøer nye udlandsforbindelser , så samlede regning rammer 80 milliarder kroner . store tal , naturligvis fordeles langt flere forbrugte kWh dag . Tallet kan ligefrem vise underkanten , siden kommet nye planlægningstal Energistyrelsen , blandt andet indbefatter PtX-anlæg land samlet effekt 4,9 GW , elforsyning tilsluttet . Tro ! ‘ If you build it , they will come ’ – klassiske replik stammer godt nok film , store udfordringer stå vejen gøre virkelige verden . sagt måde : blot tror bygger ( filmens tilfælde baseballstadion midt majsmark ) , så nok komme nogen bruge . Så hvorfor kan gøre samme føromtalte ‘ gamle nedslidte ’ distributions- transmissionsnet ? Altså forstærke udbygge , så klar , ny ejer solcellepark ønsker få koblet , hele villavejen vælger få elbiler varmepumper samme tid ? Konkret Energinet bygget par 132 kV-forbindelser mellem Sjælland Lolland , så MW-store solcelleparker , længe tegnebrættet , blevet tilsluttet centrale transmissionsnet . må vente flere år , måske parkerne droppet inden . Svaret manglende fremtidssikring findes gamle verdens forudsigelighed . både Energinet lokale elselskaber årevis kæmpet , ifølge lovgivningen først måtte investere , konkret behov udvide elnettet – først fremmest øget forbrug . begrænsning blevet lettet lidt aftalen udbygning fremtidssikret elinfrastruktur juni 2021 , gør , netselskaberne kan tillade lidt mere forkant investeringerne hidtil . aftalen endnu implementeret , både offentlige private selskaber lyder samstemmende , haster få formalia plads , så VE-projekterne kan komme gang . Klimarådet tidligere sagt , » bør politisk topprioritet , elnettet udgør barriere yderligere udbygning vedvarende energi « , Green Power Denmark Energinet fællesskab foreslået , udpeges zoner rundtomkring Danmark , muligt hurtigt forstærke elnettet , så solceller vindmøller hurtigere kan koblet nettet . 2030 elnet , kan håndtere elforbrug , næsten dobbelt så stort , VE-anlæg , politiske planer , kan risikere skyde hvid pind nå klimamålene .",
,2022-12-03 00:00:00,Ingeniøren til borgermøde: Energinet møder talstærkt op til skeptiske transformer-naboer,Ingeniøren,Link,"20 medarbejdere Energinet dialog Høje-Taastrup-borgerne 18 hektar stor transformerstation , bygges baghave . » ommer ! « råber mand , rejst , afslutning mindre svada rettet scenen . Salen svarer klapsalve . mere positivt stemte mennesker stede blandt næsten 200 borgere , mødt mødesalen Zleep Hotel Høje Taastrup . Energinet holder borgermøde onsdag november . Anledningen indledende miljøkonsekvensrapport transformerstation , høring indtil 5. december . anlæg 18 hektar forbinde Energiø Bornholm Sjælland . Står bygherren , Energinet , ligge markområde tæt landsbyen Solhøj Høje-Taastrup Kommune , inklusiv lagerbygninger , træer kunstige søer fylde 60 hektar . Derfor Energinet troppet intet mindre 20 repræsentanter tre medarbejdere Energistyrelsen to Miljøstyrelsen .",
,2022-12-20 00:00:00,Med 300 millioner kroner i ryggen: Pionercenter skal frigøre PtX af sjældne metaller,Ingeniøren,Link,"Ifølge ny centerleder hviler globale , grønne omstilling , findes nye , alternative materialer Power-to-X-processen . Nutidens elektrokemiske elektrolyseprocesser ofte baseret sjældne metaller platin iridium , risikerer skabe flaskehals global udrulning Power-to-X ( PtX ) . andre ord brug alternative materialer , teknologien udbredes kloden rundt terawatt-skala . alternativer centrum spritnye forskningscenter CAPeX , præsenteret reception dag DTU . tale Danmarks Grundforskningsfonds såkaldte pionercentre , samlet bevilling 300 millioner kroner accelerere udviklingen nye materialer PtX-processer eksempelvis alternativer nutidens brug platinmetaller katalysatorer . » Materialer iridium , platin ruthenium skalerbare globale udfordringer , står overfor . Derfor centret afsøge mere bæredygtige skalerbare materialer , « siger Tejs Vegge , professor DTU Energy nyudnævnt leder CAPeX . » dur , finder verdens bedste løsninger inden PtX , kun kan skaleres levere bæredygtige flybrændstoffer mig. « Fremtidens PtX-eksperter to Tejs Vegges forskerkolleger DTU peget kommentar Nature Energy tre år siden , skalering global elektrolysekapacitet TW kræve mellem 100 8.000 ton iridium afhængig valg elektrolyseteknologi . sammenligning så udvindes 10 ton årligt . samme grund Nature-kommentaren klar opfordring fagfæller verden sætte forskningen alternative PtX-materialer . » tale udfordringer , kan løses enkelt forsker , gruppe universitet , kræver helt nye måder samarbejde , « Tejs Vegge siger . CAPeX bredt udsnit internationale eksperter materialeforskning PtX-processer samle viden . Derfor oplagt , centret fysisk forankret DTU hel etage kommende nyetablerede bygning Climate Challenge Laboratory , samler forskning tværs computer-simuleringer , testbænke syntese- analysefaciliteter materialeforskning . Herfra CAPeX sprede aktiviteter fire andre danske tre udenlandske samarbejdsuniversiteter forskere inden machine learning kemisk syntese robotter generelle PtX-processer . så Aalborg Universitet centrets medvært særlige faciliteter indenfor brint-produktion , pålidelig effektelektronik robot-teknologi , udnyttet professor Frede Blaabjerg AAU Energi spidsen . » stort fokus uddanne fremtidens eksperter ‘ power-to-Xperts ' . samme grund forventer uddanne 50-60 Ph.d.er tilsvarende antal postdocs løbet centrets 13 års levetid , « siger Tejs Vegge forklarer , hvordan eksempelvis udarbejdes fellowshipprogrammer samarbejdsuniversiteterne Stanford University , University of Toronto Utrecht University . slås tilbage PtX-ludo samles eksperter inden vidt forskellige forskningsfelter , skyldes , centret ifølge Tejs Vegge lægge vægt metoderne udvikle nye materialer . forklarer , hvordan materialeudviklingen dag gennem langvarige procestrin , én gruppe opdager nyt materiale laboratoriet , gruppe så efterprøver dokumenterer , én tredje gruppe eftervise opskalering . gange fejlslagne trin undervejs , så udviklingen må starte forfra lab-niveau . CAPeX gå anderledes , så kan undgå , tager 20 år forståelse kommercialisering nyt PtX-materiale -device . » blandt andet lave materiale-accelerationsplatform , dele udviklingsproces udveksle data hinanden sømløs vis , « siger Tejs Vegge . betyder , eksempelvis kan tage resultaterne materiale-simuleringer bruge modellernes output styre autonom synteserobot , kan stå helt andet laboratorie , producere materialet , sidenhen kan testes analyseres automatisk ved hjælp kunstig intelligens . vis kan ændre samtidig materialesammensætningen betingelser temperatur tryk sætte nye parallelle forsøg simuleringer . » udvikle måde undgå sekventielle PtX-ludo , følger samme vej , hele tiden kan slået tilbage , « siger Tejs Vegge . Digital kobling atom energiø sikre dele udviklingsprocessen taler sammen , platformen blandt andet inkludere avanceret digital tvilling , kan følge materialer helt laboratorie- anvendelsesskala . Herunder undersøge , hvordan bedst styres blandt andet effektelektronikken . » får koblet digital tvilling hele processen . Helt atomar niveau , systemniveau . Hvordan udnytter bedst energien sol vind fremtidens energiøer givne materialer , « siger Tejs Vegge . Netop del CAPeX med-leder centret AAU-professor Frede Blaabjerg ekspert i. Ved hjælp digitale tvillinger centret designe , teste analysere nye materialer , elektrolyseceller hele PtX-systemer computersimuleret , virtuelt univers , inden fremstilles . sidste ende centret forhåbentlig byde både optimerede mere bæredygtige , skalérbare PtX-processer , kan bruges flydende brændstoffer avancerede kemikalier plast , medicin proteiner supplering fødevarer . Centret åbner planen løbet foråret , præsenteres altså officielt reception DTU dag .",
,2022-12-31 00:00:00,"På vej mod 2023: Enkelte tiltag, men ingen plan for cirkulær økonomi i regeringsgrundlaget","Ingeniøren
Blogindlæg: Michael Søgaard Jørgensen",Link,"Regeringsgrundlaget nye SVM-regering fylder mere 50 sider , miljøområdet særskilt kapitel ” Ambitiøs klimahandling ” . Klimapåvirkning således miljøaspekt , fylder relativt mest grundlaget fokus planer mere vedvarende energi energiens anvendelse transport boliger . Desuden fokus reduktion landbrugets klimabelastning . Regeringsgrundlaget indeholder plan cirkulær økonomi . Ordet ” genanvendelse ” nævnt enkelt gang regeringsgrundlaget , mens hverken ordene ” cirkulær økonomi ” , ” affald ” , ” produktlevetid ” ” design ” nævnt . manglende plan cirkulær økonomi skuffende , cirkulær økonomi område stor opmærksomhed EU ’ s miljøregulering , klar sammenhæng mellem ressourceforbrug klimabelastning . Samtidig mangler Danmarks nationale handlingsplan cirkulær økonomi substans inden især affaldsforebyggelse produktlevetid , således regeringsgrundlaget burde indeholdt planer mere ambitiøs forebyggende dansk indsats inden cirkulær økonomi . Mulige koblinger cirkulær økonomi regeringsgrundlaget Selvom regeringsgrundlaget indeholder plan cirkulær økonomi , tiltag regeringsgrundlaget , aktører inden cirkulær økonomi kan anvende rejse diskussioner hvordan danske indsats cirkulær økonomi kan gøres mere ambitiøs . følgende diskuteres følgende planer regeringsgrundlaget del fremadrettet blik cirkulær økonomi 2023 : Undersøgelse konsekvenserne opsætte klimamål dansk forbrug Genanvendelse byggematerialer led sikre materialer energiøer andre former byggeri Investering erhvervsskolernes udstyr , lærerkompetencer fokus arbejdsmarkedets behov , herunder forhold grønne omstilling Etablering partnerskabet ’ Sammen klimaet ’ , understøtte klimahandling tværs stat , kommuner regioner , civilsamfund erhvervsliv vægt borgerrettede intentioner regeringsgrundlaget kan anvendes andre aktører diskutere , hvordan pågældende tiltag bør udformes , samtidig holde Regeringen planer regeringsgrundlaget . sidst artiklen vurderes ønskerne regeringsgrundlaget inden cirkulær økonomi tidligere blogindlæg blevet opfyldt , . Endvidere vurderes mulige betydning regeringsgrundlagets hensigter ” mere levende åbent demokrati ” relation cirkulær økonomi . Planlagt analyse : Undersøge konsekvenser mål forbrugets klimabelastning spændende tiltag relation cirkulær økonomi regeringsgrundlagets plan ” … . undersøge konsekvenserne opsætte mål CO2e-aftrykket danske forbrug. ” ( s. 29 ) . korte formulering uden nærmere analyse eksempel , regeringsgrundlaget flere steder indeholder overvejelser planer præsenteret sætning to . korte formuleringer kan skyldes , regeringsgrundlaget blevet dialog mellem politiske partier , hver især haft nsker regeringsgrundlaget – både regeringspartierne partier , kun deltog del regeringsforhandlingerne . hidtil fokus forbrugets størrelse produkters levetid danske strategi cirkulær økonomi , mål klimabelastningen danske forbrug skridt fremad . Formuleringen ” … . undersøge konsekvenserne opsætte mål CO2e-aftrykket danske forbrug. ” løfte udvikle strategi reducere klimabelastningen danskernes forbrug , anerkendelse , relevant måle hvordan danskernes forbrug påvirker klimaet . Inspiration Klimarådet Hensigtserklæringen analyse kan inspireret Klimarådets notat ” Kommentering Global Strategi 2022 . Klimarådets kommentarer Globale Strategi Klimaprogram ” , Klimarådet efterlyser , ” Danmarks forbrugsbaserede klimaaftryk prioriteres højere del globale strategi , gennemført mere målrettet indsats reducere det. ” Samtidig Klimarådet foreslår , ” ….det undersøges , kan udarbejdes pejlemærke udviklingen klimaaftrykket forbruget samt eventuelt pejlemærke eksporten ” supplering Danmarks territoriale klimamål . Nødvendigt indikatorer både forbrug territoriale udledninger nævnt regeringsgrundlaget , opstille mål forbrugets klimabelastning udvikle indikator forbrugets klimabelastning , nødvendig følge udviklingen forbrugets klimaaftryk . indikator forbrugets klimabelastning sammen national indikator klimabelastningen inden landets grænser ( dvs . opgjort Paris-aftalens regler ) give større viden forskellige aspekter Danmarks klimabelastning . således spørgsmål enten måle forbrugets klimabelastning måle nationale klimabelastning reglerne Paris-aftalen – begge opgørelser relevante kan supplere hinanden . Opgørelsen forbrugets klimabelastning forbrugerprodukter , produceres udlandet , pege klimabelastning udlandet , danske virksomheder udenlandske virksomheder Danmark medvirke reducere ved stille krav leverandører . Dermed kan indikator blandt andet vigtigt værktøj virksomheders klimastrategi – mindst strategier , sigter forlænge produkters levetider dermed nedbringe ressourceforbruget dets klimabelastning ved forbedre produktkvalitet forbedre reparationsmuligheder . Miljøøkonomisk vismand Lars Gårn Hansen Økonomisk Råd offentliggørelsen regeringsgrundlaget peget risikoen dobbelttælling , både Danmark forbrugsland produktionsland tæller reduktion klimabelastningen produktionen produkt opgørelsen klimabelastning . Dobbelttælling synes relevant risiko , Danmark kan medregne reduktion udlandet følge reduktion dansk import reduktion klimabelastningen produktionen importerede produkter opgørelsen territoriale opgørelse vedtaget Paris-aftalen . vigtigt offentlige myndigheder , virksomheder , forskere , civilsamfundsorganisationer m.fl . analyserer effekten strategier nedbringe klimabelastningen danskeres forbrug retning nationalt mål – både indenlandsk producerede produkter fødevarer importerede produkter eksempelvis elektronik . CO2e-indikator forbrug suppleres analyser sociale , økonomiske teknologiske ændringer , årsag positive negative ændringer indikatoren , kan sådanne analyser tilhørende indikatorer skabe vidensgrundlag både danske klimastrategi danske strategi cirkulær økonomi , hvordan mål forbrugets klimabelastning nås . Udviklingen strategierne reducere klimabelastningen forbruget kræve demokratiske processer deltagelse civilsamfundet dets organisationer blandt andet sikre socialt retfærdig grøn omstilling , Fagbevægelsens Hovedorganisation formuleret krav grøn omstilling baggrund medlemsundersøgelse . således vigtigt blandt andet måle forskelle forbruget inden mellem forskellige indkomstgrupper led udvikle virkemidler opnå reduceret ressourceforbrug . Strategier forskellige forbrugsområder Regeringsgrundlagets hensigt ” nedbringe klimaaftrykket offentlige indkøb , herunder indkøb transport opførelse offentlige bygninger. ” ( s. 29 ) kan anvendes fremme fokus offentlige forbrug fremme offentlige grønne indkøb , cirkulære offentlige indkøb nævnt regeringsgrundlaget . Regeringsgrundlaget nævner desuden , ” ….landbruget fødevaresektoren [ står ] ambitiøs omstilling områder ” ( s. 29 ) nævner blandt andet plantebaserede produktion øges . ser plantebaserede fødevarer del cirkulær økonomi strategi landbrug fødevarer , plantebaserede fødevarer kan ses del ” narrowing ” -strategi produktion fødevarer , fordi ressourceforbruget ved produktion plantebaserede fødevarer væsentligt lavere animalske fødevarer . Regeringsgrundlaget relaterer plantebaserede fødevarer cirkulær økonomi . Planlagt initiativ : Genanvendelse byggematerialer del råstofplanlægning nævnt ” genanvendelse ” nævnt enkelt gang regeringsgrundlaget . Genanvendelse nævnes forbindelse beskrivelsen planen udvikling dansk råstofplan sand grus sikre ” råstoffer energiøer byggeriet ” ( s. 34 ) : '' Regeringen tage initiativ råstofplan , understøtter bæredygtig udvinding sand grus samt mere genanvendelse byggematerialer . sikres , tilstrækkelige råstoffer energiøerne byggeriet – uden sætter naturen havnaturen styr . '' Fokus indtænke genanvendelse byggematerialer led reducere forbruget jomfruelige ressourcer byggematerialer . forlænget produktlevetid bygninger indirekte del regeringsgrundlaget , idet afsnit ” 4.6 Øge udbygningen vedvarende energi omstilling væk fossil opvarmning ” kort nævnes renovering eksisterende bygninger : ” Sikre stærkt fokus energieffektivisering både private hjem , virksomheder offentlige bygninger ” ( s.31 ) . Selvom målsætning energieffektivisering bygninger beskrives målsætning , sikre bygninger længere levetid , må effekt heraf – dermed kan målsætningen – sikres flere midler hertil – betyde renovering dermed levetidsforlængelse flere bygninger . Planlagt investering : Erhvervsskolers udstyr , lærerkompetencer fokus arbejdsmarkedets behov , herunder grøn omstilling Regeringen skriver regeringsgrundlaget , ” …vil investere , erhvervsskolerne rette udstyr , rette lærerkompetencer fokus arbejdsmarkedets behov , herunder forhold grønne omstilling. ” ( s. 20 ) . foregående regering målsætning styrke erhvervsuddannelserne bidrag grøn omstilling . ske ved etablere tre klimaerhvervsskoler præsenteret planen ” Danmark kan mere ” Forslaget særskilte klimaerhvervsskoler kritiseret flere sider stedet foreslog blandt andet foreningen Danske Erhvervsskoler Gymnasier ( DEG ) , erhvervsskoler erhvervsuddannelser kan bør bidrage klimaomstilling . Regeringsgrundlagets formulering synes lyttet kritikken ønsket , erhvervsskoler faglærte uddannelser bidrage klimaomstilling . Regeringsgrundlagets formuleringer investeringer erhvervsskolerne blandt andet fulgt udtalelser DEG pressen , planen store investeringer erhvervsskolerne kompensere foregående års nedskæringer . AMU-systemets rolle klimaomstilling fremhævet DEG : “ Regeringen ønsker øget fokus implementeringen klimainitiativer , allerede vedtaget . brug mindst arbejdsmarkedsuddannelserne ( amu ) , 6 uger , kan lave helt nyt uddannelsestilbud , kan målrettes præcis , behovet er. ” Affaldsforebyggende cirkulær økonomi indebærer blandt andet , kompetencer inden fejlfinding reparation produkter bør spille central rolle erhvervsuddannelser . Eksempelvis kan stigende anvendelse software styre hårde hvidevarer udfordring ved reparationer kan betyde behov løbende fornyelse uddannelser udvikling nye efteruddannelsesmuligheder . Planlagt aktivitet : Etablere tværgående partnerskab accelereret klimahandling Regeringsgrundlaget lægger vægt , ske hurtigere grøn omstilling form omstilling væk fossile energiressourcer : ” går langsomt gøre Danmark uafhængig russisk gas udfase andre fossile brændsler . fart omstillingen vores varmeforbrug grønne varmekilder. ” ( s. 6 ) . accelerere omstilling Regeringen blandt andet ” Etablere partnerskabet ’ Sammen klimaet ’ , understøtte accelereret klimahandling tværs stat , kommuner regioner , civilsamfund erhvervsliv vægt borgerrettede. ” ( s. 32 ) . Partnerskabet indgår del regeringsgrundlagets afsnit 4.6 ” Øge udbygningen vedvarende energi omstilling væk fossil opvarmning ” . Regeringsgrundlaget lægger vægt finde , hvordan kan sikres ” højt tempo udbygningen vedvarende energi land ” . afsnit 6.1 sammenhængende Danmark beskrives endvidere , Regeringen ” Undersøge , hvordan naboer kommuner bedst får del økonomiske gevinster ved lægge jord vedvarende energi land . Eksempelvis ved etablering energifællesskaber ved udvide nuværende VE-bonusordning. ” ( s. 42 ) . fremgår partnerskabet ” Sammen klimaet ” spille rolle udviklingen sådanne omfordelings- fællesskabsstrategier . brug bredere forståelse ” klimahandling ” regeringsgrundlaget . Regeringsgrundlaget kobler således partnerskabet klimahandling cirkulær økonomi – dvs . ressourceforbrugets størrelse dets klimabelastning . brug netop sådant partnerskab udvikle koncepter rammer etablering nationale lokale initiativer inden cirkulær økonomi – f.eks . deleøkonomiske fællesskaber reparationsinitiativer baseret frivillige socialøkonomiske virksomheder . ønskerne regeringsgrundlaget opfyldt ? følgende gøres status hvilket omfang regeringsgrundlaget opfylder otte ønsker Regeringens strategi cirkulær økonomi , beskrevet blogindlægget ” ønsker ( måske ) få : Ønskeliste nye regerings strategi cirkulær økonomi ” . Endvidere vurderes fire andre ønsker , kom kommentarerne indlægget LinkedIn . tolv ønsker Regeringens strategi cirkulær økonomi vurdering hvorvidt opfyldt regeringsgrundlaget ses nedenstående tabel . to ønsker ” Bedre økonomiske vilkår tekniske skoler FGU ” ” Lovgivningsmæssige økonomiske rammer lokale tiltag inden cirkulær økonomi ” således , størst omfang opfyldes regeringsgrundlaget . tre ønsker offentlige cirkulære indkøb , cirkulær økonomi byggeriet , bevillinger Grønne Nationalregnskab databaser cirkulær økonomi formuleringer regeringsgrundlaget , måske kan medvirke få ønskerne opfyldt . syv resterende ønsker ingen koblinger regeringsgrundlaget . Hensigt : mere levende åbent demokrati sidst vurdering regeringsgrundlagets formuleringer demokrati . tidligere blog kritiseret foregående regerings udvikling strategien cirkulær økonomi affaldssektoren , ledte plan liberalisering affaldssektoren , eksempel Hartmut Rosa kalder brug ” øjeblikkeliges magt ” accelerationssamfund . Dvs . proces korte tidsfrister - uden bredere debat andre mulige løsninger presses løsning igennem henvisning , løsning haster . derfor spændende , regeringsgrundlaget mål forbedring område , idet Regeringen skabe ” mere levende åbent demokrati ” sikre ” God regeringsførelse ” . Regeringen således sikre , ” ….at politiske beslutninger fremstår resultat faglig nødvendighed ” . betyder , ” ….embedsværket må … .. fremstille politisk besluttet løsning eneste fagligt velbegrundede , reelt flere fagligt velbegrundede løsningsmuligheder. ” ( s. 48 ) . foregående regering haft sådanne målsætninger , forløbet udvikling strategi cirkulær økonomi affaldssektoren forløbet mere demokratisk måde måske ført andre bedre løsninger . Regeringsgrundlagets partnerskab ” Sammen klimaet ” kan ses ønske mere demokratiske beslutninger grøn omstilling deltagelse flere aktører samfundet . tidligere nævnt vigtigt , ønsket acceleration grønne omstilling sker bekostning socialt retfærdig grøn omstilling ! Ligeledes kan regeringsgrundlagets formulering ” … følge anbefalingerne ekspertarbejdsgruppen demokratiske virksomheder ” ( s. 26 ) ses ønske styrke demokratiske virksomheder . Inden cirkulær økonomi kan sådanne virksomheder spille vigtig rolle – f.eks . inden reparationer deleøkonomi . optimistisk ved årsskiftet : enkelte gode målsætninger planer regeringsgrundlaget , kan anvendes fremme cirkulær økonomi gøre mere demokratisk mere ambitiøs måde . kræver , forskere , civilsamfundsorganisationer , tænketanke m.m . følger regeringsgrundlagets målsætninger holder Regeringen fast dens intentioner planer !",
,2023-01-06 00:00:00,Energinet har usædvanlig mange kabelfejl: Risikerer skift af over 100 endemuffer,Ingeniøren,Link,"senere år så fejl endemuffer , risikerer give strømafbrud , Energinet kan nødt udskifte 100 . 80 havmøller Horns Rev 1 måtte begyndelsen december standses trods gode vindforhold , opstod fejl flere meter høje endemuffe , forbinder kablet havmølleparken 20 kilometer ude Nordsøen højspændingsstationen ved Varde . gik 11 dage stor energiudladning ødelagde endemuffen , sidste vindmølle tilkoblet elnettet igen . Fejlen kostede ejerne havmølleparken flere millioner kroner indtægter , mens grøn strøm gik tabt midt energikrise rekordhøje elpriser . Fejl endemuffer gennem seneste tid . erkender Energinet , ansvaret drive danske energiinfrastruktur , Ingeniøren fået aktindsigt notat antallet kabelfejl . » haft fejl . forventer , går stykker , 2022 ligget væsentligt højere forventet kabelfejl historikken erfaringer andre lande . Fejlene ligger ofte endemuffer , så grunden , særligt kigger , « siger Anders Pallesen Jensen , afdelingsleder Asset Beredskab Jylland Energinet . Nærmere bestemt drejer 150 kV 400 kV endemuffer , bruges ved kabels afslutning , såsom ved transformerstation overgang mellem kabel luftlinje strækninger , kabellagt grund forskønnelse . Energinet siden 2014 haft 40 kabelnedbrud . Næsten halvdelen sket 2020 , fem fejl 400 kV-forbindelserne seneste to år skyldes fejl endemuffer , relativt nye kun cirka 10 år gamle . Anders Pallesen Jensen kalder antallet endemuffe-fejl » opsigtsvækkende « , tale tilfældigheder , vurderer , kan tale systematiske fejl . høje fejlrate skyldes ifølge , mufferne blevet forsømt . » forsøgt vedligeholde efterse så godt , kan , så bør holde længere tid , gjort , « siger Anders Pallesen Jensen . Strømafbrydelser tabt indtjening Fejl endemuffer dermed højspændingskabler begrænser transporten strøm , Energinet dermed danske statskasse tjener gennem handel vores nabolande , strøm områder billig elproduktion flyttes områder dyrere elproduktion . Udover tabt indtjening kan fejlene alvorlige konsekvenser elforsyningssikkerheden . » kan yderste konsekvens medføre strømafbrydelser forbrugerne , « siger Anders Pallesen Jensen . lige ved ske april sidste år . satte fejl 400 kV endemuffe vigtige kabelstrækning Ferslev-Trige , forbinder højspændingsnettet mellem Midt- Nordjylland , spil otte timer . Fejlen kostede opgjort millionbeløb reparationer tabte indtægter , kortere periode » stærkt forhøjet risiko omfattende strømafbrud Østjylland « , fordi andre dele elnettet samtidigt ude revision , forklarer Anders Pallesen Jensen . » gav store samfundsøkonomiske tab , især fordi elprisen høj 2022 - tidspunktet fejlen . Derudover gav reduceret elforsyningssikkerhed måde , fejle så mere , før medføre strømafbrud del elforbrugere Jylland , « siger . Årsag fortsat fundet Årsagen fejl endemufferne endnu klarlagt . Energinet imidlertid identificeret 400 kV endemuffer SF6-isolation italienske leverandør Prysmian mest fejlramte . Fem ni fejlramte endemuffer siden 2014 leveret herfra . Energinets specialister vurderer , fejlene kan skyldes utilstrækkelig jordforbindelse følge slitage grund små uønskede bevægelser kablets halvleder ved ændringer temperaturen , lang tid stresser endemuffen . tale systematiske problemer endemufferne Prysmian , risikerer forårsage fejl . Alene Jylland installeret 113 , koster 100 millioner kroner udskifte foruden tidskrævende medføre del udetid . Fejl endemuffer koster samme parametre . Energinet afventer øjeblikket endelig vurdering norske forskningsinstitut Sintef , fået opgave klarlægge fejlen mere præcist komme bud tiltag , kan forhindre fremtidige fejl . » mangler tage endelig beslutning omkring , gøre . afhænger , endelige vurdering fejlårsagen viser . viser , mindre reparationer kan forvente få forlænget levetid , så selvfølgelig gøre . viser systematisk fejl , så kan tvunget udskifte - sammen - så hvert fald stor del , « siger Anders Pallesen Jensen . kommende år antallet kabelfejl andet lige stige takt , kommer flere kabler danske elsystem . sidste fem år længden Energinets kabler steget cirka 40 procent forventes stige cirka 50 procent næste fem år - uden medregne kabler Viking Link Energiøerne .",
,2023-01-12 00:00:00,Verdens største konverterstation og monsterkabler mellem Nordsø-møller og Tyskland,Ingeniøren,Link,"Tyskerne investerer HVDC-kabler konverterstation havs sikre grønne strøm vindmølleparkerne komme land . Ligesom Danmark , så udbygges massivt vindkraft tyske del Nordsøen . få grønne energi land jævnstrømskabler , derfor tyske myndigheder sat gang to projekter kaldet LanWin1 LanWin3 . Kablerne Nordsøen forbindelsespunkterne Niedersachsen Nordrhein-Westfalen begge 390 kilometer lange meste vejen løbe parallelt hinanden vindmølleparkerne . transportere energien jævnstrøm bygges to konverterstationer placeret platforme cirka 170 km ude Nordsøen . Hver forbindelse transportkapacitet 2.000 MW jævnstrøm ved 525 kV . altså mulighed opføre 4.000 MW vindmøller udpegede tyske områder Nordsøen . konverterstationerne 66 kV vekselstrøm vindmølleparkerne konverteret 525 kV jævnstrøm , føres land . Samme teknik Danmarks Energiø modsætning hidtidige praksis , energien hver vindmøllepark føres land eget kabel , så giver anlæggelsen store konverterstationer havet mulighed opbygge multiterminal HVDC-anlæg ( High-Voltage Direct Current ) . kan efterfølgende udbygges flere vindmølleparker.Prisen to konverterstationer kommer ligge cirka 30 milliarder kroner . Selve platformene bygges skibsværft Cadiz Spanien , mens Siemens får ansvaret selve konverterstationerne . Konverterstationerne placeres platforme , hver kommer veje 34.000 ton stå klar hhv . 2029 2030 . Derefter kablerne forbindes land , bygges konverterstationer nye højspændingsforbindelser . hhv . 2031 2033 forventes første grønne strøm sendes vindmølleparker tyske forbrugere . tyske satsning indgår Esbjerg-erklæringen sidste år , Danmark , Tyskland , Belgien Nederlandene , enige udbygge 65 GW havvind 2030 øge kapaciteten mindst 150 GW 2050 . kan forsyne 230 millioner europæiske husstande grøn strøm .",
,2023-01-18 00:00:00,Energistyrelsen: Danmark frådser muligvis med pladsen til offshore-vind,Ingeniøren,Link,"Afstanden mellem offshore-vindmøller -parker større Danmark fx Tyskland Holland . Afstanden mellem vindmøllerne danske offshore-parker stor sammenlignet andre lande . samme gælder parkernes indbyrdes afstand . vurderer hvert fald Energistyrelsen , oplæg , slides Ingeniøren fået aktindsigt , omtaler danske forhold mulig ‘ fråds pladsen ’ . grund styrelsen gået gang undersøge , gevinster ved pakke både vindmøller parker havet tættere . øge udbyttet arealer , Danmark rådighed , gøre lettere indfri politiske målsætninger 4 GW ekstra havvind 2030 . Jonas Axelgaard , kontorchef Energistyrelsen , bekræfter mail , danske parkers lave energitæthed aktuelt bekymrer styrelsen . understreger , styrelsen endnu taget stilling – givet fald hvordan – arbejdes energitæthed kommende havvindmølleparker . » korrekt , Danmark sammenlignet flere andre lande anvender lav energitæthed forbindelse udbud havvindmølleparker . øget energitæthed kan indebære bedre udnyttelse havarealet - kan omvendt presse omkostningerne per produceret mængde energi , « skriver Jonas Axelgaard mailen . Vattenfall : Thor burde dobbelt så stor Oplægget Energistyrelsen holdt få måneder , Vattenfalls direktør udviklingen havvindprojekter Ane Mette Lysbech-Kleis kritiserede danske stat kun sat energiudbyttet offshore-parken Thor 1 GW . Vattenfalls daværende beregninger burde virkeligheden plads opstille 2,2 GW havvind arealet - altså mere fordobling effekt , staten sat øverste grænse . » tydeligt processen efterfølgende , plads mere område , afsat Thor . ser lignende områder , andre steder rundt Europa , viser tydeligt , Thor kan optimeres , « udtalte Ane Mette Lysbech-Kleis Børsen . Forsker : Pas falde fristelsen Xiaoli Guo Larsén , seniorforsker ved DTU Vindenergi , fået forelagt relevante slides styrelsen oplæg . advarer skele , hvordan gør udlandet hovedkulds pakke offshoremøller -parker mere tæt . » fristende stoppe flere turbiner begrænsede område , således skruer tætheden turbiner opnår mindre afstand mellem vindmølleparkerne , « siger . » Problemet , ved øge turbinetætheden automatisk øger omkostningerne . Samtidigt reducerer vindmølleparkernes effektivitet , fordi møllerne skaber mere turbulens , samtidig højere grad stjæler vind hinanden - tilsammen kaldet wake-effekter , « pointerer Xiaoli Guo Larsén . Inden Energistyrelsen kaster øge tætheden , bør set stol overveje , stor wake-effekten ekstra energiproduktion , opnår højere tæthed . » Målsætningen høste mere potentiel vindenergi samme tid minimere etablerings- driftsomkostningerne målt ved parameteren ‘ Levelized Cost of Energy ( LCoE ) ’ . afhænger specifikke situation , tæt vindmøllerne parkerne placeres hinanden , « siger . Xiaoli Guo Larsén peger , offshore-udbud ting tage hensyn havet såsom nationale grænser , sejlruter , miljøbeskyttelse , vanddybde afstand kysten . grund udgangspunkt lidt plads gøre godt etablere offshore-vind . » Derfor forståeligt , higer placere flere turbiner vindmølleparker begrænsede plads , rådighed , « siger . større park des lavere effektivitet Seniorforsker Xiaoli Guo Larsén opfordrer Energistyrelsen træde varsomt forhold lægge parkerne tæt hinanden . henviser review bragt videnskabelige tidsskrift Boundary-Layer Meteorology december 2022 , viser , parkernes effektivitet falder takt , skruer parkernes størrelse .",
,2023-01-30 00:00:00,Her er Energinets store plan: Sådan ruster nye kabler og ledninger elnettet til fremtiden,Ingeniøren,Link,"udbygges både 400 kV højspændingsforbindelser nye transformerstationer få plads langt højere elforbrug , nye solcelleparker vindmøller . dag offentliggør Energinet ny plan udbygning elnettet , forbereder styrker gennemgribende elektrificering Danmarks produktion energiforbrug . Heri gennemgås danske landsdele hver forhold , hvilke udbygninger allerede vedtaget , hvilke Energinet forventer nødvendige håndtere energien . nyeste politiske aftaler kolde data Energistyrelsens seneste beregningsforudsætninger energisystemet kaldet AF22 peger kun vej - nemlig massivt højere elforbrug løbet få år . AF22 fremgår , Danmarks samlede elforbrug stiger cirka 80 TWh 2030 156 TWh 2040 . Foruden nye varmepumper , datacentre elbiler , forbruget især drevet massiv udbygning PtX-anlæg . kræve nye elektriske forbindelser , både lokalt , især overordnede net . bruges allerede 2030 Rapporten kaldet ‘ Langsigtet netstruktur eltransmissionsnettet 2022 ’ nærmere pejlemærke endeligt bud , skriver Energinet . fungerer mellemstation langsigtede udviklingsplan ( LUP ) , udkommer år tegner mere fyldestgørende billede , bygges frem 2040 . kan vel komme endnu flere nye forbindelser kortet , selvom nye plan tager højde forgangne års politik , lavet udgangspunkt gamle analyseforudsætninger ( AF21 ) . AF21 forudså markant mindre elforbrug : Forbruget 2040 svarer forbrug , allerede forventer 2030 . » nuværende politiske ambitioner netstrukturen altså nærmere etableret omkring 2030 2040 , « skriver Energinet rapporten . mere el VE elforbruget stiger kraftigt kommende år , så udbygningen VE presse elnettet . AF21 forventningen , elproduktionskapacitet vind sol 30 GW 2040 . AF22 fordoblet 60 GW.Rapportens ‘ pejlemærker ’ sætter dato enkelte udbygninger . kan » igangsættes , behovet opstår. « Potentielle udbygninger mulige udbygninger opdelt geografisk især Nordjylland Lolland-Falster fokus grund forventning nye solcelleparker . Visse steder eksisterende systemer udbygget nye ledninger , andre steder gravet nye kabler jorden , særligt 150/132 kV . etableres flere nye 400 kV-forbindelser , understreger Energinet , endnu besluttet , hvorvidt graves hænges elmaster . skyldes , altid teknisk muligt grave så kraftige forbindelser . Nordjylland allerede besluttet etablere to nye 150 kV-transformerstationer henholdsvis Tylstrup Tue Kær . Dertil to 400 kV-transformerstationer udbygges , så kan sende energi videre systemet . Djursland , Fyn Midtsjælland udbygget 150 132-kV-forbindelser , mens forbindelsen Midtsjælland Sydsjælland udbygget fire 220 kV-kabler . Tre fortsætter Lolland-Falster . Især Midtsjælland kan vise krævende opgave , både håndteres store mængder el solcelleparker Lolland-Falster samt el Energiø Bornholm . Energinet skriver , tidligere løsningsforslag baseret gamle forudsætninger AF21 længere fungere grund begrænsninger nettet mellem Køge Roskilde .",
,2023-01-31 00:00:00,Mens Danmark bygger energiøer: Tyskland og Holland vælger dem fra i Nordsøen,Ingeniøren,Link,"Tysk netansvarlig foretrækker platforme , el havvindmøller sendes land . Landene omkring Nordsøen set gylden mulighed høste energi gigantiske vindmølleparker . stod klart , statsledere Tyskland , Belgien Nederlandene sidste sommer underskrev ‘ Esbjerg-erklæringen ’ , sikre , 65 GW havvind 2030 150 GW 2050 . Danmark satser bygge energiø plads mandskab , reservedele , konverterstation muligvis elektrolyse , så både Holland Tyskland valgt helt løsning . stedet vindmølleparkerne forbindes konverterstation placeret platform . model kendes havmølleparken Kriegers Flak Østersøen , energien kan sendes både Danmark Tyskland markedspris . To platforme 30 milliarder kroner tyske netansvarlige virksomhed Amprion netop præsenteret kontrakt spanske Dragados Offshore tyske Siemens Energy etablere to store platforme placeret cirka 170 kilometer ude Nordsøen . 2030 to platforme huse konverterstationer række kommende tyske havvindmølleparker . platformene kan 2 GW el vindmøllerne konverteres 525 kV jævnstrøm , så sendes land konverteres tilbage vekselstrøm Nordtyskland . indgår Amprions overvejelser , nye konverterstationer kan sammenkobles andre nationale internationale offshore-konvertersystemer . samlede pris to konverterstationer kommer ligge cirka 30 milliarder kroner . umiddelbart muligt sammenligne pris danske planer energiø . anslås , koste cirka 10 milliarder kroner anlægge selve øen . Heri indregnet omkostninger konverterstationer lignende . samlede pris danske energiø udstyr øen havvindmøller tilsluttet , anslås koste omegnen 210 milliarder kroner . vej Danmark valget platforme går tyskerne altså vej Danmark . spurgt Amprion , hvorfor satser konverterstationer placeret platforme stedet energiø , modtaget skriftligt svar . » Amprion foretrækker platformsbaserede forbindelser havvindmølleprojekter placeret tyske del Nordsø , bygger kendte platformtopologier , « siger Stefan Sennekamp , talsperson projektet . argumenterne Amprion , to platforme får backup-mulighed kan sende strøm land , ske fejl sted . platformene giver ifølge Stefan Sennekamp unik mulighed løbende udvide antallet tilsluttede vindmølleparker . altså nødvendigt bygge hel energiø komme gang . » første systemer multi-terminal jævnstrømssystemer lavt antal terminaler , potentielle fordele ved ø-tilgangen tæller så tungt , « siger . Betyder så , Amprion helt afskriver energiøer ? » Nej , generelt energiøer interessante alternativer bør bevares mulighed fremtidige sammenkoblede offshoresystemer tyske del Nordsøen. « Produktion brint ammoniak energiø fremhæver flere væsentligt argument . vel længere muligt platform ? » Elektrisk energi kan altid mest effektivt bruges inden elsektoren . klimaperspektiv således ineffektivt bruge offshore vindenergi brintproduktion , stedet bruges inden elsektoren . Kun overskydende energi , kan integreres elmarkedet , bør anvendes brintproduktion . Derfor brug begge muligheder : bruge offshore vindenergi elsektoren - kræver kabler land - gassektoren via elektrolyse placeret land , « siger Stefan Sennekamp Hvorvidt tyske platforme fremtiden forbundet danske energiø andre internationale systemer ifølge Stefan Sennekamp bygge vurdering fordelene ved sammenkobling forhold omkostningerne . Danmark holder fast `` fleksibel '' løsning løbet foråret 2023 Energistyrelsen sende kommende energiø Nordsøen udbud , udgangspunktet inddæmmet ø række platforme rundt øen . ing.dk spurgt Energistyrelsen , hvorfor Danmark satser inddæmmet ø stedet platforme alene . mail skriver vicedirektør Mogens Hagelskær , styrelsen valgt fleksibel ø-løsning , både opført ø platforme . » præcise design udarbejdes sammen vindende byder . Ved anlægge ø sikrer flere muligheder både forhold installation teknik samt muligheden innovation , kun tale platforme. « deler hollændernes bekymring , kan gøres hurtigt nok . » ser platformsløsningerne gode , behovet kendt relativt forudsigeligt , mens inddæmmede ø giver større manøvrerum levetiden , Energiø Nordsøen sat mindst 80 år. « » Samme rationale gjort Belgien , vores kolleger Elia gang bygge permanent base energiø. « skriver Mogens Hagelskær mail . Belgien systemansvarlige virksomhed , Alia , efteråret meldt , satser energiø stil danske .",
,2023-02-03 00:00:00,LEDER Omtanke frem for politisk prestige: Ideen om en energiø må ikke stivne i beton,Ingeniøren,Link,"fuldt forståeligt , ministre , iver sikre godt eftermæle samtiden , søger verdens beundrende blikke prestigeprojekter , sætter søen . Således væsentligt punkt digitalt møde mellem USA ’ s præsident Joe Biden danske statsminister Mette Frederiksen ( S ) september 2021 , » snart [ ] gøre verdens første energiø realitet « . hvem gerne høste anerkendende nik verdens allermægtigste personer ? Problemet opstår , blik , nik anerkendelse spinder forløjet verden . Derfor behovet stille helt banale spørgsmål . kommer energiøerne , flere advarselslamper , lyser kalder genbesøg projektets udformning . aftalen energiøerne juni 2020 lød , etableres to energiøer . Allerede februar 2021 stod klart , reelt kun tale én , idet Energiø Bornholm længere selvstændig ø . tilbageværende ø kommer ‘ snart ’ verdens første – statsministeren nævnte – ligner glansbillede virkeligheden . Energiøen Nordsøen forsinket mindst 2030 2033 , aktuelle forsyningskrise – mangler både fagfolk komponenter – reelt spørgsmål , kan nås . Ingeniøren uge fortælle belgisk energiø , forventes færdig 2026 fuldt tilsluttet elektricitetsnettet 2030 . Vigtigst spørgsmålet , overhovedet god idé ø. Selve grundideen energihub dansk havbund rigtig : forbinde flere havvindmølleparker knudepunkt frem individuelt land sparer dyre kabler . giver mulighed nemmere sende elektriciteten retning , behovet størst kilo­wattimeprisen bedst . blæser november Nordsøen , solfattigt Sydeuropa , kan sende billig energi derned . hollænderne snusfornuftige tyskere allerede luret , kan behov sagtens løses gammeldags langt billigere platforme stål – velafprøvet konstruktion , kender produktionsplatforme olie gas . Tyskerne mere nøgternt blik , knudepunkterne havet reelt bruges . Fagfolk syd fastslår , elektriciteten havvinden føres land udnyttet elbaseret samfund , sekundært produktion flydende brændstoffer . Herhjemme holder fast idé produktion bæredygtige brændstoffer ude Nordsøen . Således lød argumentet tidligere klima- energiminister Dan Jørgensen ( S ) , danske betonø ‘ ’ rumme teknologi produktion . Selvfølgelig undgår not in my backyard-problematikken langt ude havet . flere tungtvejende tekniske argumenter placere PtX ude energiø . fjerdedel energi , fødes PtX-anlæg , varme elektrolyseproces anlæggets kompressorer . sagens natur umuligt anvende massive mængder overskudsvarme fjernvarme , produceres 80 km land . Ligesom sag transportere brint brændstoffer land . økonstruktion risikerer således klimamæssigt ineffektiv tab overskudsvarme selvskabt unødigt behov kostbar transport . analysen tæller bestemt , småpenge , spil . Selve økonstruktionen opgivet koste 38 milliarder kroner . lyder vurderingen samlede anlægssum svimlende 210 milliarder kroner , allerede inden projektet fået fysisk udtryk , økonomien stukket . sommeren 2020 klar aftale , energiøerne rentable . lyder vurderingen , opstå betydeligt underskud . forventede afkast investorerne ifølge Energistyrelsen lydt fire procent . så lav forrentning , professor Per Nikolaj Bukh , Aalborg Universitet , sat spørgsmålstegn ved , hvorfor pensionskasser sætte penge dansk energiø , kan få dobbelte vindmøller andre lande . Senest viser tal Energistyrelsen , positivt cashflow kan forventes seks år . Hvordan går tiltrække investorer , uvist , udbuddet energiøen udskudt efteråret . gode nyhed , Energistyrelsen gået væk alene satse større fast ø sandfyldte betonsænkekasser overveje mindre inddæmmet ø tilhørende stålplatforme . trædes yderligere skridt sti : indisku­tabelt behov genberegne projektet undersøge alternativer , herunder overhovedet marked udleje arealer aktører inden power-to-x havet . platforme stål både mere rentable bæredygtige . Konsulenthuset EY styrelsen udformet kampagnemateriale , skønmaleriet lader tilbage ønske : Øen ‘ game changing concept ’ ‘ future-proof ’ – dertil kommer , danske stat fremhæves ‘ experienced business partner ’ . Erfaring ganske rigtigt , desværre gode slagsen , gælder gå forrest teknologisk ‘ game-changing ’ . Tænk bare gældsinddrivelsessystemet EFI , ejendomsvurderingssystemet , togsignalerne , Rejsekort IC4-indkøbet , firstmover egenudvikle bunden . Historisk erfaring tilsiger , ingen skam stoppe , lytte andre skalere tide . Heller selvom måske ender helt samme anerkendende blikke minister idémænd , klippes røde snore . Regeringen peget , kan plads lille hotel energiøen . god havudsigt kan købes dyrt .",
,2023-02-06 00:00:00,Åben dør-ordning kan være EU-stridig: Styrelsen stopper vurdering af VE-ansøgninger,Ingeniøren,Link,"Energistyrelsen gang sagsbehandling 33 ansøgninger opsætning havmøller andre VE-projekter . Åben dør-ordningen , giver udviklere mulighed etablere VE-projekt selvvalgt område , kan strid EU-retten . Derfor sættes sagsbehandlingen samtlige 33 projekter bero , hedder pressemeddelelse Energistyrelsen . prompte udløst rasende udbrud branchen . » Fuldstændig uhørt , « lyder brancheforeningen Green Power Denmarks direktør Kristian Jensen , pressemeddelelse kalder » brud dansk energipolitik « . » ren katastrofe grønne omstilling , « udtaler DI-topchef Lars Sandahl Sørensen DI Business , mens European Energys havvindchef , Andreas Karhula Lauridsen overfor Energiwatch betegner beslutningen helt » uforståelig overraskelse. « » Regeringen smækker pludselig døren grønne omstilling brag , sender chokbølger gennem hele grønne energibranche , « udtaler Kristian Jensen pressemeddelelsen . » Virksomhederne lavet kæmpe forarbejde klar bygge mere grøn energi , så trækker regeringen stikket ’ åben dør ’ -ordningen 11. time . simpelthen orden . brud måde , historisk drevet energipolitik Danmark skaber enorm usikkerhed grønne investeringer. « Indgrebet sker efterår , Ingeniøren blandt andet afdækket hvordan Copenhagen Infrastructure Partners ( CIP ) Ørsted bruger ordningen byde områder tæt kommende statslige Energiø Bornholm - så tæt , kan risiko , projekterne kommer kannibalisere energiøens indtjening - sammen grund uklarhed ordningens regler . gå glip milliard-indtjening Ingeniøren erfarer , embedsmænd Klima- , Energi- Forsyningsministeriet , Erhvervsministeriet Finansministeriet siden sommer ledt forvaltningsmæssig begrundelse lukke 'åben dør'-ordningen helt - tilsyneladende uafhængigt siddende ministre . Staten måtte ganske enkelt gå glip store summer , potentielt tjene ved sende pågældende områder udbud . især skelet udbuddet Thor Havvindmøllepark , udløste 2,5 milliarder kroner samtlige fem ansøgere . Flere mulige argumenter oppe vende , f.eks . statsstøtte dele statens havbund uden få nogen kompensation . argument ved nærmere eftertanke viste holde , valgte embedsmændene stedet satse argumentet , holder ordning baseret først-til-mølle-princippet , betyder , området konkurrenceudsat , . så argument , EU-retten blevet bedt forholde . Energistyrelsen sætter sagsbehandlingen bero kommer bag branche , sommer fik Kammeradvokatens ord , ansøgninger overensstemmelse reglerne åben dør-ordningen . Energistyrelsen troede , juli 2022 både opnå fuld kontrol ordningen samtidigt indskrænke betragteligt . trådte lovændring ordningen kraft , lukker muligheden sende åben dør-ansøgninger havvindparker , ligger mere 15 km kysten . Åben dør-ordningen pludselig populær månederne lovændringen satte , modtog styrelsen stort antal ansøgninger via åben dør-ordningen etablere store VE-projekter dybt vand langt kysten . Styrelsen forsøgte først afvise ansøgningerne henvisning , ordningen tiltænkt så store projekter . Kammeradvokaten skød argumentet , Energistyrelsen nødt sende ansøgningerne videre vurdering . Bent Ole Gram Mortensen , professor offentlig ret ved Syddansk Universitet pointerer , se styrelsens indgreb lyset , modtog stort antal ansøgninger store VE-projekter dybt vand sidste sommer . » store antal ansøgninger holdes imod , indtil indsendt ganske få ansøgninger ordningen , « siger Bent Ole Gram Mortensen . ved , hvorfor styrelsen vælger så drastisk skridt . mulighed , styrelsen give mulighed sammentænke ansøgningerne via åben dør-ordningen planerne statslige energiøer nationale havplan . forklaring , hellere udbudsprocedure åben dør-ordning , alvor kan lade gøre tjene penge havvind . » giver mulighed sikre , staten kan høste koncessionsafgifter projekterne . så , styrelsens motiv , kan kun gætte , « siger . Lytter , Klima- , energi- forsyningsminister Lars Aagaard ( M ) siger , lader , orienteret inddraget beslutningen sætte Åben Dør-ordningen bero . kalder beslutningen ” alvorlig situation grønne omstilling ” , havvindmølleprojekter . » konkrete situation rejser masse spørgsmål konsekvenserne enkelte ansøgninger ordningen , afklares , « siger Lars Aagaard pressemeddelelse . » kan forsikre , kommer forfølge hurtige svar vegne ansøgere , nuværende efterladt usikkerhed fremtiden projekter. «",
,2023-02-13 00:00:00,Med statsstøtte til PtX kommer danskerne til at betale for rige nabolandes grønne omstilling,Ingeniøren,Link,"Tanketænken Kraka mener , politikernes ambition massiv udbygning PtX frem 2030 vel kan dyr løsning klimaudfordringen . voldsom foretagsomhed , udspiller år , kommer produktion grøn brint lignende brændstoffer . bredt kalder PtX . Gigantiske anlæg Aalborg , Esbjerg , Fredericia Avedøre allerede tegnebrættet , oven kommer masse mindre anlæg danske provinsbyer . Frederik Læssøe Nielsen , seniorøkonom Kraka Advisory , starter understrege , grundlæggende intet problem virksomheder , ønsker fremstille sælge PtX-produkter kommercielle vilkår . virksomheder kan få gang forretningen uden offentlige pengekasser levere produkt , enten brint , metanol , ammoniak mere energitunge produkter e-jetfuel , så bare gå gang : » stiller Kraka skeptiske , staten sende støttekroner sådanne produkter , « siger . » Først fremmest fordi PtX-produkter dyr måde løse klimaudfordringen lige . andre ord frugter , sidder allerhøjest oppe træet , fokus . mener , pengene bedre givet andre steder. « Energiø kobles PtX Kraka netop offentliggjort rapporten ‘ Power-to-X kan fremtidig klimaløsning , bidrager kun lidt danske klimamål ’ , problemstillingen gennemgås . Rapporten udarbejdet baggrund bevilling Novo Nordisk Fonden sparring forskere DTU . » grave særlig langt argumentationen havvind energiø Nordsøen , før hele projektet koblet PtX . , to ting kan skilles . lyder besnærende , PtX kan omsætte energien , overproduktion strøm , virke slags batteri dage , blæser . nærmest , hinandens forudsætninger. « » egentlig historie ? « spørger retorisk . undret godt grundigt Kraka , baggrund tekniske økonomiske beregninger kommet konklusioner , nok falder god jord del politikere , grønne organisationer kommercielle aktører . politiske ambition , fremgår nye beregningsforudsætninger Energistyrelsen , , Danmark 4-6 GW PtX 2030 , så mener Frederik Læssøe Nielsen kollegaer , springes masse mellemregninger . » PtX størrelsesorden kort sigt give dyre CO2-reduktioner . strider imod politikernes ønske , tage mest omkostningseffektive teknologier brug først , « slår fast peger parallelt ønske komme russisk gas europæiske energisystem . Elektrificering bedre PtX Oven kommer , al el , bruges PtX , bruges langt mere effektivt , prioriterede elektrificere steder , muligt først . peger Kraka flytrafikken mest åbenlyse eksempler . forrige regering lovede grøn flytransport inden kort årrække , nemmeste teknologi nå mål bruge flydende grønt brændstof traditionelle fly . » bruge grøn el fremstille syntetisk jetfuel både dyrt ineffektivt . Samtidig bare fortrænge oliebaseret brændsel russisk gas , ellers sat set lyset verserende energikrise Europas afhængighed gas , « siger Frederik Læssøe Nielsen . tredje pointe peger Kraka , stor del PtX-produktionen gå eksport , fordi indenlandske efterspørgsel står mål store PtX-ambitioner . Derfor bør politikerne nøje overveje , hvilket omfang statsstøtte PtX . praksis betyder statstøtte nemlig , danske skattekroner bruges reducere CO2-emissionen aftagerlandene - sandsynligvis Tyskland Holland . » må igen understrege , kommercielle aktører producere brint andre produkter sælge markedsvilkår , så fint . hører brintbranchen , bygges infrastruktur , så kan eksportere brint Tyskland , så kan godt betænkelige , « siger Frederik Læssøe Nielsen . kan godt forestille løsning , Energinet står bygge drive rørnet , mens brugerne betaler omkostninger via afgifter . Ingen fordel først Indtil videre afsat 1,25 milliarder kroner udvikling PtX-projekter Danmark samt antal millioner kroner via forskellige støtteordninger . Kraka beregnet , nå kapacitet 6 GW 2030 , så kræve investeringer imod 20 milliarder kroner . produkter , kommer PtX-anlæggene stor sandsynlighed dyrere fossile alternativer , så forudsætter Kraka , kræve statsstøtte , anlæggene opføres . længere årrække givet tilskud produktion biogas , hvilket ført voldsom forøget produktion . gøre brint ? » stor forskel biogas brint sammenhæng . Biogas blandt andet udviklet få indenlandsk forsyningssikkerhed alternativ vores forbrug naturgas . samme kan sige elforsyningen , sikre , borgerne el stikkontakten . indenlandsk efterspørgsel brint andre PtX-produkter , kan forsvare kapacitet 4-6 GW. « kan udbygningen PtX Danmark føre andre gavnlige effekter ? eksempel udvikling ny industri dermed højteknologiske arbejdspladser ? » nok skille tingene kommercielle interesser samfundsøkonomi . klart , kommercielle virksomheder , gerne gang interesse bedste , så kan eksportere resten verden . så tilbage ved andre argumenter , nemlig dyre reduktioner , PtX lægge beslag store mængder grøn el , bruge andre steder. « , netop gjorde vindkraftudbygningen 90 ’ erne , altså gav produktionstilskud , så virksomhederne opbygge marked vokse ? » mener , kan sammenligne vindkraftudbygningen . allerede stor appetit bygge PtX . selvfølgelig legitimt politisk argument mene , foregangsland politisk hold skubbe teknologiudvikling . svært sætte kroner ører , dansk statsstøtte øge sandsynligheden , danske teknologivirksomheders produkter økonomisk attraktive resten verden. « vigtigt , først , så andre kommer overtager markedet ? » kan argumentere , vores vindressourcer giver konkurrencefordel produktionen PtX-produkter , så vigtigt , Danmark første producere stor skala . Danmark nok komme vognen – statsstøtte ej . Kraka altså ingen måde opfordre aktivt stoppe PtX-projekter , lige støbeskeen rundt Danmark , grundigt overveje , rigtige vej gå aktivt skubbe udviklingen givet situation , står lige , « siger Frederik Læssøe Nielsen .",
,2023-02-20 00:00:00,Minister baner vej for 9 GW havvind i år – og møllerne skal måske stå tættere,Ingeniøren,Link,"Knap røgen lagt miseren åben dør-ordningen , før ministeren varsler igangsætning statslige udbud 9 GW havvind år . Energiminister Lars Aagaard ( M ) år sætte gang udbud 9 GW havvind frem 2030 , sikre , ambitionerne 12,9 GW havvind 2030 indfries . femdobling Danmarks nuværende kapacitet , svarer elforbruget omkring ni millioner husstande . annoncerer Klima- , Energi- Forsyningsministeriet pressemeddelelse mandag , lige røgen åben dør-ordningen knapt lagt , Energistyrelsen 6. februar satte ordningen pause afsæt vurdering , ordningen muligvis strid EU-retten . » hurtig afklaring åben dør-ansøgningerne , vores topprioritet . , samtidig se , kan gøre skrue udbygningen havvind via statslige udbud , « siger klima- , energi- forsyningsminister Lars Aagaard pressemeddelelsen . Mølletætheden undersøges januar Ingeniøren fortælle , internt Energistyrelsen bekymret , sker » fråds pladsen « ved opstillingen havvindmøller , fordi generelt placeret større afstand andre europæiske lande . Energistyrelsen gik gang undersøge , kan gevinster ved pakke både vindmøller parker tættere . pressemeddelelsen skriver ministeriet , hvordan kan give opstillerne frihed sætte mere havvind udbudte arealer havet . Ritzau siger ministeren , fortætning potentielt kan lede større kapacitet ni gigawatt , sendes udbud år . » Vores vurdering , kan godt . sige potentielt , kan lave ordentlig model , Folketinget , så forventning , kan få mere ni gigawatt « , siger Lars Aagaard Ritzau . Ingeniøren advarede seniorforsker ved DTU Vindenergi Xiaoli Guo Larsén , varsom konkludere , flere vindmøller nødvendigvis leder større kapacitet . » Problemet , ved øge turbinetætheden automatisk øger omkostningerne . Samtidigt reducerer vindmølleparkernes effektivitet , fordi møllerne skaber mere turbulens , samtidig højere grad stjæler vind hinanden - tilsammen kaldet wake-effekter , « pointerede Xiaoli Guo Larsén . mangler strøm Power-to-x Green Power Denmark roser regeringen få sat gang udbuddene , efterlyser samtidig , kommer styr åben dør-ordningen . » mangler grøn strøm dag morgen . ni gigawatt havvind vigtige vores klimaambitioner , brug havvindmølleparkerne åben dør-ordningen , Danmark foregangsland indenfor Power-to-X . kan vente , statslige havvindmølleparker drift 2030 . tid andre lande længst sidde markedet grønne brændstoffer tung transport , « siger adm. direktør ved Green Power Denmark , Kristian Jensen . toner lyder ligeledes Dansk Industri . » glad se , regering trukket arbejdstøjet , arbejder finde løsninger udfordringer , står øjeblikket . gælder åben-dør-ordningen andre store grønne projekter . Åben-dør-ordningen statslige udbud havvind kan tilsammen give Danmark kæmpe løft , « siger Lars Sandahl Sørensen , adm. direktør Dansk Industri . 9 GW , regeringen begynde sende udbud år , indgår blandt andet Energiø Bornholm , Hesselø yderligere 5 GW havvindsprojekter , skriver ministeriet pressemeddelsen .",
,2023-02-22 00:00:00,Vindø-konsortiet: En fast energiø er både billigere og bedre end platforme,Ingeniøren,Link,"ene konsortier , forventer byde energiøen Nordsøen , tvivl , foretrækker . snart tre år siden , tanken energiø 80 kilometer ude Nordsøen , annonceret forbindelse Klimaaftalen 22. juni 2020 . Flotte visualiseringer , diskussioner imod øen række konkrete spørgsmål præget debatten siden : stor lille ø ? elektrolyse øen ? Hvorfor sætte konverterstationer platforme ? hvordan energien øen indgå elmarkedet tværs tilkoblede lande ? Konkret lyder Energistyrelsen , energiøen Nordsøen etableres kunstig ø platforme . 2033 knudepunkt 3-4 GW havvindmølleparker . Senest 2040 øen kapacitet 10 GW . opmærksomme læser to ting forandret siden oprindelige plan Klimaaftalen : Idriftsættelsestidspunktet blevet skubbet 2030 2033 , så blevet tilføjet ‘ platforme ’ . Sideløbende Danmark eneste nation , påtænker opbygge stor vindmøllekapacitet Nordsøen . ‘ Esbjergerklæringen ’ underskrev regeringslederne Danmark , Tyskland , Belgien Holland aftale bygge 65 GW havvind 2030 øge kapaciteten mindst 150 GW 2050 . Allerede ser , landene vælger forskellige strategier . tyske systemansvarlige virksomhed Amprion valgt løsning konverterstationer platforme to kommende havvindmølleparker . hollænderne ser umiddelbart fokusere platformsløsninger , mens belgierne holder fast fast energiø . CIP satser ø Flere konsortier meldt banen byde danske energiø , altså fået tilføjet ‘ platform ’ beskrivelsen . Yderligere kan se visualisering Energistyrelsen hjemmeside info energiøen , viser fast energi platforme placeret rundt . konsortier , forventer byde opgaven , Vindø , CIP ( Copenhagen Infrastructure Partners ) spidsen . Hertil kommer pensionsselskaberne PensionDanmark PFA eldistributionsselskabet Andel . stå selve konstruktionen energiøen konsortiet indgået aftale selskaberne Boskalis , DEME MT Højgaard International , tilsammen råder ekspertisen bygge kunstig ø Nordsøen , fortæller Thomas Dalsgaard , partner CIP . Hvorfor holde fast kunstig ø , tyskerne eksempel besluttet bygge platforme , blandt andet hurtigt komme gang ? » brugt tre år gennemtænke energiøerne kommet frem afgørende pointer : Først fremmest , så nødt tænke anderledes , offshore vindmølleparker ny skala . dyrt , forbinde parkerne ‘ point-to-point ’ . fast energiø plads elektrolyse bedste løsning , « siger interview Ingeniøren . Energistyrelsens seneste materiale tilføjet muligheden platforme rundt øerne . give fleksibilitet , brug , mulighed komme hurtigt gang ? » fordi , stirret blinde faste øer kan se andre løsninger . faktisk etableret platforme tyske del Nordsøen , så ved , besværligt dyrt . ved vores partnere konsortiet , først tilladelsen ligger , så kan bygge ø cirka tre år . svært forestille , kan gøres hurtigere platforme . Derfor synes , unødvendigt dyrt komplekst sætte platforme rundt energiøen . Samtidig svært forestille , bygge elektrolyse platforme. « brintproduktionen ske ø , mister så muligheden udnytte spildvarmen fjernvarme ? » Beregninger lavet , analyser både EA Energianalyse Cowi viser , kan spare omkring 20 procent omkostningerne ved bygge elektrolyse direkte øen - så kan udnytte overskudsvarmen fjernvarme . skyldes blandt andet , langt billigere lægge brintrør land elkabel . Samtidig får mere fleksibelt produktionsmiks bedre kapacitetsudnyttelse kablerne land , fordi løbende kan vælge mellem sende el brint land. « Kritikere nylig peget , produktion brint energiø kan risikere dræne statskassen tilskudskroner , fordi produkterne sendt Danmark , stedet solgt rige europæiske nabolande . mener , brint føres land ? » Brinten først fremmest sendes derhen , marked . kan Danmark , kan Tyskland Holland , eksempel Rotterdam . Så kommer kigge , hvilken brintinfrastruktur , opbygning . brinten sendes direkte Centraleuropa , så måske brug statsstøtte produktion. « sommeren 2022 udbuddet skubbet 12 måneder , så forventningen , først ligger klar Energistyrelsen tidligere efterår 2023 . Hvornår forventer , ø kan stå klar ? » set udbud , sandsynligvis gå omkring 2,5 år før endelig vinder udpeget . Derfra forventer , udover miljøtilladelse detaljeret design , bruge tre år bygge selve øen . Udfordringen , ingen før gjort , så ydelse , bare lige går køber . Derefter bygges vindmøller , konverterstationer lægges kabler , så tror konservativ tidslinje , så nok henne omkring 2031-2032 . tror faktisk kan gøres hurtigere , vælger platforme. «",
,2023-03-02 00:00:00,Belgierne er allerede godt i gang med at bygge verdens første energiø,Ingeniøren,Link,"belgiske stat tildelt konsortium opgaven bygge kunstig energiø Norsøen . Konstruktionen går gang 2024 tage 2,5 år . belgiske energimyndighed Elia planer installere 3,5 GW vindmøller nyt område belgiske del Nordsøen . samle energien vindmøllerne sende land via jævnstrøm derfor bygges energiø . konsortium bestående virksomhederne DEME Jan Nul , begge eksperter offshore-konstruktioner , fået opgave bygge øen . Først øen bygget , Elia installeret elektrisk udstyr transformatorer konverterstationer . Øen , fået navnet Princess Elisabeth Island , ligge 45 km belgiske kyst får areal cirka 24.000 kvadratmeter . foruden elektriske udstyr plads helikopterplatform lille havn . altså udsigt , øen huse reservedele vindmølleparkerne , PtX-anlæg beboelse personale . planen , energiøen forbinder belgiske system andre lande Nordeuropa , eksempel Danmark via kablet kaldet TritonLink , planer årrække . Storbritannien kan forbindes via kablet , kaldes Nautilus . måde kan Belgien indgå samlede plan Nordsøen , 2050 udsigt helt 300 GW vindkraft . Betonsænkekasse sand Selve konstruktionen bestå ydre krans betonsænkekasser , fyldes sand . forventes , selve konstruktionen øen gå gang 2024 færdig sommeren 2026 . Herefter øen kobles kommende havvindmølleparker Nordsøen . allerede godkendt planer bygge vindmøller samlet kapacitet 2,3 GW område belgiske del Nordsøen . nye energiø bygget tilknytning nyt område kaldet Princess Elisabeth Zone . Området dækker cirka 285 kvadratkilometer , kapaciteten kan udvides 3,5 GW . Princess Elisabeth Island forventes forbundet vindmølleparkerne belgiske el-system 2030 . nye aftale kommer Belgien Danmark forkøbet verdens første energiø . danske planer , udbuddet energiø Nordsøen først offentliggjort september måned år . Ifølge Energistyrelsen , forventningen , dansk energi Nordsøen stå klar 2033 .",
,2023-03-06 00:00:00,Storstilede danske PtX-ambitioner kan blive forhalet af mangel på ingeniører,Ingeniøren,Link,"brug flere tusinde STEM-kompetencer realisere ambitiøse PtX-projekter , vurderer leder forskningscentret CapEx . skorter udmeldinger store Power-to-X-projekter ( PtX ) ganske land . store ambitioner papiret , andet gøre virkelighed . kræver blandt andet pæn oprustning STEM-kompetencer tid , forvejen massiv mangel ingeniører , lyder vurderingen blandt andet forskningscentret CAPeX . » sigt behov flere tusinde eksperter , kan bidrage accelerere grønne omstilling forbindelse PtX Danmark , « siger Tejs Vegge , professor DTU Energy centerleder CAPeX . Estimatet baseret sammenkog politiske industrielle udmeldinger , hvordan teknologierne kan skaleres samt hvilke kompetencer , bringes spil . » kan måske lyde stort antal , fordi , tæller bredt . forskerne universiteterne R & D-ingeniører , sidder virksomhederne udvikler producerer materialerne , , bygger elektrolysecellerne stakkene sidste ende , teste implementere teknologierne eksempelvis energiøerne , « siger Tejs Vegge . ‘ Umoderne ' ingeniører hotte igen Preben Birr-Pedersen , specialist energiteknologier særligt PtX CCUS ( fangst , lagring anvendelse CO2 ) , ingen tvivl , brintsamfundet står lige døren – råbt sidste 20 år . vurderer , teknologimæssigt sket mere sidste tre år foregående 17 . » STEM-kompetencerne plads – egentlig hele værdikæden . myndigheder , sagsbehandle projekterne . mandes gevaldigt aktører herunder Sikkerhedsstyrelsen , Miljøstyrelsen ude kommunerne , ellers kommer tilladelsesprocesserne tage lang tid , « siger . Blandt ‘ traditionelle ’ ingeniørfag nævner Preben Birr-Pedersen blandt andet stærkstrømsingeniører , procesingeniører olieingeniører vigtige profiler kommende PtX-landskab . hæfter ved , ‘ sidste tyve år ’ manglet stærkstrømsingeniører , ligesom olieingeniørerne heller hænger træerne . » bruge , gode bore olie proppe CO2 undergrunden . moderne år olieingeniør , så lavet få , « siger peger , forstærket behov geologer boreeksperter CCUS . vigtig første dråbe Umiddelbart står danske universiteter føde behov , ser , mener Preben Birr-Pedersen . kan få afgørende betydning storstilede PtX-projekter . » kommer materialisere inden tidshorisonter , ønskesedlen . både grund mangel STEM-kompetencer , mangel komponenter flaskehalse godkendelsesprocesserne , « siger konstaterer , » grad brug ressourcer « . pionercentret CAPeX , fået bevilling 300 millioner kroner næste 13 år blandt andet uddanne flere PtX-eksperter , håber Tejs Vegge , centret leveringsdygtigt 100-120 nye ph.d. ’ ere postdocs . Selvom måske kan virke dråbe havet forhold tusinde eksperter , behov , så vigtig første dråbe , lyder Tejs Vegge , taler ‘ Power to X-perts ' , kan bidrage helt nyt sæt kompetencer . » kombinere powerelektronik , elektrokemi , materialesyntese , digitale tvillinger , robotteknologi kunstig intelligens , så kan sammensætte eksisterende kompetencer helt nye måder få løftet niveau , kan få udviklingen gå endnu hurtigere , « siger . tid løbe nuværende tidspunkt endnu ansat nogen ph.d. ’ ere centret , hvilket betyder , gå mindst tre år , før første ‘ Power-to-Xperts ’ ser dagens lys . » håber få række kandidater bachelorer , kan indgå vores projekter tage kurser , udbyde . hurtigere skabe kompetencer flere felter give forståelse hele processen bag udviklingen PtX-teknologier. « CAPeX tre fellowship-programmer samarbejde Stanford University , University of Toronto Utrecht University , hvert program 10 ph.d.-studerende 10 postdocs , tilbringer mellem halvt helt år international partner . Tejs Vegge peger , kompetencer , Danmark gang uddanne , målrettet teknologier , først konkurrencedygtige 5-6 år . Selvom umiddelbart kan virke god tid , bør læne godt tilbage , advarer Tejs Vegge . » huske , kvalificerende kandidatuddannelse alene tager fem år . projekter , meldt nuværende tidspunkt , så kommer mangle hoveder , allerede accelererer uddannelsen fremtidens PtX-eksperter , « siger . Hele verden brug PtX-kræfter Flere universiteter virksomheder gennem længere tid forsøgt råbe politikerne forhold loftet udenlandske universitetsstuderende samt generelt flere studiepladser STEM-området store byer . kritikken regeringen taget , fremgår reformudspillet ‘ Forberedt fremtiden ’ , præsenteret torsdag 2. marts . udspillet fremgår blandt andet , universiteterne kan øge antallet engelsksprogede studiepladser kandidatuddannelserne 1.100 hvert år 2024 2028 2.500 studiepladser årligt 2029 . Tejs Vegge peger , manglen studerende kan træls kæp hjulet » nyt grønt eventyr Danmark. « » skærer fødekæden eksempelvis afskærer uddanne internationale kandidater danske universiteter ingeniørvidenskab STEM generelt , skærer år kandidatuddannelse , så kan godt ende stå situation , simpelthen mandskabet leve ambitioner livet , « lyder advarslen . Energiekspert Preben Birr-Pedersen svært ved se , nuværende tidspunkt kan komme mål uden hente forstærkning udlandet . » Langt hen vejen omstillingen brint , kan gøres alene danske ressourcer. « Begge minder , PtX kun dansk fænomen , derfor konkurrence hele verden rigtige ressourcer . » kan godt , synes , projekter Danmark , rigtig store projekter altså udlandet , « siger Preben Birr-Pedersen . Ifølge Tejs Vegge findes stort set ingen andre lande verden , lige så ambitiøse forhold energiøer udbygningen vind PtX Danmark . » PtX-økosystem , , fantastisk global mulighed forhold rekruttere rigtige talenter . passe , mister eksperter , drive processen , koble forskellige dele forskning udvikling helt storskalaimplemementering , andre lande. «",
,2023-03-11 00:00:00,Rambøll i grøn vækst: »Jeg er stolt af de store transformationsprojekter«,Ingeniøren,Link,"rådgivende ingeniørvirksomhed vandt 2022 store projekter , skubber verden mere bæredygtig retning . Alligevel brugt ressourcer små skridt , koncernen kan hjælpe enkelte virksomheder tage . Nordens største plastsorteringsanlæg Esbjerg , nyt bykvarter omkring Stockholms hovedbanegård , elektrificering tyske jernbane , grønt infrastrukturprojekt , stormsikre kysten New York klimaneutrale kontorbygninger Manchester . 2022 bød bredt spænd nye opgaver rådgivende ingeniørvirksomhed Rambøll , februar sidste år lancerede ny strategi målrettet fremtidige partnerskaber projekter , forandrer verden bæredygtig retning . årsregnskabet , offentliggjort fredag , viser , strategi båret frugt . hvert fald koncernen præsteret omsætning , 12,6 pct . større sidste år , største organiske vækst 14 år . » tilfredsstillende resultat , « mener CEO Jens-Peter Saul , overbevist , sammenhæng mellem resultatet bæredygtige fokus . » sker selvfølgelig takket klassiske bæredygtige ydelser , førende , f.eks . inden havvind . nyt område vores strategiske bæredygtighedsrådgivning , del vores Management Consulting-enhed , sat virkelig godt gang væksten , « fortæller adm. direktør . bare teoretiske dokumenter Management Consulting-forretningen tager førertrøjen område , 2022 største vækst – 21,4 pct . Enheden del Rambøll år , seneste halvandet år koncernen sigtet rådgive både offentlige private virksomheder inden strategisk bæredygtighed – f.eks . navigere EU 's taksonomi udvikle strategier bæredygtig omstilling effekter færre emissioner mere cirkulær forretningsmodel – givet resultater . Management Consulting-forretningen del Rambøll år , seneste halvandet år koncernen sigtet rådgive både offentlige private virksomheder inden strategisk bæredygtighed – f.eks . navigere EU 's taksonomi Indtil forretningen primært fokuseret Danmark Tyskland , Jens-Peter Saul fortæller , Rambøll gang udvide Storbritannien , Sverige , Norge , Finland USA . » Kunderne sætter pris , viser vejen arbejder sammen , hvordan bæredygtighedsudfordringer kan løses . kan sagtens lave masse teoretiske dokumenter , kan forputte skuffe , flere flere vælger inddrage fulde , holistiske ekspertise form vores ingeniører økonomer , både hjælper udforme strategierne udføre , « siger Jens-Peter Saul . eksempel virksomhed danske byggekoncern Aarsleff , får hjælp screene , hvorvidt efterlever kravene EU ’ s nye CSRD-direktiv . Samtidig hjælper Rambølls management-konsulenter Aarsleff analysere , virksomhedens økonomiske aktiviteter efterlever EU ’ s regelsæt , hvornår økonomiske aktiviteter miljømæssigt socialt bæredygtige . skridt tæller skærpede fokus sige ja projekter bæredygtige løsninger inden f.eks . havvind , PtX , klimatilpasning bæredygtigt byggeri passer godt Rambølls kerneværdier , mener adm. direktør , tilfreds store projekter , Rambøll vandt sidste år . » store fyrtårnsprojekter gode vise frem journalister , selvfølgelig stolt store transformationsprojekter , virkelig kan se , flytter samfundet positiv retning – kan jernbaneelektrificering , PtX-anlæg energiøer . tage fejl , projekter kan påvirke verden mere bæredygtig retning , « siger Jens-Peter Saul slår fast , projekter behøver handle eksempelvis helt CO2-neutrale bygninger : » projekter , kan påvirke verden gennem vores daglige engagement , kan sige , hvert lille skridt rejsen tæller . betyder , kan hjælpe nogen reducere CO2-udledning bare 20 pct. « Bæredygtige værktøjer ved hånden tilgang bare løftet Management Consulting-forretningen , præger hele koncernen . Således 4.000 Rambøll-medarbejdere sidste år videreuddannet bæredygtighed virksomhedens interne bæredygtighedsakademi , the Sustainability Training Universe , stadig udvikling . lærer f.eks . rådgive kunderne , hvordan kan reducere CO2-udledningen materialevalg , hvordan kan genbruge materialer , lave LCA-beregninger tænke bæredygtighed allerede designprocessen . » måde supplerer generelle forståelse , mere bæredygtig , vores ingeniører metoderne værktøjerne ved hånden rent faktisk implementere , « siger adm. direktør . selvom ingeniørerne fået flere bæredygtige metoder værktøjer ved hånden , ensbetydende , hænder nok indfri kommende års ambitioner . Management Consulting-området Energi område , 2022 voksede mest 13,8 pct. , Jens-Peter Sauls udtalte mål 2023 først fremmest accelerere væksten . Tror , lykkes ? » Spørgsmålet snarere , hurtigt kan lykkes . handler høj grad , hvordan kan omskole ingeniører , så kan tage arbejde sektor stedet nuværende . ser , kommer væksten så kraftig , inden områder nødt sige nej kunder , fordi fuldt bookede . Så helt åbenlyst nødt se , hvordan kan opskalere ruste folk flytte rådgivning inden energi. «",
,2023-03-13 00:00:00,SYNSPUNKT Åben dør-ordning: Afpolitisering er vejen ud af krisen for havvind,"Ingeniøren
Otto Brøns-Petersen, analysechef i Cepos",Link,"vakt betydeligt røre , staten indtil videre indstillet brugen såkaldte åben dør-ordning havvindmøller . Interessenterne lagt betydeligt pres få afklaret EU-retlige problem , førte , regeringen trak stikket . grund revidere hele politikken vedvarende energi , præget skadelig dyr politisering . grundlæggende problem – bag EU-sagen – , energisektoren gennemsyret politiske ønsker styre udviklingen , ofte tilskyndet stærke interessegrupper symbolpolitiske manifestationer . muligt afgøre udefra , stoppet åben dør velbegrundet udtryk embedsmændenes overforsigtighed . Helt konkret Energistyrelsen statsstøttesekretariatet Erhvervsministeriet vurderet , risiko overtræde EU ’ s statsstøtteregler . Hidtil vindenergi fået to former støtte . ene ved belastet fulde omkostninger , vindenergi påfører resten elnettet energisystemet . Vindenergi kræver stor backupkapacitet , netkapacitet fremtiden lagringsmuligheder , norske vandmagasiner vandkraft længere rækker ‘ batteri ’ . form produk­tionsstøtte el . Støtteniveauet fastlagt ved udbud , så investor , kræver mindst støtte , får lov bygge havvindmølleparker , besluttet politisk . støtte omfatter parker , sendes udbud . Åben dør-ordningen indebærer derimod , kan søge lov opføre vindmøller , besluttet politisk , uden få produktionsstøtte . hidtil lukrativt . teknologiske udvikling konkurrencen medført , fortegnet ved udbud skiftet . fået investorer , villige betale opføre parkerne . Betalingsviljen afspejler dels gevinsten ved indirekte støtte , dels vindstederne havet knappe . samme måde vindstederne landjorden , investorerne betaler lodsejerne retten rejse møllerne . udvikling gjort åben dør-møller interessante , ansøgningerne strømmet . Myndighedernes betænkelighed går , gratis adgang åben dør udgør ulovlig statsstøtte , vinderne udbud betale . kan naturligvis spille rolle , interessen deltage udbud politiske prestigeprojekter kan fordufte , adgangen åben dør gratis . Grundlæggende behov få skabt gode , neutrale rammevilkår vedvarende energi , så kommercielle beslutninger samfundsøkonomiske hensyn sammenfaldende . Udbygningen vedvarende energi bør ske markedsvilkår uden politisk styring uden statsstøtte begunstigelse , ligger , fossile konkurrenter betaler høj pris udlede CO2 . første vigtigt afvikle indirekte støtte helt sikre , tarifferne producenter vindmøllestrøm indeholder afledte omkostninger backupkapacitet , netkapacitet osv . andet bør vindenergien afpolitiseres . Ideelt set burde planlagte udbud aflyses , inklusive energiøerne , bør hvert fald planlægges nye . tredje bør sikres konsekvent prissætning havarealerne , afspejler knapheden . Præcis landjorden prissat . Langt hen vejen kan håndteringen knappe olie- gasforekomster Nordsøen tjene inspiration . høj grad tale identiske problemstillinger . begge tilfælde genererer retten udnytte knappe pladser havet såkaldt grundrente . mest vidtgående skridt simpelthen afskaffe udbuddene lade udnyttelsen drive kommerciel anvendelse åben dør . udbuddene alligevel fastholdes , bør Nordsøen , udbudsrunderne handler tilrettelægge udbygningen , styre produktionen politiske mål ( samme kan desværre siges politiske aftale afvikle Nordsøproduktionen , herunder holde flere udbudsrunder ) . Nordsøen lever udbudsrunder åben dør side side uden komme konflikt statsstøttereglerne , fordi opkræves ensartet betaling form kulbrintebeskatning . Kulbrintebeskatningen tilnærmelsesvist skat grundrenten løser dermed prissætningsproblemet undergrunden . reelt betaling udnytte forekomsterne knappe ressourcer . intet principielt vejen inddrage havvindmøller statens arealer kulbrintebeskatning . alternativ lade grundrenten tilfalde staten lade selskaber udnytte arealerne , kommer først . så fald grundrenten tilfalde pågældende investorer , rettighederne kan omsættes , prissætte knapheden . kræve , grundrenten spist kapløb komme først , troværdigt , indført særskatter senere alligevel . Ellers kan hensigtsmæssigt få skatteregimet plads starten eventuelt klausuler , beskytter efterfølgende særskatter oveni , således kendes Nordsøen . omstændigheder energisektoren vigtig massive nuværende politisering . Arbejdsdelingen mellem politikerne kommercielle aktører bør , første opstiller neutrale rammer samfundsøkonomisk sunde incitamenter , private operatører udfylder uden politisk detailstyring statsstøtte . Vindmølletårne Rønne Havn vej havvindmølleparken Kriegers Flak . indviet 2021 parker , blevet udbud – energiselskabet Vattenfall vandt bud 37,2 øre pr . kWh .",
,2023-03-14 00:00:00,Vandkøling vinder frem i datacentre: Global Connect sænker servere direkte ned i væske,Ingeniøren,Link,"første gang tages immersion cooling , servere sænkes direkte væske , brug dansk co-location datacenter . » kan bare sænke dit kamera væsken , « opfordrer Luke Davies , datacenterchef nordiske datacentergigant Global Connect . befinder stort hvidt rum Høje Taastrup , Global Connect nabolokalerne driver stort datacenter . Lokalet flere hundrede kvadratmeter stort stort set helt tomt , bortset ligner fire store forbundne badekar hjørne , tilsammen fylder 20-25 kvadratmeter . indkøbt afslapning spaoplevelser medarbejderne . bruges køle hårdtarbejdende servere ved hjælp såkaldt immersive cooling - kendt submerged cooling nedsunket køling . Væsken blandet mineralsk olie , sikrer , væsken leder varmen væk , elektrisk ledende . får altså stød ved stikke fingrene tændt server . » kan faktisk drikke , , anbefale . Konsistensen minder babyolie , « siger Luke Davies . takt tunge processorer grafikkort eksempelvis kunstig intelligens vinder frem , stiger behovet mere effektiv køling , immersion cooling helt front . » Immersive cooling henvendt servere , kører mest intensive arbejdsopgaver , fx AI , rendering Autocad store meteorologiske analyser , « forklarer Luke Davies . Øget regnekraft øger behovet køling dag foregår meste køling luft , enten frikøling kompressorkøling . resten Global Connects datacenter Høje Taastrup køles . fremtiden , forholdsvis billig metode . høj effektivitet væskekølingen kommer højere omkostninger . Derfor indtil videre kun mest arbejdsintensive opgaver , egner nye type væskekøling . Global Connect dag 17 store datacentersites Norden lang række små serversites . Hovedparten køles luft , enten frikøling kompressorkøling afhængigt temperaturen udendørs . Global Connects ambition , 17 store sites tilbyder immersion cooling løbet næste år . Mens selve processorerne hjertet serverne jævnligt opgraderet flere transistorer mindre plads , så følger køleteknologierne samme måde automatisk . fleste enige , væske kommer overtage luftkøling . Spørgsmålet , hurtig omstillingen kommer tage . » Moores lov betyder , regnekraften fortsætter stige kommende år , derfor stiger behovet køling . Vores investering immersive cooling giver fingerpeg , hvordan tror , næste generation køling kommer se , « siger Anders Frich Mathiesen , ansvarlig driften Global Connects datacentre stået tekniske installation fire væskekølede serverracks . ryster posen sætter nye teknologier drift , så kan opstå sidegevinster . fjerner bevægelige dele server , fx blæseren , elektronikken heller slidt samme måde . » forventer levetid , 20 procent længere standard-systemer , « siger Anders Frich Mathiesen . » Udover blæseren fjernes - sikker , serveren fejlmelder , fordi savner blæser - megen tilpasning , udover ekstra kvarter serverne bruge dryppe , løftes vandbadet. « Ifølge Global Connect effektforbruget køle servere direkte væske 90 procent lavere forhold konventionel luftkøling . kølingen mere effektiv , kan elektronikken presses maksimalt , uden risikerer overophede . » kan eksempelvis overklokke dine servere 25 procent , kan betale økonomisk , « siger Anders Frich Mathiesen . Hvert kar større mindre serverrack . » Fordi kan kan belaste elektronik mere , ydeevnen højere . køre chatbotten ChatGPT , kræver dag stort datacenter 15.000 kvadratmeter , kører standard luftkøling . kan klare 10 kar , « siger Luke Davies . Varmepumpe enden vejen dag forsvinder overskudsvarmen danske datacentre luften . Senere året Global Connects datacenter Høje Taastrup forbundet fjernvarmenettet . Væskekøling bedre integrere direkte fjernvarmenettet , fordi temperaturen kan presses højere . » Væske leder bare varme bedre luft , derfor kan køle mere effektivt . betyder , kan aflevere kølevandet temperatur 40 grader immersion cooling , mens kommer 30 grader ved luftkøling , « siger Luke Davies . Kræver specialhardware Danmark nordjyske datacentervirksomhed Asetek årrække leveret vandkølingsløsninger , overskudvarmen flyttes fjernvarmenettet . vandet pumpet omkring indkapslede processorer , elektronikken kommer direkte kontakt vandet . giver høj effektivitet , kræver særlig hardware . » leverer co-location datacentre , hvilket betyder , vores kunder medbringer egne servere , så sørger infrastrukturen . Derfor håndtere typer servere kun specialdesignet hardware , « siger Luke Davies . Selvom intuitivt virker helt forkert sænke elektronik væske tænde on-knappen , så faktisk helt legitim måde anvende udstyr , bryder hverken garanti forsikringspolice . Før Global Connect indkøbte immersive cooling-systemet , tog kontakt række store serverproducenter , fx Dell , HP Micrologic , høre , tænker sænke hardware væske . » viste , allerede forsikringspolicer , omfatter immersive cooling . gav tro løsningen , « siger Luke Davies . Immersive cooling-løsningen leveret amerikanske Green Revolution Cooling . Global Connect første , efterspurgte redundans systemet , så specialbygget løsningen Høje Taastrup . Går varmeveksler kar , står klar tage , uden serverne lukker grund manglende køling . mere radikal udgave vandkøling Microsoft blevet kendt pakket datacenter container , dumpet bunden havet Skotland . » fleste datacenterkunder gerne tæt centrale fiberforbindelser , derfor datacentre havets bund så oplagte . oplagt undersøge mulighederne forbindelse kommende energiø Nordsøen , « siger Luke Davies . Væskekølingsløsningen bruges dag stort set kun store enterprise-kunder egne datacentre , professionelle kryptominers militæret . » nyt , co-lokation forsøger type væskekøling . industri hele tiden skridt foran lokaler , helt tomme , kan stå klar nye løsninger , « siger Luke Davies . Green Revolution Cooling , står bag immersion cooling-løsningen , annoncerede sidste år stort samarbejde Intel udvikling væskekøling . forbindelse større sparerunde Intel stort udviklingscenter fire milliarder danske kroner blevet sløjfet , derfor p.t usikkert Intel fremadrettet satse væskekøling .",
,2023-03-28 00:00:00,Svensk energipark skal producere en halv million ton brint om året,Ingeniøren,Link,"Sveriges kyst begyndelsen 2030'erne produceres halv million ton brint året 50 kilometer sydøst Blekinges kyst begyndelsen 2030 ’ erne opstillet mellem 120 310 vindmøller samt elektrolyseanlæg . fremgår forslag energiø – “ energyhub ” – energifirmaet OX2 , netop høring . Energiparken , navnet Neptunus , ifølge OX2 bestemt effekt omkring 4,5 GW producere 17,5 TWh strøm året . del elproduktionen efterfølgende bruges elektrolyseanlæg , opstilles energiparken . Ifølge OX2 forventes , kan produceres 500.000 tons brint årligt . Brintproduktionen spiller Sverige rolle imod fossilfrit samfund . 2045 landet ifølge svenske energimyndighed længere nogen nettoudledning drivhusgasser . nå mål vurderer Energimyndigheten , 2030 » skabes forudsætninger « 5 GW elektrolyse kapacitet , yderligere 10 GW 2045 . 1 GW el producerer omkring 164.000 tons brint driftstid 8.400 timer elekrolysevirkningsgrad 65 procent .",
,2023-04-05 00:00:00,Energiø Nordsøen udvider til 4 GW: Energinet godkender elinfrastrukturen,Ingeniøren,Link,"Blåstemplingen gjort Energinets koncernbestyrelse sætter alvor gang forundersøgelserne . to businesscases kommende elinfrastrukturer Energiø Bornholm Nordsøen godkendt koncernbestyrelsen Energinet , viser aktindsigt . glæder selskabets vicedirektør Hanne Storm Edlefsen . » milepæl . vigtig ting godkendelser , fordi samtidigt blåstempling projekterne , kan sætte gang . Politikerne gerne , gå gang projekterne tidligt , inden modnet helt færdigt , så kan nå politiske ambitioner , « siger Hanne Storm Edlefsen . fortæller , to godkendelser sætter skub forundersøgelserne to projekter . Desuden giver Energinet grønt lys tale borgerne berørte lokalområder forberede markedet tale mere indgående Belgien , konkret etablere kommende forbindelse Energiø Nordsøen . linje aftale , Energinet landede tyske myndigheder efteråret . Afventer underskrift minister Lars Aagaard ( M ) Klima- Energi- Forsyningsminister godkendt businesscasen Energi Bornholm , dermed lever kravene §4 Lov Energinet , ministeren blåstempler projekter vis kaliber . Næste skridt få Energiø Nordsøen igennem samme nåleøje . » samme kommer ske Energiø Nordsøen . nemlig landet aftale belgierne Nordsøen . Så lige ligger businesscasen klar underskrift inde ministerens skrivebord . først politisk behandling , kommer endnu gå lidt tid , før får godkendelsen , « siger Hanne Storm Edlefsen . Aktindsigten viser , koncernbestyrelsen ligeledes godkendt ansøgning Energinet udvide kapaciteten Energiø Nordsøen 3 GW 4 GW første fase , planen afsluttet 2033 . Energinet ansøgt forsøg opnå bedre samfundsøkonomi , tidligere sat spørgsmålstegn ved . udvidelse ifølge materialet kræve , Energinet øger kapaciteten energiøens forbindelse Jylland samt omformeranlægget Revsing 1,4 GW 2 GW . Anlægget Revsing ifølge aktindsigten lidt større , ændrer bruttoareal , planlægges miljøkonsekvensvurderingen . risici store usikkerheder Tilladelsen udvide gives forudsætning , politikerne Christiansborg godkender . endnu sket , oplyser ministeriet Ingeniøren . kommer formentlig først ske tiden , ministeriet igangsætter udbuddet selve øen . realiseret afhænger bl.a . , samfundsøkonomien to øer ser fornuftig . holder ministeriet foreløbig kortene tæt kroppen . » endnu begyndt bruge store penge indgået aftaler leverancer . gør først senere . tid regner opdatere beslutningsgrundlaget , viser komme store ændringer business cases , « siger Hanne Storm Edlefsen . sådanne ændringer sandsynlige . brev juli sidste år skriver Energinet ministeriet , » business casen udarbejdet markant større usikkerheder risici traditionelle infrastrukturprojekter , hvorfor Energinet opdatere business casens beslutningsgrundlag løbende , såfremt viser nødvendigt. « business case styringsværktøj projektet , dokumenterer forretningsmæssige påvirkning projektets leverancer . Derudover indeholder business casen oplysninger , retfærdiggør projektet start slut .",
,2023-07-09 00:00:00,Atomkraft lurer i kulissen: Stort behov for grøn el udfordrer Sverige,Ingeniøren,Link,"Lukning elproduktion store afstande giver helt andre udfordringer Sverige , Danmark . Stabil elforsyning Sveriges stolthed . 50 år rigelig tilgang CO2-neutral vand- atomkraft konge . modsætning Danmark kul olie særsyn , gælder elproduktion , primært brugt spids- reservelastværker . Heller naturgas særlig udbredt , enlig naturgasledning svenske vestkyst stod 2020 bare tre procent energiimporten . Vandkraft derimod udbygget gennem 1900-tallet , især fjeldområderne Midtsverige , så kapaciteten seneste år ligget stabile 10.000 MW . slutningen 1960 ’ erne kommer atomkraften banen stabil elforsyning helt 12 reaktorer fire kraftværkspladser . samlede kapacitet svinger 1980 ’ erne helt 11.000 MW . dag seks reaktorer tilbage samlet kapacitet 6.885 MW . Samlet set leverer vandkraft atomkraft dag cirka 60 procent Sveriges elproduktion godt 180 TWh , mens resten kommer vindkraft , biomasse smule solceller . Heldigvis svenskerne stadig overskud el set årsbasis , forbruget dag ligger omkring 140 TWh . Især 220 kV-højspændingsforbindelser vandkraften flytter energi Stockholmsområdet , 400 kV-system binder atomkraften Sydsverige sammen resten landet . Nordpå forbruget sparsomt , industrierne få , tidligere minedrift især baseret fossile løsninger . Industrien giver elboom forandringens vinde blæser . Danmark resten Nordeuropa står Sverige voldsom elektrificering . » Totalt tror , kommer forbrug 290 TWh 2045 , « siger Tobias Edfast enhedschef netudvikling svenske energimyndighed Svenska kraftnät : » først fremmest industrien , ser enormt behov el . stor del forbrug Nordsverige , kommer få enorm betydning , hvordan udbygger transmissionsnettet fremover , « siger understreger , selvom Sverige dag nettoeksportør el set årsbasis , så forventningen , inden relativt få år underskud elproduktion . heller hjulpet , atomreaktorer , blevet lukket , blandt andet Barsebäckværket , ligger Sydsverige . Specifikt Nordsverige problemet særlig stort . nemlig nogen muligheder udbygge mere vandkraft , derfor ses især store vindmølleparker ude fjeldet . ligger allerede planer tusinde MW vindmøller land , usikkert , , protesterne allerede hober . Omstilling energiflow Sverige delt fire prisområder nord syd : SE1 SE4 . forskellen produktionskapaciteten behovet overføre energi mellem prisområderne ændrer hurtigt . » står foran stor omstilling energiflowet mellem forskellige områder Sverige . Forbruget ændrer , kan se , kommer mere vindkraft nord flere solceller syd , « siger Tobias Edfast . Nordsverige virksomheder Northvolt Skellefteå , producere batterier elbiler , H2GreenSteel Boden , producere ‘ grønt ’ stål , mineselskabet LKAB , bryder jernmalm Kiruna Malmberget , kommer stå øget elforbrug . Så energien førhen sikret stabil produktion syd ( SE4 ) , så lukningen Barsebäck betydet , ske forstærkning dér : » Omvendt ser , lidt længere sigt behov få mere energi transporteret nord . Oven kommer så , eksisterende 400 kV-forbindelser nået levetid udskiftes . gælder især Vestkysten Danmark , « siger Tobias Edfast . Behov nye kabler Netop retning Danmark nye udfordringer , inden årrække både kablerne Jylland Sjælland ­fornyes , overføringskapaciteten fastholdes . Forbindelsen Bornholm udgør særligt tilfælde , takt øen får status ‘ energiø ’ . mellemtiden Svenska kraftnät sammen tyske system­ansvarlige , 50Hertz , gang bygge 700 MW-forbindelse direkte Tyskland , klar 2029 . Danmark tales PtX , så rigtig , svenskerne bruger så tid , siger Tobias Edfast : » Lige handler mest skaffe brint stål cementproduktion måske forbindelse offshorevindmølleparker Østersøen , så dér , fokus dag , « siger . Derimod begyndt boble diskussion frem ny atomkraft baggrund Sveriges udsigt inden næste 10 år få helt konkret underskud elproduktion : » kan se bevægelse både kraftværksindustrien samfundet , igen blevet OK diskutere ny atomkraft Sverige . især kraftværksselskabet Vattenfall , begyndt kigge mulighederne , stadig tidlig fase derfor usikkert , taler levetidsforlængelse eksisterende atomkraftværker , nye traditionelle værker mindre SMR ’ , « siger . helt sikkert , Sverige – ligesom fleste andre nordeuropæiske lande – står enorm udfordring , gælder arbejdskraft gennemføre projekter , allerede sat gang : » gælder led processen , lige første miljøanalyser tekniske analyser projektledelse specialister . så selvfølgelig leverandører , stand levere komponenter udstyr , « siger Tobias Edfast . Derfor ser Svenska kraftnät heller nogen udsigt , priserne el falder væsentligt kommende tid .",
,2023-04-12 00:00:00,Fra næsten ingenting til lidt mere: Metode forbedrer atmosfærisk CO2-fangst,Ingeniøren,Link,"studie Science Advance præsenterer metode fangst atmosfærens CO2 , blandt andet gør havet mulig lagerplads . ifølge Klimarådet stadig ganske usikkert , fangst atmosfærens CO2 fremtiden teknisk økonomisk mulighed . Storskala-anlæg direct air capture ( DAC ) findes endnu , største anlæg fanger kun omkring 4.000 ton CO2 årligt . svarer omkring 533 gennemsnitsdanskeres årlige udledninger . andre ord plads forbedringer , netop , forskere Lehigh University kommet bud . videnskabelig artikel Science Advances præsenterer ny metode indfange atmosfærens CO2 , kan opsuge 5,0 mol CO2 per kilogram absorberende materiale . Forskerne taget udgangspunkt amin-baserede materialer , ofte anvendes CO2-fangst . ved tilføje kobber materialet , gjort metoden to tre gange så effektiv fangst eksisterende DAC-teknologier , lyder artiklens resumé . Begrænset sammenligningsgrundlag Sammenligningsgrundlaget ellers stort , forklarer Philip Fosbøl , lektor DTU Kemi Teknik forsker CO2-fangst . » sammenligne andre DAC-teknologier , findes ingen klassiske gængse løsninger dag . få eksisterende eksempler , « siger . samme grund byder nye tilgang velkommen . » altid inspirerende nye andre måder gøre tingene . helt sikkert potentiale , « siger Philip Fosbøl . » sagt , række bekymringspunkter. « vender tilbage , først præsenteret nye metode nærmere . Havet lagringsplads nyudviklede CO2-filter nævnt viderebygning amin-baserede fangst-materialer . tale polyamin-Cu ( II ) . Derfor kan filtret bruges helt samme vis , teknologier kendt dag : CO2 gasform kan indfanges frigives igen gasform sigte lagring ibrugtagning . tale hybrid-materiale , kan føjes yderligere reaktionstrin . » tale ny måde fangst CO2 , umiddelbart baseret ion-bytning , « siger Philip Fosbøl , kender lignende elektrokemisk fangstmetode forskningsmæssige samarbejdspartner . Ved tilføje saltvand næste reaktionstrin udfældes CO2 ’ form NaHCO3 - natron daglig tale . Lehigh-forskerne demonstrerer endda , hvordan havvand kan bruges reaktionen , mens åbner mulighederne bruge netop havet lagerplads CO2 ’ ved lede alkaliske natron-opløsning oceanerne . Cirkulære perspektiv går tabt høj fangst-effektivitet mulighed omgå ofte dyr lagring undergrunden , vurderer forskerne bag , nye tilgang sigt kan fjerne CO2 pris 700 kr . per ton . sammenligning Klimarådet vurderet , DAC efterfølgende lagring koster 2.600-4.400 kr . per ton . Så hvori består Philip Fosbøls bekymring ? første kræver genbrug absorberen , tilføjes yderligere reaktionstrin dannelsen natron , så polyamin-Cu ( II ) gendannes . kræver tilførsel kaustisk soda natriumhydroxid ( NaOH ) forholdet én én CO2-fangsten . » sige , bruges ét ton NaOH indfange ét ton CO2 . rigtigt , rigtigt . komme ? « siger Philip Fosbøl . kaustiske soda dernæst fortyndes faktor 100 . Altså bruges 100 gange så vand per ton indfanget CO2 , hvilket bevirker stort vandforbrug Philip Fosbøls øjne . » rigtigt styr cirkulære portefølje , « siger . så vurderer DTU-lektoren , stadig række svære opskalerings-trin forude , metoden løftes laboratorie-niveau million-ton-skala . nuværende metoden ifølge » langt praksis « . Kræver hel energiø drive Ifølge Klimarådet to store usikkerheder forbundet DAC : omkostningerne energiforbruget . nuværende kendte teknologier vurderer Internationale Energiagentur , IEA , sidstnævnte omkring 6-10 GJ pr . ton CO2 . Danmark eksempelvis fange 5 millioner ton ved hjælp grøn strøm , energiforbruget cirka svare produktion , kan hentes 2-3 GW havvind . Altså hele kommende Energiø Bornholms produktion . Philip Fosbøls vurdering kommer nye DAC-teknologi ændre billede . Snarere tværtimod . » kommer kræve to tre gange så energi , eksisterende metoder . stille store krav produktionen energien , « siger DTU-lektoren . Store mængder luft gennem systemet Energiforbruget forbundet flere led fangst-processen . Eksempelvis kræver nutidige amin-baserede fangstmetoder opvarmning absorberende materiale frigive CO2 ’ inden fangst . lover forskerne Lehigh University holde desorptionsprocessen temperaturer 90 grader C , laves termisk frigivelse CO2 . Alternativt kan CO2 ’ frigives ved omgivende temperaturer , sker ved hjælp føromtalte reaktion saltvand . betydende faktor forhold nuværende DAC-processers høje energiforbrug atmosfærens relativt lave koncentration CO2 . Trods CO2-koncentrationen 420 ppm , målt maj måned sidste år , højeste måleresultatet historien , udgør klimagassen kun lille del atmosfærens sammensætning . » fanges CO2 atmosfærens luft , koncentrationen lille , store mængder luft gennem systemet , « siger Philip Fosbøl . » gælder udvikle opsætning , kræver store energikrævende blæsere. « Ingen kender fremtidens DAC Hvordan opsætning sidste ende kommer se , Philip Fosbøl gætte . » Umiddelbart tror , dag kender teknologi , kommer dominere fremtiden , « siger . » svært spå udviklingen DAC-teknologier , går kun én vej . Fremad. «",
,2023-04-17 00:00:00,Synspunkt: Energiøer: Pres ikke danmarkshistoriens største investering igennem,"Ingeniøren
Claus Leth Bak, Professor , AAU Energi
Filipe Miguel Faria da Silva, Lektor, AAU Energi",Link,"vildt imponerende projekt gigantisk skridt grønne omstilling : Energiø Nordsøen kommer koste 200 milliarder kroner kan levere strøm nok dække halvdelen nuværende danske forbrug – så kan øen tilmed senere udbygges tredobbelte . pres nå projektet 2033 . kræver teknologi , fuldt udviklet endnu , dyr , leverandørerne kan forvejen knapt følge eksisterende behov . heller tilstrækkelig kvalificeret arbejdskraft , hele taget projektet Marsmission , forskere DTU Aalborg Universitet tidligere beskrevet whitepaper . værktøjer , bruges planlægge energiøen ved lave computersimuleringer , udfordrede . Flere dele planlægningen bygger simuleringsmodeller , kommer leverandørerne tekniske løsninger . får først , teknologien købt dermed låst fast . dag vindmølleparker transmission el via højspændingsforbindelser jævnstrøm . ekstra store udfordring enorme energiø Nordsøen , kompleksiteten større , begrænset , kan lære tidligere installationer , fordi nyt , banebrydende projekt . Budskabet , trække stikket . Slet . kræver ressourcer tid nok udtænke optimale løsninger . Laves fejl , risikerer danske samfund betale dyrt . skævert 5 pct . 10 milliarder kroner ! ubekendte faktorer ved gigantiske projekt svarer lancere helt ny form bil , ny type motor , køre slags veje , kender , udviklet endnu . Samtidig køres nye færdselsregler , begyndt tale . sammen én gang . eksempel Power-to-X , strøm vindmøller omsættes grønne brændstoffer , kan bruges tunge industri transport . rasende god idé , udvikles . eksempel begynder produktionen bæredygtigt flybrændstof Aalborg næste år projektet MeSAF , AAU Energi partner . projekt Energiø Nordsøen nødvendigt , power-to-x udvikles hurtigere så stor skala , kan produceres tilstrækkeligt brændstof udnytte overskudsstrømmen vindmøllerne Nordsøen . brændstof afsættes , køretøjer maskiner , drives , klar ved enten bygget formålet ombygget , så motorerne kan køre bæredygtige brændstoffer . udvikling sker hurtigt nok , strøm elnettet . kræver , nettet forstærkes yderligere , forvejen dyrt . Ifølge rapport rådgivningsvirksomheden Rambøll 7. marts år koster udbygningen 110 milliarder kroner – 30 milliarder mere , vurderet 2020 . så markant udbygning tager lang tid , tvivlsomt , kan nås tide . Samtidig store mængder overskudsstrøm energiøen perioder vind enten gå spilde solgt ekstremt billigt . kan eksempel bare regne eksportere Tyskland , gang markant udbygning havvindmøller . andet eksempel arbejdskraft . mangler kvalificerede hænder hoveder lige tunge konstruktionsarbejde omfattende teknologiudvikling planlægning , blandt andet kræver ingeniører . fordrer , tages samfundsansvar , så flere unge gjort interesseret skabe konkrete tekniske løsninger , grønne omstilling brug – blandt andet gennem energiøer . bør starte folkeskolen gå hele vejen forskeruddannelser universiteterne . gigantiske mængde el , kan produceres havvindmølleparkerne , land kobles elnettet . forudsætter , kan lave løsninger , fungerer lige så godt , bruges dag . nuværende elnet bygger vekselstrøm ( AC ) , baseret gammel teknologi , blevet prøvet årtier , efterhånden nettet udbygget , lærte problemer , opstod . Energiøen tiden kobles elnettet via multiterminal , højspændt jævnspænding ( MTHVDC ) . Ingen prøvet skiftet to terminaler flere terminaler HVDC , findes kun ganske få multiterminaler højspændt jævnstrøm dag . begrænsninger , dur energiø , samlet set nyt koncept , afprøvet brug måde omfang , elnettet land kræver . nødvendiggør forskning stort udviklingsarbejde leverandører udstyr , bygge drive offshore elnet . hjælp , indføres standardisering flere områder . energiøen presses hurtigt igennem , risiko låst fast én leverandør . gør fremtidige udbud vanskelige kan gøre svært implementere ny teknologi andre løsninger , udvikles kommende år . Kommer løsningen MTHVDC virke ordentligt , økonomien hele projektet dårligere grønne energi nær så tilgængelig . Hidtil udviklingen elnettet foregået trin , lære undervejs . stort system , etableres gang , risikoen , holdbarheden kun komponent , korteste levetid , fordi løbende udskiftning prøvet før nye system , samspillet mellem gamle nye udstyr kan give problemer . absolut god idé investere massivt bæredygtig energi skabe markante projekter , kan drive udviklingen fremad . arbejder intenst AAU Energi , forskningsmissionerne direkte handler vedvarende energi energiøer . afgørende , afsættes ressourcer tid nok sikre planlægning udvikling teknologier , så gigantiske skridt fremad grønne omstilling taget rigtige måde .",
,2023-04-25 00:00:00,Ni lande vil fordoble strøm fra havvind i Nordsøen,Ingeniøren,Link,"120 GW havvind 2030 mindst 300 GW havvind 2050 . fælles mål underskrev ni lande går Nordsøtopmødet Oostende Belgien . Kapaciteten Nordsøens offshorevind fordobles inden 2030 . statsoverhoveder ministre Danmark otte andre lande enige gårsdagens Nordsø-topmøde Belgien . Ved underskrive fem aftaler erklæring banede deltagerne vejen , Nordsøens samlede havvindkapacitet kommer 120 GW 2030 mindst 300 GW havvind 2050 . mere , dække europæiske husstandes forbrug , hvilket forvandle Nordsøen decideret kraftcenter vindenergi , noterer Klima- , Energi- Forsyningsministeriet pressemeddelelse . Belgiens premierminister Alexander Croo skyndte sige , repræsentanterne øvrige lande udmærket klar , kræve kraftanstrengelse VE-brancen , forvejen svært ved leve hidtidige ambitioner forhold både producere opstille nødvendige antal møller . Derfor underskrevet aftaler , gør muligt skrue tempoet , bl.a . ved øge standardiseringen , forbedre sikkerheden styrke koordineringen . kræver nøje planlægning nå mål - forsøger gøre hele samtidigt , tvinges industrien knæ , advarede Croo . Forbindelser kryds tværs gå vidt gennemgå enkelte aftaler . flere ( link https : //kefm.dk/aktuelt/nyheder/2023/apr/danmark-indgaar-en-raekke-aftaler-om-taettere-energiforbindelser-til-europa ) handler samarbejde andre lande mulige forbindelser mellem danske energiø Nørdsøen andre udenlandske energihubs . sikre , danskproducerede grønne strøm kan transporteret forbrugere industri øvrige lande . Kort før topmødet annoncerede Holland ifølge Euronews , indgået historisk aftale Storbrittannien sammenkoble hollandsk havvindmøllepark Storbrittaniens elnet . Projektet kaldet Lionlink planen gå luften tidlige 2030 ’ ere , skriver SkyNews . 100 virksomheder VE-branchen brugte ligeledes topmødet offentliggøre erklæring , understregede massive behov store nye investeringer øge produktionen vindmøller understøttende infrastruktur form både net havne . Erklæringen henviser estimater , europæiske organisation EuroWind lavet . viser , syv GW havvindmøller året , europæiske industri pt stand producere opstille hver år , forslår skrædder helvede . behov skrue tempoet 20 GW året frem 2030 følge . Sidste måned EU-landene medlemmerne Europa-parlamentet enige fordoble produktionen ​​vedvarende energi inden udgangen ​​årtiet . Ifølge aftalen andelen ​​vedvarende energi EU 's samlede energiforbrug 42,5 % 2030 gerne 2,5 % højere forsøg nå 45 % . nye regler del Fit 55-lovgivningspakken , går reducere U-emissionerne 55 % inden 2030 . 2021 udgjorde vedvarende energi ifølge Eurostat 21,8 % energiforbruget EU . Vind udgjorde 37,5 % samlede elektricitet produceret vedvarende energikilder . pipeline venter hidtil største offshore-udbud Ingen ved endnu , indgåede aftaler får ønskede effekt . lander år små investeringer vindmøller Europa VE-branchen herhjemme kritiseret danske regering pausere såkaldte Åben Dør-ordning , gør muligt udviklere byde VE-projekter selvvalgt område egne penge . forsøg skrue tempoet danske myndigheder lovet igangsætte hidtil største havvindsudbud inden året omme . Udbuddet kickstarte udbygningen yderligere ni GW havvind før udgangen 2030 - tal , kan 14 GW – måske endnu mere . Regeringens forslag ny havplan indeholder desuden fordobling udlagte område vedvarende energi , skriver ministeriet pressemeddelelsen .",
,2023-04-25 00:00:00,Storbritannien og Holland skal forbindes med nyt kabel og havvindmøllepark  ,Ingeniøren,Link,"Nyt kabel mellem Storbritannien Holland gøre muligt sende energi begge retninger havvindmøllepark Nordsøen . Kabel , havvindmøllepark konverterstation stå færdigt 2031 . kun Danmark , tænker energiøer . næste år starter belgiske netselskab Elia konstruktionen energiø . Tyskland Holland tidligere vist interesse bygge energiøer , enten regulære øer platforme . kommer briterne banen samarbejde hollænderne . nyt projekt kaldet ‘ LionLink ’ , forbinde to lande HVDC-kabel havvindmøllepark . Projektet præsenteret forbindelse mandagens energitopmøde Belgien , ni nordeuropæiske lande mødtes diskutere energi omkring Nordsøen . landene enige fordoble målet vindkraft Nordsøen , så stedet 150 GW , ramme 300 GW 2050 . Storbritannien allerede forbindelser udlandet samlet overføringskapacitet 8,4 GW . går 1 GW direkte Holland via BritNed-forbindelsen 2011 . nye LionLink-forbindelse tilføre mellem 1,4 2 GW ny overføringskapacitet mellem to lande . nævnt LionLink forbindes transformerstation hollandske del Nordsøen , hvorfra kabler flere havvindmølleparker . første omgang forventes , transformerstationen får overføringskapacitet 2 GW . Energien vindmøllerne forbindes platformen via 66 kV AC-kabler . transformeret 525 kV DC . sende energi både Storbritannien Holland transformerstationen udstyres såkaldt HVDC-multiterminal . teknologi , dag kun kendes relativt få installationer verden . Samarbejdspartnere Storbritannien Holland forventer , udbud projektet kan ligge klar 2026 , forbindelsen kan klar omkring 2031 .",
,2023-05-03 00:00:00,Energiø Bornholm kræver over 30 milliarder kroner i statsstøtte,Ingeniøren,Link,"Nye tal ministeriet viser voldsomt skred energiø-projektets økonomi forventet overskud 16 milliarder kroner dundrende voksende milliardunderskud . Økonomien Energiø Bornholm , 2030 opsamlingssted 3 GW grøn el havvindmøller , går dårlig endnu dårligere . viser opdaterede vurderinger projektets rentabilitet , Klima- , Energi- Forsyningsministeriet udarbejdet , Ingeniøren kommet besiddelse . mest sandsynlige scenarie , energiøens udformning løbende tilpasset kommende klimamål , levere projektøkonomisk underskud 12 milliarder kroner , altså må dækkes statsstøtte . scenarie udløse støttebehov knap 1,6 milliarder kroner årligt 20 år - 31,5 milliarder kroner . svarer 10,5 milliarder kroner per GW . Underskuddet vokset to milliarder siden sidste vurdering , sendt efteråret . satte ministeriet projektunderskuddet 10 milliarder kroner . sammenligning forventede ministeriet overskud 16 milliarder kroner energiøens oprindelige business case , klimaaftalen 2020 . giver samlet manko 28 milliarder kroner 2020 dag . Ser demokratisk underskud Udsigten stå så stor regning projekt , betingelse levere plus bundlinjen , får regeringen droppe planer . Projektet fortsætter . stor undren rådgivningsfirmaet Kraka Advisory . » Samtlige aftaler energiøen rummer forudsætning , øerne rentable . Demokratisk regeringen dens aftalepartier derfor stort problem , frem modsatte konklusion uden melde borgerne , « siger Frederik Læssøe Nielsen , seniorøkonom ved Kraka Advisory . fortsætter : » Projektet emmer demokratisk underskud . projektøkonomien kun dårligere , mere , ministeriet regner , så skylder politikerne fortælle borgerne , hvorfor alligevel ved gå vej . Politikerne skylder forsvare , hvorfor trækker håndbremsen. « synspunkt deler Alternativets klimaordfører Theresa Scavenius . » Alternativet passer godt borgernes penge . ser , regeringen gør sammenhæng . forsøge gå løsninger , går bygge vedvarende energi uden unødvendigt dyrt , « siger Theresa Scavenius . nye tal giver næring partiets skepsis overfor projektet . » hele tiden skeptiske , hvorvidt god måde lave vedvarende energi , fordi forudsigeligt rigtig dyr løsning , « siger . Statsstøtte glæde tyskerne Beregningerne baseret , to-tredjedel producerede el planen sælges Tyskland overføres direkte tyske elnet via kabel . Frederik Læssøe Nielsen svært ved se mening , eftersom etableringen driften øen kræver så massiv statsstøtte Danmark . » underlig idé pålægge etablere energiø statstøtte , først fremmest producerer strøm tyskerne , « siger Frederik Læssøe Nielsen . oplagt vej uden statsstøtte vurdering flytte del energiøens planlagte energiproduktion land . landvind billigere etablere drifte - så billigt , sikkerhed behov statsstøtte , siger . præsentere økonomien mest sandsynlige scenarie , gennemgår ministeriet flere andre scenarier . Fælles , projektøkonomien tilfælde ser endnu værre . scenariet ‘ frozen policy ’ , energiøen ændrer form uanset sker omkring , forventer ministeriet projektunderskud 26 mia . kroner statsstøttebehov 58 milliarder kroner . Desuden fremlægges tal såkaldt ligevægtskorrigeret scenarium projektøkonomisk underskud -16,6 mia . kroner støttebehov 32,1 milliarder kroner . Endelig scenariet ‘ målopfyldelse ’ , underskuddet forventes 6,5 milliarder kroner støttebehovet 12,6 milliarder kroner . regeringen aftalepartierne beslutte , Energiø Nordsøen realiseres .",
,2023-05-23 00:00:00,Politisk aftale i hus om transport af brint: 'Så kan vi få lagt rør i jorden',Ingeniøren,Link,"Regeringen fleste folketingets partier blevet enige , etableres netværk rør Danmark transport brint PtX . Danmark brintindustri , nødvendigt opbygge netværk rør transport brint mellem PtX-anlæggene industrier , bruge brinten Danmark videre Europa . flertal Christiansborg så udpeget statslige selskaber Energinet Evida eje drive rørledningerne . fremgår ny aftale - kommer forlængelse PtX-udbud , åbnede april - partier Folketinget nær Danmarksdemokraterne Nye Borgerlige blevet enige . » store ambitioner udbygningen havvind , kan levere store mængder grøn strøm , blandt andet kan udnytte lave brint grønne brændsler , kan erstatte fossile brændsler Danmark eksporteres tyske industri . aftale rydder sten vejen , så kan få lagt rør jorden gøre eventyret virkelighed , « siger klima- , energi- forsyningsminister Lars Aagaard . Deler opgaven Evida Energinet kommer fordele opgaven mellem . Evida udgangspunkt forbinde indenlandske brintproducenter -forbrugere kan tilslutte sammenkoblet brintsystem , mens Energinet udgangspunkt kommer stå såkaldt `` backbone '' rør . sige forbindelser udlandet , forbindelser kommende offshore-anlæg ( energiøer ) rørforbindelser tværs landet brintlager . Energinet kan desuden se frem systemansvarlig virksomhed brintnettet . » dagens aftale stand tage næste store skridt , så kan forløse potentialet vedvarende energi Danmark ny , dansk styrkeposition inden PtX , « udtaler Thomas Egebo , administrerende direktør Energinet . aftalen fremgår , ske statslig finansiering direkte statslige omkostninger rørnet . oplæg , hvordan finansiering udbygningen ske , ligge klar snarest muligt 2023 . Administrerende direktør Evida , Kim Søgård Bering Kristensen , » ser frem udvikle [ brint ] infrastrukturen fortsat tæt dialog markedsaktørerne , så understøtter forretningsmæssige ambitioner fremtidens brintøkonomi « . Brintvirksomhed roser minister H2 Energy virksomheder efterspurgt brintinfrastruktur . fortalte virksomhedens direktør , Rasmus Bach Nielsen , blandt andet ing.dk efteråret 2022 . » mest logiske forbinde produktionen brint Esbjerg knudepunktet Egtved , mulighed eksport Tyskland . trekantområdet , vigtigste , fordi kan opstå store forbrugere , eksempel raffinaderiet , « sagde . aftalen plads , siger Rasmus Bach Nielsen : » Aftalen vigtigt skridt hele grønne energisektor . kender præcise rollefordeling mellem Energinet Evida , kommer sætte skub processen få rørene jorden , « siger roser Lars Aagaard relativt kort tid sætte turbo hele PtX-området . H2Energy efterlyser klarhed , hvornår rørene kommer ligge . » naturligvis forståelse , ting tager tid , politisk proces , vores Final Investment Decision afhænger kun timingen , hvornår rørene Esbjerg Fredericia klar brug , prisen brugen selve rørene . sagt , aftaledokumentet vigtigt skridt . PtX kommer definere hel ny industri Danmark fremme landets grønne fremtid , « siger Rasmus Bach Nielsen Ingeniøren .",
,2023-05-25 00:00:00,"ANALYSE Næste gang staten udbyder havvind, bliver det markant anderledes end før",Ingeniøren,Link,"Ingeniøren erfarer , stillet krav bæredygtighed miljø kommende udbud nye havvindmøller . Danmark går så langt andre lande . havvind-udbud , regeringen række partier aktuelt forhandler , kommer se markant anderledes , hidtil . Lytter kilder tæt forhandlingerne kommer princippet altid vælge billigste bud træde mere baggrunden . giver plads stille række minimumskrav - såkaldte ‘ tærskler ’ - forhold parkernes bæredygtighed , materialernes genanvendelighed møllernes skånsomhed forhold naturen . Sådanne minimumskrav ifølge Ingeniørens oplysninger bred opbakning , udgangspunkt bragt banen SF , tidligere foråret fremsatte forslag bruge del udbudsprisen genoprette havets natur biodiversitet . SF foreslår helt konkret øremærke én procent anlægssummen genoprette bevare havets natur biodiversitet . To tredjedele beløbet bygherren disponere naturtiltag , beskrives udbudsprocessen . tredjedel gå fond , f.eks . kan investere stenrev ålegræs . forslaget møder stor sympati politiske verdenshjørner , så fortsat uenighed detaljerne . Staten medejer Selvom staten vinker farvel rent økonomisk funderede udbudsrunder , så goddag tærskelmodeller , ser flere flere steder udlandet f.eks . Tyskland , Belgien Holland , udviklerne levere løsninger , kan levere stabil elforsyning set hen døgn , f.eks . via kombi-løsning PtX . problemet , hvert yderligere krav automatisk skærer ekstra skive pris , ellers indkassere give vinderen udbuddet adgang området . Klima- , Energi- Forsyningsministeriet værner derfor mulighed tjene penge . årsagen , nylig meldte , regeringen går model , sikrer , staten både kommer indkassere koncessionsafgift hvert udbud samtidigt kommer eje 25 procent hver udbudte parker . Efterlyser innovations-udbud regeringen nøjes tage små skridt , skuffer flere VE-udviklere f.eks . Vattenfall , efterlyser udbudsrunder , fokus finde mest innovative forslag frem , billigst . idé gang jord Energinet Energistyrelsen , nervøse , sådanne udbudsprocesser åben ladeport klager afviste udviklere . Risikoen retssager , sagen dermed trækker langdrag , simpelthen stor . Så bedre gå hurtigere mere sikre udbud , lyder interne kilder miljøet . tekniske front forhandler regeringen dens aftalepartier således fortsat forholdsvis klassisk udbudsmodel samlet pulje 9 GW , 6 GW leveres Hesselø ( 1 GW ) , Krigers flak II/Kategat II ( 2 GW ) , Nordsø ( 3 GW ) , mens Energiø Bornholm leverer 3 GW . Dertil kommer , regeringen tillade overplanting altså øge mølletætheden tildelte areal yderligere 4 GW . 4 GW del udbud således sikret fx . nettillutning . Derfor oplagt bruges etablere PtX . Indtil videre energiø Bornholm stadig puljen . forhandlingerne front fik hård opbremsning , nye beregninger Energiø Bornholms økonomi nylig viste statsstøttebehov 31,5 mia . kroner mest sandsynlige scenarie , risiko , øen taget kørt parallelspor . Trægheden resultat , flere ordførere hugget bremserne , fordi økonomien ser dårlig . Ordførerne blevet bekymrede , virkelig bedste måde bruge pengene , trods allerede år siden droppede kravet , øerne rentable . hele står falder elprisen Ligefrem droppe Energiø Bornholm næppe tale . så fald længst sket , f.eks . regeringens økonomiudvalg omtrent tre måneder siden vurderede to indstillinger lukke Energiø Bornholm større projekt Energiø Nordsøen . Økonomiudvalget valgte holde liv projekterne erkendelse , energiøerne systemisk vigtige forhold få etablere flere forbindelser mellem Danmark udlandet . seneste beregninger Energiø Bornholm regeringen dens embedsværk måske kommet spænde ben . Dykker materiale , ligger grund igangværende forhandlinger Energiø Bornholm , så regner regeringen tjene 26 øre per kWh . lige lovligt lavt sat , spørger Henrik Lindboe , partner Ea Energianalyse . vurdering elpris 40 øre/kWh urealistisk . elprisen reelt , får afgørende betydning , røde tallene bundlinjen . elpris , kommer afgøre , projektet får brug statsstøtte ej . regeringen vælger gøre alvor dens overvejelser give øen egen elpriszone , så kommer elprisen niveau , udviklerne tjene andre steder - så får udviklerne brug kompensation , enten kradses via højere tariffer gennem statsstøtte . Summa summarum rigtigt uafklarede spørgsmål , gøre projektet usikkert - præmis , regeringen gentager igen igen . Derfor mærkeligt , regeringen ender trække øen udbuds-ligningen .",
,2023-05-30 00:00:00,Det må briste eller bære: Havvinden ved Energiø Bornholm får ingen statsstøtte,Ingeniøren,Link,"Regeringen forhandler aktuelt lægge loft statstøtten Energiø Bornholm 17,6 mia . kroner trods estimeret behov 31,5 mia . kroner . Støtten øremærket kabler Tyskland Sjælland altså selve offshore-parkerne . Energiø Bornholm kan kun regne statsstøtte etablere kabelforbindelse Tyskland Sjælland . viser forslag støtteloft , Ingeniøren kommet besiddelse , omdrejningspunktet igangværende forhandlinger energiøens kommende udbud havvind . forslaget fremgår , gives 9,6 mia . kroner investeringer drift kabel Sjælland , 7 , 3 mia . kroner investering drift HVDC-konverter Bornholm 0,7 mia . kroner bæredygtighedspakke , går sikre række minimumskrav , tærskler , materialer beskyttelse miljøet . løber 17,6 milliarder kroner . 14 milliarder kroner mindre beløb , Finansministeriet ellers regnet frem reelle støttebehov Energiø Bornholm . Ministeriets seneste beregninger viser støttebehov 31,5 milliarder kroner mest sandsynlige scenarie . » princippet lægges give støtte selve havvinden ved Energiø Bornholm . 17,6 mia . kroner går nærmest alene lave forbindelsen . Så facto ser , går direkte støtte havvind , « siger Carsten Chachah , seniorchefkonsulent ved VE-producenternes brancheorganisation Green Power Denmark . realistisk , byderne havvind Energiø Bornholm kan klare uden statsstøtte ? » svært ved svare . afhænger , elpriser omkostninger , lagt grund , , byde , « siger fortsætter : » havvindsudviklerne forholde endelige aftale - markedsdialog få endelige vilkår udbudsbetingelser plads . først , udviklerne budt , kan se , projektet kan bære. « aktindsigt dokumenterer , Finansministeriet februar bad Energistyrelsen udarbejde analyse , hvilke konsekvenser , droppe Energiø Bornholm erstatte radial havvind samme sted . viste forringe økonomien yderligere . Hvorfor sammenligne projektet radial havvind samme område frem helt andet sted ? » ret begrænsede muligheder havvind størrelse , snakker forbundet Sjælland . Så omme Nordsøen , store potentialer . kan f.eks . bare lave Hesselø større , fysisk plads , « siger .",
,2023-05-31 00:00:00,Energiø Bornholm hænger i tynd tråd med ny havvindaftale,Ingeniøren,Link,"Regeringen dens aftalepartier officielt indgået aftale danmarkshistoriens største udbygning havvind 9 GW havvind , betydelig risiko , Energiø Bornholm dermed tredjedel aftalens vindmøller helt droppet . Flere partier kritiske overfor nye politiske aftale , regeringen række aftalepartier indgik går aftes , sætter rammerne udbud mindst seks GW havvind plus Energiø Bornholm , sat 3 GW . synes , aftalen står gyngende grund mener , usikkert , bydere Energiø Bornholm . Flere aftalepartier betænkelige ved store støttebehov 31,5 mia . kroner , øen ifølge seneste estimater Energistyrelsen ser få . fortæller Steffen Frølund , deltaget forhandlingerne folketingsmedlem Liberal Alliance . » Ret tidligt forløbet fik gjort klart , gå give statsstøtte hele forventede omkostning 30 mia . kroner . Derfor fik forhandlet frem , kun 17,6 mia . kroner , svarer koster etablere danske del infrastrukturen form kabel anlæg , « siger Steffen Frølund . Find ny forretningsmodel Aftalen rummer således støtte udviklere , ønsker etablere drive vindmøller , omdanner vind el . må klare markedsvilkår . » opstiller således måde gøre billigere , ministeriet regnet , gøre . kan ved , enten kan bygge billigere får bedre business case efterfølgende , fx kan sælge el dyrere , brinten mere værd , « siger . beregninger , Liberal Alliance øvrige partier blevet forelagt , tyder , forbedrer samfundsøkonomien ret bygge billigere . gengæld hente , udviklerne formår høste flere penge produktionen elpris , Energistyrelsen valgt basere beregninger , nemlig omegnen 26 øre per KWh . kan , spørger Henrik Lindboe , partner Ea Energianalyse . vurderer estimerede elpris lavt sat . finder urealistisk forvente elpris 40 øre /kWh . » Samfundsøkonomien Energiø Bornholm mere fornuftig , udviklerne kan forvente få mere produktionen , styrelsen angivet . højere elpris kan samfundsøkonomien komme nul . nødvendigvis godt nok , udviklerne byder projektet realiseret , « siger Steffen Frølund . Fratager nye aftale udviklerne modet byde , kan betyde , projektet falder hinanden , inden overhovedet kommet gang . så fald kan ifølge Steffen Frølund betyde , » slet bygget nogen energiø. « så fald 1,2 milliarder danske skattekroner , indtil videre brugt gøre projektet levedygtigt , tabt gulvet . Formålet blæser vinden Aftaleteksten rummer nogen forklaring , formålet Energiø Bornholm . stor klimaeffekt kommer øen næppe , påpeger Steffen Frølund . lige præcis angår Energiø Bornholm partierne faktisk fået udleveret notat , udarbejdet Energistyrelsen . konkluderer , øen nogen videre klimaeffekt derfor godt kan undværes front . 2030 , energiøen planen færdig , ellen stikkontakterne grøn nok , påvirker klimaeffekterne . så overhovedet formålet energiø Bornholm , oprindelige argumenter bygge smuldrer ? hvorfor bygges inden 2030 ? » Selvfølgelig gerne masse grøn strøm f.eks . brintproduktion . Så forsyningssikkerhed , behov større geografisk spredning udnyttelsen havvind . endelig fik forhandlingerne forelagt sikkerhedspolitiske argumenter f.eks . gøre Danmark uafhængig russisk gas , « siger Steffen Frølund . Forhastet proces Theresa Scavenius ( Å ) køber rigtigt argumenterne energiøen synes hele taget , nye aftale havvind truffet ufagligt - uansvarligt - grundlag . oplever , hele aftalen blevet hastet igennem uden , problematikkerne blevet ordentligt belyst . » chokeret forhastede proces . kom helt bag , regeringen fredags sagde , forhandlingerne lukkes . følte slet klar , stadig først ved finde , , økonomiske risici , « siger Theresa Scavenius . fortæller , gang gang forgæves efterlyst grundlæggende analyser aktuelle markedssituation , hvordan andre lande udbygger havvind , sker Holland , regnes én frontløberne området . » træffer store beslutninger , så undersøgt sagen tænkt forskellige scenarier træffer beslutninger baggrund parametre . bekymrende , Finansministeriet , Erhvervsministeriet , Klimaministeriet lavet sådanne analyser uden dele , « siger . Formuleret al hast Én ting , undret aftalen , formuleringen , beslutningen 3 GW havvind , udbydes regi energiøen , udskydes senere , lykkes få afsat udviklere . » uklart , betyder . formuleret al hast . tid formulere , giver mening , « siger . Endelig savner , aftaleteksten sat nye aftale imod tidligere aftaler , indgået 18 , 20 22 . » risiko , partierne aftalen oversælger samme havvind gange . uklart , hvordan aftale ligger oven , tidligere indgået , « siger Theresa Scavenius . ligeledes svært ved se , nye aftale egentlig flytter forhold nye minimumskrav bæredygtighed , byderne opfylde byde projekt . » Afrapporteringskravene kommer forhold EU-ret således stillet uden indgåede aftale . tale deciderede udbudskritierier , kommer udbuddene fortsat kun konkurrence pris , « siger . Vattenfalls innovationsdirektør Thomas Hjort kan endnu sige , selskabet kommer byde projekter regi Energiø Bornholm . » ved endnu . Energiø Bornholm kompliceret projekt , især fordi elektriske forbindelser både handler selve havvinden , generelle forbindelser mellem Danmark Tyskland . glæder klogere kommende markedsdialog. «",
,2023-06-01 00:00:00,Forslag: brug 130 mia. kroner over de næste 20 år til et netværk af brintrør,Ingeniøren,Link,"CIP Fonden melder banen bud , hvordan netværk brintrør kan rulles Danmark henblik eksport . staten samtidig leverer smidig sagsbehandling stiller garanti investeringen , kan resultere eksport 100 mia . kroner årligt . turbo grønne omstilling CIP Fonden kommer eget forslag , hvordan brintnet kan udbygges . Fonden fokus brint eksport rette rammer , kan resultere samlet produktion 216 TWh , hvoraf 200 TWh forventes eksporteret værdi 100 mia . kroner årligt . skriver fonden ny rapport . » Klimaet kan vente længere , vores generations valg , Danmark stadig forbliver grønne foregangsland , årevis brystet . Brint kommer spille nøglerolle Europas grønne omstilling , Danmark exceptionelt gode forudsætninger producere grøn brint Nordsøen Østersøen konkurrencedygtige priser , « skriver Fonden pressemeddelelse bestyrelsesmedlem Anders Eldrup afsender . især eksporten tunge industrier Tyskland , Holland Belgien , trækker størrelsen netværket . Hovedpointerne forslaget følgende : Danmark satse brintmarkedet investere sammenhængende infrastruktur Udbygningen fokusere udlandsforbindelser offshore-forbindelser , størstedelen vores eksport komme Nordsøen Østersøen nye brintinfrastruktur bygges dimensioneres fremtidens behov Etableringen kræver fleksible rammer starten understøttende vilkår staten , påtager del risikoen Brintinfrastrukturen udbygges etaper , kan stå alene afhængige fremtidige beslutninger træffes beslutninger kommende forbindelser tilrettelægges godkendelsesprocesser , så spildes tid unødig sagsbehandling Udspillet CIP Fonden hænger godt sammen politiske aftale maj måned ejerskabet brintnet Danmark . besluttet , Energinet stå “ forbinder grænseoverskridende rørbunden brintinfrastruktur dansk modtagerpunkt , offshore rørbunden brintinfrastruktur grænseoverskridende brintrør tværs landet brintlager , såkaldt backbone ” , mens Evida ansvaret “ forbinder indenlandske brintproducenter -forbrugere ” . CIP Fonden forslag , nye rør transport brint ligge , , overraskende , relativt stort sammenfald rør , Energinet tidligere kigget bygger markedsdialog , Energinet Evida gennemførte 2022 , resulterede 70 indmeldte brintproducerende anlæg . forslaget understreges , Danmark bygge rør net , så vigtigt , starten rette størrelse . siger Charlotte B. Jepsen , ledende partner CIP Fonden : » vores udrulningsplan tale Danmarkshistoriens største anlægsprojekt , så vigtigt , dimensioneringen start stor nok matche fremtidige behov – mindst eksportsammenhæng , « skriver . To nye Brintøer nyt , forudsætter CIP Fonden , stor del fremtidige grønne brintproduktion leveres to dedikerede brintøer Nordsøen , én Doggerbanke én nærheden planlagte , kommende statslige energiø . Øerne direkte forbindelse både Danmark Tyskland . ser enighed , store brintrør ligge , så går CIP Fonden videre ønsket , hvilken rolle staten indtage . politiske aftale understreget , endnu truffet beslutninger , medfører “ bindinger ift . statslig medfinansiering direkte statslige omkostninger ” . CIP Fondens rapport lagt , staten , mere smidig sagsbehandling indsendte projektansøgninger , kan spille aktiv rolle forhold reducere risici ved etablering brintinfrastrukturen . ske ved staten tager risiko vegne fremtidige brug brintinfrastruktur , så kan betales tilbage tid . , fonden skriver , kræve “ relativt fleksible ukomplicerede rammer start imødekomme , tale marked opbygning samtidig imødekomme markedets behov kende langsigtede rammevilkår ” . CIP Fonden kalder “ slags sandkasse-regulering periode , senere udmøntes konkrete regler ” henviser , princippet samme form brintmarkedet , EU lægger . peger , gælder private aktører , så synes kapital klar . Udfordringen få pengene kanaliseret konkrete projekter . risiko forbundet investere brint net . Først fremmest peger CIP Fonden ressourcer , eksempel kvalificeret arbejdskraft , råstoffer sjældne metaller .",
,2023-06-02 00:00:00,Landvind: alt for meget snik-snak og for lidt handling,Ingeniøren,Link,"Mens armene vejret flere steder , nye aftale rammerne udbud havvind plads bredt flertal Folketinget , grund dvæle tilsvarende langsommelighed opsætningen vind landjord . just faglige finansielle årsager , står vejen mere landvind . snarere spørgsmål såkaldt visuel forurening sagt jævnt jysk : Ingen nabo skidtet . nye politiske aftale firedoble produktionen grøn strøm havet føre 600 kæmpevindmøller , kommer få nogen større betydning hverken Danmarks 2025 2030-mål . Udbud havvind samt udvikling opsætning møller parkerne tung affære . modsætning opsætning landmøller , langt billigere teknisk mere ukomplicerede sætte . Tommelfingerreglen , havvind koster cirka 50 procent mere opføre - gengæld producerer mere energi landvind . andre argumenter gør gældende landvindens favør : krigsprægede tider langt nemmere beskytte energiinfrastrukturen ved landfaste møller . ved , russerne kortlægger vores grid vands , angrebet Nord Stream vist larmende tydelighed , svært beskytte type kabler andre installationer søs . Tidshorisonten afgørende . Ørsted , Vattenfall diverse kapitalfonde kan opføre landmøller tempo , kan få afgørende betydning , Danmark vores kortsigtede klimamål . klimaforskerne gang gang understreger , så tid afgørende faktor , undgå mest katastrofale effekter stigende temperaturer . ubestrideligt , havvind indtaget pladsen store prestigeprojekter danske grønne omstilling . Energiø Bornholm vokset 3GW , Energiø Nordsøen truffet politisk beslutning udbygning 10 GW senest inden udgangen 2040 . Dertil kommer række havvindmølleparker , bl.a . Thor Havvindmølleparker 1 GW , forventes åbne 2028 Hesselø-parken , fortsat afventer udbud , dimensioneres 800-1200 MW . gode grunde , havvinden således indtager sejrsskamlen . mindre gene borgerne , andet lige nemmere bygge stort skalere . havvind dyrere derfor kritisk , stille omkring få revitaliseret udviklingen landvind . år siden rasede debatten kommuner , syltede godkendelser vindmølleparker udlægning områder vind . førte aftale juni 2022 , lovede firedoblet produktionen sol- vindenergi land 2030 , hvilket muliggøres hurtigere myndighedsarbejde , styrket lokal opbakning opstillingen hjælp staten få gang lokale energiparker . Problemet bare , sker lidt . Faktisk står kapaciteten megawatt danske landvindmøller falde år . kommuner gang klimahandlingsplaner udlægning områder energiparker - områder , møller solparker opstilles . år må konstatere , stadig kommuner lille antal opstillede MW vindkraft . gælder f.eks . del kommuner Nordsjælland Storkøbenhavn Ballerup , Gladsaxe , Helsingør , Egedal Allerød . jyske fynske kommuner Nordfyns , Horsens Fredericia optræder langt nede listen kommuner opstillede vedvarende energi . “ Sagsbehandlingen sættes syvende gear , ” lød kritisk udmelding Dansk Industri nylig . Organisationen understreger samtidig , kommunerne hovedansvaret fremme vedtage lokalplaner solcelle- vindmølleprojekter . industrivirksomhederne ifølge DI nemmere kan omstille produktion væk fossile brændsler , tilstrækkelig lokal VE-forsyning , så gavner solceller vindmøller både forbrugernes virksomhedernes el-regning , viser ny analyse brancheorganisationen Green Power Denmark . Elregningen danske såvel private professionelle forbrugere samlet set 25 mia . kr . højere nødvendigt , opstillingen solceller vindmøller forsinket rundt omkring Europa , lyder . Lad lytte fornuft , både grøn brolagt færre 1000-kronesedler . Lad sætte turbo opførelsen flere landmøller tyndt befolkede områder . trods markant sjovere nabo ildelugtende svinefarme hundredtusindvis grise pesticider , ødelægger vores drikkevand .",
,2023-06-07 00:00:00,Ny politisk aftale: Vindmøller og energiøer får knap en tredjedel af Danmarks havareal,Ingeniøren,Link,"Udover arealer vedvarende energi samlede natur- miljøbeskyttelse fremtiden udgøre mere 30 procent danske havareal . Regeringen sammen Folketingets partier nået enighed ny dansk havplan , sætter fokus naturbeskyttelse biodiversitet , mens havvindmøller energiøer står dække langt større areal tidligere meldt . oplyser Erhvervsministeriet pressemeddelelse . » god dag vores hav , « siger erhvervsminister Morten Bødskov ( S ) . » Aftalen Danmarks Havplan bevis , markant udbygning vedvarende energi , styrket beskyttelse havet hensyn fiskerierhvervet kan gå hånd hånd , « tilføjer . nye havplan tråd 2030-målsætning EU ’ s biodiversitetsstrategi havet , hævdes . samlede natur- miljøbeskyttelse fremtiden udgøre mere 30 procent danske havareal , mens » ambition « , såkaldte ‘ stærkt beskyttede ’ områder gradvist udgør større areal udgør 10 procent havarealet 2030 . » markant forøgelse « , siger miljøminister Magnus Heunicke ( S ) . » vores pressede havnatur hårdt brug . hummeren marsvinet giver havets arter natur bedre vilkår. « Herudover påpeger miljøministeren , Folketingets partier aftalen ønsker reducere arealet råstofindvinding , havbunden ødelægges , dyrliv forsvinder bl.a.at indvinde sand kystsikring , beton projekter kommende kunstige ø København , Lynetteholm . Selvsamme råstofindvinding havs miljøministeren samråd morgen . Penge fiskeriet Udover bedre beskyttelse naturen sigter nye havplan bedre udnytte potentialet havvind , især danske del Nordsøen . Folketinget blevet enige fordoble udlægget havplanen vedvarende energi energiøer . betyder , omkring 30 procent danske havareal udlægges vedvarende energi . Helt konkret udlægges områder Kattegat , Skagerrak Østersøen , samt vestlige del Nordsøen . Klima- , energi- forsyningsminister , Lars Aagaard , udtaler : » Danmark vores attraktive havarealer grønt kraftværk Europa , bidrager klimamål , forsyningssikkerhed uafhængighed fossile brændsler . kræver massiv udbygning havvind. « større del havarealet afsættes vedvarende energi naturbeskyttelse , andet lige ofte . nye havplan sættes 75 millioner kroner » understøtte bæredygtig udvikling danske fiskerierhverv , herunder fremme nye teknologi bedre samspil mellem miljø natur « . skyldes , » nødvendigt gentænke dansk fiskeri se , hvordan dansk fiskeri sikres fremtiden robust konkurrencedygtigt erhverv « .",
,2023-06-13 00:00:00,Mens vi venter på energiøen: Vores Nordsø-naboer rykker,Ingeniøren,Link,"danske energiø første Nordsøen , økonomien kan derfor presset , stadig plads markedet elproduktionen . Belgien Tyskland allerede godt gang etablere energiøer Nordsøen , Holland Storbritannien følger lige . set ideen gang planlægning indkøb materiel . Samlet udsigt , vores nabolande Nordsøen inden samme tidsramme Danmark hurtigere - klar sende 11,3 GW el havvindmøller europæiske elmarked . mellemtiden startdatoen danske energiø rykket 2030 2033 , danske aktører står stadig venter udbudsmaterialet Energistyrelsen . andre lande kommet længere bestræbelser etablere energiøer , behøver nødvendigvis stort problem Danmark , siger Lena Kitzing , lektor leder forskningsgruppen Samfund , marked politik DTU-instituttet Vindenergi Energisystemer . kolleger publicerede sidste år artikel tidsskriftet Energies , hvori kvantificerede socioøkonomiske værdi offshorenet identificerede vigtigste drivere ved hjælp modellering , hvordan Europas energisystem udvikler frem 2050 – havvindområdet . Ved hjælp modellen analyserede forskerne frem , forhold dekarbonisere fremtidens energisystem samfundsøkonomisk optimalt etablere 214 GW indbyrdes forbundne energiøer Nordsøen – svarer mindst otte-ni øer , hver især størrelsesordenen 20 GW mere . analysen regnede forskerne øer større 24 GW . fleste sandsynligvis lidt mindre – især begyndelsen udviklingen . » Vores beregninger viser , behov flere energiøer Nordsøen – måske omkring otte stykker , ser hen 2050 . Så , ene land kan spænde ben andet lands planer bygge energiø ved skynde bygge først . nordsølande nok få energiøer fremtiden , « siger Lena Kitzing . altså aldrig forventningen , danske ø eneste , spørgsmålet , problem , engang kommer nummer to , mere sandsynligt nummer sidst ? » , udnytter ressourcen først , får største økonomiske fordel . Derfor hver ny energiø forrykke prisbilledet el havvindmøllerne generelt Nordsøen , « siger Carsten Chachah , senior chefkonsulent Greenpower Denmark . konsulentvirksomheden Ea Energianalyse presses få sat gang planlægningen : » ved , god idé energiø , lavet tilstrækkelig analyser fastslå . 50 år kan måske konkludere , bedste layout , måske løsninger , lidt billigere . lige mener , hastighed vigtigere perfektion , « siger partner Henrik Lindboe . Idéen ø , energien store havmølleparker Nordsøen kan konverteres jævnstrøm fordeles elmarkeder , prisen bedst , lanceret hollandske netselskab TenneT tilbage 2016 . UK/Holland – hollandske del Nordsøen : Siden bare vokset vokset , sidste år Belgien , Nederlandene , Tyskland Danmark enige sammenkoblet system energiøer -hubs Nordsøen , tilsluttes helt 150 GW vindkraft . opgave april år udvidet flere lande mål mindst 300 GW havvind 2050 . danske energiø 100 km vest Thorsminde lanceret 2021 opbakning næsten Folketingets partier , målet , ‘ verdens første ’ . forbindelse sagde daværende klima- , energi- miljøminister Dan Jørgensen ( S ) , » vigtigt Danmark foregangsland. « måde andre lande inspireret danske løsninger . må sige , blevet , flere landene rundt Nordsøen længst overhalet danske planer . Belgien udbudsmaterialet sendt , kontrakterne underskrevet . Byggeriet kunstig ø går gang 2024 , øens energiinfrastruktur sættes drift årene 2026 2030 . Øen , fået navnet Princess Elisabeth Island , bygges 30 km Oostende forventes få tilsluttet 3,5 GW havvindmøller . forbindelse indgik Danmark Belgien aftale koble to kommende energiøer sammen via kabel kaldet TritonLink . al sandsynlighed først ske år 2033 . Belgien – 30 km Oostende belgiske del Nordsøen : Belgien Danmark altså helt konkret bygge ø huse elektriske udstyr muligvis gøre plads reservedele , personalebygninger brintproduktion , så Tyskland Holland valgt løsning . tale platforme , store konverterstationer placeres . kig tyske løsning viser , første omgang måske tale ‘ rigtig ’ energiø , hver konverterstation koblet enkelt havmøllepark derfra ført land . tyske netselskaber planlagt fi re platforme tyske del Nordsøen nordvest Wilhelmshaven . konverterstationerne giver mulighed koble fl ere kabler , rent teknisk kaldes ‘ multiterminal-HVDC ’ -system . system nødvendigt sende energien derhen , priserne højest . hollænderne gengæld allerede indarbejdet løsning . ‘ ø ’ platform , forventes , idriftsættelsestidspunktet 2030 kobles sammen Storbritannien via kabel kaldet LionLink . første etape 2 GW , kan udbygges moduler 2 GW . Imens står danske aktører endnu venter udbudsmaterialet danske ø Nordsøen . Processen blevet gjort nemmere seneste økonomiske beregninger Energiø Bornholm , viser behov statsstøtte 31,5 milliarder kroner mest sandsynlige model . støttebehovet så højt , bl.a . følge , forventede elpris sat lavt , medregnet , forventes koste etablere interconnectorerne . kan få betydning energiøen Nordsøen , oprindelige form siddet edderkop midten spindelvæv elektriske forbindelser andre lande rundt Nordsøen . danske energiø Nordsøen udlagt , tale langt mere kompleks , muligvis mere fremtidssikret opbygning eksempel tyske platforme , Carsten Chachah undrer , tyskerne går solo rene platforme . » troet , Tyskland mere optaget koblet danske energiø start , netop haft dansk-tysk samarbejde udvikle energiøen , « siger . Tyskland – nordvest Wilhelmshaven tyske del Nordsøen : Tennet Fire platforme 2x2 GW 2x0,9 GW . Sættes drift 2028 , 2029 2030 . Forbindelse kabler Tyskland . Ingen PtX platforme Illustration : Tennet . Henrik Lindboe vigtigt holde fast , øen egentlig stået klar 2030 , måttet acceptere , processen blevet kompliceret , fordi øen politisk hold begyndelsen etableres kunstig ø forbindelse flere lande Danmark . vurderer , tidsplanen 2030 nået mere gradvis tilslutning øen . Ifølge Henrik Lindboe altså ønsket kunstig ø , forsinket processen – ønsket få internationale aftaler plads start . » Så selvom mener , gang hurtigst muligt , så behøver problem komme andre . gange kan fint lade andre tage første skridt så lære fejltagelser , « siger . lurer risiko ved vente længe , tidligere omtalte ekstraregning Energiø Bornholm gøre , forklarer Henrik Lindboe : » Lige gang Thor-vindmølleparken , vist , staten ligefrem kan tjene penge . derfor lure risiko , politikerne hellere hel række ‘ Thor ’ -parker sikker indtægt købet energiø , samfundsøkonomiske risiko andet lige større , « siger , understreger , rigtig dårlig idé , så afskære forbinde vindmølleparkerne direkte nabolandene . andre ord , direkte modarbejde aftale 300 GW vindkraft Nordsøen , politikerne indgik april år . del hele diskussionen energiøer versus platforme kan brint afgørende økonomien . Platformsmodellen lægger brintproduktion land , hvilket ser hensigten tyske løsning , kabler bare går kysten , langt landet tæt store industricentre . Carsten Chachah konstateret , mener , indikationer teknik økonomi tydeligt peget , brintproduktionen hellere ske ude kunstig energiø , selvom erkender , muligvis tidligt konkludere . Henrik Lindboe vurderer derimod , brintproduktion sandsynligvis opnår bedste økonomi , foregår ø . kan spare dyr eltransmission – industrigrund kunstig ø dyr , så står falder , kompakt kan etablere elektrolyseanlæggene , siger . » Brintproduktionen fleksible forbruger , lægger økonomisk bund elmarkedet , uanset etableres ø land . skam , placeringsspørgsmål , forsinker udbygningsplanerne endnu gang , placeringen afgørende , « siger . Lena Kitzing forventer , brintproduktionen kommer spille så stor økonomisk rolle . Sammen kolleger lavet analyser , viser , kan betale sætte gang brintproduktion ude øerne , bortset måske små nicheproduktioner . » Vores beregninger viser , så værdifuldt landene koble sammen elkabler , modellerne vælger gøre , selvom forhånd valgt lægge brintrør . alligevel etablerer kablerne , så forsvinder ideen etablere brintproduktionen , « siger Lena Kitzing . Lige præcis Danmark giver øvrigt heller så mening etablere brintproduktion ude øerne , dermed mister muligheden bruge overskudsvarmen derfra fjernvarme . » Danmark kan visse typer elektrolysatorer stor fordel lave onshorebrintproduktion , « siger . faktor , spiller , , høj grad kan lade gøre benytte eksisterende infrastruktur , eksempel lykkedes Belgien , mulighed Danmark . » Så lande gælder særlige hensyn , gør svært sammenligne valgte løsninger tidsplaner . Både Danmark Belgien siger , gerne bygge verdens første energiø . sidste ende kan begge lande vis nå mål , set lyset projekterne så forskellige , « siger .",
,2023-06-14 00:00:00,Det første skridt er afgørende': DTU opfordrer til at tænke ud af boksen i fremtidige energiøer,Ingeniøren,Link,"Især elsystemet energiø forskelligt , kender . Derfor anbefaler DTU-rapport anskue energiøerne nye opfindelser . innovative løsninger sikrer tidsplanen minimerer prisen . Skræddersy simple , billige vindmøller energiøer frem gå eksisterende dyre komplicerede produkter . Sammen enkelte andre løsninger kan speede tempoet gevaldigt skære 20-30 milliarder kroner 10 GW energiø svarende 10 procent samlede udgifter . lyder opfordringen gruppe DTU-forskere , blandt andre professor Jacob Østergaard DTU Vind Energisystemer spidsen netop udgivet rapporten Denmark as the Energy Island Pioneer baseret række interviews relevante brancheorganisationer virksomheder . Rapporten belyser tekniske udfordringer , etablere så stort anlæg , hvordan forskning innovation kan bidrage løse . » Prisen tidshorisonten etablere energiø hidtil blevet estimeret forventning , bruger komponenter systemløsninger , allerede kendes normale elnet . strategi optimal så ekstremt projekt . behov innovation . nødvendigt udvikle nye simple løsninger holde prisen nede tempoet oppe , « siger Jacob Østergaard . tilføjer , bruge Energiø Bornholm lærings- udviklingssted . » rapporten bevidst skrevet 10 GW energiø frem Energiø Nordsøen . Baggrunden , nok realistisk høste besparelserne allerede energiøen Nordsøen . nævnte beløb gælder derfor , fremtidig ø størrelse , « siger . Isoleret bag mur områder , innovation arbejdsgruppens vurdering virkelig kan flytte , designet samspillet mellem møllerne store HVDC-forbindelser , bruger jævnstrøm overføring elektrisk energi forskel transmissionsnettets vekselstrømsledninger . møllerne kobler net , isoleret bag HVDC-konverterne , afkoblet forbrugerne . gør muligt designe nettet energiøen andre designkriterier , vant eksisterende elnet forbrugere , siger Jacob Østergaard . F.eks . vindmøller , normalt bruges offshore-parkerne , leve stribe nettilslutningskrav , sikre , møllerne bidrager opretholde stabiliteten elnettet , minimere risikoen fejl forstyrrelser opretholde spændingskvaliteten forbrugerne . krav unødvendige stille isolerede net , etableret ude øen , så længe HVDC-forbindelserne lever . » Så hvorfor lave dyrere mølle , « siger Jacob Østergaard . Rapporten rådgiver , hvordan øerne bedst kan integrere PtX , så alene får bedst mulige markedsløsninger investerings-setups , bedst muligt kan bidrage stabiliseringen øens isolerede elnet . Helt konkret , så handler kombinere elektrolysesystemets konvertere indbygge større fleksibilitet energiøens elnet , så fejl , opstår herude , slår igennem land , fordi PtX-anlægget kan absorbere opståede ubalancer . paradigmeskifte Ved placere PtX-anlægget ude energiøen langt ude havet , bruge drive stabilisere elnet , isoleret herude . kan lade gøre , sætter PtX-anlægget inde land . kan alene styre , overskudsenergi , poster almindelige elnet . Samtidig billigere transportere brinten elektriciteten land , siger . » lægger , kan bruge PtX-anlæg stabilisere forsyningsnettet ekstremt energisystem . , får behov fremtidens elsystem baseret vedvarende energi , « siger Jacob Østergaard . Mens nuværende elsystem baseret store , stabiliserede kraftværker indbygget inerti , energiøens elsystem 100 procent baseret konvertere dermed udelukkende elektronisk styret . betyder , fejl ubalancer forplanter hurtigere . » Elsystemet energiø forskelligt , kender . taler paradigmeskifte . kræver nye metoder styring , selvfølgelig sikre , fungere sikker stabilt , « siger Jacob Østergaard . peger , bl.a . behov finde , hvordan respektive konvertere reagere ved fejl , hvordan indbyrdes koordineres . må forskningen træde levere nye løsninger , siger . Komponenterne spille sammen Arbejdsgruppen ser vindmøllerne HVDC-konverterne én hat fordi , grænser , , kan optimere kommende energiøers effekter mindske omkostningerne tidsforbruget ved se dens enkelte komponenter separat . Kunsten tænke delene sammen hele , kan drive store transformation form EU 400 GW offshore vindenergi 2050 . » rapporten giver bolden tænke innovation energiøerne , mindst relation systemløsninger . Rigtig gevinsterne ved energiøerne ligger muligheden optimere system , enkelte dele tænkes sammen ny måde , « siger Jacob Østergaard . energiøerne sprænger rammerne eksisterende offshore-parker , hele taget brug gentænke hidtidige teknologier få fungere nye kontekst . » svarer måder dengang , byggede første bil 140 år siden . nærmest motordrevne hestevogne , blot uden hest . Sådanne projekter vis grad altid begrænset verden , kommer , bevidst tænker innovation , « siger . vurdering især første skridt , afgørende , lykkes udvikle fremtidssikret setup . Går forkerte retning , risikerer komme blindgyde forhold videre udbygning hele Nordsøen Østersøen . » Derfor handler kun optimere selve energiøerne . ses elementer samlede energisystem fremtidigt offshore el- brint-infrastruktur . fremtidssikre løsningerne forhold videre udbygning energiøer offshore-infrastruktur hubs Nordsøen Østersøen , « siger Jacob Østergaard .",
,2023-06-15 00:00:00,Analyse: Energiø Bornholm drukner i ubekendte,Ingeniøren,Link,"politisk aftale rammerne danmarkshistoriens største udbygning havvind kan skrumpe , hverken staten opstillerne vover påtage risiciene . seneste måned regeringspartierne haft travlt give Energiø Bornholm kunstigt åndedræt . Trangen forsøge holde liv højtprofilerede politiske projekt især udtalt , Ingeniøren maj offentliggøre nye tal øens projektøkonomi , Energistyrelsen regnet opdrag ministerium . Tallene viste projektøkonomisk underskud 12 milliarder kroner mest sandsynlige scenarie , energiøens udformning løbende tilpasset kommende klimamål . scenarie udløse støttebehov knap 1,6 milliarder kroner årligt 20 år – altså 31,5 milliarder kroner . , ændrer estimaterne energiøen rentabelt projekt projekt blodrøde tal bundlinjen , , ifølge styrelsen tilstrækkelige indtægter . Elprisen lav , investorerne høje forrentningskrav . dagene Ingeniøren bragt tallene torvs , udtalte formanden Baltic Energy Island-fonden , Claus M. Andersen , flere medier , øen trods alarmerende regnskab selvfølgelig stadig – kun spørgsmål finde hvordan . forhandlingerne nye havvindaftale lykkedes regeringen få ordførerne , orden bruge så danskernes skattekroner holde hånden så usikkert projekt . Især Alternativet Liberal Alliance vægrede pegede , oprindelig meningen , projektet løbe rundt . Grænser støtten ordførerne lige akkurat gik , give grønt lys give 17,6 milliarder kroner statsstøtte etablere danske del øens infrastruktur form kabel Sjælland/Tyskland station Bornholm . andet må opstillerne gøre , tør byde kommende udbudsprocesser . Derfor kom endelige havvindaftale lyde mindst 9 GW ekstra havvind forhold nuværende 2,3 GW , hvilket ellers regeringens oplæg forhandlingerne . Ordlyden stedet mindst 6 GW plus Energiø Bornholm . sidstnævnte kommer altså sandsynligvis lide kvælningsdøden , fordi få tør binde an risici , ligger , aftalen rummer støtte udviklere , ønsker etablere drive vindmøller , omdanner vind el . må klare markedsvilkår . Kaos kulissen faktisk regeringen tvivl , hvorvidt holde liv Energiø Bornholm . aktindsigt viser , regeringen så sent februar marts år gik konkrete overvejelser stoppe projektet grund usikker økonomi . 8. februar sendte medarbejder Energistyrelsen f.eks . mail andre medarbejdere selvsamme styrelse tilhørende ministerium , projektet udskilt udbudsrammen give mulighed beslutte støttemodel støtteloft hele taget drøfte , » regeringen ønsker fortsætte støtte projektet « . 12. februar spurgte medarbejder ministeriet styrelsen hjælp besvare spørgsmål Finansministeriet , » hvorvidt , alternativer , kan udnytte havvinden ved Bornholm gøre bedre forretning ved energiøløsning. « Ministeriet tvivler , kan lade gøre , Energistyrelsens samfundsøkonomiske analyse » netop viser værdien lave energiøløsning udnytte havvinden stedet radial havvind samme placering « . Medarbejderen nævnte tidligere regnestykke , Energistyrelsen udarbejdet året forinden , viste , næppe kan lade gøre forbedre projektets økonomi , danske stat ombestemmer undlader etablere kabel Tyskland , således havvinden alene kommer danskerne gode . » Projektøkonomien regnestykke ser nogenlunde sammenlignelig 3 GW samlet 2030 , mens samfundsøkonomien lidt dårligere , « bemærkede pågældende ansatte ministeriet . 14. februar svarede medarbejder Energistyrelsen , Energiø Bornholm bekendt netop planlagt energiø udlandsforbindelse . hele projektet » tænkes ny etableres enten radial havvindmøllepark ikkenetttilsluttet havpark PtX tilsluttet , kræve yderligere analyse , samtidig konceptet radiale parker lægges fast. « » Helt grundlæggende forskellen Energiø Bornholm sammenlignet radiale parker , strømaftaget selve Bornholm småt , samtidig forberedes række andre , store havvindmølleprojekter ved Sjælland . Så udlandsforbindelsen ret vigtig , sikres strømaftag projekt størrelsesorden , « står mailen , fortsætter : » bemærkes hertil , stedet planlægges radial park , del omkostningerne forberedelse gå tabt , mellemstatslige aftale , indgået Tyskland , brydes , ligesom muligvis nødvendigt opdatere miljøundersøgelserne , « skriver medarbejderen Energistyrelsen ministeriet . Briste bære Dialogen illustrerer regeringens dilemma : lukke projektet grund dårlig økonomi vinke farvel 3 GW , kan etablere andre steder , samt 1,2 milliarder kroner , hidtil kostet køre projektet stilling , forsøge realisere projektet bedste beskub så tage risici ? lugter tabersag , regeringen så forsøger vride ved lade opstillerne beslutte , projektet briste bære . angår energiselskabet Vattenfall , Danmarks største operatør havvind , så kan innovationsdirektør Thomas Hjort hvert fald endnu sige , selskabet kommer byde projekter regi Energiø Bornholm . » Energiø Bornholm kompliceret projekt , især fordi elektriske forbindelser både handler selve havvinden , generelle forbindelser mellem Danmark Tyskland . glæder klogere kommende markedsdialog. «",
,2023-06-15 00:00:00,Britisk offshorebranche skriger på teknikere og ingeniører og skal bruge det tredobbelte om få år,Ingeniøren,Link,"Ny rapport efterlyser strategi tackle manglen blandt andet turbineteknikere , ingeniører andre tekniske færdigheder . kun Danmark , manglen arbejdskraft risikerer spænde ben grønne omstilling . Storbritannien meldes lige ‘ dramatisk stigning ’ behovet antallet medarbejdere , britiske regerings målsætning 50 GW offshoreenergi – herunder 5 GW flydende – 2030 nås . viser ny rapport Offshore Wind Industry Council ( OWIC ) , giver øjebliksbillede britiske arbejdsstyrke inden havvind . Samtidig kigger OWIC forventede fremtidige behov arbejdskraft frem 2030 . lyder fremskrivningen , syv år forventes 104.401 job inden offshorevind forudsætning , udmeldte projekter succes . Ifølge rapporten starten året 32.257 personer branchen . » Havvindsektoren brug flere mennesker kort , mellemlang lang sigt komme videre . – tværs industri regering – nødt arbejde endnu tættere sammen udvikle stærk , ny strategi , tiltrækker færdigheder , brug , komme fremad så hurtigt muligt , « siger Richard Sandford , medformand OWIC mediet E & T – Engineering and Technology . personer inden nøgleområder planlægning godkendelse samt højspændingsteknikere , turbineteknikere personer række digitale færdigheder , særlig grad efterspørges . Rapporten peger desuden , bør gøres mere tiltrække unge søge STEM-relateret karriere ( STEM dækker ingeniører it- naturvidenskabelige kandidater ) . Havvind global udfordring kun Storbritannien , arbejdskraft offshoresektoren høj kurs . analyse Ingeniørforeningen , IDA , danske energi- infrastrukturprojekter frem 2030 estimeres , brug cirka 205.000 årsværk alene opførelsen havvindmølleparker . Oveni kommer række andre projekter energiøer , udrulning fjernvarme , flere ladestandere etablering nye motorveje broer . Thomas Søby , cheføkonom IDA , tidligere interview Ingeniøren udtalt , umuligt kan skaffes arbejdskraft sammen . opfordrer derfor , politisk side tør prioritere benhårdt – bør grønne investeringer havvindmøller , stå forrest køen . » nødt tage debat , vigtigst . mener , første omgang bør droppe motorvejene prioritere ressourcerne , gør bedst gavn samfundsøkonomisk forhold klimamålsætningerne , « siger . prognose udarbejdet Global Wind Organisation ( GWO ) Global Wind Energy Council ( GWEC ) tidligere året , viser globalt behov 568.800 uddannede vindteknikere konstruere , installere , drive vedligeholde globale onshore- offshorevindmølleflåde 2026 . Særlig behovet inden offshore vokse , estimeres vækst 92 procent samlede antal teknikere .",
,2023-06-20 00:00:00,Manglen på vindteknikere kan stikke kæp i hjulet på politiske ambitioner,Ingeniøren,Link,"masser projekter tegnebrættet , knap så hænder sætte møllerne . Global Wind Service må allerede dag takke nej opgaver . Fredericia betragtes lige dele begejstring bekymring , nye store offshore-projekter ser dagens lys . hovedkvarteret Global Wind Service , Europas største udbydere vindmølleopsætning samt service vedligehold , største udfordring øjeblikket skaffe nok kvalificeret arbejdskraft . gælder både vindtekniker , projektledere ingeniører . » kæmpe udfordringer rekruttere rette kompetencer , hvilket gør svært imødekomme ambitiøse mål , politikerne rundt omkring Europa . set arbejde nok derude jagte . Udfordringen bare , tilstrækkeligt kvalificeret erfaren arbejdskraft , « siger Lars Petersen . chief commercial officer Global Wind Service , 1.800 medarbejdere , hvoraf cirka 1.500 teknikere marken , øjeblikket primært installerer offshoremøller Holland , Frankrig , Storbritannien Asien , især Taiwan . Ifølge prognose udarbejdet Global Wind Organisation ( GWO ) Global Wind Energy Council ( GWEC ) behov globalt rekruttere 142.100 nye teknikere løbet næste fem år . Rapporten konkluderer , nødvendigt 568.800 uddannede vindteknikere konstruere , installere , drive vedligeholde globale onshore- offshorevindmølleflåde 2026 . Særlig behovet inden offshore vokse . estimeres vækst 92 procent samlede antal teknikere . sammenligning lyder forventningen ‘ kun ’ 27 procent onshore-teknikere . fleste vindteknikere 2026 , ifølge prognosen , arbejde drift vedligehold landvindmøller . » øje , masse ambitiøse mål , så kræver , nogen udføre . Udfordringen bare proportionalt større , efterhånden udbygget mere mere , « siger Lars Petersen , tilføjer , usædvanligt , branchen går strandhugst hinanden . » allesammen pressede , projekter , skrider , pludselig akut mangler folk , så nemme løsning selvfølgelig gå markedet tage hinanden. « påpeger , selvfølgelig holdbar løsning – hverken branchen projekterne – måde driver rovdrift hinanden . Kigger andre kompetencer Global Wind Service blandt andet eget træningsakademi , personer håndværksmæssig baggrund mekanikere , blikkenslagere elektrikere kan introduceret vindindustrien . : » klart , begrænsning . kan kun vist antal igennem året , ellers erfaringsniveauet lavt ude projekterne . prøver hele tiden balancere , erfaring , forhold grønne folk , kan tage , « forklarer Lars Petersen . måde dæmme manglende kompetencer ved skaffe adgang type arbejdskraft . selskabet blandt andet forsøgt England , gået målrettet personer , ønsker forlade forsvaret få civil karriere . » arbejdet Forsvarets materiel , forudsætninger samt gode mekaniske elektriske kompetencer , kan se , kan overføres , kan bruge . Så gjort del promovere vind tidligere armed forces , siger . Selvom tænkt flere alternativer skaffe hænder , langtfra nok dække behovet . mærker konstant , manglen vindteknikere flaskehals . » siger desværre nej opgaver hver måned , mangler erfarne folk . naturligvis tilfredsstillende , kan levere forespørgsler , kommer. « Drop motorveje – prioriter grønne investeringer analyse Ingeniørforeningen , IDA , danske energi- infrastrukturprojekter frem 2030 estimeres , brug cirka 205.000 årsværk alene opførelsen havvindmølleparker . Thomas Søby , cheføkonom IDA , peger , ideer pipeline energiøer , udrulning fjernvarme , flere ladestandere etablering nye motorveje broer . » kan godt , kan finde pengene , aldrig rigtig nogen , spørger , hvem fa ’ , lave , « siger peger , umuligt kan skaffes arbejdskraft sammen . » simpelthen fantasi forestille , kan lade gøre . Så hente mennesker inde skovene , anede fandtes. « Cheføkonomen opfordrer , politisk side tør prioritere benhårdt – bør grønne investeringer havvindmøller , stå forrest køen . » nødt tage debat , vigtigst . mener , første omgang bør droppe motorvejene prioritere ressourcerne , gør bedst gavn samfundsøkonomisk forhold klimamålsætningerne , « siger . 30. maj 2023 offentliggjorde regeringen sammen række aftalepartier rammerne udbygning havvind 9 GW – potentielt 14 GW mere . Lars Petersen store spørgsmål stadig : Hvem sætte nye møller ? » Helt overordnet synes , fantastisk , Danmark højnet ambitionsniveauet bygge energiøer danske farvande , staten investerer aktivt nye offshore-projekter . giver unik mulighed promovere hele danske klynge virksomheder , bidrager grønne omstilling . bare sikre , hænder nok løfte opgaven , « siger .",
,2023-06-26 00:00:00,Ingeniørstuderende vender de 'sorte' teknologier ryggen,Ingeniøren,Link,"unge vælger bredt : Ingeniørstuderendes interesser afspejler samfundets finder ingeniørstuderende , viet livet aflure forbrændingsmotorens hemmeligheder , underholder dampmaskinens lovende egenskaber fredagsbajer S-Huset DTU . studerendes interesser følger nemlig høj grad , generelt optager samfundet inden teknologiens verden . fortæller Mads Pagh Nielsen , studieleder Institut Energiteknik Aalborg Universitet . » tydeligt , studerende præget samfundsdebatten . enormt orienteret grønne omstilling bæredygtighed samtidig vendt ‘ sorte ’ teknologier ryggen , « siger Mads Pagh Nielsen . bakkes Lars D. Christoffersen , dekan DTU . » oplever høj grad studerende mennesker , ser problemer ude samfundet gerne bidrage løsning , tilfælde fokus teknologiske løsninger , eksempelvis grøn omstilling sundhedsteknologi , « siger . Farvel forbrænding , goddag brint spørger personer inden uddannelsesområdet – dekaner , institutledere , studerende – optager studerende landets ingeniøruddannelser , nærmest spørge , optager Ingeniørens læsere . power-to-x , energiøer , sundhedsteknologi , automatisering , grønne omstilling bæredygtighed . Derimod , fortæller Mads Pagh Nielsen , studerende mindre interesserede eksempelvis vindmøller solceller . » begrænset , længere kan nå eksempelvis design vindmøllevinger . Selvfølgelig kan optimeres , store skridt felt taget , « siger nævner , heller eksempelvis forbrændingsmotorer , varmepumper kraftværksteknologier mødt særlig interesse studerende . » faktisk lidt uheldigt , stadig brug innovation inden teknologier , selvom står midt grønne omstilling , « siger Mads Pagh Nielsen . » prøver skabe interesse andre områder inden energi , eksempelvis kraftværksteknologier , ingeniør inden forskellige områder , særlig behov sektorkobling energiinfrastrukturen , « siger Mads Pagh Nielsen . Had/kærlighed flytter lidt tunnelsynet vedvarende energi grønne omstilling , selvom aktuelle emner tider , ingenlunde eneste , uddannet ingeniører . Nete Sparre Hangel næstforperson Polyteknisk Forening – ingeniørstuderendes studieorganisation – fokus uddannelsesmæssige områder – så læser diplomingeniør produktion DTU . ser , uddannelsesvalget blandt medstuderende grad båret kompromis mellem interesse udsigten , langt arbejdsliv . finder ingeniørstuderende , viet livet aflure forbrændingsmotorens hemmeligheder , underholder dampmaskinens lovende egenskaber fredagsbajer S-Huset DTU . studerendes interesser følger nemlig høj grad , generelt optager samfundet inden teknologiens verden . Artiklen fortsætter annoncen fortæller Mads Pagh Nielsen , studieleder Institut Energiteknik Aalborg Universitet . » tydeligt , studerende præget samfundsdebatten . enormt orienteret grønne omstilling bæredygtighed samtidig vendt ‘ sorte ’ teknologier ryggen , « siger Mads Pagh Nielsen . bakkes Lars D. Christoffersen , dekan DTU . » oplever høj grad studerende mennesker , ser problemer ude samfundet gerne bidrage løsning , tilfælde fokus teknologiske løsninger , eksempelvis grøn omstilling sundhedsteknologi , « siger . Farvel forbrænding , goddag brint spørger personer inden uddannelsesområdet – dekaner , institutledere , studerende – optager studerende landets ingeniøruddannelser , nærmest spørge , optager Ingeniørens læsere . Artiklen fortsætter annoncen ING/Jobfinderchevron_right Opret jobannonce Tilpas Sweco Danmark A/S Projektleder søges byggeri Aalborg – byg fremtiden ! ISC Rådgivende Ingeniører A/S Erfaren maskinmester HVAC-ingeniør søges installationsafdeling Professionshøjskolen Absalon Adjunkter lektorer diplomingeniøruddannelsen bioteknologi Viegand Maagøe A/S Mekanisk Specialist fremtidens industrielle energisystemer Aarhus Maskinmesterskole Aarhus Maskinmesterskole søger engagerede nye kollegaer kompetencer inden håndværk , teknik automation Viegand Maagøe A/S Erfaren elingeniør implementering industrielle energisystemer opbygning el-team Priess A/S Technical Project Manager energiforsyning Sweco Danmark A/S Projekterende BIM kyndig IKT-leder Aabenraa Kommune Projektledere vejanlæg Aabenraa Kommune Sweco Danmark A/S Operational HSE Specialist inden anlæg infrastruktur Fluidan ApS Instrument Technologist – Unique Process Instrumentation Danmarks Tekniske Universitet DTU Associate Professor or DTU Tenure Track Assistant Professor in Water Supply and Water Distribution Systems - DTU Sustain Fluidan ApS Application Specialist / Rheology Danmarks Tekniske Universitet DTU Associate Professor or DTU Tenure Track Assistant Professor in Sustainability Assessment of Water Infrastructure - DTU Sustain Trelleborg Sealing Solutions Denmark A/S Quality Inspector & Measuring Specialist Danmarks Tekniske Universitet DTU Associate Professor or DTU Tenure Track Assistant Professor in Data Aquisition in Water Systems - DTU Sustain Novafos A/S Koordinerende dataspecialist – Sæt dit præg fremtidens anlægsdata afløbsområdet Inteka Rådgivende Ingeniører ApS Dygtig engageret ingeniør specialisering inden konstruktioner vores voksende team Novafos A/S BI-dataspecialist analyse , rapportering formidling afløbsområdet Energy Solutions Mechanical Engineer Sweco Danmark A/S forme fremtiden Sweco Esbjerg ? Genitor ApS Nordfyns Kommune søger Chef Klima Infrastruktur Region Midtjylland Medicoteknisk rådgiver erfaring inden laboratorieområdet Geopal System A/S vores næste elektroingeniør ? HOFOR Assisterende projektleder byggeleder Projekt Spangen Vejdirektoratet Projektleder større anlægsprojekter NEXEL søger 4 afdelingsledere området 10-0,4 kV kundeprojekter Banedanmark Bliv Banedanmarks næste generalist inden afvanding HOFOR Fagkoordinator Team EL Teknik Banedanmark Kontraktbyggeleder Vejdirektoratet Afvandingsingeniør Vejdirektoratet Teknologisk Institut Specialist vand- afløbsområdet Forsvarsministeriets Ejendomsstyrelse ( FES ) Specialist bæredygtighed ved Forsvarsministeriets Ejendomsstyrelse Sweco Danmark A/S Sweco søger konstruktionsingeniører vores komplekse spændende pharmaprojekter Develco A/S Erfaren Elektronik Hardwareudvikler Gladsaxe Kommune Projektleder , arbejde grøn omstilling transformation Lolland Kommune Bygningskonstruktør Ingeniør Team Kommunale Bygninger Maribo Ibsen Photonics A/S Ingeniør pilot ramp up vækstvirksomhed Franck Miljø- & Geoteknik A/S Projektleder/Miljørådgiver Energy Solutions Marine Engineer Tendering Agreements Reliability Package Sweco Danmark A/S El-ingeniør fokus forsyning Forsvarsministeriets Materiel Indkøbsstyrelse ( FMI ) Ingeniør maritime netværksløsninger Forsvarsministeriets Materiel- Indkøbsstyrelse Sweco Danmark A/S Teamchef geoteknisk afdeling HOFOR Teknisk kunderådgiver specialist fjernvarme Sweco Danmark A/S Geofysiker Silkeborg Satlab A/S Mixed-signal Hardware Development Engineer Sweco Danmark A/S Operational HSE Specialist inden anlæg infrastruktur Teknologisk Institut Konsulent inden asbestrådgivning selektiv nedrivning Cadeler Project Engineer FOU - Offshore Wind Industry Forsvarsministeriets Ejendomsstyrelse ( FES ) Miljøsagsbehandlere Jordforureningssektionen Forsvarsministeriets Ejendomsstyrelse – chance gøre forskel Sweco Danmark A/S Projektleder søges byggeri Aalborg – byg fremtiden ! ISC Rådgivende Ingeniører A/S Erfaren maskinmester HVAC-ingeniør søges installationsafdeling Professionshøjskolen Absalon Adjunkter lektorer diplomingeniøruddannelsen bioteknologi Viegand Maagøe A/S Mekanisk Specialist fremtidens industrielle energisystemer Aarhus Maskinmesterskole Aarhus Maskinmesterskole søger engagerede nye kollegaer kompetencer inden håndværk , teknik automation Viegand Maagøe A/S Erfaren elingeniør implementering industrielle energisystemer opbygning el-team Priess A/S Technical Project Manager energiforsyning Sweco Danmark A/S Projekterende BIM kyndig IKT-leder Aabenraa Kommune Projektledere vejanlæg Aabenraa Kommune Sweco Danmark A/S Operational HSE Specialist inden anlæg infrastruktur Fluidan ApS Instrument Technologist – Unique Process Instrumentation Danmarks Tekniske Universitet DTU Associate Professor or DTU Tenure Track Assistant Professor in Water Supply and Water Distribution Systems - DTU Sustain Fluidan ApS Application Specialist / Rheology Danmarks Tekniske Universitet DTU Associate Professor or DTU Tenure Track Assistant Professor in Sustainability Assessment of Water Infrastructure - DTU Sustain Trelleborg Sealing Solutions Denmark A/S Quality Inspector & Measuring Specialist Danmarks Tekniske Universitet DTU Associate Professor or DTU Tenure Track Assistant Professor in Data Aquisition in Water Systems - DTU Sustain Novafos A/S Koordinerende dataspecialist – Sæt dit præg fremtidens anlægsdata afløbsområdet Inteka Rådgivende Ingeniører ApS Dygtig engageret ingeniør specialisering inden konstruktioner vores voksende team Novafos A/S BI-dataspecialist analyse , rapportering formidling afløbsområdet Energy Solutions Mechanical Engineer Sweco Danmark A/S forme fremtiden Sweco Esbjerg ? Genitor ApS Nordfyns Kommune søger Chef Klima Infrastruktur Region Midtjylland Medicoteknisk rådgiver erfaring inden laboratorieområdet Geopal System A/S vores næste elektroingeniør ? HOFOR Assisterende projektleder byggeleder Projekt Spangen Vejdirektoratet Projektleder større anlægsprojekter NEXEL søger 4 afdelingsledere området 10-0,4 kV kundeprojekter Banedanmark Bliv Banedanmarks næste generalist inden afvanding HOFOR Fagkoordinator Team EL Teknik Banedanmark Kontraktbyggeleder Vejdirektoratet Afvandingsingeniør Vejdirektoratet Teknologisk Institut Specialist vand- afløbsområdet Forsvarsministeriets Ejendomsstyrelse ( FES ) Specialist bæredygtighed ved Forsvarsministeriets Ejendomsstyrelse Sweco Danmark A/S Sweco søger konstruktionsingeniører vores komplekse spændende pharmaprojekter Develco A/S Erfaren Elektronik Hardwareudvikler Gladsaxe Kommune Projektleder , arbejde grøn omstilling transformation Lolland Kommune Bygningskonstruktør Ingeniør Team Kommunale Bygninger Maribo Ibsen Photonics A/S Ingeniør pilot ramp up vækstvirksomhed Franck Miljø- & Geoteknik A/S Projektleder/Miljørådgiver Energy Solutions Marine Engineer Tendering Agreements Reliability Package Sweco Danmark A/S El-ingeniør fokus forsyning Forsvarsministeriets Materiel Indkøbsstyrelse ( FMI ) Ingeniør maritime netværksløsninger Forsvarsministeriets Materiel- Indkøbsstyrelse Sweco Danmark A/S Teamchef geoteknisk afdeling HOFOR Teknisk kunderådgiver specialist fjernvarme Sweco Danmark A/S Geofysiker Silkeborg Satlab A/S Mixed-signal Hardware Development Engineer Sweco Danmark A/S Operational HSE Specialist inden anlæg infrastruktur Teknologisk Institut Konsulent inden asbestrådgivning selektiv nedrivning Cadeler Project Engineer FOU - Offshore Wind Industry Forsvarsministeriets Ejendomsstyrelse ( FES ) Miljøsagsbehandlere Jordforureningssektionen Forsvarsministeriets Ejendomsstyrelse – chance gøre forskel Sweco Danmark A/S Projektleder søges byggeri Aalborg – byg fremtiden ! ISC Rådgivende Ingeniører A/S Erfaren maskinmester HVAC-ingeniør søges installationsafdeling Professionshøjskolen Absalon Adjunkter lektorer diplomingeniøruddannelsen bioteknologi Viegand Maagøe A/S Mekanisk Specialist fremtidens industrielle energisystemer Aarhus Maskinmesterskole Aarhus Maskinmesterskole søger engagerede nye kollegaer kompetencer inden håndværk , teknik automation Viegand Maagøe A/S Erfaren elingeniør implementering industrielle energisystemer opbygning el-team Priess A/S Technical Project Manager energiforsyning Sweco Danmark A/S Projekterende BIM kyndig IKT-leder Aabenraa Kommune Projektledere vejanlæg Aabenraa Kommune Sweco Danmark A/S Operational HSE Specialist inden anlæg infrastruktur Fluidan ApS Instrument Technologist – Unique Process Instrumentation Danmarks Tekniske Universitet DTU Associate Professor or DTU Tenure Track Assistant Professor in Water Supply and Water Distribution Systems - DTU Sustain Fluidan ApS Application Specialist / Rheology Danmarks Tekniske Universitet DTU Associate Professor or DTU Tenure Track Assistant Professor in Sustainability Assessment of Water Infrastructure - DTU Sustain Trelleborg Sealing Solutions Denmark A/S Quality Inspector & Measuring Specialist Danmarks Tekniske Universitet DTU Associate Professor or DTU Tenure Track Assistant Professor in Data Aquisition in Water Systems - DTU Sustain Novafos A/S Koordinerende dataspecialist – Sæt dit præg fremtidens anlægsdata afløbsområdet Inteka Rådgivende Ingeniører ApS Dygtig engageret ingeniør specialisering inden konstruktioner vores voksende team Novafos A/S BI-dataspecialist analyse , rapportering formidling afløbsområdet Energy Solutions Mechanical Engineer Sweco Danmark A/S forme fremtiden Sweco Esbjerg ? Genitor ApS Nordfyns Kommune søger Chef Klima Infrastruktur Region Midtjylland Medicoteknisk rådgiver erfaring inden laboratorieområdet Geopal System A/S vores næste elektroingeniør ? HOFOR Assisterende projektleder byggeleder Projekt Spangen Vejdirektoratet Projektleder større anlægsprojekter NEXEL søger 4 afdelingsledere området 10-0,4 kV kundeprojekter Banedanmark Bliv Banedanmarks næste generalist inden afvanding HOFOR Fagkoordinator Team EL Teknik Banedanmark Kontraktbyggeleder Vejdirektoratet Afvandingsingeniør Vejdirektoratet Teknologisk Institut Specialist vand- afløbsområdet Forsvarsministeriets Ejendomsstyrelse ( FES ) Specialist bæredygtighed ved Forsvarsministeriets Ejendomsstyrelse Sweco Danmark A/S Sweco søger konstruktionsingeniører vores komplekse spændende pharmaprojekter Develco A/S Erfaren Elektronik Hardwareudvikler Gladsaxe Kommune Projektleder , arbejde grøn omstilling transformation Lolland Kommune Bygningskonstruktør Ingeniør Team Kommunale Bygninger Maribo Ibsen Photonics A/S Ingeniør pilot ramp up vækstvirksomhed Franck Miljø- & Geoteknik A/S Projektleder/Miljørådgiver Energy Solutions Marine Engineer Tendering Agreements Reliability Package Sweco Danmark A/S El-ingeniør fokus forsyning Forsvarsministeriets Materiel Indkøbsstyrelse ( FMI ) Ingeniør maritime netværksløsninger Forsvarsministeriets Materiel- Indkøbsstyrelse Sweco Danmark A/S Teamchef geoteknisk afdeling HOFOR Teknisk kunderådgiver specialist fjernvarme Sweco Danmark A/S Geofysiker Silkeborg Satlab A/S Mixed-signal Hardware Development Engineer Sweco Danmark A/S Operational HSE Specialist inden anlæg infrastruktur Teknologisk Institut Konsulent inden asbestrådgivning selektiv nedrivning Cadeler Project Engineer FOU - Offshore Wind Industry Forsvarsministeriets Ejendomsstyrelse ( FES ) Miljøsagsbehandlere Jordforureningssektionen Forsvarsministeriets Ejendomsstyrelse – chance gøre forskel navigate_beforenavigate_next power-to-x , energiøer , sundhedsteknologi , automatisering , grønne omstilling bæredygtighed . Derimod , fortæller Mads Pagh Nielsen , studerende mindre interesserede eksempelvis vindmøller solceller . » begrænset , længere kan nå eksempelvis design vindmøllevinger . Selvfølgelig kan optimeres , store skridt felt taget , « siger nævner , heller eksempelvis forbrændingsmotorer , varmepumper kraftværksteknologier mødt særlig interesse studerende . » faktisk lidt uheldigt , stadig brug innovation inden teknologier , selvom står midt grønne omstilling , « siger Mads Pagh Nielsen . Grønnere bygninger bygges fleksibel elstyring Sponseret briefing Grønnere bygninger bygges fleksibel elstyring Elforsyning » prøver skabe interesse andre områder inden energi , eksempelvis kraftværksteknologier , ingeniør inden forskellige områder , særlig behov sektorkobling energiinfrastrukturen , « siger Mads Pagh Nielsen . Had/kærlighed flytter lidt tunnelsynet vedvarende energi grønne omstilling , selvom aktuelle emner tider , ingenlunde eneste , uddannet ingeniører . Nete Sparre Hangel næstforperson Polyteknisk Forening – ingeniørstuderendes studieorganisation – fokus uddannelsesmæssige områder – så læser diplomingeniør produktion DTU . ser , uddannelsesvalget blandt medstuderende grad båret kompromis mellem interesse udsigten , langt arbejdsliv . Artiklen fortsætter annoncen » Samfundet blevet indrettet måde , vælge uddannelse , helst én uddannelse , baggrund så finde plads arbejdsmarkedet næste 60 år , « siger Nete Sparre Hangel . udtale , generelt interesserer omkring 13.000 studerende DTU , inden område , produktion , fokus sidste par år stigende grad rettet automatisering – baggrund interesse både studerende erhvervslivet – industri 4.0 . Inden felt handler altså placere hylde , interessant enten forskningsmæssigt arbejdsmarkedet , interesserer studerende . » finde , synes interessant , gider bruge tid ; , gider hade lidt , samtidig elsker lave . , vigtigt , finde retning , « siger Nete Sparre Hangel . Bred bachelor vinder frem Nete Sparre Hangel valgte linje , allerede starten markeret klar retning ingeniørkunsten . Lars D. Christoffersen fortæller , nye studerende højere grad ønsker bredt perspektiv , søger . kan hvert fald se foreløbige ansøgninger , modtaget inden ansøgningsfristen juli . brede , internationale linje , general engineering , » mere populær nogensinde , « siger . » første godt ry stort internationalt perspektiv , kan høre studerende , lidt mere søgende før tiden helst låse fast uddannelsens begyndelse , « siger Lars D. Christoffersen . Digital power-to-x modsat brede indgang ingeniørfeltet , så netop linjer , handler grønne omstilling teknologiske løsninger klimakrisen , stadig høj interesse blandt unge . Derfor DTU lanceret første digitale bachelor , studerende placeret hele landet kan gennemføre bachelor uden møde DTU Kgs . Lyngby Ballerup . første digitale bachelorer DTU kommer høj grad specialisering . nemlig uddannet power-to-x . » enormt power-to-x-aktiviter ude landet , « siger Lars D. Christoffersen nævner blandt andet anlægget Esbjerg kommende energiøer . » Samtidig projekterne fået national regional omtale medierne , felt , brug ingeniører , nå grønne omstilling . Derfor valgte starte , « siger understreger , power-to-x formentlig første flere mulige specialiseringer digitale bachelor . DTU forventer omkring 30 optagne uddannelsens første semester .",
,2023-06-28 00:00:00,Energinet hyrer Rambøll som bygherrerådgiver til Energiøen i Nordsøen,Ingeniøren,Link,"Rambøll bygherrerådgiver hele el-transmissionsanlægget energiøen Nordsøen . findes nye effektive løsninger transport el , kan indgå kommende udbud . række prækvalificerede byggekonsortier længere tid kigget lidt grundigere postkassen se udbudsmaterialet Danmarks kommende energiø Nordsøen dumpet . Oprindelig meningen , materialet ligge klar 2022 , så vindende konsortium tildeles opgaven marts 2023 . juni sidste år , datoen udbudsmaterialet så rykket september 2023 . ifølge pressemeddelelse Klimaministeriet , blevet rykket endnu år . afholder Energinet tage endnu skridt processen , hyre Rambøll bygherrerådgiver el-transmissionsanlægget energiøen . fortæller John Ammentorp , landeschef Rambølls energiforretning Danmark , ing.dk . » Hovedopgaven bistå Energinet udvikle hele elektriske infrastruktur . gælder både transmissionen vindmølleparkerne , anlæg selve øen transmissionen land . allerede lavet konceptstudie , bringes videre , så tekniske data kan indgå kommende udbud , « fortæller tilføjer , Rambøll efterfølgende stå følge udbuddet kommende leverandører løsninger . HVDC ukendt farvand Flere grundlæggende tekniske spørgsmål besvares frem 2033 , første fase energiøen 3 GW klar levere el . gælder eksempel brugen platforme konverterstationer , forklarer Jan Hagenau , seniorprojektleder Energinet , : » hele tiden tanken , selve energiøen kan behov platforme - første fase energiøen . takt bygges vindmølleparker samlet kapacitet 10 GW større større afstande energiøen , kan opstå yderligere behov etablere konverterplatforme nærheden vindmølleparkerne , kan overføre energien energiøen HVDC , « siger . energien kommet land øen , elsystemet kobles andre lande . Foreløbig indgået aftale Belgien . gøre , brug såkaldt ‘ multiterminal HVDC ’ -anlæg . - lidt forsimplet - stort koblingsanlæg jævnstrømsforbindelser . teknologisk kompliceret helt nyt forhold kendte vindmølleparker , energi sendes land via enkelt kabel . » fordi nyt , brug forskning udvikling gøre konceptet brugbart , « siger John Ammentorp . Brint brint andet uafklaret spørgsmål , produktionen brint mest optimalt kan foregå . Derfor heller fastlagt , stor del energien , sendes land el , bruges fremstille brint ude øen . materiale Energinet udsendt forbindelse offentliggørelse aftalen Rambøll , fremgår , tænkes flere forskellige løsninger . Jan Hagenau understreger , Energinet direkte involveret . » kommende OPP ( Offentligt Privat Partnerskab ) bygger øen ejer , mens kommer stå eltransmissionsanlægget . sker rammerne Energinets arbejde , planlægge ilandføre 2 GW Danmark . Hvorvidt ændre , evt . kommerciel aktør vælger etablere anlæg eksempel britproduktion energilagring nær øen , ingen viden , « siger . Kontrakten mellem Rambøll Energinet værdi 225 mio . kroner løber næste 10 år .",
,2023-06-28 00:00:00,Udbuddet for Energiø Nordsøen udskudt på ubestemt tid,Ingeniøren,Link,"Ministeriet erkender , nuværende koncept energiøen udløser stor regning . Derfor sender konceptet tilbage tegnebrættet . ( Opdateres ) » Hatten regeringens klarsyn . Energiø Nordsøen dyr droppes. « konsulentfirmaet Krakas twitter-kommentar dagens udmelding klimaministeriet , dropper sende 210 mia . kr . dyre energiø Nordsøen udbud , fordi udløser underskud 50 milliarder kroner . dyrt risikabelt . » regning skatteborgerne afværget . fortjener regeringen ministeren stor ros , « skriver Kraka Twitter . stedet sende energiøen udbud henblik finde virksomheder , bygge energiøen , starter ministeriet Energistyrelsen forfra lede bedre billigere koncept . mere specifikt går , nærmere specificeret . klogere dykke 1350 sider stor aktindsigt øens businesscase , Ingeniøren nylig fået aktindsigt i. fuldstændigt mørklagt . Koster danskerne penge få idé , foregår , rulle tiden baglæns sidste sommer , ministeriet droppede planer lave stor inddæmmet energiø fordel løsning mindre ø flere flydende platforme omkring øen . Skiftet førte , ministeriet dengang måtte trække nødbremsen udskyde udbud , tidspunkt lagt kalenderen . Klima- , energi- , forsyningsministeren lægger skjul , skoen trykker : » oprindelige politiske aftale hvilede grøn ambition ambition fri Putins gas . bare bisætning aftalen , må koste danskerne penge . tallene viser , forudsætning kan indfri , « siger Lars Aagaard ( M ) ifølge pressemeddelelse . love , findes billigere løsning Planen ellers , udbuddet ligge klar inden sommerferien . kommer altså ske . Regeringen forligspartierne enige bruge næste halve år vende hver sten finde måder redesigne projektet , så alligevel kommer hænge sammen . projektet ligefrem rentabelt , netop nedfældet krav hidtidige aftaler energiøerne , ministeren sikker . desto mindre forsikrer , regeringen fortsat holder fast ambitionen energiø Nordsøen . Udbuddet foreløbig udsat ubestemt tid .",
,2023-06-29 00:00:00,Energiø Nordsøens ekstreme kompleksitet gav den øgenavnet 'monsteret' på Christiansborg,Ingeniøren,Link,"krav statsligt medejerskab , lang udlandsforbindelse tårnhøje materialepriser gjorde Energiø Nordsøen dyr , lyder eksperter kilder tæt regeringen . Godt , udbudsprocessen udskudt ubestemt tid , lyder Kraka-direktør . går udbuddet Energiø Nordsøen udsat ubestemt tid . dag tid eftertanke , præcis , fik regeringen tage skridt . Brian Vad Mathiesen , professor energiplanlægning ved Aalborg Universitet , vurderer , formentlig kun handler høje udgifter , , kamp udbudsbetingelserne . » proces sket , hel del andre lande gjort erfaringer forskellige koncepter sådanne energiøer . debat Danmark , hvilke muligheder gøre tingene mere simpelt modulært . Set lys klogt regeringen stoppe projektet nuværende form dermed skaffe tid tænke finde bedre løsninger få prisen , « siger Brian Vad Mathiesen . » Gør regeringen , så risikerer , både dyrere tager længere tid etablere ø. Udskydelsen giver chance , finder simpel modulær løsning således kan bygge tingene hurtigere , regnet . omstændigheder klogt inddrage al viden området få udgifterne fornuftigt niveau. « eneste skuffende mener , regeringen fik lavet beregninger længe siden . Umuligt projekt politikerne regeringen først vælger sætte projektet bero 11. time før udbuddet hænger ifølge Kraka-direktør Peter Mogensen sammen , Christiansborg jævnligt foreslået store projekter , ingen rigtigt kan gennemskue omfanget konsekvenserne . kører videre , indtil nogen råber . » kan især ske projekter regi grønne omstilling , politikerne nødt , , fremstå værende imod – kan brugt imod . kan udlagt modspillere tvivlere værende rigtigt grønne , « siger fortsætter : » umuligt projekt politiker . dukker nyt momentum hver fjerde måned . miks mellem samfundsøkonomi , driftsøkonomi , ingeniørkunst , kemi , muligt andet , plus forestilling energiø , ingen ved , bruges , komplet usikker komponent power-to-x , ingen ved . , skrues udbud – ingen folketingsmedlemmer land , stand overskue problemstilling , « siger Peter Mogensen . Derfor give klimaminister Lars Aagaard stort tal karakterbogen haft modet stoppe projekt , måske decideret » vanvittigt « , så hvert fald » stærkt tvivlsomt « . » betyder , kan gøre gang . skabt præcedens stille imod skøre ting . kæmpe landvinding snak , stoppet konkrete projekt . klogeste , oplevet politikerne gøre siden sidste valg , klogeste. « Hurra klimaministeren Peter Mogensen fortæller , Kraka brugt seneste par år arbejde igennem økonomien . givet husets økonomer rynker panden , hovedbekymring , hvem tage risikoen . går godt , så private investorer høste gevinsterne , går skidt , skatteyderne betale generationer frem . » helt sikker , masse ordførere udstøder lettelsens suk . læst , bl.a . Kraka kommet , gået , regning ender børneværelset . endelig nogen , tør sige . dér må bare sige , nye klimaminister stort tal karakterbogen , « siger Peter Mogensen . Klima- , Energi- Forsyningsministeriet oplyste går , undersøge muligheden bedre billigere koncepter . Jakob Østergaard , DTU-professor elteknologi , langt tegnebrættet udtale , præcist ligger . nævner , kolleger ganske nylig udgivet rapport , viser , få , konkrete innovationer kan lade gøre reducere omkostningerne 10 GW energiø 20 milliarder kroner . » så klogt finde mindre komplekse løsninger energiøen , kan gøre billigere . kan få læringerne Energiø Bornholm banen , « skriver Jakob Østergaard sms . Langt Belgien alvor klogere , egentlig foregår inde bag ministeriets lukkede døre , må lytte lidt vandrørene få vide . forlyder , allerede flere måneder siden , økonomerne regnede frem , Energiø Nordsøen pålægge staten omkostning 50 milliarder kroner . skete , dengang regeringen forhandlede forligskredsen finde 17,6 milliarder kroner realisere Energiø Bornholm – kun lige akkurat lykkedes . erkendelse , næppe realistisk få selvsamme forligskreds skrive trække yderligere 50 milliarder kroner statskassen , regeringen besluttet vende hver sten finde måder gøre billigere . tal , ministeriet styrelsen bringer tilbage , politisk tro . Ellers projektet . knasterne ved udbuddet , kompliceret bærer præg , staten eje 51 procent øen – reducerer investorernes råderet øen . Skeler lidt , koster etablere belgiske energiø baseret aktuelle materialepriser , så konklusionen klar : Energiø Nordsøen dyr . staten betale udlandsforbindelserne linje , besluttet gøre forhold Energiø Bornholm , så kun 17 milliarder kroner , findes , hvert fald dobbelte , forbindelsen strække hele vejen Belgien.Så store , uafklarede spørgsmål , hvorvidt pille udlandsforbindelsen projektet , så øen kommer stå , forbrugerne dermed kommer betale tarifferne . komplicerer tingene så , projektet holder nuværende form . Måske , derfor øen ifølge kilder tæt politiske miljø fået tilnavnet ‘ monsteret ’ blandt embedsmænd , forsøger få makke ret . må tilbage tegnebrættet .",
,2023-07-03 00:00:00,Første grønne brint produceret til havs ud for den franske kyst,Ingeniøren,Link,"Fransk firma producerer første kilogram brint flydende platform . Næste mål 10 MW elektrolysen-enhed platform Nordsøen . EU-Kommissionen sat mål REPowerEU-planen , lanceret maj 2022 , 2030 produceres 10 mio . tons grønt brint EU . Oven kommer ambitiøse planer udbygge Nordsøen havvindmøller . brint fremstillet via elektrolyse afgørende del projekterne . gælder danske energiø , sidste uge sat pause blandt andet begrundelse , brug se tekniske koncepter gang . løbende åbent spørgsmål , brinten produceres tæt vindmøllerne ude havet , el føres land , brinten produceres . måske svaret kommet lidt tættere , franske virksomhed Lhyfe slutningen juni præsentere første kilogram brint produceret flydende platform cirka 20 kilometer franske vestkyst . » utrolig stolte første verden producere brint søs , « sagde Matthieu Guesné , grundlægger administrerende direktør Lhyfe , forbindelse nyheden . 400 kg brint dagen Anlægget , fået navnet Sealhyfe , består elektrolyseenhed 1 MW flydende platform . forbundet direkte flydende vindmølle 2 MW , installeret tilbage slutningen oktober 2017 EU-støttede Floatgen-projekt . Sealhyfe-platformen areal cirka 200 kvadratmeter stand producere 400 kg brint dagen . Før elektrolyseanlægget trukket søs , testet grundigt havnen Saint-Nazaire . nemlig fungere offshore ekstreme forhold derfor designet minimere behovet vedligeholdelse , først installeret havet . Hele konstruktionen forbundet land via såkaldt umbilical-kabel , foruden overføre data elforsyning , kan transportere brint land . Kommerciel testplatform Nordsøen Næste skridt udviklingen nyt projekt kaldet HOPE , konsortium ni partnere , blevet udvalgt EU-Kommissionen European Clean Hydrogen Partnership , fået tildelt 20 millioner euro tilskud . Målet bygge anlæg 10 MW Nordsøen målet kommercialisering teknologien . anlæg stand producere fire tons grønt brint dagen , eksporteret land rørledning derefter komprimeret leveret kunder .",
,2023-07-11 00:00:00,Sejt træk mod klimaneutral skibsfart: 3 bud på løsninger på kort og lang sigt,Ingeniøren,Link,"lykkedes verdens 175 flagstater vedtage fælles mål klimaneutralitet shippingindustrien » omkring , sige tæt « 2050 , lidt uklare formulering lyder aftaleteksten . Aftalen indgået FN ’ s maritime organisation , IMO , London sidste uge modtaget klapsalver . Kåre Press-Kristensen , seniorrådgiver ved Rådet Grøn Omstilling , sagde Ingeniøren fredags , så springende punkt herfra , hvordan industrien nå derhen . belyse vejen 2050-målene Ingeniøren talt Otto Holmegaard Kristensen , selvstændig rådgiver landets førende eksperter inden skibsfart . vurdering , bestemt nogen nem vej . 1 . Elektrificering korte ruter mest nærliggende grønne løsning naturligvis elektrificere flåden . Ifølge Otto Holmegaard Kristensens egne beregninger begrænset , stor del shippingindustriens flåde , reelt kandiderer gennemgå elektrificering . » Fragtskibe , sejler lange ruter oceanerne , brug enorme mængder energi . lastet containerskib eksempelvis bruge batterier , vejer 20 procent lasten , sejle 1-2 døgn . elektrificering mulighed , « siger Otto Holmegaard Kristensen . elektrificeringen egner passagerfærger mindre ruter , kan ses flere passagerfærger Danmark , eksempelvis elfærgen Ellen , sejler mellem Ærø Als samt nyeste el-færge Grotte , sejler mellem Esbjerg Fanø . » Skibe , rutelængder 1-2 timer , egner godt elektrificeret , sejler længere , nødt se løsning , « siger Otto Holmegaard Kristensen . 2 . Strømlinet skibsdesign Eldrevne rutefærger mellem øer sydfynske øhav kommer næppe gøre enorme branche klimaneutral , energiforbrug samlet set lavt . gevinster , kan hentes ved designe skibene bedre . ifølge Otto Holmegaard Kristensen skibene 00 ’ erne bygget optimisme , giver bagslag dag . nemlig bygget » buttede fyldige , « kalder . » ser tankskib forfra , lægge mærke , virker voldsomt buttet , skaber stor bølgemodstand . designede skibe måde mere last bord , skibene bøder energisiden skibets tekniske performance , « siger . korte bane 2050 kan altså rettes ved fremover designe “ slankere ” skibe veldesignet skrogform , ganske vist mindre kapacitet , omvendt langt mere energieffektive 3 . langsigtede , nødvendige løsning sigt shippingindustrien overgå e-fuels e-methanol e-ammoniak . Begge brændstoffer fremstilles vand brint gennem PtX . ene side ser lovende . Ifølge beregninger Mærsk Center Zero Carbon Shipping udleder fragtskib , sejler e-ammoniak , kun tre procent CO2 , skib , sejler bunkerolie , gør . side , så shippingindustrien langt eneste industri , ser e-fuels klimaneutrale . Derfor udsigt voldsom flaskehals , nærmer 2050 , markerer deadline , fastsat Paris-aftalen . bruges enorme mængder energi bare producere e-fuels , shippingindustrien brug . Ifølge Mærsk Center Zero Carbon Shipping shippingindustrien alene brug 1.110 GW energi , bare 50 procent flåden bruge e-fuels drive skibene . 2020 producerede verden lige 3.000 GW grøn energi . Energiø Bornholm kapacitet 3 GW . Mærsk Center Zero Carbon Shipping vurderer , energibehovet 2050 nå svimlende 25.000 GW . » svært producere energi , shippingindustriens grønne omstilling brug . må overforsigtige , « siger Otto Holmegaard Kristensen appellerer , forskes mere nye energikilder , eksempelvis indenfor atomkraft .",
,2023-08-15 00:00:00,Bekymrede svenske myndigheder: Søkabel syd for Skåne kan forværre havmiljøet,Ingeniøren,Link,"Blandt andre Sveriges Meteorologiske Hydrologiske Institut advarer , kablet mellem Energiø Bornholm Sjælland kan medføre alvorlig skade Østersøen . Søkablet , trækkes mellem kommende Energiø Bornholm Sjælland , kan forværre havmiljøet forvejen hårdt trængte Østersø . vurderer flere svenske myndigheder høringssvar , sendt danske miljøstyrelse del ESPOO-konventionen , skriver Søfart Bornholms Tidende . Kablet , forsyne Sjælland grøn strøm , føres 209 kilometer vandet Bornholm Sjælland . kan således direkte påvirke havmiljøet langs svenske kyster , hvilket giver danske myndigheder pligt spørge svenske myndigheder syn sagen gennem ESPOO-høringer . ESPOO-konventionen 1991 sikrer , stater underretter hinanden planer projekter , kan betydelig grænseoverskridende miljøpåvirkning . Miljøpåvirkninger stadig belyst del Østersøen , kablet nedgraves , forsyner resten Østersøens centrale , dybere dele saltholdigt iltrigt vand , havmiljøet afhængigt . saltholdigheden Østersøen allerede nuværende tidspunkt ligger grænsen , dyrelivet kan tåle , kritisk holde styr , projekt medfører , strømmer mindre salt farvandet . høringssvarene kommer ifølge Søfart svenske vandmyndigheder , Vattenmyndigheterna , bekymrede kablets 'grænseoverskridende miljøeffekt ' vandkvaliteten , overgødning miljøgifte forvejen sat pres . andet kommer Sveriges Meteorologiske Hydrologiske Institut , især bekymret steder , etableres stensætninger , beskytter kablet . ESPOO-høringerne foregår før Miljøstyrelsen vurderer miljøpåvirkningerne . Søfart udtaler Christina Kittner , projektleder biolog ved Landskab & Skov Miljøstyrelsen : » Projektets påvirkninger miljøet endnu belyst . ske forbindelse udarbejdelse miljøkonsekvensrapporten projektet. « Miljøstyrelsens vurdering forventes klar sidst 2024 .",
,2023-09-30 00:00:00,"Bornholm kan levere grønne brændstoffer nok til at dække sit behov til færger, industri og transport",Ingeniøren,Link,"undersøgelse peger , knap 90.000 ton grøn brændstof aftagere omkring øen , energien komme Energiøen Østersøen . kan produceres omkring 88.000 ton grønne brændstoffer havn skibsfart øen , samt 60 GWh energi PtX tung transport land . viser resultaterne ny undersøgelse potentiel Power-to-X-produktion Bornholm . » undersøgelse viser , muligt øen , « siger Maja Felica Bendtsen , chef BULK ved Rønne Havn A/S påpeger , målet , videregive viden bornholmerne potentielle udviklere . Mere specifikt peger rapporten , kan produceres omkring 50.000 ton grøn methanol , dække færgetrafikken Bornholm . kan produceres 3.000 ton grønne brændstoffer transport Rønne Havn , blandt andet dække transport vindmølledele . Dertil vurderes , én procent skibsfartsmarkedet omkring Bornholm svarer 35.000 ton grøn brændstof . sejler omkring 60.000 skibe forbi hvert år , hvoraf procent så potentielt kan dækkes PtX øen . Inde øen bruges omkring 9 GWh energi året Bornholms industri , hvilket svarer halvdelen forbruget . masse tung transport øen , PtX dække behovet del transporten , kan elektrificeres . sige , bruges mindst 50 GWh energi dække landbrugsmaskiner lastbiler , kører langt . svarer omtrent tredjedel tung transport øen . værdier blandt andet fundet baggrund EU-regler grønne brændstoffer skibsfarten Regeringens Klimapartnerskab Industrivirksomheder , dikterer , halvdelen industriens forbrug dækkes grøn energi . Ingen konkret plan endnu Ifølge undersøgelsen kommer prisen potentiel PtX-produktion Bornholm ligge høje ende , urealistisk højt . Bag undersøgelserne digitale værktøj Optiplant blevet brugt udregne pris potentiale PtX-produktioner , simuleringerne viser , prisen grønne brændstoffer kommer ligge linje produktionen andre steder Europa . Selvom resultaterne blot ideer konkrete handlingsplaner , peger undersøgelsen konkret håndtering spildvarmen elektrolyseanlæg . overskydende energi , bindes hydrogen , kan benyttes fjernvarme klippeøen . Omkring 35 procent energien elektrolyse vand spildvarme , kan udnyttes , bornholmske fjernvarmenet forbindes , påpeges undersøgelsen . » laves flere undersøgelser , så opbakning befolkningen politikerne øen , før Power-to-X-produktion , « siger Maja Felica Bendtsen . altså konkret planlagt endnu , præsenteret undersøgelse kortlægger blot potentialet . understreges , potentielle Power-to-X-produktion øen udvikles kølvandet kommende energi-infrastruktur Østersøen , spille sammen nye energiø . overskydende vedvarende energi Energiøen bruges projektet .",
,2023-09-25 00:00:00,Hyldevarer skal genoprette økonomien i Energiø Nordsøen,Ingeniøren,Link,"Ved bytte inddæmmede ø stålplatforme omformerstationer ovenpå satser Energinet presse prisen . Energistyrelsen nylig lukkede afdeling Energiø Nordsøen overlod videre projektstyring Klima- , Energi- Forsyningsministeriet , signal , arbejdet kunstige ø lagt graven . Reggeringen måtte sande , omkostningerne ved vælge etablere kunstig , inddæmmet ø , store . desto mindre Energinet Danmarks nationale transmissionssystemoperatør ( TSO ) el gas kun få uger indlevere nyt bud teknisk løsning energiøen ministeriet henblik få regeringen forholde , kan slippe gennem nåleøjet . kan lade gøre , fordi Energinet startet helt bunden , kunnet genbruge analyser , allerede forelå forskellige scenarier konfigurationen omformerstationer , kabler mv. , kapaciteter , markedsforhold . Målet levere energiø , kasserede forgænger kan leve politiske aftaler energiøer . fortæller Hanne Storm Edlefsen , direktør energiøer Energinet , Danmarks nationale transmissionssystemoperatør ( TSO ) el gas . » Forslaget gør planen etablere kunstig , inddæmmet ø skræddersyede teknologier . Planen erstatte standardiseret energiø baseret stålplatforme kan udbygges modulært . Forventningen , løsning billigere , « siger Hanne Storm Edlefsen . modulopbygget løsning gør lettere løbende udbygge energiøen 3 10 GW etablere flere elhandelsforbindelser . ekstra gevinst , sådanne systemer heller så let brænder sammen , modulerne sætte . netop grund , standardkonstruktioner allerede del trenden udlandet , både Ingeniøren dets søstersite Gridtech tidligere beskrevet . » ambitionen , energiø Nordsøen helt 10 GW flere forbindelser udlandet eksport , så udbygges , « siger . Løsningen simplere billigere elinfrastruktur , stab støbeskeen , kan overordnet set samme , , planlagt etablere ude kunstige ø . forskel , elinfrastrukturen stå platforme . » gode ved , markedet allerede findes sådanne platforme stålben , Energinet kan købe bestille . lavet standard . , forventes gøre øen simplere billigere , « siger Hanne Storm Edlefsen . tale standardiserede teknologier gængs forstand , påpeger , først lige blevet udviklet kommet markedet . desto mindre rent faktisk tidligere blevet bestilt dermed produktion . betyder , producenterne bruge masse penge tid opfinde dybe tallerken . grund producenterne tilbøjelige kalde produkt standard indenfor storskalavind . Uanset ø-konstruktion , platform ej , så ifølge Hanne Storm Edlefsen super komplekst udvikle elsystemet ifm . energiø . kræver udvikling innovation , påpeger . Én grundene , usikkert fortsætte udvikle inddæmmede ø , få hidtil uset udformning , gjorde umuligt sejle omformerstationer , laver vekselstrøm jævnstrøm omvendt , samlede komponenter . derfor nødvendigt splitte udstyret installere måde . Dertil kom , endnu lange udsigter få styr øens endelige udformning . » grund producenterne spurgt , hvorfor lige , absolut gøre tingene så besværligt . bare købe standard , andre købt ? virkelig omstille produktionsapparat , flere penge . ret dyr omstilling forhold blot gentage , tidligere leveret . Så én grundene , projektet sadler , « siger . Energinet eje platformene Ø-designet elinfrastrukturen eneste , forsimplet . gælder ejerskabet , fortæller Hanne Storm Edlefsen . oprindeligt meningen , øen ejes offentligt-privat partnerskab , indkassere husleje Energinet andre aktører , ønskede udnytte øens arealer industrielle formål , så ejes øen fremover staten . betyder , Energinet slipper betale husleje . » kommer eje , energiøen , altså platformenes stålben , hænger sammen omformerstationen ovenpå . Energinet derfor betale stålbenene , vores samlede udgifter lidt større udgift start - gengæld Energinet betale leje , « siger Hanne Storm Edlefsen . modsætning situationen kunstige , inddæmmede ø , stålplatform station længere adskilt . giver derfor længere mening splitte ejerskabet , gjorde , placeret stationen kunstig ø. ifølge EU-lovgivningen kun TSO , kan stå omformerstationen , så peger pilen automatisk Energinet kommende eneste ejer . Derudover politiske aftale tilbage primo 2021 slået fast , Energinet eneejer vegne staten kritisk infrastruktur , elinfrastruktur . Derfor Energinet forvejen eje udlandskablet sammen belgiske TSO ende ) ilandføring Danmark . » Energinet således kompetencerne eje platformskonstruktion energiø . samme ejerskab , ser etableret andre lande , arbejder energiøer hybridforbindelser , « siger Hanne Storm Edlefsen . tilføjer , stor post vores budget , husleje dække udgifter hele økonstruktionen både give overskud private part staten . Samlet set derfor forventningen , platformsløsningen trods billigere kunstig ø , ingen øvrigt kender endelige udformning pris . øens arealer udlejes , så planerne PtX øen ? » Idéen lave PtX selve øen allerede droppet efteråret 2021 forbindelse , regeringen dets aftalepartier fjernede innovationsområde , introduceret første politiske aftale januar 2021 , « siger Hanne Storm Elefsen . enten-eller både-og henviser , Energiø Nordsøen oprindeligt vedtaget forudsætning , areal innovation , f.eks . bruges PtX , således flere betale huslejen . betingelse fjernet igen , fordi se , klar udbyde PtX sammen havvinden . Teknologien simpelthen umoden . rådgivere Energistyrelsen tilmed pointerede , mindre ø gøre muligt hurtigere færdig samtidigt risiko , ingen virksomheder lejede arealerne , så droppede planerne ekstra innovationsområde . så fald arealerne stå tomme hen føre tabt indtjening . Energinet forventning , nye koncept betyde , projektet får samlet set bedre business case . ” rentabelt ” , aftaleteksten tilsiger , kan Hanne Storm Edlefsen udtale , beregninger laves Energistyrelsen Finansministeriet . Grunden , regeringen kæmper redde energiøen ifølge Hanne Storm Edlefsen , kan bruges sælge strøm andre lande . modsætning radialpark , kun stand ilandsætte el Danmark . Energiøen kan bruges flytte elektrisk strøm begge veje , hvilket optimerer udnyttelsen kablet relativt set mindsker behovet udbygningen elnettet land . » stadig bygge masser radial havvind tæt land . Så energiøerne træde stedet . kommer spil , fat vinden langt væk , « siger . Danmark heldig gode udnytte hele Jyllands ryg havvind . står kontrast andre lande , slet nogen havarealer allerede fyldt . Belgien fx ret . Så kommer mangle strøm gerne adgang dansk strøm , « siger .",
,2023-10-05 00:00:00,Belgien løber med æren for verdens første energiø mens Danmark hænger i bremsen,Ingeniøren,Link,"danske energiø-planer Nordsøen foreløbig sat hold , så sidste miljøgodkendelser hus Belgien klar vinder kapløbet . havnen Vlissingen allerede gang aktiviteterne Belgiens kommende energiø , bygges Nordsøen område 45 km belgiske kyst . betonfundamenterne støbes sejles området . uge kom sidste miljøgodkendelser plads arbejdet kan begynde . Sideløbende belgiske energiselskab Elia ved lægge sidste hånd designet øen , fået navnet Princess Elisabeth Island . konkrete arbejde bygge øen tilslutte elektriske anlæg land kommer løbe marts 2024 godt to år frem . Området øen ligger - Princess Elisabeth zonen - kommer huse vindmøllepark 3,5 GW . møller forventes tilsluttet energiøen 2030 . » Belgien første land verden installere vindmøller beskyttede havområder , glade , Elia forpligtet natur-venligt design [ øen ] , « siger Vincent Van Quickenborne , belgisk vicepremierminister . Belgiens energiminister Tinne Van Straeten , roser Elia design energiøen , tage hensyn livet havet - både vandet kalder Belgien ‘ førende inden havvind ’ . Dansk ø sat bero nye tilladelse betyder , belgiske energiø kommer sikker nummer ét verden . ellers tanken , danske energiø Nordsøen haft position . usikkerheden omkring økonomi danske projekt , skubbet projektet længere fremtiden . juni udbuddet sat bero nylig Energistyrelsen energiøkontor lukket opgaver overdraget ministeriet . blevet andet fremme , omkostningerne fast energiø , skudt vejret , ministeriet kigger retning stålplatforme . løsning tyskerne satset del Nordsøen .",
,2023-10-18 00:00:00,Nyudviklet materiale fordobler effekten fra varmestråling: 'Vi sætter det foran solcellen',Ingeniøren,Link,"Forskere Aalborg Universitet samarbejde TU Hamborg udviklet metamateriale iridium , effektivt kan omsætte varmestråling elektrisk energi uden tab . nordjyske universitet kalder kæmpe teknologisk gennembrud , kan få stor betydning grønne omstilling . samarbejde mellem Aalborg Universitet , TU Hamborg Helmholtz-Zentrum Hereon , Geesthacht , forskere udviklet teknik , kan fordoble effektiviteten eksempel solceller . Ved bruge teknik kaldet thermophotovoltaic ( TPV ) , varmestråling gennem fotoner direkte omsættes elektrisk energi , forskerne undersøgt , effektivt kan koncentrere omsætningen nyt metamateriale . materiale installeres komponent , kan sættes foran eksempel solcelle . beskrivelse nye materiale udgivet forskningsartikel tidsskriftet Advanced Materials . ene side absorberer al indkommende stråling , derefter varmet 1.000°C . side emitteres stråling specifik bølgelængde , tilpasset solcellen . altså varmen selve solstrålerne , omsættes strøm . udfordringerne TPV-teknikken dag skabe materialer , kan operere ved høje temperaturer uden oxidere . » normal siliciumsolcelle begrænset effektivitet , fordi lys bølgelængder , infrarøde område , kortere 1.150 nanometer , kan absorberes silicium . meste ryger direkte igennem , kortere bølgelængder , absorberes , genererer kun få elektroner siliciummet , selvom fotonenergien egentlig nok mere . får udnyttet energien ordentligt , « fortæller professor Kjeld Pedersen Institut Materialer Produktion ved Aalborg Universitet . Ifølge Kjeld Pedersen kollega Manohar Chirumamilla , drivende kræfter projektet , skyldes , lys grønne/blå område lysspektret kun generer én elektron per foton , selvom fotonens energi egentligt højere , elektronen får . simpelthen såkaldte Shockley-Queisser-grænse , så solcellens virkningsgrad begrænses godt 30 procent . » Idéen , sætter foran solcellen , absorberer al stråling , så 1.000 grader varmt , , varmt , udstråler så igen 1.000 grader . side sætter så termisk kontakt emitter , designet , kun kan udsende bølgelængder , passer specifikke solcelle , bruges . Så teoretiske effektivitet lige pludselig 80 procent , « forklarer Aalborg-professoren . sortguld iridium nemlig fremstillingen emitteren , udfordring . Derfor designede Manohar Chirumamilla , Kjeld Pedersen kolleger metamateriale nanostørrelse , mindre lysets bølgelængde . nanostrukturer stor overflade forhold volumen skrøbelige , varmes høje temperaturer . Derfor mere stabilt materiale findes . Idéen nye materiale udsprang andet projekt samarbejde Sergey Bozhevolnyi Syddansk Universitet , Kjeld kolleger sjov udviklede materiale kaldet sort guld . tog guldoverfalde strukturerede , ved grave ionstråler skabe strukturer nanoskala . Målet skabe materiale , absorberede al lys , uden slap igen . » kiggede bagefter hinanden tænkte , hulen kan bruge ? lavet , absorberer , ved , kan lave , styrer absorptionen , så kan lave , styrer emission , fordi to sider samme sag . Derefter faldt snakken TPV , muligheden designe materiale både absorption emission , « forklarer Kjeld Pedersen . Forskerholdet måtte finde billigere materiale guld , fladt grundstoffet iridium , ved normale temperaturforhold hårdt overgangsmetal høj massefylde . gør materialet interessant , beholder effektivitet ved høje temperaturer inert ilt . Selvom iridium billigste materiale opstøve , så billigere guld . fordi spredes tyndt lag få 100 nanometer , mængden materiale , bruges ret højt , fortæller Kjeld Pedersen . iridiumlag derefter sat mellem to hafniumoxid-lag , kan klare høje temperaturer . » testede hen uger ved høje temperaturer 1000 grader celsius , stadigvæk fungerede godt . Så hører , effektiviteten udstrålingen legeme stiger effektmæssigt temperaturen fjerde . Så bringe vores 800 grader , nogen tidligere lavet , 1000 grader , så fordoblet effektiviteten . Så sidste grader spiller virkelig rolle , få effektiviteten , fordi potensmæssigt vokser så kraftigt temperaturen. « Kjeld Pedersen sammenligner materialet optisk filter , kun ganske bestemt bølgelængde får lov absorberet materialet . Overfladen materialet virker andre ord filter , sørger , kun bestemte bølger omsættes elektrisk energi . » siger , side solcelle , så sidde side , vender solcelle . så varmet , fordi termisk kontakt absorber , rent sort materiale ene side , så stråler solcellen side . kan kun stråle , lige nøjagtigt passer , solcellen højest mulige effektivitet bølgelængder , « forklarer Kjeld Pedersen . Let opskalere Fordi materialet skræddersyet solcellen , så stiger effektiviteten , fordi flere bølger absorberes omdannes energi . Kjeld Pedersen tror , materiale fungerer så godt silicium-solceller , fungere bedre solceller galiumantimonid . ser stort potentiale skalere produktionen materialet . kolleger kan demonstrere , kan lave materialet skive 100 millimeter , så ved , findes udstyr , kan skalere 200 300 millimeter . Selve produktionsprocessen heller dyr , fortæller Kjeld Pedersen , vurderer , materialet sagtens ramme kommercielle marked inden fem år , startup-virksomheder samler teknologien . Selvom iridium billigste materiale , så let skaffe kan række langt . Kjeld Pedersen vurderer , udgiften iridium langt opvejes gevinst , kommer øgede energiudvinding materialet sigt . markante forøgelse effektiviteten eksempel solenergi åbner inkludere teknologien fremtidige energisystemer . eksempelvis store energianlæg forbindelse power-to-x energiøer . kan store koncentratoranlæg bygges , kendes CSP ( koncentreret solkraft ) . Derudover kan teknologien bruges lager , vind- solenergi bruges opvarme materialer , strålingen materialet senere tidspunkt gennem TPV kan generere strøm . » tror , teknologi kan få stor betydning lagring , bruges ude industrien . Tænk gigawatt-timer året , går spildvarme industrielle processer , stedet absorberes omsættes strøm . kan godt , sammenhæng giver 40-50 procent strøm , måske 5 procent , energi , skabt gennem overskudsvarme , « slutter Kjeld Pedersen .",
,2023-11-07 00:00:00,Danske CIP vil bygge GW-energiø ved finske Åland - klos op ad brintrør,Ingeniøren,Link,"Sammen to elektrolyse-virksomheder går danske investeringsfond gang undersøge mulighederne etablere ny energiø GW-klassen ved finske Åland . Bornholm længe spil første energiø Østersøen - risiko , statslige projekt overhalet indenom samarbejde mellem CIP 's datterselskab Copenhagen Energy Islands , finske Flexens franske Lhyfe . Trekløveret nemlig gået sammen etablere energiø finske selvstyrende øgruppe Åland , ligger indgangen Botniske Bugt godt stykke uden Danmarks økonomiske zone . nyligt udsendte pressemeddelelse beskriver kun planerne overordnede vendinger . skyldes ifølge Director CIP Thomas Koopmann , parterne stadig mangler lægge fast detaljerne fx størrelse , tidsramme , vindmølletype fysisk placering . » tidlig udviklingsfase , afklares ting . taler projekt GW-klassen både angår vind- elektrolysedelen , « siger Thomas Koopmann . » Mere sikkert usikkert « Idéen projektet opstået ene dag , gennem løbende dialoger , tre samarbejdspartnere haft stakeholders regulatorer - samtaler , tager afset , Åland udsigt metropol nordiske landes kommende fælles brint-infrastruktur . kommer først fremmest bestå rørføringen Baltic Sea Hydrogen Collector , forbinde Finland , Åland Sverige Tyskland . Rørføringen får afstikker Gotland får muligvis afstikkere Bornholm baltiske lande . » Tanken bruge hovedparten energiøens fremstillede el elektrolyse produktion brint . Brinten så sendes gennem pipelinen destinationer overalt Europa . ser offshore wind PtX integreret løsning - mest fordelagtige måde realisere projektet , « siger Thomas Koopmann . Erfaring brintprojekter Copenhagen Energy Island ekspertise etablere havvind , to andre samarbejdspartnere bidrage konkrete erfaringer elektrolyse . Flexens gennem flere år haft succes udvikle brint-projekter , tilpasset specifikke regionale forhold , mens Lhyfe 2021 åbnede verdens første industrielle grønne brintproduktionsanlæg , forbundet vindmøllepark . Året åbnede Lhyfe verdens første offshore pilotplatform produktion grøn brint . » Tiden kommet , sætter sammen vores partnere henblik kickstarte næste fase udviklingen projektet , « siger Thomas Koopmann , opremser spørgsmål , besvares . , potentielt kan vise showstoppere , fx nærmere undersøgelse havbunden , venter forude . kan vise , havbunden » helt forfærdelig blød « , hvilket kan gøre byggeriet bekostelig besværlig affære . » havbunden umiddelbart ser fin , så kan godt vise blød , begynder fysiske undersøgelse . eksempler herhjemme Danmark , f.eks . forløbet omkring Hesselø Havvindmøllepark . Endelig businesscasen hænge sammen , blevet enige projektets tekniske detaljer . , går gang kigge , « siger . blot år siden , Ørsted CIP besluttede gå sammen nyt 50/50-partnerskab udvikle række havvindprojekter åben dør-ordningen Danmark - deriblandt Bornholm Bassin Syd ( 1,5 GW ) Bornholm Bassin Øst ( 1,5 GW ) Østersøen nær kommende statslige Energiø Bornholm . projekter sat verden regi såkaldte Åben Dør-ordning , siden blevet lukket . gjort mindre sandsynligt , CIP Ørsted kommer realisere bornholmske projekter .",
,2023-11-08 00:00:00,Grøn omstilling bremser op: ‘Kriselignende tilstand i vindsektoren lige nu’,Ingeniøren,Link,"kort tid flere havvindsprojekter Danmark aflyst , stoppet udskudt . samme tid halter nye udbud , mens vindsektoren krise . Københavns Kommune besluttede fredag sidste uge trække støtten Aflandshage Havvindmøllepark 300 MW , undervejs syv år forgæves kostet halv milliard kroner , projektet sandsynligvis droppes . Ugen før satte Energistyrelsen stopper havvindsprojekt 100 MW Bornholm , tegnebrættet siden 2019 , mens udbuddet Energiø Nordsøen mindst 3 GW sommer udskudt ubestemt tid . Havmølleparkerne Vesterhav Syd Nord 344 MW står snart klar eneste havvindsprojekt , koblet elnettet år . selvom Danmark ni andre EU-lande april underskrev aftale ca . 120 GW havvind Nordsøen 2030 , lige kun én konkret aftale ny dansk havvind sigte . samme tid haster få banket vindmøller , så ske , kan vende udviklingen , forklarer Lena Kitzing , leder forskningsgruppen Society , Market & Policy DTU 's institut vind energisystemer . » Danmark resten Europa kæmpestore planer forhold opstille vindenergi . regner , nuværende kapacitet EU tidobles lange bane , så virkelig helt andet gear , « siger . Danmark sender gennemsnit nyt havvindsudbud hvert andet år , hvilket harmonerer målet reducere udledningen drivhusgasser 70 procent 2030 klimaneutralitet 2045 , påpeger . udbygningen landvind skranter . år forventes pillet flere MW landvindmøller , sættes , mens så bedre 2021 2022 . hjælper , Lena Kitzings ord lige » kriselignende tilstand vindsektoren « . » Renten , prisen arbejdskraft råmaterialer gået . rammer både , producerer vindmøllerne , sætter . resulterer , projekterne dyrere. « Krisen kradser dybt Vindenergikrisen rammer virksomheder , Danmark . Vestas kæmper vende stort milliardunderskud , priserne stål andre vigtige råstoffer himmelflugt , mens fortsat kamp få normaliseret forsyningskæderne corona . april kostede vindmølle , udgør omkring halvdelen omkostningerne ny park , ca . 38 procent mere gjorde to år før . rammer Vestas ’ spansk-tyske konkurrent Siemens-Gamesa , samtidig kæmper kvalitetsproblemer landvindmøllekomponenter , hårdt . Vindmølleproducenten meldte allerede sidste år , fyres tusindvis medarbejdere verdensplan nedlægges 800 stillinger Danmark . Siden kun gået én vej . Aktien faldet 70 procent siden juni , Siemens-Gamesa nærmer , ligner konkurs , medmindre tyske regering køber selskabet . Krisen præger udbuddene . Eksempelvis hverken Ørsted Vattenfall – to største spillere inden havmølleparker – budt række nye store udbud Tyskland , mens projekter andre steder EU genforhandles udbydes ny højere priser . » vigtig tid lige « Danmark arbejder Nationale Energikrisestab , Nekst , nedsat tidligere år , anbefalinger , hvordan regeringen kan få banket vindmøller hurtigere . Bl.a . Nekst komme forslag , hvordan løser lange tidshorisont godkendelser andet . EU klar , haster . EU-Kommissionen spillede derfor 24. oktober vindenergipakke få udbygningen gear . nå klimamålene EU ’ s samlede vindkapacitet nemlig gå nuværende 204 GW 500 GW 2050 . kræver tidobling årlige udbygning , dag ligger 1,2 GW året . derfor behov » øjeblikkelig handling « , konstaterer EU-Kommissionen forbindelse udspillet , Ingeniøren tidligere omtalt . inflation adgang råmaterialer peges bl.a . mangel arbejdskraft , komplicerede tidskrævende udbud , mens række udbudsforhold , rettes . sammen nødvendigt , europæiske vindindustri fremtiden kan stå stærkt . DTU ’ s Lena Kitzing gentager behovet handling . » vigtig tid lige , allerede set , vigtige aktører byder udbud , usikkerhederne markedet holder virksomheder investere stort eksempelvis nye fabrikker , hårdt brug øge produktionskapaciteten niveau , behov , « siger . kalder nuværende vindenergikrise » bump vejen « , understreger , vejen energisystem Danmark resten EU , høj grad bygger el vindenergi , især havvind , stadigvæk se : » Politikerne villige strække ret langt forhold hjælpe vindsektoren , fordi især havvind stor del løsningen klimakrisen. «",
,2023-11-23 00:00:00,"Norge vil droppe elkabler til Danmark: ‘Tiden er løbet fra store, nye udlandskabler’",Ingeniøren,Link,"Siden 1977 elkabler mellem Danmark Norge . dag består fire kabler samlet kapacitet , gør muligt udveksle 1.620 MW mellem Jylland Norge . Norge kører politisk debat omkring ældste kabler , 2026 nå tekniske levetid . Spørgsmålet , kablerne erstattes nye helt skrottes . , ønsker forny to kabler , partileder Senterpartiet , Trygve Slagsvold Vedum . nyhedsbureauet NTB , siger . » Senterpartiet mener , grund forny tilladelserne . vores klare primære holdning . tror , ​​tiden forbi store , nye udenlandskabler , « siger Vedum . Senterpartiets holdning ny , striden eksport el Danmark stået flere år . Argumenterne går , eksporten drive elpriserne Norge . gælder især sydlige prisområder . mangler nemlig overføringskapacitet Nordnorge , hvilket giver store forskelle elpriserne internt landet . tydeligt coronakrisen efterfølgende forbindelse energikrisen baggrund Ruslands invasion Ukraine februar 2022 . april 2022 stemte Stortinget nej begrænse eleksporten blandt andet Danmark . Beslutningen vedtaget stemmerne regeringspartierne Arbeiderpartiet Senterpartiet . alligevel Senterpartiet begrænse antallet udlandskabler , frygter , høje elpriser resten Europa smitte Norge . norske regering nedsat “ Strømprisudvalg ” , repræsentanter industrien forskningen , blandt andet se , hvordan norske elpriser påvirkes udveksling resten Europa . Lederen partiet Venstre , generelt regnes EU-venligt , Ola Elvestuen , understreger , Strømprisudvalget fastslået , elkabler udlandet giver Norge bedre forsyningssikkerhed , . Lige Norge 17 udlandsforbindelser , Danmark går Sverige , Storbritannien , Holland Tyskland . » bedste måde sikre stabilt lave elpriser Norge droppe kabler . sikre , Norge nok vedvarende el , « siger . Energinets norske søsterorganisation Statnett , koncessionen bygge drive kablerne . Kabel Skotland udsat norske kritik udlandsforbindelser ny stået flere år . gælder eksempel ansøgning forbinde Norge Skotland gennem kabel kapacitet 1.400 MW . Godkendelsen forbindelsen , fik navnet NorthConnect , 2020 udsat daværende regering 2021 droppet . foråret 2023 sagen genoptaget stor irritation flere norske politikere organisationer . Blandt andet sagde energipolitisk ordfører Fremskridtspartiet , Terje Halleland E24 , regeringen stoppe behandlingen ansøgningen . » Norge sponsorere Europa billig strøm . regeringen slå kabel ihjel én gang , « sagde dengang . industrien fagbevægelsen stærk modstand . Leder norske LO , Peggy Hessen Følsvik , mente , kablet “ begraves altid ” industrien lød , NorthConnect afvises grundigt endeligt . Systemansvarlige bevare kabler imens norske politikere organisationer set sure kablerne mellem Norge resten Europa , så nordiske systemansvarlige virksomheder andet perspektiv . seneste fælles rapport kaldet “ Nordic Grid Development Perspective 2023 ” , skriver blandt andet Skagerrak-forbindelsen , kan fordelagtigt bevare - ligefrem øge - kapaciteten mellem Norge Danmark . skyldes , prisforskellene mellem Norge Danmark kan give høje samfundsøkonomiske gevinster begge lande . Derfor Statnett Energinet blevet enige kigge videre mulig erstatning Skagerrak 1+2 . mellemtiden Statnett Energi igangsat fælles projekt såkaldt “ hybrid elforbindelse ” . Ideen koble kommende dansk energiø sammen dansk norsk havvind dermed skabe endnu elforbindelse mellem danske norske elmarked .",
,2023-12-30 00:00:00,"2023 i bakspejlet: En tam superleder, flagermus og vand, vand og vand",Ingeniøren,Link,"2023 år sus i. Mest ved østvendte kyster , it-folk , generativ AI fået superkræfter . fik PFAS æg tvivlsom superleder – oven alting svæver Andreas Mogensen . Januar : Økologi – PFAS Lige indtil oprydningen nytårsmiddagen PFAS fleste danskere blot forkortelse række skadelige stoffer koncentreret omkring brandøvelsespladser . Overskueligt afstand . PFAS helt uventet dukkede danske økoæg koncentration , børn alderen 4-7 år blot ved indtage gennemsnitlige mængde økologiske æg overskride maksimale tolerable grænse al mad , se alvoren . Forklaringen lå foderet . ikkeøkologiske høns spiste mætte fuldfoder , blanding soja forskellige kornsorter , økologiske høns fodret fiskemel . Problemet løst ved udskifte økologiske høns ’ menu , snart lagde igen sunde æg . Mens økolandmændene således ånde lettet , trak eksperterne gengæld vejret tungere sendte havet bekymret blik . lang række målinger konstatere , havet omkring Danmark , kalder udbredt diffus forurening PFAS . betyder forurening uden én få klare kilder , nærmere , kan kalde generel baggrundsforurening . så kommer , ingen forklare . ting sikkert . PFAS dukker langs vestvendte kyster , fordi stofferne opkoncentreres voldsomt havskummet , inden blæser stranden markerne . PFAS længere ignoreres . Februar : ulige luftkamp Ballongate betegnelsen , må særeste luftkamp flyvningens historie . kinesisk ballon diameter 60 meter nåede bevæge Alaska , videre hen Canada nordlige Idaho , før præsident Biden fået nok beordrede skudt . gjort landets tungeste skyts form missil F-22 Raptor-jagerfly 20 kilometers højde hele verdenspressens kinesiske præsidents bevågenhed . amerikanske udenrigsminister hjemme besøg Kina , mens resterne ballonen fisket havet . Selve ballonen viste bygget amerikansk hardware , mens bar kinesiske sensorer indsamling billeder video . uden sende data hjem Kina . Siger USA . tydeligste indtryk , står tilbage selfie , jagerpiloten tog ballonen baggrunden , inden lukkede luften . danske hav balloner . masser havvindmøller . Troede . Planen , energiselskaber bygge offshore-vindmølleparker egne penge uden statslige udbud såkaldte åben dør-ordning . Selskaberne byde arealer , øremærket offentlige udbud . pludselig fortrød Energistyrelsen lukkede muligheden øjnene række byggeivrige selskaber . lå ellers projekter klar produktion vindenergi , dække danskernes behov to gange . Problemet , styrelsen gjort juridisk klart , ordningen kun tænkt små projekter tæt land . Så branchen derfor budt store projekter 1 GW langt kysten . arealer hører lukrative . staten gerne beholde . Marts : Hønen ægget » gang sætte Ferrarimotor gammel Ford Taunus. « Så malende beskrev ekspert elproduktion Ingeniøren , gik jagt løsning snigende uundgåeligt problem hastige elektrificering samfundet , midt : tynde få elkabler . forslugne datacentre , elbiler , varmepumper mindst PtX står fordobling elforbruget frem 2030 , ligner femdobling efterfølgende årti . al el ledes sikkert forbrugere produktion , brug udvidelse elnettet 110 milliarder kroner inden 2040 . El ganske få år bevæget stabil selvfølge moderne tids månelandingsprojekt . blot dimensionerne , ændres . Selve strategien vilkårene udbygningen ændres radikalt . Førhen selskaberne skullet eftervise behov , før spendere forbrugernes penge nye kabler . etablere infrastrukturen strategisk . betyder , bygge VE-zoner områder , plads , kan trække kabler hen . vel mærke ske , inden produktionen overhovedet flyttet derud . andre ord lagt massive mængder nye kabler , inden kender placeringen fremtidens produktionsanlæg . Læg dertil krav helt ny måde styre spændingen , længere sikret stabile kraftværker , tværtimod påvirkelig vindens styrke sky solen . nok tage , benævnes nationalkritisk infrastruktur . April : motor flade dæk optimistiske titel ‘ Forberedt fremtiden ’ lancerede regeringen markant reform videre­ gående uddannelser , halvdelen landets cirka 500 kandidatuddannelser kan se frem halveret to år . Udvalgte kandidatuddannelser forlænges lægge ekstra fordybelse forskere specialister . oplagte områder nævnes nano- kvanteteknologi . Målet få flere kloge hoveder hurtigt erhvervslivet . modtagelsen så taknemmelig side , regeringen nok set frem . Siemens Gamesa skrev således sammen række andre førende virksomheder åbent brev regeringen , peger , tekniske naturvidenskabelige områder netop områder , » udgør størstedelen fundamentet danske vækstmotor. « Vindmølleproducenten meldte herefter direkte , ønsker ansætte danske ingeniører etårig kandidatuddannelse . Oppositionen mødte forslaget udbredt bekymring , forkortede kandidatuddannelser kan skabe A- B-hold , IDAs formand , Laura Klitgaard , noterede , » virker , åbne øjne piftet dækkene vores vækstmotor. « stod klart , regeringen står alene ved reformfronten , gælder langvarige uddannelser . Maj : Større klode søges kampen bedre klima fået ny modstander : biodiversitet . Pludselig længere blot menighedsråd borgerforeninger , spænder ben nye vindmøller . kan hensynet lille fla­ germus stoppe største havvindmølleprojekter . Problemet , vores iver massiv elektrificering glemt , VE kræver så plads , fremover vanskeligt finde tilstrækkeligt områder beskyttet natur . Miljøstyrelsen placerer ganske vist 15 procent Danmarks areal kategori ved medregne opdyrkede arealer beskyttet natur , bare kan finde vandhul ude marken . Biodiversitetsrådet kan kun finde 2,3 procent . Elselskaberne sår blomster striber mellem solcelleparkernes paneler , fagfolk kalder green- biowashing . naturligt habitat kan aldrig . Så lige vidner masseudryddelse , 48 procent klodens arter tilbagegang . hasselmus , stor vandsalamander springfrø herhjemme chance , udlægge 30 procent vores areal beskyttet natur , EU foreskriver . Så kan godt svært få plads møller paneler . helt overordnet udfordring dukket : mangel plads , plads landbrug , energiproduktion , vand klodens arter . Juni : Debatten , dø to debatter Danmark , ved springe igen igen . ene handler ytringsfrihed . a-kraft . 16 førende forskere stod ganske vist 2022 frem samlet fl ok frarådede danske politikere tage a-kraft planlægningen . Teknologien kan hverken hjælpe nå klimamålet 2030 betale rent økonomisk sammenlignet vind- solenergi . Heller , leverer fjernvarme sidegevinst . lød beskeden . Klimarådet klar opbakning : » Vores analyse viser , atomkraft nødvendigt sikre elforsyningsikkerheden Danmark . udfordringer , opstår helt særlige vejrtilfælde uden vind sol , kan klare andre midler billigere. « Klimarådet peger tre løsninger , kan sikre backup , rådet vurderer hurtigere opføre billigere a-kraft : ellagring , fleksibelt forbrug regulerbar elkapacitet gasturbiner termiske kraftværker . forsikring , ifølge Klimarådet koste hver husstand ca . 100 kroner årligt . Alligevel flere partier Christiansborg fortsætte diskussionen , mens Liberal Alliance forsøger samle flertal bag ‘ Niels Bohr-kommission ’ . Så a-kraftdiskussionen kan ventes snart komme besøg igen . Juli : Øer oprørt hav indgangen , varmeste sommer kloden 120.000 år afsvedne marker , skovbrande oversvømmelser , krop store VE-planer Danmark . ‘ hockeystaven ’ vise forudsete effekt , måtte årtiets klimapolitiske prestigeprojekt – energiøerne – sættes værk . efterhånden projektets kompleksitet gik energipolitikerne , dalede begejstringen , Borgen fi k øen Nordsøen øgenavnet monsteret . tilmed viste , øen pris 210 milliarder kroner ende underskud 5o milliarder kroner , projektet udskudt ubestemt tid . Energiøen ved Bornholm bedre fremtidsudsigter . Partierne ganske vist enige statsstøtte knap 18 milliarder kroner etablere danske del øens infrastruktur form kabel Sjælland Tyskland samt station Bornholm . øen møllerne måtte klare markedsvilkår . usikker finansiering , lave elpriser høje råstofpriser betyder usikker fremtid energiøen ved solskinsøen . August : Beviser , tak Fagfolk elsker fakta . Derfor ser holde armene tæt kroppen , forskere påstår , løst andet gammelkendt problem . Fagfolk se afgørende bevis . Bare kommer superledere . så hvert fald , koreansk forskergruppe lagde video lille stykke materiale svævende luften , tegn ( bevis ) superlederegenskaber . hævdede skabt superlederegenskaber ved stuetemperatur , ellers kræver temperatur tæt absolutte nulpunkt . Materialet døbt LK-99 , relativt nemt fremstille bly , kobber , fosfor ilt , snart efterprøvede forskergrupper forsøget kloden rundt . Stor begejstringen , indtil erfaren kemiker University of Illinois lige gjorde opmærksom , gammelkendte egenskaber ved kobbersulfid , skabt illusionen . Verden bedrages . skyldes bare , opdagelsen superleder ved stuetemperatur betyder stensikker nobelpris multimilliarddollar-forretningseventyr . Mens sydkoreanske forskere trak surmulende tilbage , gengæld se storsmilende Andreas Mogensen svæve ubesværet mandskabet ISS start seks måneders ophold stationen . læst , fotografere lyn , afprøve dansk natlampe måle kvaliteten nattesøvn . virkeligheden mest spændte , Andreas får prøvet rumvandring , drømt , siden barn . fortjener . September : Biosfæren fare Fordelen ved gennemdigitaliseret samfund , ved pulje persondata kan hjælpe enkelte borger hurtigt effektivt . Rette eksperter adgang rette data rette sammenhæng . . mulige off entligt ansatte kan bare dykke andres persondata forgodtbefi ndende . ligger , lige snage i. offentligt ansatte seneste par år tilsyneladende benyttet flittigt . snaget mødres , fædres , partneres fremmedes oplysninger , tilfælde slået børn . medarbejdere lavet ét opslag , mens andre slået hundredvis borgere flere år uden møde modstand myndighederne . Datatilsynet andet tage således inden sidste to år kun reageret én procent sager snageri . Så frit slag nysgerrige , hævngerrige jalousiramte . ‘ Jorden langtfra sikkerhedszone menneskeheden. ’ nogen rar melding forskere , opgjort tilstanden klodens ni planetære grænser , tilsammen angiver planetens sundhedstilstand havet , atmosfæren biosfæren . nyeste opgørelse fastslår , seks grænserne risikabel højrisikabel tilstand . længere klimaforandringer , bekymrer mest . udviklingen biosfæren , fremkalder rynkede øjenbryn . biodiversiteten . kan mennesket genoprette . først får styr udledningerne klimagasser , situation , energibalancen Jorden kan vende retur holocæn-lignende niveau inden tusinde år . taber art , tabt evigt . kan gå tilbage biosfære , menneskeligt fingeraftryk . Oktober : Risikabel havudsigt Først diskussion , hvorvidt stod hundredårs tusindårshændelse , fyldte medierne . så kom stormfloden mere to meters vandstigning langs landets sydøstlige kyster . situation , nok komme bag kystboere vest . øst enten uforberedte udstyret underdimensionerede dæmninger stormporte . fordi stormfloden forelå masser planer kystsikring . bare aldrig blevet sat værk færdige tegninger sandfodring , diger pumpestationer . Tre spørgsmål stået vejen : Hvem betale ? havudsigt ? hvordan lille kommune overskue al lovgivning , overholdes , kysten ændres ? Således skibsværftet Assens oversvømmet , mens sommerhusejere bekymrede mest prisfald følge forringet havudsigt . således måtte beboere Køge evakueres , fordi kommunen problemer flette kystplanerne sammen EU ’ s oversvømmelsesdirektiv habitatdirektiv . Byens borgmester forklarede maritime termer : » oplever navigere lovgivningsmæssigt farvand uden sejlrende. « Udsigten klimaforandringer stiller imidlertid krav opgør vores romantiserede forhold danske kyster . Ved temperaturstigning 1,6 grader celsius Danmark komme opleve stormfloder hvert tredje år , udslippene fortsætter hidtil , kommer slutningen århundredet 39 gange flere stormfloder , oplever dag . røg havudsigt . November : Inde , ude , inde igen sjældent , møder ønsket reguleret , reguleres . sker imidlertid helt åbenlyst topfolk AI-branchen , anført manden bag ChatGPT , CEO OpenAI Sam Altmann . tyv natten gjort sprogmodel tilgængelig gratis . Skriv dit prompt vinduet , se magien . lige så tilgængelig , lige så farlig , lød advarslen , hvorefter Altmann sparket egen bestyrelse . Herefter fulgte særeste jobskifte set branche , ellers mangler originaler . Kort fyringen ansatte Microsoft , ejer 49 procent firmaet , manden tilbød 700 ansatte nyt job.Inden samme uge tilbage stolen CEO OpenAI . firma , startede idealistisk , nonprofit open source-firma , skabe AI gavn menneskeheden . black box kolossale kommercielle interesser omgivet mystik rygter ligge inde generel AI . Hele affæren viser betydning , techgiganterne lægger AI-kapløbet . Alene Microsoft kunnet se aktie stige 50 procent siden OpenAI kom firmafrokosten . Senest Amazon gået markedet egen chatbot , Q , 20 USD måneden angivelig kan gøre arbejdsdagen nemmere . Hastigheden udviklingen satte EU-Kommissionen grå hår hovedet , fordi målet flyttede konstant , inden EU-Parlamentet omsider vedtage årets vigtigste regulering – AI Act . December : Varm rekord kold tid Mens usædvanlig kold start blæsende afslutning december lagde landet , lagde grønne initiativer ro Bruxelles . udsigt valg EU-Parlamentet 2024 , meningsmålinger tværs grænser peger retning højredrejning , udvandes klima- miljøforslag , bare lider stille død gangene ­Bruxelles . kan medlemslandene enige lægge planer udvinding sjældne råstoffer , kritiske grønne omstilling . tilstrækkeligt vindmøller batterier grønne omstilling , bydende nødvendigt slippe fri Kinas dominans området . ganske vist råstofferne jordoverfladen . igen ramler årets hovedtemaer : Pladsmanglen , hele tiden minder , klimakrisen biodiversitetskrisen risikerer hinandens værste fjender , finder ny vej tilbage globaliseringen . måneden startede koldt , 2023 varmeste år menneskehedens historie , FN ’ s generalsekretær António Guterres oplyse åbningstale ved COP28-klimatopmødet Dubai . udsigt 2024 , hjælp El Niño kan gå hen endnu varmere , ord åbningstalen passende stå udgangsreplik 2023 : » år set samfund rundtom verden ramt brande , oversvømmelser brændende temperaturer . Rekorden global opvarmning bør sende kuldegysninger ryggen verdens ledere . bør få handle. «",
,2024-11-07 00:00:00,Regeringen udskyder Danmarkshistoriens største havvind-udbud,Ingeniøren,Link,"Forsinkelser rammer igen Danmarks største havvind-udbygning , kan levere strøm 9 mio . husstande . tale flere måneders forsinkelse . sikkert vist . Klima- , Energi- Forsynings-ministeriet bruge årsskiftet kickstarte Danmarkshistoriens største havvind-udbud minimum 9 GW plus overplanting . erfarer Ingeniøren , ministeriet udskyder udbuddet andet tidspunkt foråret . Årsagen , Energistyrelsen investorer , indgår markedsdialogen , endnu nået enighed rammerne 6 GW traditionel havvind 3 GW Energiø Bornholm . kan gøre svært regeringen nå målsætning minimum færdigbygget 9 GW inden udgangen 2030 , advarer rådgivningsselskabet Kraka Advisory : » rigtigt , så skidt . brug grønne strøm . stiller spørgsmålstegn ved , inden 2030 , allerede presset . historisk taget gennemsnitligt ni år tanken etablere havvind , vindmøllerne etableret . kun syv år udgangen 2030 , « siger Frederik Læssøe Nielsen , seniorøkonom ved Kraka Advisory . Ærgrelse Marie Münster , professor energisystemanalyse medlem Klimarådet . kun drejer få måneder , så kommer oven , folketingsvalget tid forsinkede processen forberede selve markedsdialogen flere måneder . kan Marie Münsters vurdering betyde , Danmark kommer levere tilstrækkeligt VE eget forbrug eksempel nødt importere el , nødvendigvis grøn . først fremmest gå europæiske globale målsætninger , siger , peger , udledninger elimport tæller direkte nationale klimamål . » udskydelse umiddelbart indflydelse vores nationale klimamål 2030 , så europæiske globale - vores mulighed fremstå foregangsland klimaområdet , hvilket mål klimaloven . nogen rollemodel , VE nok dække vores eget forbrug , « siger Marie Münster . Usikkerhed bæredygtighedskrav PtX Ingeniøren beder Energistyrelsen oplyse , udbuddet forsinket , svarer via mail , » fortsat « forventer sætte udbuddet gang løbet foråret . svar stemmer overens , styrelsen forventede offentliggøre endelige udbudsmateriale omkring årsskiftet , dengang indledte markedsdialogen juni 2023 . bekræfter tippet kilder tæt regeringen , udbuddet yderligere forsinket . mailsvaret fremgår , Energistyrelsen oplever stor interesse markedet via markedsdialogen - altså stadig må gang . baggrund lægger styrelsen sidste hånd udbudsmaterialet . Lytter vandrørene , så skyldes forsinkelsen dramatiske skænderier , snarere diskussioner udbuddets rammer . diskussionerne går stribe bæredygtighedskrav , udbuddene første favne - andre går mere juridiske spørgsmål , hvordan staten varetage ejerskab . svært parterne nå enighed , høj grad staten må sælge strømmen f.eks . PtX-projekter . elementer statslige udbud . uret tikker .",
,2024-02-23 00:00:00,Luftfartens grønne brændstoffer er nødlandet i stilhed,Ingeniøren,Link,"Planerne få danske indenrigsfly bæredygtige brændstoffer lange udsigter . storstilet projekt står stille , alternativer lader vente . oktober 2019 sad Ingeniørens udsendte sammen flok andre journalister møde Københavns Lufthavn . Anledningen ny rapport produktion bæredygtigt flybrændstof – kaldet SAF ( sustainable aviation fuel ) . Bag rapporten stod forskere Syddansk Universitet ( SDU ) sammen rådgivende ingeniørvirksomhed Niras organisationen NISA ( Nordic Initiative Sustainable Aviation ) , budskabet , SAF produceres pris ‘ kun ’ tre gange prisen fossile brændstoffer . praksis betyde merpris flybilletter cirka 30 procent . Teknologien klar , rette beslutninger taget , mente forfatterne dengang , første produktionsanlæg fremstilling 100 procent grønt flybrændstof stå klar allerede 2025 . Lokalet emmede begejstring , vist powerpoints avancerede flowdiagrammer grundige tidsplaner . Partene bag roste rapporten , undertegnede svært ved trænge igennem kritisk spørgsmål tidsplanen . sikre deltagerne , projekt lod gennemføre tiden ? Erik C. Wormslev , daværende udviklingschef klima , energi ressourcer Niras medforfatter rapporten , optimistisk understregede , teknologien allerede købes , eksempel elektrolyseenhederne . » tror , problem fem år , « sagde mente , tilstrækkeligt penge ryggen muligt » ret hurtigt « bygge demonstrationsanlæg 50-100 MW . Klar 2025 ? runde tal stod fly tre procent globale CO2-udledning 2023 , hvilket måske virker gigantisk . problemet fly , langt vanskeligere gøre klimavenlige eksempel benzinbiler , steder relativt nemt kan udskiftes elbiler . forsøg gang batterier korte flyruter , brint jetmotorer – planen SDU-rapporten – syntetiske brændstoffer , 1:1 kan erstatte fossile . Så mere fire år mødet lufthavnen gode spørgsmål , inden udgangen 2025 klar hælde hjemmeproduceret SAF tankene flyene lufthavnen Amager ? korte svar nej , udsigten gøre inden kommende år må siges yderst tvivlsom . Ørsted 2019 godt nok fået 34,6 mio . kr . støtte opføre elektrolyseanlæg 2 MW tilhørende brintlagring . Energien komme vindkraft , allerede kort tid Cowi ude advare bruge fluktuerende el vindmøller elektrolyse . Udfordringen , forklarede teknisk chef Jeppe Grue , få anlægget køre fleksibelt , så kan spille sammen el- varmesystemet opsuge variationen produktionen vindmøllerne . 2020 storstilede projekt ‘ Green Fuels Denmark ’ så lanceret Ørsted spidsen Cowi teknisk rådgiver . Målet skabe Danmarks mest ambitiøse projekt storskalaproduktion bæredygtige e-brændstoffer baseret grøn el vindmøller . 2030 samlede elektrolysekapacitet 1,3 GW potentiale undgå emission én million ton CO2 første ti års drift . 2022 fik projektet tilskud , gang 600 mio . kr . Erhvervsstyrelsen , deltage europæiske IPCEI-program . Programmet formål støtte indsatsområder , EU-Kommissionen besluttet bærende EU ’ s fremtid . gælder blandt andet brint e-fuels . dag ønsker Cowi kommentere yderligere projektet sender forespørgslen videre Ørsted , henviser svar efteråret 2023 , Ingeniøren sidst skrev projektet . erkendte Lars Hansen , Ørsteds direktør PtX Danmark , » Green Fuels Denmark udfordret , både grund stigende omkostninger , grund manglen ny , grøn strøm Østdanmark. « Indrømmelsen kom kort tid , havvindmølleparken Aflandshage blevet udskudt risikerede helt droppet . Bedre står heller Energiø Bornholm , udbuddet 3 GW havvind endnu engang blevet sat pause . Mismodige projektdeltagere Alligevel Ørsted aflyst Green Fuels Denmark . Selskabet oplyser , arbejdes få gennemført trods udfordringerne , PtX-direktør Lars Hansen skriver mail Ingeniøren , fortsat tæt dialog potentielle aftagere SAF : » endelige tidslinje produktion SAF afhænger kundernes behov udviklingen nødvendige teknologi. « spurgt øvrige deltagere , tid gik Green Fuels . Flere svaret vores henvendelse , generelt virker reaktionerne fire år mismodige . Københavns Lufthavne lyder director of public affairs Søren Rosenkilde Clausen , » fortrøstningsfulde , projektet kan levere signifikant bidrag inden overskuelig fremtid. « DFDS , aftager både metanol brint , bakker stadig ambitionen håber » kan findes vej frem Green Fuels Danmark , « mens DSV Københavns Kommune vendt tilbage Ingeniørens henvendelse . Ærgerligt luftfarten brug grønne brændstoffer tydeligt , statsminister Mette Frederiksen nytårstale 1. januar 2022 meldte , senest 2025 grøn flyrute Danmark , indenrigsruter 2030 flyve grønne brændstoffer . nævnte specifikt SAF , kommercielle elfly stadig ligger del år ude fremtiden , så SAF oplagte valg . Derfor ærgrer dag direktøren Nordic Initiative Sustainable Aviation , Martin Porsgaard , sad ved præsentationen SDU-projektet 2019 , kommet længere . » Desværre halter udbygningen vindmøller , levere grønne el , bagefter . usikkerhed CO2 , bruges brændstofferne , brintproduktionen mere fokus eksport Tyskland produktion SAF Danmark , « siger . eneste reelle grønne alternativ flybrændstof dag fremstillet brugt madolie , kaldet UCO ( used cooking oil ) . UCO usikkerhed , ressourcerne begrænsede dokumentationen , reelt baserer brugt fritureolie , ofte usikker . » tro , 2025 kan rute klar UCO , formodentlig importeret Asien . syntetiske brændstoffer baseret PtX længere udsigter , « siger Martin Porsgaard . Iblanding passagerafgift EU sommeren 2023 besluttet , fly , flyver kommercielt unionen , iblandet 2 procent grønt brændstof 2025 , 6 procent 2030 70 procent 2050 . Kun lille del komme syntetiske kilder . Kritikere peger , første år kun UCO tilgængelig , hvoraf meste importeret Asien . understreges , risikoen snyd brugte olier stor . danske regering fulgte december måned EU-kravet aftale afgift flybilletter . Konkret betyder , afgiften indfases 2025 , så flyrejser frem 2030 gennemsnit 100 kr . dyrere . give provenu cirka 900 mio . kr . 2025 stigende 1,2 mia . kr . 2030 . tro , indtægterne afgiften bruges gøre flytransporten mere grøn , regeringen valgte bruge cirka 600 mio . kr . provenuet forhøjelse ældrechecken . frustrerer Jeppe Juul , Transportpolitisk chef miljøorganisationen Rådet Grøn Omstilling . frygter , stedet grønne flybrændstoffer , , fremstillet Green Fuels-projektet , kommer importere UCO tvivlsom karakter . » så kun bruge tredjedel provenuet passagerafgiften grønne omstilling flytransporten , så synes , mærkeligt . mangler simpelthen incitamenter investere reelle syntetiske brændstoffer Danmark , « siger . Derfor sætter lid , rene elektriske fly klar 2030 . Martin Porsgaard så hellere , hele provenuet passagerafgiften brugt udvikling SAF . » anbefale , reducerer indkøb UCO-SAF Asien , stedet akkumulerer økonomiske midler fremskynde PtX-baseret SAF produceret Danmark. «",
,2024-02-23 00:00:00,Biomasse eller grøn el: To veje til grøn luftfart,Ingeniøren,Link,"Vejen grønt brændstof luftfarten banet , Ørsted spidsen valgte Green Fuels Denmark vej forskere anbefalede . måske sat projektet tilbage . sidste ende certificeret flybrændstof ens . sagt måde , så ligegyldigt , brændstoffet kommer . fossilt syntetisk , først fyldes fly , leve specifikke krav . forskel , energien kommer moden teknologien fremstilling grønt flybrændstof ( SAF ) – udgangspunktet SDU-rapporten ‘ A pre-feasibility study on sustainable aviation fuel from biogas , hydrogen and CO2 ’ 2019 . Grundprincippet rapporten , jetfuel fremstilles biometan og/eller CO2 brint . Enten ved traditionel dampreformering biometanen , hvorved dannet ren syntesegas ( H2 ) kulmonoxid ( CO ) , via såkaldte reverse-water-gas-shift-reaktion mellem CO2 brint , hvorved dannes syntesegas . Efterfølgende syntesegassen bruges velkendte Fischer-Tropsch-proces fremstilling SAF . Teknologierne tidspunkt kendte flestes vedkommende kommercielt tilgængelige . Selvom SDU Niras , stod tekniske beskrivelse beregningerne projektet , så dengang lægge mærke virksomheder , finansieret rapporten . finde Københavns Lufthavne , SAS , ARC , Dansk Luftfart , Dansk Energi ( Green Power Denmark ) Nature Energy , producerede biogas , bruges . klar 2023 2020 lancerede lang række virksomheder så projektet Green Fuels Denmark . spidsen stod Ørsted flere deltagerne gengangere SDU-rapporten . ombord DSV , DFDS , Mærsk , Topsoe brintvirksomhederne Nel Everfuel . gengæld biogasproducenten Nature Energy ude , ligger vigtig pointe . længere tale bruge metan biogas brint , udvundet biomasse . produceres brændstoffer vej- , sø- lufttransport baseret elektrolyse ved hjælp grøn el vindmøller CO2 biogene kilder . Første trin projektet stå klar 2023 bestå 10 MW elektrolyseenhed , umiddelbart levere brint busser lastbiler . Andet trin klar 2027 , brintproduktionen 250 MW baseret el helt ny vindmøllepark ved Bornholm , del Energiø-projektet . baggrund brinten produceres metanol CO2 københavnske punktkilder , eksempel Avedøreværket affaldsforbrænding . tredje trin hele potentialet havvind Bornholm udnyttes elektrolysekapaciteten opskaleres 1,3 GW . produceres 250.000 ton bæredygtige brændstoffer brug busser , lastbiler , skibe fly . Projektet 2027 potentielt erstatte 5 pct . fossile brændstoffer , bruges Københavns Lufthavn , hele 30 pct . 2030 . helt vej » helt vej , foreslået . tog udgangspunkt grønne biogas , allerede gasnettet , anså brint elektrolyse dyre del . Green Fuels Denmark valgte starte elektrolyse satsede , komme billig el kommende havvindmølleparker , « siger Henrik Wenzel , professor SDU , leder ‘ Life Cycle Engineering ’ hovedforfatterne oprindelige forslag 2019 . Oven hæfter Henrik Wenzel ved , vejen metanol e-kerosen , altså jetfuel , unødigt ekstra procestrin , tidspunkt stadig kun fungerede laboratorieskala sidste ende gør produkterne dyrere . » kan afvise , produktionen metanol efterfølgende jetfuel længere sigt , kan rentabel . gået metan-vejen foreslog , så sikker , første testanlæg produktion jetfuel stået klar dag , « siger Henrik Wenzel . tidligere nævnt Topsoe kommet Green Fuels Denmark-projektet , måske god grund . Topsoe nemlig eksperter proces , hvorved syntesegas omdannes metanol . dag afviser Topsoe Ingeniøren , virksomheden stillede krav , satses elektrolyse metanol , gå projektet . Ørsted ønsker kommentere , krav Topsoe gå metanol-vejen . » valgte satse elbaserede løsninger Green Fuels Denmark , fordi ligger naturlig forlængelse vores eksisterende aktiviteter , « skriver Lars Hansen , Ørsteds direktør PtX Danmark , mail . understreger , brug forskellige teknologier dekarbonisere Danmark verden , herunder både elbaserede løsninger løsninger , bygger biogas .",
,2024-03-22 00:00:00,Ørsted og Elia: Nye mølleparker bør være ‘hybrider’ som Kriegers Flak,Ingeniøren,Link,"Energiselskabet Ørsted sammen belgiske Elia , opstillet fire forslag , hvordan kan skabes grundlag udbygge vindkraft havs tværs landegrænser . lande stort energibehov lande store vindressourcer . ubalance nyt samarbejde forsøge komme livs ved fire nye forslag , tilsammen sikre , vindkraft Nordsøen Østersøen udbygget mere optimalt gavn flere lande . Udfordringen , landene forskellige aktører , forskellig lovgivning muligheder investeringer vedvarende energi . Samarbejdet dag præsenteret konferencen WindEurope Bilbao . stede ved præsentationen Klima- , energi- forsyningsminister Lars Aagaard , belgiske energiminister Tinne Van Straeten EU ’ s generaldirektør energi , Ditte Juul Jørgensen . Europa samarbejde VE Bag initiativet står energiselskaberne Ørsted belgiske systemoperatør , Elia Group . Sammen udviklet model række anbefalinger , mener kan nedbryde barrierer , gør , dag vanskeligt langsommelig proces koble havmølleparker sammen to flere lande . kan måske virke to selskaber forskellige dagsordner , administrerende direktør Elia Group , Catherine Vandenborre , ser problem . » deler flere fælles opfattelse vindenergi så tror , bedre udveksle energi tværs landegrænser , enkelte lande følger nationale interesser bygger vindmølleparker , koblet eget net . fortsætter , så målene EU . stedet ønskede samle vores kræfter finde løsninger. « Olivia Breese , direktør Ørsted Europa , ser udviklingen vindmøller Europa , lige balancere knivsæg . » Hastigheden udrulningen VE hastighed essentielt - brug nye løsninger nå målene Europa . løsninger nedbryder siloer , energisystemet . Ved finde løsninger sammen , kan bringe aktører sammen skabe muligheder , både aktører samfundet generelt , « sagde ved pressepræsentation . Derfor konferencen Bilbao god mulighed få både politikere industrien tale , fortæller Olivia Breese . » kan få politisk mandat gå videre løsninger , så kan komme gang løse både tekniske , organisatoriske økonomiske aspekter videre arbejde. « siger . Brug 'hybridløsninger' forslår kaldes ‘ Hybridprojekter ’ . type vindmølleparker kun én verden Krigers Flak mellem Danmark Tyskland , koblet elnettet siden 2021 . Danmark Tyskland forbundet via el-kabel , koblet direkte vindmølleparken . Dermed muligt sende energien derhen prisen højeste . vinden blæser , kan kablet bruges normal overførsel el mellem to lande . Så udbygningen havvindmøller grøn energi gå hurtigere dag , så brug langt flere type projekter , skriver to energiselskaber ny rapport . Udfordringerne ved bygge type havvindmølleparker , understreges . kan eksempel forskellige lovgivninger mellem to lande , lægger hindringer vejen . nationale interesser adgang investeringer vanskeliggøres , vindmølleparkerne kobles to lande . to lande kobles sammen , ifølge to parter , vis asymmetri fordelen . kan eksempel forbrugere , store små , ene land , større fordel andet , uden bidraget investeringer . to selskaber forsøge gøre ved derfor sat fire forslag søen , gøre nemmere . Se faktaboks . Energi fordeles eksempel område , type anlæg kan gøre udbygningen langt mere effektiv samtidige tilgodese flere lande , peges Nordsøen , vindmølleparker indtil videre blevet bygget enkeltstående parker såkaldt ’ point-to-point ’ -forbindelse land . Energi så blevet fordelt mellem landene via kabler . kaldes radialnet . landene rundt Nordsøen samlet set mere gavn store vindressourcer , så mere optimalt , hybridnet , kabler havets bund forbinde vindmølleparkerne sender energien land , mest brug . måde kan spares kabler land antallet forbindelsespunkter mellem havvindmølleparkerne land . Opkoblingen kendes danske parker Horns Rev II , forbundet via hver kabel land . hybridversionen møllerne forbundet eksempel konverterplatform energiø , hvorefter energien fordelt markeder , kunder . måde understreger forfatterne bag rapporten , muligt lande , lige så store vindressourcer eksempel Danmark , deltage mere aktivt udbygningen . Nordsøen bedste vindressourcer verden , flere gange blevet dokumenteret . Området vindrigt , relativt lave havdybder ligger tæt store forbrugsområder både Danmark , Storbritannien , Tyskland , Belgien Holland . Derfor udbygning hybrid-net , ses lyset Esbjerg-deklarationen , ministre Danmark , Tyskland , Nederlandene Belgien satte mål udbygning 150 GW vindkraft Nordsøen 2050 . Beregninger fælleseuropæiske organisation transmissionsselskaber Entso-e viser , havvindmølleparkerne opbygges hybrid-forbindelser land , så hybride parker alene bidrage 80 GW kapacitet 2050 . nuværende tidspunkt 6 projekter støbeskeen , går begrebet 'hybrid ' - heri indgår to danske energiøer henholdsvis Nordsøen Bornholm . projekterne startdatoer , ligger 2030 .",
,2024-04-08 00:00:00,Synspunkt: Politikerne overbyder hinanden på energiområdet,"Ingeniøren
Frederik Læssøe Nielsen, Seniorøkonom, Kraka Advisory",Link,"lemmingeffekt steroider , politikere først størst klimakampen uden finansiering fornuftig plan . grønne dagsorden blevet allemandseje , dels fordi udfordringerne klimaforandringer tydeligere mere håndgribelige dag dag , dels fordi energipolitik blevet sikkerhedspolitik Ruslands invasion Ukraine . Derfor naturligvis både godt forventeligt , blandt politiske partier bred opbakning ambitiøse danske reduktionsmål ønske gøre landet uafhængigt fossile brændsler Rusland andre ubekvemme samhandelspartnere . Faktisk nærmest blevet politisk selvmord fremstå slapper klima- energispørgsmål . selvom kan lyde godt danske vælgere , hungrer løsninger grønne omstilling , henseender stik modsatte . Frygten fremstå klimaslapper fører dårlige , forhastede beslutninger , gør , får mindre grøn omstilling pengene , omstillingen unødig dyr skatteborgerne . Udefra ligner jagten grønneste profil lemmingeffekt steroider , vigtigere demonstrere handlekraft , beslutningerne tages ordentligt grundlag . længere nok følge . fremstå grøn , må hele tiden overbyde , kan tillade tænksom frygt forvekslet slapper . ubetænksomhed kan vise dyrt – flere eksempler . måske mest oplagte eksempel , politikerne træffer dårlige samfundsøkonomiske beslutninger , så hvert fald kan klandres klimaslappere , Energiø Bornholm . oprindelig besluttet indbygget forudsætning , kun etableres , rentabel . kom stykket , projektøkonomisk underskud først omkring 10 mia . kr. , siden udviklet statsstøttebehov hele 31,5 mia . kr. , tårnede , forudsætning stiltiende ignoreret , samtidig udvidede projektet 2 gigawatt 3 gigawatt . politikerne så aftalt sætte loft støtten 17,6 mia . kr. , ingen processen villige række hånden påpege åbenlyse , nemlig aftalens forudsætninger skredet eftertrykkeligt . Samtidig energiøen Nordsøen sat pause , fordi viste kræve 50 mia . kr . statsstøtte . stedet lægge endegyldigt graven , arbejder embedsværket videre billigere løsning . løsning næppe heller rentabel . ledige standpunkt droppe dyre prestigeprojekter ingen , indtager . Derfor udebliver debatten , kan almene skatteborger tjent , store tocifrede milliardregninger , drejer . Politikerne firedoble produktionen vedvarende energi land , femdoble produktionen vedvarende energi havet 4-6 gigawatt elektrolysekapacitet , kan spalte vand grøn brint ilt – sammen inden 2030 . uklart , hvorfor Danmark ambitioner , motiveret analyser argumenter , giver langt mere strøm brint , Danmark kan bruge al overskuelig fremtid . selvom virker relativt harmløst , politikerne melder ambitiøse mål , fordi isoleret set koster store ambitioner , opstår problemet efterfølgende . først ambition meldt , kan bruges andre motivere politiske tiltag : ‘ staten finansierer brintrør Tyskland , aldrig vores mål 4-6 gigawatt elektrolysekapacitet ’ . måde umotiverede mål pludselig argumenter samtidig , fremtidige politikere nødt styre , ligegyldigt dårligt samfundsøkonomien dermed muligheden faktisk få så omstilling pengene muligt . måde maler overbud klimaområdet nutidige fremtidige politikere ubekvemt hjørne , henvist enten føre usmart politik fremstå slappere . Mål ambitioner selvfølgelig gode sætte retning omstillingen , helt afgørende , bakket faglige analyser gode argumenter , ellers ender politiske aftaler , binder politikerne føre uhensigtsmæssig dyr klimapolitik . nok Danmark dermed får mindre grøn omstilling pengene , så risikerer miste brede opbakning befolkningen .",
,2024-08-15 00:00:00,"Oversvømmelser, kobøvser og lastbiler på biogas: Nu bliver de første grønne milliarder uddelt",Ingeniøren,Link,"Regeringen sammen Grøn Fonds aftalepartier besluttet , hvordan første fem milliarder kroner fordeles . kommer mere støtte fjernvarme ejere dieselbiler betale 50 øre mere per liter brændstof . Klimaforandringer truer vores kyster , byer boliger , mens PFAS spreder miljøet – dyrene forsvinder , fordi naturen lider . samme tid bøvser køer store mængder metan , mens biler fortsat kører sort diesel , udrulningen fjernvarme bremset . Derfor afsætter regeringen aftalepartierne bag Grøn Fond første fem milliarder kroner 53,5 milliarder afhjælpe række klima- miljøproblemer . To milliarder går undgå oversvømmelser , håndtere PFAS-forurening forbedre miljøet andre måder . » to miljømilliarder bruges vigtige initiativer , danskere kommer mærke , « siger miljøminister Magnus Heunicke ( S ) pressemeddelelse gennem nyhedstjenesten Via Ritzau . Lidt 1,2 milliarder kroner afsættes frem 2030 finansiere Danmarks første plan klimatilpasning , præsenteret oktober sidste år , værste stormflod mindst 10 år ramte Danmark . Pengene finansiere indsats alvorlige oversvømmelser , blandt andet ved sandfodre kysterne investere kritiske sluse- kystanlæg , Ingeniøren tidligere omtalt . Herudover afsætter regeringen aftalepartierne ( Socialistisk Folkeparti , Konservative Folkeparti , Enhedslisten Radikale Venstre ) 625 millioner kroner rejse ny skov omdanne landbrugsjord skov , kan modvirke kvælstofudvaskning hårdt pressede vandmiljø . » rejse mere skov få mere bedre natur styrke biodiversiteten , « siger Magnus Heunicke . afsat 200 millioner kroner drikkevandsbeskyttelse , 550 millioner kroner rydde store generationsforureninger 210 millioner kroner forsinkede PFAS-handlingsplan . Herudover aftalt udmøntning 500 millioner kroner havnaturfond sikre naturgenopretning forvejen hårdt pressede havmiljø , havvindmøller stort tal opføres forbindelse energiøer Nordsøen Østersøen . » havnaturfond forbedre vores vandmiljø f.eks . ved etablere stenrev plante ålegræs , « lyder Magnus Heunicke , indkalde aftalepartierne bag . Olie- gasfyr væk Hertil kommer håndsrækning landbruget , står kommende CO2-afgift . nye aftale afsættes midler foder køer , kan reducere dyrenes metanudledning sted mellem 8 30 procent . reserveres 500 millioner kroner foderet frem 2030 . Ligeledes afsættes omkring halv milliard kroner fjernvarmepuljen , så fjernvarmeselskaber kan få gang udrulningen fjernvarmenettet , bremset . Sidste år sagde fjernvarmeselskaberne velkommen cirka 40.000 nye kunder , mens året før cirka 58.000 boliger , kom fjernvarmen . nye aftale ydes 20.000 kroner støtte per olie- gasfyr , fjernvarmen konverterer . » Støtten kan medføre , flere projekter rentable fjernvarmeselskaberne gennemføre . øger udrulning fjernvarmenettet nye områder understøtter konverteringer væk gas olie rumopvarmning , « fremgår nye aftale . Frem 2030 gives desuden 900 millioner kroner gøre vejtransporten grønnere , heriblandt 161 millioner kroner understøtte brugen lastbiler , kan køre biogas . aftalen kommer ejerne dieselbiler desuden betale 50 øre mere per liter brændstof . Midler fjernes vindmøller Store dele aftalen møder ros omverdenen . Eksempelvis kalder Dansk Fjernvarme pressemeddelelse » flot aftale « » solidt rygstød « . » Tusindvis boligejere kan ånde lettet . kan få ro udbygningen fjernvarme steder , fjernvarmeselskaberne boligejerne stået uvished , hvorvidt sende gasfyret pension ej , « siger Kim Mortensen , direktør Dansk Fjernvarme . Dansk Erhverv roser aftalen , selvom samme tid ærgrer dele . del aftalens finansiering fjernes midler energieffektiviseringer erhvervsvirksomheder testvindmøller havet , påpeger interesseorganisationen pressemeddelelse . » forundrede , fjernes midler havvind energieffektiviseringer finansiering aftalen al stund , netop energieffektivisering havvind fremhæves eksplicit oprindelige aftale grønne fond 2022 vigtige indsatsområder . minder fodre hunden egen hale , « siger Ulrich Bang , underdirektør klima , energi miljø Dansk Erhverv .",
,2024-05-07 00:00:00,Minister advarer: Belgisk valg truer energiø til over 200 milliarder kroner,Ingeniøren,Link,"snarlige belgiske valg gør svært realisere Energiø Nordsøen . fremgår notat , klimaminister Lars Aagaard sendt Folketingets finansudvalg . fire år danske regering forsøgt overtale belgiske regering poste penge etableringen Energiø Nordsøen , producere , lagre distribuere grøn elektricitet havvind bl.a . netop Belgien . forhandlingerne gået stå , fordi pressede leverandørkæder , stigende renter inflation fordyret projektet langt kanten , belgierne . bekymrer klimaminister Lars Aagaard ( M ) , notat ( downloades computer ) advarer Folketingets Finansudvalg , aftale får endnu længere udsigter , fordi forhandlingerne ramler belgiske parlamentsvalg , afholdes 9. juni . alene sætte forhandlingerne pause . gøre svært genoptage , nuværende energiminister Tinne Van Straeten står tabe valget . længe holdt projektet gang belgisk side , tyder , kommer tabe valget mindre grøn kandidat , sværere ved få øje idéen projektet . notatet advarer klimaministeren , valget kan gøre svært indgå aftale . understreger , øen kun kan realiseret , lykkes Danmark indgå nye aftaler Belgien andre partnerlande . Belgien tilsyneladende eneste land , Danmark aktuelt ligger egentlige forhandlinger . Ifølge notatet kører regeringen parallelle spor andre lande , nemlig Tyskland , Holland , Norge Storbritannien . omtalt reelle forhandlinger , kun dialoger . mail Ingeniøren skriver Energinets direktør energiøer Hanne Storm Detlefsen , processen trækker , fordi ministeren aktuelt sammen belgiske minister forsøger få andre medlemslande betale del større regning . skyggen business case Jan Bentzen , lektor økonomi Aarhus Universitet , finder usandsynligt , Belgien sige ja finansiere Triton Link Energiø Nordsøen . selvom projektet allerede ligget flere år tegnebrættet , endnu set skyggen ordentlig business case . Så længe vished projektøkonomien Energi Nordsøen tilhørende kabel , Triton Link , får belgiske regering ro maven , siger . eneste , set lagt frem offentligheden , » kort oversigt , blot angav samfundsøkonomisk tab stort antal milliarder kroner « . august udskød ministeriet så udbuddet selve anlægget Energiø Nordsøen , fordi Energistyrelsen skønnede , medføre underskud 50 mia . kroner bygge øen 210 milliarder kroner . fik ministeriet konstatere , projektet langt rentabelt , således lever grundlæggende krav , politiske aftale stiller projektet . Underskudet fordoblet selvom danske regering år forsøgt minimere tab ved droppe oprindelige koncept inddæmmet ø fordel billigere løsning stålplatforme , så stigende materialepriser længst slugt sparede beløb . fortæller kilder tæt regeringen , eksempel prisstigningerne nævner , Triton Link ved indledningen forhandlingerne 'kun ' kostede 3,5 milliarder kroner mere , Belgien kan gå - alene gab mere fordoblet . Jan Bentzen kan godt forstå belgiske energiminister , Tinne Van Straeten , via talsmand siger Børsen , kan love danske regering . Bentzen synes , giver god mening , betinger aftale , EU støtter projektet . Desuden fysiske afstand mellem to lande ifølge Jan Bentzen så stor , Belgien » tillokkende alternativer , kræver så lang transmissionsledning knap 1000 km « . Seniorøkonom Frederik Læssøe Nielsen Kraka Economics håber , efterhånden står klart , Energiø Nordsøen . falder tråd , rådgivnings- analysefirmaet flere gange meldt seneste tre år . » før plasteret revet , des bedre . spilder hinandens tid , penge politiske kapacitet ved foregøgle hinanden , kører . embedsmandsressourcer brugt langt bedre andre steder , « siger .",
,2024-05-07 00:00:00,Energiøer på randen af fallit: Afhængig af umulig EU-støtte,Ingeniøren,Link,"Regeringens embedsmænd overvejer skæbnen to energiø-projekter henholdsvis Nordsøen Bornholm . sker fordi omkostningerne ved etablere øerne vokset uoverskueligt store hverken nabolande EU råd støtte . Ambitiøse planer svære give slip – især brugt oceaner tid penge realisere . kan desto mindre , nødt gøre , , kun lige akkurat inden rækkevidde , pludselig dyrt . netop suppedas , regeringen dens aftalepartier står , fire år forgæves forsøgt få række nabolande spæde finansieringen Danmarks hidtil største energiprojekter . Projekterne hedder Energiø Bornholm Energiø Nordsøen . ligger tegnebrættet to opsamlingssteder foreløbig 3 GW 4 GW elektricitet havvind , cirka årti fordeles rundt trængende lande EU via søkabler . ingen nabolande tilsyneladende lyst spæde , Danmark råd betale hele gildet , ser sort projekterne . gælder især Energiø Nordsøen , kilder tæt regeringen fortæller , embedsmænd både Finansministeriet Klima- , Energi- Forsyningsministeriet så bekymrede økonomien , fremlægge opdaterede røde tal bundlinjen politikerne . ske såkaldt ‘ stop go-beslutning ’ , politikerne afgøre , projektet endnu chance , tide lade dø . Heller projektøkonomien Energiø Bornholm indtil videre lykkedes politikerne få hænge sammen : danske stat vælger se stort krav rentabilitet ved støtte projektet 17,6 milliarder kroner svarende prisen kablet mellem Bornholm Sjælland . Tyskerne indvilliget spæde ved betale tre milliarder kroner anlægge kablet Bornholm Tyskland plus yderligere tre milliarder kroner elteknisk udstyr . desto mindre så mangler fortsat 14 milliarder kroner realisere øen . tyskerne næppe villige øge bidrag , allerede betalt mere , kan forvente forhold , får . økonomien holder , staten alligevel sendt eltekniske infrastruktur udbud . Gad vide , staten ydermere betale klækkelig bod byderne , regeringen opgiver projektet . Forslår skrædder helvede højere omkostninger mindre politisk vilje andre lande synes lektor økonomi Jan Bentzen Aarhus Universitet , ser svært planerne realisere energiøerne - mindre » nyt EU budget prioriterer langt flere midler energiinfrastruktur. « Ingeniøren spurgt Klima- , Energi- Forsyningsministeriet , hvordan tænkt finansiere projekterne . Ministeriet oplyser via mail , gang undersøge mulighederne EU-støttemidler bedre rammevilkår sprede omkostningerne flere lande . Ministeriet anser begge energiøer » projekter gavn Europas grønne omstilling « , » derfor kan kandidere flere EU-støttepuljer , regeringen aktivt afsøger mulighederne omkring. « virker imidlertid optimistisk grænsende naive tro , kan få EU dække øernes tocifrede milliardunderskud . beløb , unionen normalt giver slags energiprojekter , småpenge . del EU ’ s budget , øremærket , tilpasset verden , så , inden trængte forsyningskæder inflation pressede priserne gevaldigt vejret . verden lave omkostninger renter . verden findes længere . største beløb , EU nogensinde givet energiprojekter , tildelt havmølleparken Kriegers Flak mellem Bornholm Sjælland , opdelt dansk tysk del . fik to lande par milliarder kroner støtte etablere kabel knytte delene sammen . Kablet giver landene mulighed sende el hinanden , mangle . To milliarder kroner ifølge Jan Bentzen uhørt højt støttebeløb EU . to milliarder kroner forslår skrædder helvede forhold dække Energiø Nordsøens forventede projektunderskud stykke 50 milliarder kroner . efterlader fortsat stort milliardunderskud , alene bruges finansiere kablet Triton Link , planen trækkes omkring 1000 km Danmark Belgien komme koste mindst 15 milliarder kroner . » EU kan bare give mere støtte , batte , faktor 10-20 , penge findes slet , « siger Jan Bentzen . Håbet lysegrønt Selvom støtte EU ser redde to energiøer dag , så faktisk flyttet , dengang daværende danske klima- energiminister Dan Jørgensen ( S ) 2020 prikkede belgiske energiminister Tinne Van Straeten skulderen få indgå aftale betale del regningen . dengang lå Energiø Nordsøen lige vippen rentabilitet . manglede blot 3,5 milliarder kroner overbevise belgierne , god idé . Så behersket underskud danske regulator , Forsyningstilsynet , uden tvivl accepteret , myndighed offentlige kasser ryggen dermed kan tillade se stort mindre knaster økonomien evige kamp opnå dansk forsyningssikkerhed . sagen helt Belgien , regulator CReG uafhængig offentlig instans dannet ved lov . CReG blandt andet godkende omkostningerne , TSO'en Elia overvæltes forbrugerne via tariffer , hvorfor vågent øje omkostningerne . forhandlingerne mellem Belgien Danmark sætter CReG derfor hele tiden foden . lykkedes kun belgiske minister give forhandlingerne kunstigt åndedræt ved holde CReG hen løfter , EU nok støtte . håb svandt , takt Ukraine-krigen pressede forsyningskæder banket materialepriserne vejret . mere fordoblet beløb , mangler gøre CReG tilfreds . Så belgiske minister tidligere talte varmt muligt dansk-belgisk energisamarbejde , travlt slå fast , » forbindelsen kun , får EU-støtte kan betale belgiske forbrugere « . Selvom forhandlingerne udfordret kommende belgiske parlamentsvalg juni , så får lige foreløbig danske regering droppe Belgien mulig partner . så andre gå , Danmark tidligere forgæves forsøgt Tyskland , Holland Norge , inden Belgien kom spil . førte rigtigt . Alligevel forsøger regeringen endnu engang Tyskland håb redde projektet . sidste krampetrækninger fortsat forhandlinger gang , så taler , begge projekter ender droppet . trods EU-Kommissionen Wind Europe vurderer , EU får brug 2000-2500 GW vedvarende energi , hvoraf 400 GW havvind , 100 GW leveres energiø-agtige projekter . Set lys energiøerne helt centrale , EU klimaneutralitet omkostningseffektiv måde , pointerer Nicolai Bech Kofoed , tænketanken Concitos konstituerede programchef EU . Selvom økonomien ser svær energiøerne , så formentlig nå mål , enige hinanden samarbejde . Problemet , oppe skala , økonomisk gør ondt enkelte land involvere . Så derfor ingen , rigtigt tør sige ja.Også danske regering får svært ved finde argumenterne , vurderer Peter Kjær Kruse-Andersen , adjunkt økonomi ved Københavns Universitet . » Set samfundsøkonomisk synsvinkel synes mærkeligt , vælger bygge energiø ved Bornholm , kræver massiv statsstøtte , andre steder landet kan bygge offshore-projekter uden statsstøtte . Så virker egentlig bare spild skatteborgernes penge . ser makroøkonomisk synsvinkel svært rationalisere , « siger Peter Kjær Kruse-Andersen .",
,2024-05-14 00:00:00,Grimme og forhadte: Danskere kan se frem til mange flere elmaster og luftledninger,Ingeniøren,Link,"Selvom milliarder skattekroner brugt grave kabler , tvinger vindmøller , solceller hastigt voksende elforbrug Energinet bygge nye elmaster luftledninger .",
,2024-05-17 00:00:00,Nyhedsbrevet Big Green | Bliv klogere på megatendenser i den grønne omstilling,Ingeniøren,Link,"Ingeniøren udgiver nyhedsbrev Big Green , dækker store tektoniske bevægelser milliardprojekter grønne omstilling . Ingeniørens nye nyhedsbrev , Big Green kan følge tidens tektoniske bevægelser grønne omstilling . Ifølge tænketanken Cepos Green Power Denmark grønne omstilling , sikre opfyldelsen vores nationale klimamålsætning reducere udslip klimagasser 2030 70 procent , koste danske samfund 26-30 milliarder kroner årligt ti år . hele EU ifølge europæiske miljøagentur koste 520 milliarder euro året 2021-2030 gennemføre EUs Green Deal . Dertil kommer yderligere små 100 milliarder euro investeringer andre nettonul teknologier . Altså enorme investeringer . så mærkeligt store beløb , energipolitik udviklet industripolitik geopolitik . Kina satset voldsomt dominerer dag områder globale produktion klima- energiteknologi . Europæiske solceller udraderet Landet fremstiller omkring to tredjedele verdens solpaneler , næsten halvdelen ​​de globale vindmøller tre fjerdedele lithium-ion-batterier , nødvendige elektriske køretøjer energilagring nettet . eksempelvis betydet , europæiske solcelleindustri så godt udraderet , vindmøllebranchen EU hårdt pres . næste slag kommer stå bl.a . batterier power-to-x teknologier . Konkurrencen USA stor presbold . især fokus Inflation Reduction Act ( IRA ) , præsident Joe Biden gennemførte 2022 . Ordningen giver amerikanske virksomheder , udvikler implementerer løsninger grønne omstilling , skatterabatter , tilskud næsten ubegrænset adgang kapital . IRA kort tid givet amerikanske industri stort boost bagside – set EU – flere store europæiske virksomheder forlader Europa fordel USA . Eksempler franske AI-virksomhed Hugging Face , tyske kemikalievirksomhed Linde , irske byggematerialeproducent CRH britiske halvledervirksomhed Arm Holdings . Brint , atomkraft havvind Big Green nyhedsbrevet opdaterer både , hvordan konkurrencevilkår statsstøtte f.eks . Kina USA påvirker europæiske industri , hvordan grøn politik påvirker Danmark vores nærområde . Desuden casestories enkelte teknologier - f.eks . grøn brintproduktion , havvind atomkraft – herunder kan udvikles implementeres markedsvilkår kalder statsstøtte . Aktuelt står Europa valg medlemmer Europa-Parlamentet , høj grad kommer få betydning fremtidige klimapolitiske ambitionsniveau EU . Ingeniørens Big Green udkommer hver fredag . kan tilmelde nyhedsbrevet .",
,2024-05-23 00:00:00,Krisen i den grønne sektor: Ingeniører søgte mod nye brancher »hen over natten«,Ingeniøren,Link,"gik ellers lige så godt grønne sektor , kriser , myndighedsbehandlinger manglende investeringer kan få virksomhederne holde tilbage ansættelserne . kom overraskelse , energiselskabet Ørsted 7. februar år annoncerede , fyres 800 koncernen . Ørsted ellers stået spidsen grønne omstilling Danmark sidste 10-15 år periode bevæget danske vindmølleparker landets grænser investeret solcelle- vindmølleprojekter lande USA , Korea , Taiwan , Sverige , Storbritannien Tyskland . lød meldingen , nedskrivninger havvindprojekter USA presset økonomien så , skæres omkostningerne – altså stod fyringer . april måned så LM Wind Power Kolding , meldte , 179 danske medarbejdere se frem fyreseddel . Meldingen ejeren , amerikanske General Electric , klar : LM Wind Power ‘ transformeres ’ mindre , mere lean mere profitabel forretning . Opbremsning Selvom endnu generelle tal udviklingen , så tyder ovenstående , grønne sektor længere buldrer derudad . Emil Plaugmann , partner headhunter konsulenthuset Capax Recruitment , udtrykker , så grønne omstilling gået stå , gået full speed decideret opbremsning . » allerede efteråret mærke , vej . begyndte få henvendelser ansatte flere store virksomheder grønne sektor , spurgte mulighederne skifte job . Enten fordi aktivt søgte videre karrieren , fordi godt mærke , omstilling vej , måske krævede brancheskift . næsten , skete hen natten , « fortæller . Oplevelsen Capax , flere store virksomheder opdagede , fået ansat grønne del forretningen , behov tilpasse størrelsen afdelingerne . » Især tror , flere store rådgivnings- konsulentvirksomheder fået opbygget store afdelinger fokus grønne projekter , trimmes , « siger . Grøn sektor vokset Sådanne udmeldinger står skarp kontrast seneste års udvikling . Universiteterne uddannet ingeniører STEM-kandidater , virksomheder Ørsted , Vestas , Siemens lang række rådgiverne ansat . helt tråd politiske rammer , især udmøntet juridisk bindende klimalov 2020 , stadfæstede , Danmark reducere udledningen drivhusgasser 2030 70 procent forhold niveauet 1990 , klimaneutralt samfund senest 2050 . 2021 IDA fortælle baggrund beregning Arbejderbevægelsens Erhvervsråd IDAs Klimasvar 2045 , opfyldelse regeringens 70-procentsmålsætning skabe 415.000 job fordelt 10 år svarende 41.500 job året . Rusland invaderede Ukraine februar 2022 , , hele fik endnu nøk opad . bare væk fossile brændsler næste 10 år , gå virkelig hurtigt få lagt fjernvarmerør fortovene landets villakvarterer få koblet solcelleparker nettet . 45.000 ekstra ansatte nødvendigt foråret 2022 kom så Esbjergerklæringen , statsledere Danmark , Tyskland , Nederlandene Belgien underskrev aftale , udbygningen havvind tidobles frem 2050 . Green Power Denmark regnet job grønne sektor , tal rapporten ‘ Mere arbejdskraft grønne omstilling ‘ november 2023 viser , perioden 2023-2030 brug gennemsnit 45.000 ekstra ansatte året realisere grønne omstilling . siden branchen ramt høje renter , problemer forsyningskæder , udskudte projekter havvindmølleparker , energiøer solceller , kan koblet nettet . Samtidig kæmper Europa generelt Kina øst , direkte statsstyring støtte gør livet surt blandt andet solcelleproducenter , vest , amerikanerne Bidenadministrationen hælder enorme summer tilskud grønne omstilling . Optimismen falmet dag kan cheføkonom Arbejderbevægelsens Erhvervsråd ( AE ) , Sofie Holme Andersen , tal Danmarks Statistik generel fornemmelse stemningen branchen godt mærke , optimismen korte bane falmet . » Mens beskæftigelsen generelt vokset markant senere år , så gået nær så hurtigt grønne sektor , « siger . beregningerne IDA gennemført , vigtige konklusioner , nye job helst fordeles jævnt kommende år . højere grad udsigt stop-and-go , kan ifølge AE gå hen alvorligt problem både produktivitet fastholdelse kompetencer . » ansatte grønne sektor , føler usikre fremtiden vælger søge andre brancher , så tager simpelthen tid få tilbage igen . lidt , kørt cykel år ; kan måske godt , tager tid få rutinen tilbage , « siger . Foreningen Rådgivende Ingeniører ( FRI ) erkendelse , energiøer forsinkede , vindmølleparker skydes hjørne , påvirker , hvilke områder nyansættes inden . » ser entydigt stærk vækst , inden grønne kompetencer . ser udfordringer politiske stop-and-go-beslutninger . skaber usikkerhed dermed , virksomhederne prioriterer andre markeder andre forretningsområder højere . blandt andet derfor , FRI efterlyser samlet , national strategi energiområdet , « siger administrerende direktør Henrik Garver henviser FRI 's seneste State of the Nation-rapport . Capax Recruitment ser Emil Plaugmann områder , faktisk går ret godt . » ser stillinger rettet eksempel udbygningen elnettet grønt byggeri medicinalindustrien , så stadig stor efterspørgsel. «",
,2024-06-20 00:00:00,Synspunkt: Giv mig bare ét godt argument for at opføre Energiø Bornholm,"Ingeniøren, Frederik Læssøe Nielsen
Seniorøkonom, Kraka Advisory",Link,"må efterhånden åbenbart enhver interesseret , økonomien energiøprojektet ved Bornholm særdeles udfordret : 31,5 mia . kr . lyder regningen staten , spørger embedsmændene Energistyrelsen , 'kun ' 17,6 mia . kr. , spørger forligspartierne . politikerne nemlig lagt loft , dyrt projektet må danskerne . Senest Lars Aagaard åbnet døren klem finde flere penge , loftet overskredet . 31,5 mia . kr . ifølge regeringens egne embedsmænd Energistyrelsen pris , energiøen danskerne , gøre håb tiltrække private investorer . Beslutter forligspartierne finde flere penge tilfælde , Energistyrelsen får ret , desværre første gang , politikerne set stort allerede indgåede aftaler løfter danskerne prisen Energiø Bornholm . projektet først vedtaget , nemlig forudsætning , kun etableres , rentabelt . henvisning netop dårlige økonomi , Dansk Folkeparti senest udtrådt forliget . fortalere , energiøens spæde ungdom – rentabilitetsanalyser endnu punkteret projektets økonomi – udråbte dansk flagskibsprojekt store økonomiske perspektiver både statskasse eksportvirksomheder , dag fuldstændig forladt fortælling klynger nye argumenter , mens kan frygte , nogen grænse , dårlig økonomi acceptere . Problemet , heller nye argumenter specielt gode . Vindmøller ved Bornholm bidrager kun begrænset dansk forsyningssikkerhed mest hyppigt brugte argument energiøen , bidrager dansk europæisk forsyningssikkerhed . ja , gør begrænset omfang , mest molbo-agtige måde : forbedrede forsyningssikkerhed stammer nemlig , projektet forbinder Østdanmark Tyskland transmissionskabel , muliggør import eksport strøm situationer hhv . mangel overskud strøm . hovedformålet energiøprojektet sikre større integration danske tyske elmarked , burde ske billigst mulige måde . kan ganske enkelt samfundsøkonomisk bedste måde forbinde Sjælland Tyskland , gøre kabel Sjælland , tværs Østersøen Bornholm videre Tyskland . Bidraget selve vindmøllerne ved Bornholm kun ganske begrænset , Energistyrelsen gjort politikerne opmærksomme . skyldes , forvejen udbygges havvind Østersøen , producere strøm samme tidsprofil møllerne energiøprojektet , derfor bidrager ekstra vindmøller synderligt situationer , strømproduktionen lav . masse gode grunde øge elmarkedsintegrationen mellem Nord- Sydeuropa , selvfølgelig gøres ordentligt bare fungere undskyldning fortsætte økonomisk katastrofalt projekt , del projektet , faktisk kan retfærdiggøres , fås billigere . Bornholm oplagt PtX-produktion andet argument Energiø Bornholm , energiproduktionen bruges produktion brint andre PtX-produkter . argument fremføres ofte politikere andre aktører , samtidig argumenterer , Bornholm fremtiden bruges tankstation forbisejlende skibe Østersøen . Problemet imidlertid , Bornholm næppe oplagte sted PtX-produktion – hverken uden rollen Østersøens tankstation . rapport DTU , sammenligner produktionsomkostninger Bornholm omkostningerne Vesteuropa , USA Kina , viser nemlig , dyrest producere brint videreforædle ammoniak , gør Bornholm . betyder , PtX-produktion Bornholm næppe konkurrencedygtigt målt produktionsomkostninger dermed pris . lægger grund , Bornholm Østersøens tankstation , giver mening producere grønne brændstoffer Bornholm . skyldes , billigt transportere flydende brændstoffer skib , derfor fremtidens grønne brændstoffer høj sandsynlighed produceret , billigst producere brint . formentlig solrige lande Spanien masser plads solceller , producerer billigste strøm . altså stadig gode høre bare eneste godt argument etablere milliarddyre Energiø Bornholm . Sidder argument , kan teste kommentarfeltet klumme .",
,2024-06-21 00:00:00,"Synspunkt: De færreste tør satse på grøn brint, når ingen går forrest","Ingeniøren, Anne Lyck Smitshuysen
Specialist i brændselsceller og partner, Dynelectro ApS",Link,"års Folkemøde - målt antal solgte færge- flybilletter - hidtil største , lokkes tænke , må betyde , CO2-aftrykket Folkemødet højere år nogensinde før . Tvivlen , hvorvidt menneskeheden effekt globale opvarmning , fleste ved lagt hylden , energisektoren strækker armene grønne alternativer fossile brændsler , især Power-to-X høster del opmærksomhed . Elektrolyse-teknologien , bruger strøm spalte vand brint ilt , begyndt blomstre rundt omkring Danmark mindre pilotanlæg sigt stor-skala anlæg , omdanne overskydende vedvarende energi grøn brint . grønne brint nøglekomponent grønne omstilling , tung , ikke-elektrificerbar industri kan benytte brint syntetisk fremstillede brændstoffer reducere CO2 aftryk . Eksempler herpå Mærsks nye containerskibe dual-motorer , muliggør brugen metanol brændstof , derved kan reducere udledningen drivhusgasser 65-95 procent . tyske ses projekter stål værftet Thyssenkrupp , stiller udsigt basere stålproduktion grøn brint , derfor estimerer årligt brint behov 2029 143.000 tons , derved reducere CO2 udledning 3.5 millioner tons året . Inden kan brintbrødre Håbet , dansk vedvarende energi hjælpe tunge industri mål , før dertil , problematikker , adresseres . Første punkt etableringen nok vedvarende energiteknologier , gør , kan dække eget el-forbrug stadig nok overskydende grøn strøm producere grøn brint kun eget forbrug , foreliggende planer tunge tyske industri , dag brintforbrug 55 TWh , hvilket overskrider planlagte danske grønne produktion . selve produktionen brint usikkerhederne tage føle . dag grøn brint cirka faktor 3 dyrere konventionelt produceret brint , selvom efterhånden brandingværdi kalde CO2-reduceret , så markant prisstigning svaret sigt , forbrugerne sidste ende betale markant mere samme ydelse . Innovative løsninger vej , bl.a . ved Dynelectro , patenteret teknologi kan muliggøre dynamisk styring , forlænge levetiden elektrolyse reducere prisen grøn brint cirka 30 procent . selvom , ifølge Energinet planlagt ca . 9 GW dansk elektrolyse 2030 , store dele værdikæden nødt komme plads , før brint-eventyret alvor kan begynde . nok planer elektrolyseanlæg storskala , realitet , hvem aftagerne , hvem står transporten opbevaringen , grønne brint egentlig produceres – ude ved grønne energikilder , energiø helt tredje sted , hvem tør tage første skridt beslutte strategi holde fast ved ? Brancherne venteposition Meningerne , staten stiller tøvende , kommer gå forrest . Energiøen , hypede samtaleemne inden grøn energi tilbage 2020 , sat pause , idet udmeldingen Klima- , Energi Forsyningsministeriet sommeren 2023 , ‘ beslutningen igangsætte udbuddet udskydes ’ . Sidste skud stammen såkaldte Jyske Backbone , transportere overskydende grøn brint Nordjylland Tyskland , kan gavne omstillingen tunge tyske industri . Brintrøret , Energinet kalder modningsprojekt , regeringen nedsat fem betingelser , opfyldes , før staten overhovedet finansiere projektet . krav , aftagerne grønne brint nuværende tidspunkt kontraktmæssigt forpligte både økonomisk juridisk aftage 1,4 GW brintkapacitet året 10-15 år , rørets samlede brintkapacitet 3 GW . signalværdien budskab ændrede strategier undervejs sige , svært resten værdikæden vide , lave satsninger . enighed , gang grønne energiteknologier tilhørende infrastruktur , kun kan gå langsomt . Spørgsmålet , hvordan kommer gang , brancherne venter hinanden , ingen tør gå forrest .",
,2024-06-26 00:00:00,Datacentre under vandet blev spået en stor fremtid: Nu kasserer Microsoft idéen,Ingeniøren,Link,"Fremtiden sænke datacentre havet spare køling ser tvivlsom , Microsoft stilhed opgivet undersøiske datacentre . Stabile temperaturer , ingen ilt oxiderer ingen fummelfingrede teknikere . Microsoft to år hævede undersøisk datacenter , ligget bunden havet Skotlands kyst , resultaterne lovende . tygget resultaterne par år , kaster Microsoft håndklædet ringen opgiver fremtid undersøiske datacentre . skriver mediet Datacenter Dynamics . » bygger undersøiske datacentre sted verden . lærte masse arbejde havets overflade vibrationer påvirkning serveren . bruger erfaringer andre områder , « siger Noelle Walsh , leder virksomhedens Cloud Operations + Innovation ( CO+I ) -afdeling , DatacenterDynamics . Projekt Natick startet tilbage 2013 . 855 servere kapslet inde cylinderformet container , fyldt kvælstof , før sænket havet . sammenligne undersøiske servere , satte Microsoft 135 tilsvarende servere standard datacenter land lod to datacentre udføre samme opgaver Microsofts Azure-cloud . Færre servere gik stykker vand Kun seks 855 undersøiske servere gik stykker sammenlignet otte 135 landjorden , Microsoft peger stabile udetemperaturer faktor succesen . Microsoft første omgang to forklaringer , hvorfor datacenteret vand klaret så godt . første containeren tømt ilt stedet blevet fyldt kvælstof , belaster metalkomponenter korrosion . Faktisk fungerer computerhardware særlig godt almindelige kontormiljøer , luften oxiderer elektronikken , ligesom udsving temperatur fugtighed årstiden tærer elektronikken . andet tror Microsoft , manglende teknikerbesøg – ingen tilset datacenteret to år – positiv betydning antallet fejl serverne . Ingen stødt serverrackene havets bund , ligesom blevet til- frakoblet kabler undervejs . Microsoft konkluderede dengang , » undervandsdatacentre `` pålidelige , praktiske energivenlige. « Dyrt grave havets bund løsningen alligevel blevet succes , skyldes formentlig , omkostningerne ved installere drifte datacenter vandet høje . Datacenteret kobles eksisterende landbaseret infrastruktur form elnet fiberinfrastruktur . trække kabler havets bund billigt , reparationer omkostningstunge . Microsofts vage udmeldinger vibrationer påvirkning serveren tyder , serverne haft svært ved håndtere vibrationer bevægelser . udfordring sikkerhed . Nord Stream-sabotagen Østersøen samt række overrevne kabler norske finske kyst vist , undersøisk infrastruktur sårbar hybridkrig . gruppe amerikanske japanske sikkerhedsforskere viste tidligere år , hvoer let udføre såkaldt akustisk angreb servere sænket vand . » største fordele ved datacenter vandet frie køling isoleringen omskiftelige miljøer land . to fordele kan problemer , fordi vandets densitet bærer akustiske signaler hurtigere luften , isolerede datacenter vanskeligt overvåge servicere , komponenter går stykker , siger Jahidul Islam , professor elektro- computerteknik ved University of Florida . Energiøer skrinlagt forbindelse projektering energiø Nordsøen foreslog Globalconnect , etableret datacenter forbindelse energiøen , både adgang elnet fibernetværk . projekt lagt graven . Sidste år besluttede regeringen sætte udbuddet energiøen Nordsøen pause , samme planerne undersøisk datacenter nabo . Selvom næppe kommer hente data dybt nede havets overflade , kommer projektet muligvis ændre opsætningen datacenter . Ideen fjerne teknikere automatisere driften datacentre lever videre Microsoft . » ser mere robotteknologi perspektiv , nye servere tunge . Hvordan kan automatisere stedet folk skubbe tingene rundt , siger Noelle Walsh Microsoft DatacenterDynamics . Udover Microsoft arbejder to andre virksomheder , amerikansk kinesisk , udbrede ideen datacentre vand . Kinesiske Beijing Highlander sænkede sidste år 1,3 tons tungt datacenter 35 meters dybde , mens amerikanske Subsea Cloud arbejder mindre udgave undersøisk datacenter , kan sænkes flere kilometer havets bund . Begge selskaber stadig testfasen . Subsea Cloud ved etablere testsites Storbritannien Norge , mens indtil videre kun sænket kinesisk datacenter havet .",
,2024-06-28 00:00:00,Leder: Den grønne trepartsaftale er ikke så historisk endda: Hvor blev det grønne udstillingsvindue af?,Ingeniøren,Link,"Så fik aftale CO2-afgift landbrug led såkaldt ‘ grøn trepart ’ . Skatteministeren kaldte » verdenshistorie « , formanden Landbrug & Fødevarer mente , andre lande verden kan lære . Danmark reelt foregangsland , går virkelig forrest viser , kan muligt både økonomisk vækst faldende CO2-emission andre grønne fremskridt ? Ingeniørens artikler eksempel CO2-besparende løsninger offentlige tilskud grøn teknologi finder vej sociale medier , dukker kommentar altid form : ‘ Danmark så lille land , betyder skid store billede , så hvorfor bruge penge ( skatter ) reducere CO2-emissionen ? ’ Spørgsmålet relevant , svaret handler blandt andet etiske moralske ansvar , borgere nation , uomtvisteligt største klimaaftryk kloden målt pr . indbygger – både gælder indenlandske forbrug al CO2-udledning , behændigt medregner , køber elbiler flyver Thailand . Regeringens egen rapport GA24 viser , halvdelen danskernes klimaaftryk 2022 11 ton pr . indbygger fandt sted udlandet . korrekt , globale billede betyder , vores lokale indsats endnu mindre . klimaloven 2019 står faktisk , Danmark moralsk ansvar foregangsland internationale klimaindsats , så kan inspirere påvirke resten verden . Løfterne gentaget efteråret 2023 , regeringen udgav rapporten Klimaprogram 2023 : » rigt velfungerende land Danmark gå forrest grønt foregangsland « . indbefattede blandt andet industri , udvikle eksportere løsninger , hele verden kan få gavn . måneder rammer kritikken regeringen grund kreative regnestykker , snuptag fjerner millioner ton CO2 , så målet 70 procent reduktion 2030 inden rækkevidde . organisationer Dansk Industri Dansk Erhverv fælles pressemeddelelse energieffektivitet erklæret : » Regeringens skrivebordsøvelser grønt foregangsland værdigt. « stopper dér : tidligere førsteplads ‘ Environmental Performance Index ’ , amerikanske universitet Yale årligt udgiver , blevet vekslet tiendeplads lande Storbritannien , Sverige Norge . direktør livskvalitet EU-Kommissionens miljødirektorat Veronica Manfredi maj København , udtrykte skuffelse udledningerne spildevand vores forvejen overbelastede havmiljø . Kritikken sætter regeringen udmeldingen Danmark teknologisk udstillingsvindue grøn teknologi svær position . eksporten positive , globale påvirkning begrænset få områder . fremgår GA24 , kan læse , næsten 60 procent eksporten energiteknologi består vindmøller , gælder CO2-besparende effekter miljøteknologier , så tegner vandsektoren 67 procent eksporten . Samtidig står danske energiindustri massive udfordringer områder , demonstrationsprojekter videre eksport . Nye vindmøller land tørret , PtX-anlæg udsættes , energiøen Nordsøen sandsynligvis lagt graven . lyspunkter : mere årti Energistyrelsen samarbejde lang række lande , blandt andet USA , Kina , Indien Sydafrika , formål dele danske erfaringer , knowhow , tekniske løsninger lovgivningsmæssige rammer , landene kan opretholde økonomisk vækst høj elforsyningssikkerhed . helt ny analyse vietnamesiske elsystem fremhæver regeringen , Danmark kan bidrage erfaringer viden hjælpe Vietnam indfri landets mål klimaneutralitet 2050 . generelt ligger erfaringen lære andre lande grønne efterhånden langt tilbage – dengang afkoblede CO2-udledning økonomisk vækst 90 ’ erne 00 ’ erne – retter grønne trepartsaftale : Tænketanken Concito mener eksempel , CO2-afgiften » skuffende lav « slet fremme investeringer ny teknologi tilstrækkeligt . konservative politiker Anders Storgaard mener ligefrem , » Landbruget griner hele vejen gylletanken « . Måske aftalen så verdenshistorisk endda – hvert fald set grønne briller . brug langt flere langt stærkere projekter made in Denmark frem luftige planer skrivebordsøvelser , igen grønne udstillingsvindue hele verden , lovet hinanden .",
,2024-08-23 00:00:00,Kraka: Umuligt at få tyskerne til at dække milliardunderskud på energiø,Ingeniøren,Link,"Energiministeren sparker kun dåsen lidt længere hen vejen ved droppe forhandlinger Belgien medfinansiering stedet satse Tyskland , lyder kritikken . Energiø Nordsøen oprindelig stå færdig 2030 . Så deadline skubbet 2033 , siger energiminister Lars Aagaard ( M ) , øen nok tidligst kan tages brug 2036 . Forsinkelsen skyldes , lykkedes regeringen lande aftale belgierne betale del svimlende høje beløb 210 milliarder kroner , koster etablere øen . Belgiernes interesse faldet så , ministeren set nødsaget finde ny potentiel samarbejdspartner . Så Danmark Tyskland indledt forhandlinger , ifølge ministeriet strække kommende år . siger klima- , energi- forsyningsminister Lars Aagaard interview Børsen . udmelding spil galleriet , lyder Frederik Læssøe Nielsen , seniorøkonom Kraka Economics . vurdering , lige så umuligt få tyskerne dække del forventede milliardunderskud , få belgierne . vender tilbage . Ingeniøren skrev foråret , gik forhandlingerne belgierne stå , fordi pressede leverandørkæder , stigende renter inflation fordyret projektet langt kanten , belgierne . Dengang fandt Jan Bentzen , lektor økonomi Aarhus Universitet , usandsynligt , Belgien sige ja finansiere Energiø Nordsøen . selvom projektet allerede ligget flere år tegnebrættet , endnu set skyggen ordentlig business case . Energistyrelsen skønnede , medføre underskud 50 mia . kroner bygge øen . EU-finansiering store joker Så længe ser rent strukturelt tingene , så usandsynligt , Tyskland interesseret indgå aftale , lyder vurderingen Nicolai Bech Kofoed , senioranalytiker ved tænketanken Concitos EU-program energipolitik . bemærker , Tyskland større energiforbrug areal producere . Så måde ret ræson , Danmark bruger vind hjælpe Tyskland gennemføre grønne omstilling væk olie gas . » så politisk vilje finde finansieringen , mere tvivlsomt . store joker , støtte energiøen kan få EU , « siger Nicolai Bech Kofoed tilføjer , spørgsmål tidligst kan besvaret næste år , forhandles nyt EU-budget , ventes endeligt vedtaget 2026 . Forhandlingerne Tyskland starter helt bunden . notat , ministeriet sendte Folketingets Finansudvalg 1. marts – ligeledes omtalt Ingeniøren foråret – fremgår , regeringen tidligere haft dialoger gang bl.a . Tyskland . altså kun dialoger , egentlige forhandlinger . formalisere løse drøftelser Nicolai Bech Kofoed ved , langt parterne kommet forhandlingerne . næppe kommet længere forsøge formalisere løse drøftelser , parterne hidtil haft , hvordan energiøens elektricitet konkret kan accelerere grønne omstilling Tyskland kanaliseret power-to-x . Danmark skønner , mere sandsynligt lande aftale Tyskland , hvorfor gør så bare – hvorfor tage så lang tid ? » tror , handler usikkerhed , hvorvidt kan få EU-midler . handler få dækket gabet rentabilitet , så skatteborgerne betale unødigt , « siger Nicolai Bech Kofoed . usikkerhed medvirkende , forhandlingerne strandede Belgien lyder Frederik Læssøe Nielsen , seniorøkonom Kraka Economics . Set stol kommer Danmark næppe vinde ved skifte forhandlingspartner . mere spil galleriet , lyder vurderingen . svært ved se , Tyskland få dække stort hul business casen endnu fiktiv energiø , bevist , kan tjene stort udstikke arealer radiale vindmølleparker langs landets egne kyster . forbindelse tysk havvindsudbud sammenlagt 7 GW TotalEnergies budt tyske stat hele 15,4 mia . kr . retten opstille 1 GW havvind lige vest Energiø Bornholm . » kan spekulere , politikerne bare prøver købe tid , politisk kapital lægge projekt endegyldigt graven , « siger Frederik Læssøe Nielsen . tror , to lande kommer enige aftale , giver minus bundlinjen danskerne . ved underskudsforretning , siger . » Så spørgsmålet , hvorfor lægger projektet graven stedet lave tiltag , samme effekt sparke tom dåse lidt vejen , « siger . Udbud trods milliardunderskud Frederik Læssøe Nielsen kolleger lige udgivet rapport , viser , situationen bedre Energiø Bornholm , planen opsamle el havvindparker nær solskinsøen omkring 2033 . vurderer Energistyrelsen , projektet kræver 31,5 mia . kroner statsstøtte , hvoraf politikerne kun dække 17,6 mia . kroner . dække 14 mia . kroner , styrelsen forventer , kræve statsstøtte anlægge vindmøllerne . » rapporten kritiserer skarpt hidtidige proces , ser i. gælder mindst , embedsværket allerede sat udbud projektet gang Energiø Bornholm , trods egne embedsmænd tror , projektet kan realiseres afsatte midler , « siger Frederik Læssøe Nielsen . Problemet model , politikerne først får klart billede , projektet realiserbart , sidste deludbud afsluttet . først , finder , projektet overskrider afsatte statsstøtteloft . » tvinger politikerne løbende indgå kontrakter private virksomheder udføre opgaverne , selvom endnu usikkert , kommer ske . kontrakter naturligvis gratis rive igen , « siger . » Så vores kritik fremadrettede proces virkeligheden , politikerne sat fejle stor sandsynlighed , sluppet tøjlerne lader udspille katastrofe slowmotion. «",
,2024-08-23 00:00:00,Havne udvides uden fakta om miljøpåvirkning: »Det er meget ærgerligt«,Ingeniøren,Link,"danske havne større større , havneudvidelsers reelle miljøpåvirkning står uvisse . Løsningen findes allerede , påpeger forsker . Hele vejen rundt langs danske kyster danske havne rivende udvikling . PtX-eventyr , CO2-fangst importforøgelse kræver større havne . bygges havne Danmark , så ofte mangelfuld belysning konsekvenserne . Manglende belysning miljøskader følge klapning påvirkning muslingeopdræt punkter miljøvurderingen havneudvidelsen Aarhus , fik projektet støde grund , Planklagenævnet maj satte tyk streg nødvendigheden grundigere miljøvurdering , nævnet forkastede Aarhus Kommunes lokalplan dermed bremsede store udvidelse Aarhus Havn . Kommunen endte nemlig egen banemand , netop utilstrækkelig miljøvurdering , sidste ende fik Planklagenævnet trække stikket projektet . Projektet efterfølgende droppet . sammenkrøllede arkitekttegninger lokalplanen papirkurven rådhuset Aarhus står alene vidnesbyrd omfattende miljøpåvirkninger ved havneudvidelse . Ifølge række forskere , EcoTech talt , fejlbarlige miljøvurdering Aarhus Havn kun én rækken skødesløse miljøvurderinger havneprojekter . nemlig kun Smilets By , drømt få ny , større havnefront . Tag bare udvidelsen havnen nordsjællandske kystby Hornbæk , tidligere blevet beskrevet EcoTech . konsekvenserne lokale dyreliv tydelige . selvom miljøvurderingen siger , anlægsarbejdet øgede bådtrafik samt støjen herfra , kommer få nogen betydning Bilag IV-beskyttede marsvin , så fortæller kritikerne historie . bakkes forskere , mener , kommer få stor negativ betydning lokale bestand marsvin . forvejen slås livet overfladen danske farvande iltsvind , fødemangel ende bifangst fiskeriet . måde havneudvidelser endnu voldsom presfaktor . liste kan tilføje Odense Havn , naturhensyn ligesom to andre eksempler kan sten skoen . Kerteminde Kommune tæt Odense netop genoptaget planlægningsprocessen , trods ubesvarede miljøspørgsmål . Udvider listen aktive havneudvidelsesprojekter hele taget , pludselig lang . Dansk Industri vurderede 2017 , Danmark perioden mellem 2015 2020 få cirka fem millioner m2 nyt havneareal . store power-to-x eventyr Nordsøen forankres Esbjerg , rustes . Helt oppe nordpå samme kyst Hirtshals Havn udvides markant udfylde rollen hotspot udskibning CO2 lagring havets overflade . flere øvrige traditionelle havnebyer , Fredericia , Vordingborg Frederikshavn , ligeledes fået projekter godkendt Trafikstyrelsen . kritikerne Jesper Andersen , forskningschef ved Norsk institut vandforskning Oslo , Niva . ser Aarhus Havn eksempel tendens rådgivende ingeniørers beregninger , tages højde , hvordan flere forskellige miljøfaktorer påvirker hinanden – kaldet kumulative effekter . » lavede data værktøjsbaserede VVM ’ samlede effekter , ser klapning råstofindvinding , ellers påvirkninger , få helt andre konklusioner effekter , større , « siger . trods , store , planlagte havneudvidelser , ved reelt lidt miljøeffekten projekterne , påpeger Jon C. Svendsen , seniorforsker ved DTU Aqua . » laver undersøgelse , havn måske kommer få biologiske effekter , relativt simple undersøgelser . Danmark dokumenterer sjældent langtidseffekter havneudvidelser . overser biologiske effekter , formodentlig indtræder årene havneudvidelse anlæggelse , eksempel forhold fiskene havet , « siger . Havet spiller hovedrollen romersk tragedie Trods manglende videngrundlag står fast , danske farvande pressede . Havneudvidelser ganske vist største presfaktor – én . Tager næringsstoffer , miljøfarlige stoffer , fiskeri , anlæg , sejlads , råstofindvinding plus nye presfaktorer mikroplastik , ikke-hjemmehørende arter støj lægger sammen klimaforandringerne , tegner rigtig dårligt billede havets tilstand . engelsk hedder death by a thousand cuts ( oversat : død tusind knivstik ) henviser blandt andet Julius Cæsars død , senatorerne skiftedes stikke Cæsar ryggen . Ligesom enkelt senator drages ansvar kejserens mord , så gør havneudvidelser heller . stadig blod hænderne : » sker fuldstændig samme danske farvande . så , giver slag prygl . danske farvande får dårligere dårligere . Så kan lille vindmøllepark lille havneudvidelse trække tilstanden negativ retning , « konstaterer Jesper Andersen , undersøge presfaktorerne danske farvande . ser , blødningen stopper foreløbigt : indikatorerne viser , natur miljøforhold 2030 2050 dårligere 2020 . Ifølge Jesper Andersen skyldes blandt andet utilstrækkelig brug data værktøjsbaserede metoder miljøvurderingsrapporterne havneudvidelser . skjuler samlede miljøeffekter anlæggene . ved heller præcist , hvilke – – knive havneudvidelser presser ryggen kejseren . Jon C. Svendsen påpeger nemlig , mangler videnskabelige undersøgelser biodiversiteten omkring havne før havneudvidelser nyanlagte havne Danmark . » mulig effekt , ret dårlig forståelse , « siger . stedet foreslår , bør lave flere grundige langvarige efterundersøgelser havneudvidelser havneanlæg gennemgå resultaterne miljømæssige påvirkninger videnskabeligt . » gøre halvt år , koloniseringen havnevægge andet færdig . kan gætte frem eksisterende viden , indtil dokumenteret virkelig verden , kun gætteri , « siger . ‘ Dansk stil ’ udarbejdes miljøvurderingsrapport eksempelvis havneudvidelser , kumulative effekter ofte skrevet ‘ dansk stil ’ , kender skoletiden , forklarer Jesper Andersen . rådgivende ingeniører bruger ord beskrivelser , få tal udregninger . udarbejdes miljøvurderinger , benyttes tilstrækkelig grad data værktøjer belyse , hvordan eksempelvis støj , råstofindvinding øget trafik påvirker hinanden flere år fremtiden – kaldet kumulative effekter – påpeger . » reelt nogen projekter vurderet kumulative samlede effekter . ærgerligt , supergode data rigtige værktøjer lave beregningerne , « siger . » så laver enkelt havneudvidelse kunstig ø sted , går nok store billede . tager summen havneudvidelser , broforbindelser , energiøer vindparker lignende , kæmpestor påvirkning , kommer oven skidt , primært stort arealkrævende erhverv , allerede , « siger Jesper Andersen henvisning landbrugets presfaktor . værktøjer data , rådgivende ingeniører anvende , ligger allerede offentligt tilgængeligt eksempelvis forskningsprojektet Økomar , Jesper Andersen medforfatter . Ved anvende værktøjsbaserede udregninger kumulative effekter ifølge Jesper Andersen muligt udregne nødvendige størrelse naturgenopretning erstatningsnatur skadede natur anlægget . Sådanne udregninger laves halvt helt år , mener . Aben bor myndighederne Foreningen Rådgivende Ingeniører ( FRI ) ønsket stille interview . » FRI gøre , hvilke specifikke data metoder vores medlemsvirksomheder benytter arbejdet VVM ’ . virksomhederne , « skriver foreningen svar . Samtidig henviser foreningen debatindlæg Sjællandske Nyheder sidste år , direktøren foreningen forsvarer kvaliteten miljøvurderinger eksempelvis anlægget Lynetteholmen . Direktøren Henrik Garver henviser indlægget , selvfølgelig konsekvenser , kan udelukkes , altid kan opstille ‘ worst-case-scenarier ’ . sidste ende myndighederne , vurdere godkende , miljøvurderingen orden . rådgivende Ingeniørvirksomhed DHI , laver miljøvurderinger , ser muligheder , miljøundersøgelser fremtiden styrkes ved havinfrastrukturprojekter , udbudskriterierne ændres , skriver Ingeniøren/EcoTech . » forestået flere undersøgelser kumulative miljøeffekter blandt andet Tyskland USA begynder se stigende efterspørgsel blandt vores danske kunder . ingen tvivl , miljøundersøgelser ved danske havinfrastrukturprojekter tilfælde styrkes yderligere dataunderstøttet belysning kumulative effekter . kræver , udbudskriterierne kun går prisen , « udtaler Nicholas Grunnet , vicepræsident forretningsenheden Marine & Coastal – Nordic & Central Europe DHI skriftligt svar . Hvordan kommer liv havnen ? Jon C. Svendsen deltager sammen andre forskere EU-finansieret projekt , bringe biodiversiteten tilbage havnevandet . ske ved simpel optimering spunsvæggene , forstå vigtigheden spunsvæggene , vigtigt forstå forskellige fiskearters livscyklus . fiskearter helt små fisk behov steder skjule . Ideelle skjulesteder del fiskearter muslingerev , stenrev ålegræs lavvandede områder 3-4 meter . både ålegræs muslingerev tilbagegang steder . Tilsvarende stenfiskere fjernet millioner kampesten – dermed stenrev – danske havområder mindst 100-200 år . kobler sammen havneområde , lavvande tilbage , fisken tidspunkt rammer havnevæg vanddybde omkring 3-4 meter . » betyder , oftest andet lige tab levesteder , anlægger havn , « forklarer Jon C. Svendsen . Ideen projektet finde udformning materiale spunsvæggene , mere gavn biodiversiteten nuværende betonklodser . Forhåbningen , nemmere organismer bosætte særlige spunsvægge dermed gavn fisk krabber . foreløbige resultater , tyder , tendens ved typen ‘ mangrove seawall ’ sammenlignet traditionelle spunsvæg . » relativt godt resultat , fordi tyder , muligheder gøre . tyder , selve udformningen havnevæggen spiller rolle , « siger Jon Svendsen pointerer , tale foreløbige resultater .",
,2024-10-24 00:00:00,Synspunkt: Tidligere gasdirektør i Energinet: Brintkrise og udskudt grøn energi – er vi modige nok?,"Ingeniøren, Torben Brabo, President, Gas Infrastructure Europe",Link,"Klimakrisen presset mere ti år . Inden politiske fokus forsyningssikkerhed markeder . Situationen dag – tre samtidige kriser – kræver politiske dimensioner samtænkes mere . modige nok ? vej fremtidens energisystem – mindre samlet energiforbrug – mere VE – mere el ; fuldstændig omstilling varme- transportsektorerne ; samlede industri . gøre ? svarene ? hvordan egentlig bygget energisystem dag ? gør andre lande ? seneste ugers kritiske udmeldinger forsinket brintrør Danmark , blå brint aflyst Norge , big majors ( olieselskaberne ) fået fornyet lyst fossile brændsler skyder investeringerne VE , generelt manglende investeringer VE eFuels – kommer bagud , Kommissionen rejser tydeligt ønske mere fokus betalbarhed konkurrenceudsatte industri , osv . osv . fik tænke tilbage … Siden oliekriserne 1970-80erne Danmark ) haft `` rammer '' `` værktøjer '' `` aktører '' ( udsprunget lovgivning ) , ii ) samlet skabte fornødne teknologi/infrastruktur sikkerhed stabilitet ; iii ) så finansiering findes ; iv ) så produktionen energi skete/ændredes , v ) forbrugere ( nok ) valgte nye løsninger , gav lave betalbare enhedspriser . givet stabil udviklingsramme sidste 40 år . Selvfølgelig bump vejen , lad lige se egentlig gjorde : 1975-1985 , Danmark : skabte Energistyrelsen ( lovgivning energiplaner , handlingsplaner ) skabte private DUC AP Møller producere ( sammen globale amerikanske medejere ) skabte statslige DONG ( Ørsted ) byggede infrastrukturen platformene Nordsøen frem kommune- landegrænser ( sørør , transmission lagre ) skabte fem kommunale distributions- netselskaber ( gav økonomisk ramme , sikrede ) lavede kommunale varmeplaner , samfundsanalyse hvilke forbrugere fjernvarme gas ; hvem sikrede tilslutningspligt , så kommuner tvinge industri/borgere nye varmekilder indenfor 7 år lavede flere subsidier støtte systemer lykkedes ! nok nogen samlede overblik , fornuftige tiltag ; arbejdede samme gode retning , støttede hinanden . Statens indtjening 400-575 mia . DKK 1980-2020 `` eventyret Nordøsen '' . kan gøre igen . modige nok ? Personligt mener gør nok , gør ønskede effekt . sekundære pointe , kan konkludere , gør nok . hvert fald konkludere pt. , virker , værktøjer , tiltag , samarbejder , politiske overbygninger , mv. , endnu kigget . Så tidligt sige `` stop '' . uge Tyskland netop godkendt brint kernenet ( Hydrogen Backbone Wasserstoff Kern Netz ) . fleste lande selskaber EU betyder kan læne tyske udvikling . overveje tiltag , lighed ” gamle ” politiske rammer , udtænkt nutiden , så : Mellemstatslige aftaler mellem Danmark naboer , sikrer overblik ( store dele ) værdikæden ( risikodeling ) tværs landegrænser . Sikrer danske ( grønne ) molekyler betalende aftager ; Danmark søger/sikrer samtidighed beslutninger tværs landegrænser ; prøvet skala før , tidspunkt , så ; staten deltager mere aktivt enten infrastruktur ( DONG 1980 ) medejerskab ( Nordsøfonden 2005 ) forventet medejerskab Energiø ( 2021 ) ; parallelt afklaring omkring hvordan brint/efuels kan/skal bruges ? a ) fornuftigt definere geografiske områder naturgas vige elektrificering , måske modsat andre områder biogas går industrien giver logisk udgangspunkt fortsætte gas husholdninger , b ) indtænke gas brint kan bruges spidslast elproduktion , produktion fly- skibsbrændstoffer ; infrastrukturen kan genbruges , så større logistisk øvelse forandre energisystemet samtidig Nordsø naturgas ( DK N ) produceres sælges , biogasmængderne øges nettet brint overtager del infrastrukturen CO2 indtænkes fornuftigt konverterer sikrer lagerkapacitet . samme overvejelser andre Nordvesteuropæiske lande sidder . Måske konkret samarbejde , Esbjerg- / Ostende-landene ( landene store Nordsø vindpotentiale ) , samme båd . tilsvarende vis ” relevante regioner ” andre steder EU . udvide regionale energiinfrastrukturplaner el gas ( brint ) samlede energiplaner energibærerne ( plan ) ; tage North Sea Wind Power Hub ( Holland Danmark Energinet dag ) udvide andre lande . `` silverbulet '' løsning kun én vej frem . vores muligheder beslutninger flere valg . Lad give par yderligere eksempler fokuserer statens rolle : A ) Staten centrale dominerende aktør ( minder gjorde 1970-80erne ) rolle østeuropæiske lande givet staten senere år forhold energiforsyning ( køb energi ) sikring ny/udvidet infrastruktur ( bygning LNG/FSRU ) regulering ( maksimale priser introduceret ) . Tyskland . model holdbar længden - hel sektor - kommercielle aktører , pengene kompetencerne - aktiveres – måske gennem privat-offentlige partnerskaber . E ) ende skalaen , kan forestille staten ingen rolle tager ( land ) alene følger EU lovgivning markederne naboer , kommercielle aktører . opstå kriser , problemer komme , får priserne ydelser stige , forbruget falde , giver incitament investere , samlet sikrer større udbud , vups tid forsvinder krisen/problemerne . model vurderes fleste tage lang tid ; klimakrisen så tid give . politisk apparat EU Covid , energikriser krig Ukraine udviklet disciplin reagerer hurtigere tidligere problemer . ses USA ( først støtten fossil olie/gas ( 2021 ) bagefter grønne IRA ( 2022 ) ) . to modeller A E ekstremer , så sandheden ligger nok imellem . Hvordan kan lave design regulering , samlet giver ( regionen ) bedste værdiskabelse ? Ligesom 1990'erne , gik foran nordiske elmarked , gjorde 2000'erne blandt ledende ( nordvesteuropæiske ) markeder gas ( model C ) , kan måske 2025-2035 tage førertrøjen igen nordvesteuropæiske naboer skabe rammerne samtænkt regionalt energisystem . flere brændsler energibærere opfattes parallelt , teknologineutralt , aflaster komplimenterer hinanden , sikrer skala-vækst lave enhedsomkostninger såvel energi infrastrukturen lagring . statslige involvering gentænkes ( både akademisk , ) tværs landegrænser . Statens rolle doseres lige nok , risici falder , så private aktører investerer . Begrundet dagens transformative udfordringer større enkelte land kan klare . mindre undtagelser , selvfølgelig kan Tyskland tage nationale skridt , siden regional Europæisk effekt . Personligt mener vurdere analysere del , bredt , så overordnet indtryk forandring – effekterne tiltag går - forventede risici fordele . del debatten dag Danmark langt mere konkret , argumenterer for/imod 'vind ' 'energi-ø ' 'brintrør ' . » hvilke nye forbrugere aftage brinten ? « . mister overblik sammenhænge . Pointen delene hænger sammen ; løsningerne skaber mest værdi mere integrerede . komplekst . bede kloge mennesker hjælpe . Måske CSEI ( CBS/Danmark ) FSR ( Italien ) netop dannet henblik analyse vejledning 'store ' spørgsmål vore samfund løst . Andre ideer ?",
,2024-11-07 00:00:00,"Energinet har brugt 1,5 mia. kroner på energiøer",Ingeniøren,Link,"trods advarsler projekterne levedygtighed , allerede brugt 1.494 mio . kroner forundersøgelser anlægsprojekter . Energinet perioden 2020 1. oktober 2024 afholdt omkostninger Energiøerne tværgående aktiviteter 1.494 mio . kroner . inkluderer 623 mio . kroner Energiø Nordsøen 695 mio . kroner Energiø Bornholm . Tallene fremgår svar Lars Aagaard ( M ) , Klima- , Energi- Forsyningsminister , konservatives energiordfører Dina Raabjerg . trods , flere eksperter advaret økonomien projekterne . Tidligere tænketanken Kraka Ingeniøren advaret , umuligt få dækket del forventet milliardunderskud ved Energiø Nordsøen . lektor økonomi Jan Bentzen Aarhus Universitet tidligere udtalt , ser svært realiseringen øerne . foreløbige udgifter fordeler forundersøgelser begge energiøer , samt anlægsprojektet Energiø Bornholm samlet 1.211 mio . kroner , oplyser ministeren . Hertil kommer modningsomkostninger Energiø Bornholm Energiø Nordsøen 107 mio . kroner , omkostninger tværgående aktiviteter 176 mio . kroner . Omkostningerne finansieret via elforbrugstarifferne . Tallet Energiø Bornholm overrasker Hanne Storm Edlefsen , direktør megaprojekter Energinet . » Beløbet forventet . største projekt slags Danmark , så derfor tallene ret store . projekt , giver værdi rigtig længe lang levetid , « udtaler DR .",
,2024-11-08 00:00:00,Økonomien vakler under milliardprojekt: Kappet forbindelse til Sjælland skal redde Energiø Bornholm,Ingeniøren,Link,"Regeringen overvejer nye løsninger Energiø Bornholm lyset stigende omkostninger tvivlsom økonomi . Scenarier uden kabel Sjælland ekstra forbindelser Tyskland Polen bordet , projektets fremtid balancerer knivsæg . Afgørelsens time nærmer hastige skridt Energiø Bornholm , høste el havvindmøller Østersøen distribuere Danmark Tyskland . Økonomien vakler alvorligt milliarddyre projekt , inden 5. december regeringen tage stilling , hele foretagendet leve dø . Ellers kan statslige energiselskab Energinet nå give byderne øens el-infrastruktur svar , projektet før udgangen januar . Klima- , Energi- Forsyningsministeriet Energistyrelsen derfor lige travlt regne , projektet kan betale . fjerde gang , økonomerne regner økonomien , seneste forsøg mundede dundrende underskud 31,5 milliarder kroner . forligskredsen kun villig støtte projektet 17,6 milliarder kroner kablet Sjælland , mangler stadig 14 milliarder kroner få gå nul . nye beregninger sker bag lukkede døre , kilder tæt forløbet fortæller Ingeniøren , embedsværket stadig svært ved få samfundets gevinster omkostninger gå . gør sandsynligt , regeringen vælger droppe projektet . Derfor arbejder økonomerne opfinde alternative koncepter energiøen . Andre scenarier spil Ét scenarierne går bygge Energiø Bornholm uden voldsomt dyre kabel Sjælland . kablet løser problemet underforsynede Sjælland , ministeriet svært ved gå . Scenariet derfor lægge derfor skubbe kablet senere etape . andet scenarie handler redde økonomien ved forbinde øen andre lande fx Polen , godt nok tidligere sagt nej løsning , venligere stemt . svensk forbindelse sigende tale - svenskerne svært ved se idéen , eftersom lavere elpriser danskerne . takkede nylig nej tak få anlagt direkte elkabel Tyskland , elpriser ligger mellem danske svenske . Jagten alternativer falder god jord konsulentfirmaet Kraka Economics , hele tiden stærkt kritisk overfor energiøen lige siden nævnt første gang 2020 . » Projektet nuværende form dyrt forhold gevinsterne . , samfundsøkonomiske analyse viser , vismændene sagt . Derfor fornuftigt afsøge andre muligheder genberegne projektets økonomi nye forudsætninger , så finder , giver mening nøjes kablet Tyskland , « siger Frederik Læssøe Nielsen , seniorøkonom ved Kraka Economics . opfordrer regeringen bruge ventetiden sætte projektet pause . gælder igangværende udbud , hver dag , går , gør dyrere droppe projektet , fordi myndighederne indgået kontrakter private virksomheder , krav kompensation , projektet ender lukket . Dropper regeringen kablet Sjælland , opmærksom , energiøen rent eksportprojekt , siger . så producerer øen kun el Europa . så forsvinder argumentet poste dansk statsstøtte projektet . løsning gøre endnu vigtigere køre projektet markedsvilkår , så danskerne betale tyskernes grønne omstilling , understreger Frederik Læssøe Nielsen . » slipper kabel , så måske bygge andet gøre kablet Tyskland større . hertil oplagt bruge danske støttekroner , udelukkende forsyner nabolande strøm , « siger . Sjælland mangler strøm lave beregningerne langt rutineopgave , sket siden ministerium styrelse sidst så sagen . F.eks . ser Sjælland mere trængt elforsyning ventet . Planen ganske vist dække Sjælland strøm havvind indre farvande , ser lidt interesse områder igangværende 6 GW store udbud havvind , så risikerer Sjælland komme mangle strøm . kablet Jylland hen Storebælt kan levere mere strøm allerede gør , el-importen Sverige desuden sygner mere mere hen , så Energiø Bornholm pludselig potentiale redningsplanke . Dertil kommer , voksende behov strøm Polen Tyskland , stadig elektrificere , tyskerne tilmed fået sværere ved forsyne lukket stort antal kraftværker . vurderingerne gevinsterne baseret antagelser , så helt sikkert , både Energinet private bydere lige lidt brug rigtigt milliarder kroner realisere projektet . Vreden ulmer Berlin droppe projektet umådeligt svært , vurderer Finn Lauritzen , cheføkonom ved Erhvervslivets Tænketank ( ) , tidligere Axcelfuture . ser , danske regering presset aftale tyskerne tappe strøm øen - finansiere bygge . » Regeringen rigtigt fået forklaret tyskerne , danskere , egentlig skeptiske overfor Energiø Bornholm . Derfor tyskerne god tro gået gang forberede kabler muligt andet , « siger Finn Lauritzen fortsætter : » kabler udstyr allerede støbeskeen , kan tyskernes vrede godt tage føle , danskerne ender lukke projektet . bærer relationen danske regering allerede præg , Danmark holdt , lovede forhold etablere brintrør Tyskland. « Radial havvind koster brøkdel Står Erhvervslivets Tænketank ( ) , så bør regeringen helt droppe projektet . » Vores synspunkt , skatteyderne hælde så penge . giver nogen mening , uanset Energinet kommet love tyskerne . samme penge komme længere ved anlægge radial havvind andre steder , fx ved Hesselø Kriegers Flak , « siger Finn Lauritzen , skønner , to vindmølleparker bygges blot 2-3 milliarder kroner . » sagt , så kan regeringen godt forsøge lægge hovedet blød se , kan lade gøre finde alternativt koncept , koster kassen - hensyn europæiske solidaritet forhold lykkes grønne omstilling. «",
