ID,Date,Title,Outlet,Link,Full text,Value 
1.0,2008-03-13 00:00:00,Kunstig ø skal være gigantisk batteri for vindmøllestrøm,Ingeniøren,Link,"dutch advisori firm propos build artifici island surround wind turbin . pump water lake middl island sea wind blow . quiet period , water flow back lake drive island 's turbin . dutch counsel test compani kema drawn propos artifici island serv much need warehous wind turbin power . island must 10 kilomet long six kilomet wide , plenti room set wind turbin . middl island lie giant lake function batteri . wind blow , wind turbin pump water lake surround sea . quiet weather need gener electr , water flow back turbin . accord dutch advis , lake abl deliv 1,500 mw least 12 hour , correspond larg power plant . time , howev , initi studi , kema find pump lake least commerci avail today . later retail studi must , among thing , offer , may stabl environment friendli energi suppli also appreci . kema devis concept support number energi compani .",-3.0
,2009-09-08 00:00:00,Kunstige energiøer skal gemme vindkraften,Ingeniøren,Link,"danish architectur firm launch concept artifici island basin middl , pump empti excess electr fill power need . danish compani gottlieb paludan arkitekt offer differ suggest excess wind turbin power store . accord compani , must done artifici island around danish water , larg water pool middl island empti wind power surplu fill flow seawat lack electr . flow water drive turbin produc electr . project present larg energi climat confer nordic climat solut bella center today , tuesday . exampl , architectur firm - help risø dtu - expect artifici island south avedør size 4.9 squar kilomet abl accommod 22.3 million cubic meter water pool . bottom basin 40 meter sea level , oper fall height least 25 meter . thu , warehous abl produc 2300 mwh power empti fill basin . correspond mak capac avedør plant three hour . `` time , idea island basin util alga product , energi arrow possibl solar power plant , '' say commun manag sten søring gottlieb paludan architect . obvious connect bridg build add mani option place artifici warehous danish water - least connect bridg build , island still built . project expect energi loss 25 percent storag method , accord sten søring pessimist end known estim `` pump hydro '' call storag techniqu . architect yet count economi project , must done - togeth studi construct method formal build artifici island sea . time , togeth risø dutch compani , kema , previous launch idea ​​store wind turbin power artifici island , look possibl obtain eu support work concept .",7.0
,2017-03-10 00:00:00,Tre lande går sammen om kunstig energi-ø midt i Nordsøen,Ingeniøren,Link,"netherland , germani denmark investig whether giant artifici island doggerbank middl north sea make futur expans wind energi better cheaper . netherland , germani denmark join forc explor reason establish six squar kilomet artifici 'energi island ' runway port doggerbank north sea . island , offshor wind farm differ countri north sea must link togeth . therefor , march 23 , dansk energinet.dk sign agreement electr transmiss compani netherland germani , call tennn countri , explor possibl make hub wind energi middl england , denmark , netherland norway . energinet.dk write press releas . `` may sound crazi scienc fiction -like , island doggerbank prove make wind energi futur much cheaper effici , '' say torben glar nielsen , technic director energinet.dk . island per 30 gw wind power around island , sever thousand offshor wind turbin set , flow sever countri ' offshor wind farm collect sent across consum north sea countri . imagin island hub mayb 30 gw wind turbin capac long term total 70-100 gw wind turbin perhap artifici island doggerbank , water depth rel low . 70 gw suppli 80 million european electr . one benefit island model distanc offshor wind turbin network connect becom shorter , make possibl use ac technolog . reduc cost expens dc convert ( convert station ) long cabl , would otherwis necessari park futur need built sea . time , submarin cabl transport flow artifici island north sea countri abl act land cabl electr motorway trade countri . land cabl use today approx . half time n't alway blow . turn commerci cabl , use closer 100 percent . less transport time gear manpow alreadi number electr cabl today connect electr system countri around north sea , may abl link energi island . idea ​​the island also spare part convert station , wind turbin electr compon store island . provid much less transport time high sea equip manpow . plan artifici island doggerbank foster tennn base eu 's assess wind product north sea region doubl 2030 . time , energi minist north sea countri last year enter agreement promot cooper offshor wind . need large-scal solut torben glar nielsen , technic director energinet.dk , point energinet.dk respons get electr offshor wind turbin ashor consum . therefor , one must constantli press , price land foreign connect also fall : '' , innov larg -scale solut need , 'energi hub ' north sea definit worth investig thoroughli , '' say . add mill arriv , necessari look sea make room new offshor wind farm . torben glar nielsen explain offshor wind farm , denmark erect krieger flak baltic sea , form school doggerbank project . connect danish german offshor wind farm - also use electr motorway denmark germani vice versa . furthermor , krieger flak project link two differ electr system frequenc area , nordic central european , convert station germani .",-8.0
,2017-06-08 00:00:00,Havmøllerne får egen ø ved Lolland,Energy Supply,Link,"compani & landscap nakskov plan establish energi island offshor wind turbin coast langeland belt port citi tår three -digit million . fact , could establish landmil offshor wind farm instead , energi island get benefit offshor wind turbin elimin part resist usual around wind turbin . - lot prejudic around wind turbin - whole point energi island get benefit offshor wind cost , put larg offshor wind turbin land sea bother far fewer neighbor , explain philip rasmussen citi & landscap . 20 offshor wind turbin artifici island energi island creat curb dig becom non -dear size . must hous 20 larg offshor wind turbin . energi island establish time immedi connect new ferri port tår , make mainten repair mill far cheaper mill stood far sea . - somewhat easier instal servic peopl cycl mill nut chang rather ship sent , say philip rasmussen . energi island climat troubl & landscap choos water lolland , cours hous . also energi set-up lolland , cultur , right one . - ( lolland , ed . ) produc five time much power use . vesta produc nakskov harbor . cultur around green stream present easi talk project , say philip rasmussen . project cost dkk 200 million creat 2500 job .",4.0
,2019-07-09 00:00:00,Kunstig energiø i Nordsøen er teknisk mulig: Skal stå klar om 12 år,Ingeniøren,Link,"new preliminari studi show technic econom realist build artifici energi island middl north sea capac 15 gw earli 2030 . danish , german , dutch electr transmiss compani reach politician . two year ago , dansk energinet went togeth electr transmiss compani netherland germani explor possibl establish six squar kilomet artifici 'energi island ' runway port doggerbank north sea . idea ​​an energi island north sea gather electr sever countri ' offshor wind farm send crosswis consum north sea countri . `` may sound crazi scienc fiction-lik , island doggerbank may prove make wind energi futur much cheaper effici , '' said torben glar , technic director energinet , 2017 vision . intern north sea wind power hub consortium , behind idea ​​an energi island , conduct number feasibl studi preliminari test result . “ import thing denmark rest europ convert 100 percent renew energi within short number year . requir us solv trilemma energi , ie ensur secur suppli , switch renew energi competit price . one large-scal energi island import solv trilemma . use energi island pick electr ashor effici , also trade electr countri blow , ” say torben glar , also steer committe member north sea wind power hub consortium , today engin . tuesday , partner intern consortium north sea wind power hub ( nswph ) present result project 's assess phase . past month , consortium analyz possibl condit establish one energi island north sea . main conclus clear : one energi island north sea technic financi feasibl , ambit first energi island oper earli 2030 . signific chang way although vision roughli , project chang sever area . biggest chang one move one larg energi island capac 30 gw sever smaller energi island must abl collect act node 10-15 gw wind turbin capac . assumpt long term 180 gw year 2045 doggerbank , water depth rel low . » sever smaller island optim . away island offshor wind turbin , less optim island function distribut center . expect 10-15 gw per island 15 island . term safeti , also distribut island . time , locat yet determin . doggerbank laid natura 2000 area , therefor optim larg island area , ” say torben glar . 70 gw suppli 80 million european electr . one advantag island model distanc offshor wind turbin network connect becom shorter , make possibl use ac technolog defens fishermen need move order energi island becom realiti , requir new polit agreement across border , say consortium behind . partli intern studi scenario show current roll-out speed offshor wind insuffici achiev target pari agreement partli space becom cramp north sea . » import prerequisit polit build necessari offshor wind farm north sea . energi island function without new offshor wind farm . north sea , mani differ actor today , defens , fish , ga sector . use plenti space north sea , need much wind energi , advantag abl identifi optim area wind . probabl requir polit agreement . time , dutch , german , english govern must also involv sensibl rate develop , stabl roll -out lighter project manag better price , ” say torben glar . denmark , energinet kick door get support energi island new social democrat govern . -call understand paper , govern wrote parliamentari basi , one briefli read : “ new govern adopt climat action plan . among thing , action plan must also includ follow element : examin possibl denmark togeth north sea countri prepar common strategi significantli expand util offshor wind potenti . explor possibl denmark 2030 build world first energi island minimum 10 gw connected. `` engin would like ask climat minist dan jørgensen ( ) govern 's support energi island north sea , minist cancel interview engin short notic due press calendar . store energi center addit act link differ nation transmiss network , energi island must also abl store energi offshor wind turbin middl north sea . howev , technolog determin . “ must abl store energi technic sound way 2040-2050 , use renew energi . power ga ( p2g ) , heat storag ellag batteri . need investig work best , ” say torben glar . specif , consortium look convert power ga use fuel , among thing , ship . » look lot use island convert electr ga , use make new form sector coupl tie offshor wind turbin power transport sector . wind turbin becom sourc power , also sourc fuel hydrogen ship , ” say torben glar . also allevi bottleneck electr transmiss network convert electr ga sent ashor , transport ga area great demand far land . howev , first energi island capac 10-15 gw readi earli 2030 , probabl electr connect land associ convers ga land . technic possibl make convers electr ga artifici island avail technolog today . price depend island place “ n't financi framework readi . sand island , concret foundat know wind turbin , lower box steel foundat . need look appoint right place . 20 meter water , requir one solut , 40 meter water provid condit . cours , big expens build necessari offshor wind farm deliv energi island , ” say torben glar .",-5.0
,2019-11-25 00:00:00,Ørsted: Placér den første energi-ø ved Bornholm,Ingeniøren,Link,"energi compani believ realist necessari build huge offshor wind farm alreadi design shallow area baltic bornholm , current distribut denmark , sweden poland . energi agreement last year , nine parti decid three new , larg offshor wind farm built 2030 , first place west jutland , yet decid next two park locat . time , govern 's so-cal understand paper support parti show `` explor possibl denmark 2030 build first energi island minimum 10 gw connect '' , state 's compani energinet binocular north sea . energi compani ørsted mix debat propos instead place energi island part so-cal offshor wind cluster baltic sea west bornholm , water depth 15-20 meter lowest place . area , accord screen area offshor wind turbin , conduct danish energi agenc earli 2019 , suitabl hous 3.1 gw offshor wind turbin capac . therefor alreadi reserv state offer offshor wind . 3-5 gw offshor wind '' build larg sand island north sea , suggest combin exist plan transmiss connect offshor wind area island granit alreadi , name bornholm , '' say martin neubert , ceo ceo ørsted offshor . compani 's vision is-with bornholm hub-to connect denmark two three countri , poland , sweden possibl . germani , long term , togeth 3-5 gw offshor wind capac . first step vision offer offshor wind park 1 gw rønne bank southwest bornholm well connect denmark poland . secur suppli zealand offshor wind park transmiss connect poland ensur high secur suppli zealand time suppli larg quantiti electr oper green electrif societi . transmiss cabl sea buri . `` specif propos tender contain offshor wind farm well transmiss cabl zealand across bornholm poland ensur optim technic solut cheapest price , '' say martin neubert . ørsted point energinet alreadi propos transmiss link zealand poland eu 's `` ten year network develop plan '' realist project combin connect offshor wind park 1 gw ensur reliabl cheap electr denmark poland 2028 . next phase sustain hydrogen addit , vision pave way next phase denmark 's green transit , product sustain hydrogen make air traffic , ship heavi road transport co2 neutral , thu provid decis necessari contribut govern 's ambit lower denmark 's co2 emiss 70 percent 2030 . `` vision secur denmark 's place green transit futur , product sustain hydrogen offshor wind chang part societi lack green solut today , '' neubert point . howev , compani emphas specif plan locat hydrogen factori . european commiss previous estim 450 gw offshor wind capac suppli electr electr car heat sector , also product sustain hydrogen larg scale . accord ørsted , target met sete pace rethink develop offshor wind , focu offshor wind cluster transmiss sever countri : “ need dramat rais pace expans offshor wind transmiss reach goal . bornholm , denmark poland uniqu opportun gain necessari experi offshor wind cluster scale futur energi island time contribut significantli green transit secur suppli countri , ” say martin neubert . project requir analyz ørsted first present idea politiken , get nice recept brian vad mathiesen , professor energi plan aalborg univers director green think tank , concito , christian ibsen . brian vad mathiesen call newspap `` realli good construct '' project , , howev , requir thorough analyz . “ 's far realiz airi thought huge energi island far sea , 10 gigawatt . challeng lie find suitabl locat larg quantiti renew energi , time close larg consum center . exampl fact , ” say professor politiken . christian ibsen attitud accord politiken . also point huge facil bornholm block one day also build north sea .",6.0
,2019-12-03 00:00:00,Finanslov: Professor roser forundersøgelser til energi-øer,Ingeniøren,Link,"upcom 'energi island ' north sea bornholm support product green liquid fuel . professor henrik wenzel happi , also warn lose import synergi benefit choos wrong technic solut . fundament posit govern financ act 2020 directli write preliminari investig energi island must initi support power-to x technolog , `` say henzel professor henrik wenzel . also warn energi island risk lose import synergi product liquid green fuel . furthermor , agreement text state 'power-to-x potenti support effect util larg quantiti offshor wind stream possibl . energiø , fund also alloc research , develop demonstr scheme power-to-x. `` total , dkk 30 million alloc . dkk 2020 , dkk 27 million . dkk 2021 dkk 8 million . dkk 2022 . ørsted start small energi island bronholm question energi island turn sever time , recent summer engin , consortium “ north sea wind power hub ” describ network energi island north sea ​​everi 10 gw technic financi possibl . exampl , island could locat dogger bank . end novemb , ørsted argu energi island 1 gw could locat rønne bank southwest bornholm connect denmark poland electr . henrik wenzel emphas energi island built , import electr brought ashor thu hydrogen produc island : “ lose synergi occur process make hydrogen , synthesi gase liquid green fuel . first foremost , surplu heat util district heat network , ” say . exampl , mention electrolysi name soec method , realli good idea bring heat process green synthet ga convert liquid fuel , back electrolysi process use residu heat district heat . therefor , also import product near district heat network . dialogu global energi compani , togeth research group nira , recent publish report `` nordic gtl-a pre-feas studi sustain aviat fuel bioga , hydrogen co2 '' , calcul show proper integr green electr , hydrogen , bioga co2 , possibl make liquid fuel air traffic , twice expens fossil fuel day . right , effort made get start specif project collabor global energi compani . first step transform methan bioga directli liquid fuel . subsequ , idea product increas ad process step green hydrogen co2 includ : » first part known technolog go directli full -scale system . move forward need use hydrogen co2 increas product , demonstr project need agreement text financ act interest , ” say .",-7.0
,2020-02-12 00:00:00,Gas-skepsis stemt ned: Parlament godkender EU-liste over 151 infrastruktur-projekter,Ingeniøren,Link,"151 project includ lot natur ga project therefor green group vote parliament approv list , larg major said ye . eu parliament wednesday approv list 151 cross-bord energi infrastructur project eu commiss select worthi seek eu support . among project so-cal pci list energi island north sea , baltic pipe ga line denmark poland well total 55 natur ga infrastructur project . precis mani project natur ga led green group eu parliament vote list encourag mp . outdat infrastructur exampl , danish sf margreth auken wrote altinget ga pipe like freez europ fossil age wast billion euro infrastructur soon outdat : '' n't forget everi euro wast instead gone research , renew energi green chang agricultur , '' wrote call . mani peopl listen invit : 169 vote list , 443 vote , polish deleg write press releas . mani new cabl connect addit energi island north sea-such energinet transmission-respons compani plan build specif mention govern 's agreement support parties-th list also contain major electr infrastructur project connect norway uk ( north sea link north connect ) , wire denmark uk ( vike link ) connect netherland germani uk respect . pci project cross-bord energi infrastructur project strateg import union . project pci list , updat everi two year , benefit lenient administr treatment thu also receiv financ connect europ fund .",
,2020-05-20 00:00:00,Ros til klimaudspil med to energiøer: Men et væsentligt kapacitetsproblem truer,Ingeniøren,Link,"govern 's climat plan boost develop green liquid fuel . energi professor concern liquid green fuel complex politician think . ida 's chairman give plan `` neat 7 number '' . accord govern 's climat plan , present , two energi island must built connect erect 4 gw new offshor wind turbin capac . goal island creat hub collect distribut green energi , form electr liquid green fuel . thu , technolog invest develop power-t-x ( ptx ) plan , green electr transform altern fuel , use , exampl , heavi part transport sector , aircraft , ship industri : “ longer make individu offshor wind farm . must energi island gather introduct green energi land hydrogen liquid fuel produc , ” said climat , energi suppli minist dan jørgensen present plan . two energi island must place respect . north sea baltic sea bornholm . , 2,000 mw wind power twice much built today . govern 's propos almost similar ida propos latest report : ida 's climat respons : transport energi solut 2030 , target total 6,630 mw offshor wind set 2030 . develop energi island ptx technolog must seen context goal captur stocking-poss . util - co2 flue ga . initi fossil sourc immedi replac , longer term also biomass , actual neg co2 emiss . good plan hole professor energi plan aalborg univers , brian vad mathiesen , call idea ​​energi island realli good , also concern announc : “ 's realli nice someth 've talk sever year . get rid fund next two three year develop demonstr project show ptx work . prefer done throughout valu chain , also get test truck actual drive , ” say . also concern politician underestim complex energi system . name , still lack knowledg model show individu plant best place , technic financi : “ 's infrastructur want build transport green energi . exampl , best place product hydrogen energi island , must carri ashor transform liquid fuel , ” say , emphas must lock prematur . regard placement energi island , believ bornholm obviou place . locat close sweden , poland , germani denmark , island could becom effect mean displac fossil fuel countri : '' think carri expand 5 gw , '' say . question energi island north sea . distanc significantli longer , today cabl abl transfer 2 gw plan : “ first think side 2030 get cabl size transfer 10 gw , happen also expand capac deliv green power major energi -consum center northern europ , ” say brian vad mathiesen . overal , professor call climat plan good play , although may well point technic detail less fond , hole fulli fill . climat plan recogn technolog chairman ida , thoma damkjær pedersen , pleas first play come govern reach co2 reduct 2030 : » play recogn technolog focu need achiev goal . mani solut also point climat respons earlier year . , want give nice 7 , ” say . reason get higher , accord thoma damkjær pedersen , yet got translat nation strategi therefor know . fact offshor wind farm advanc focu develop demonstr ptx , go demonstr system larg scale absolut necessari achiev goal co2 reduct 2030 2050 , say : '' look forward plan translat actual strategi research develop collabor privat public actor , '' say thoma damkjær pedersen .",8.0
,2020-05-20 00:00:00,Regeringens storstilede klimaplan bidrager til en brøkdel af CO2-målet,Ingeniøren,Link,"govern 's propos first part climat action plan reduc co2 emiss 2 necessari 19 million . ton co2 2030 . govern final came overal propos first step climat action plan lead us climat target co2 reduct 70 per cent . 19 million tonn co2 2030 - negoti parti behind climat act . plan consist six point let said right away - show reach climat target , simpli give reduct 2 million . tonn co2 requir 19 million . ton . turn , govern promis sever initi later : “ 're done . first chapter summer holiday present new initi . today creat solid foundat climat -neutral denmark - foundat build mani year ahead , ” said financ minist nicolai wammen press confer , also promis one creat basi thousand green workplac come year creat preserv denmark . long-term energi island power-to-x measur give much co2 reduct , sever long-term instead here-and-now reduct develop scale technolog need long run . howev , import start technolog develop also someth climat council advis march report 70 percent target . long-term perspect especi true propos establish two energi island expans extra 2 gw offshor wind farm north sea baltic sea respect , appli propos put turbo technolog develop power-to-x co2 catch storag . specif , govern suggest catch co2 , exampl , industri use green energi pump back ground . 2024 , govern alloc dkk 400 million . dkk annual pool captur store co2 , accord propos reduc co2 emiss dkk 0.3 million . ton . co2 per year 2030 . addit , govern creat unifi strategi ccu set framework futur effort . ptx area , govern start partnership large-scal ptx plant produc green fuel aircraft car thu drive cost hydrogen . pool bioga industri energi island ptx/cc propos thu cost noth special 2024 , thu give 0.3 million . ton co2 reduct . green transit industri form electrif use bioga , govern promot via subsidi pool dkk 900 million . kroner 2020 2024 electrif plu pool 95 annual bioga green gase ; howev , come play 2024 . could reduc co2 emiss 0.3 million . ton 2030 . time , govern promis work close climat partnership financi sector map opportun mobil privat invest green transit new way . come promot energi efficiency build industri benefit climat , govern set asid fund collect exhibit data build energi consumpt . addit , energi label scheme strengthen recommend indoor climat incorpor build owner get even better decis basi want invest energi improv e.g . dwell . addit , must demand continu energi save state 's build 2030 , state ahead good exampl . togeth give reduct 47,000 tonn 2030 . heat sector must green , alreadi heard , , oil ga stove must replac district heat heat pump . plan figur put much electr heat charg lower ( 0.8 øre per kwh ) tax fossil heat must rais ( 56.7 øre per gj 62.3 øre per gj ) , grant consum want replac oil ga stove dkk 15,000 dkk 25,000 . surplu heat exempt tax also appear tax surplu heat propos remov govern consid mention reduct electr heat tax help make geotherm heat profit , green altern . heat packag reduc greenhous ga emiss dkk 0.7 million . ton co2 2030 . final , green wast sector recycl , 80 per cent . danish plastic must sort combust 2030 , must less combust import wast sort recycl . time , govern make circular economi growth engin danish busi . initi wast area result reduct greenhous ga emiss dkk 0.7 million . tonn co2 equival 2030 . transport , agricultur co2 tax everyth includ plan . one word initi transport sector agriculture-which two major co2 emitters-nor anyth high co2 tax , climat council econom sage propos cheapest path climat target . press confer ministri financ , climat , energi suppli minist dan jørgensen respond question whether fair enough swine pay most- ie co2 tax : “ middl big crisi . mani countri world probabl chosen say : ok , effort around climat , environ thing , push . chosen say , use crisi opportun . want creat growth . mean must opt ​​out instrument larg tax larg compani dane ' privat consumpt . n't think 's good idea right now. `` miss overal plan final , big , overal question : plan give two million . ton co2 , reach rest way 2030 ? precis point - , comprehens plan , hand good beat - differ organ council green chang , greenpeac trade associ dansk energi . green chang council disappoint overal level ambit ; greenpeac call half -heart first shovel , found worri , final dansk energi play import initi , climat plan : “ miss total climat plan . entir energi sector lack framework direct go ahead road target 2030 , co2 emiss must reduc 70 percent compar 1990 , ” say lar aagaard ceo lar aagaard . ten year press confer , dr ask exactli get rest plan , , climat , energi suppli minist dan jørgensen respond : “ ten year reach . two million tonn 0.5 million tonn organ financ act agreement , reach significantli tenth say reach . scale , 's quit ambiti , 'he said . read fact sheet player ministri financ 's websit . govern expect conven parti folket first negoti play next week .",-2.0
,2020-05-26 00:00:00,Kæmpeanlæg i Storkøbenhavn skal producere 250.000 ton flydende bæredygtige brændstoffer,Ingeniøren,Link,"new partnership , number larg danish compani join forc develop concret product facil manufactur sustain fuel . fulli develop , save atmospher 850,000 tonn co2 annual . 2023 , new partnership readi first part 10 mw plant , produc sustain fuel base power wind turbin . plant place greater copenhagen , among thing , suppli energi upcom energiø bornholm . plant fulli expand 2030 , 1,300 mw electr product fuel approxim 250,000 tonn annual . thu , abl replac fossil fuel road , sea air transport save atom nuclearospher 850,000 tonn co2 annual . ørsted write press releas partnership bring togeth larg danish compani , copenhagen airport , a.p.møller-maersk , dsv panalpina , dfd sa . cowi boston consult group serv knowledg partner project , also support citi copenhagen . henrik poulsen , ceo , ørsted , say : » vision produc sustain fuel greater copenhagen give us necessari upscal industri scale , need reduc cost product sustain fuel much compet fossil fuel . right polit framework place , project could crucial step forward product sustain fuel denmark , strengthen denmark 's global leadership posit technolog busi model ensur sustain future. `` plant must use electr form hydrogen base water via electrolysi thu abl suppli buse movia heavi truck dsv panalpina hydrogen , a.p.møller-maersk abl get mehanol ship aircraft copenhagen airport abl provid sustain jetfuel . first stage must , mention , consist 10 mw system produc hydrogen buse truck . second stage readi 2027 consist 250 mw system , expect fit electr offshor wind farm bornholm . , hydrogen must produc , combin co2 , collect point sourc copenhagen . goal produc methanol maritim transport jetfuel , so-cal e-kerosin , air transport sector . last stage requir wind turbin last stage readi 2030 util full potenti offshor wind bornholm . electrolysi capac must scale 1.3 gw enough sustain co2 must collect 250,000 tonn fuel produc . could potenti replac 30 percent fossil fuel use copenhagen airport 2030 . thoma woldby , ceo , copenhagen airport , say : » challeng creat futur -proof sustain fuel common everyon transport sector , fact join forc partnership crucial us produc sustain fuel necessari quantiti . time , support ambit chang danish aviat complet without co2 emiss 2050 make denmark pioneer develop futur climate-friendli fuels. `` howev , project run problem full expans requir wind farm bornholm expand 3 gw 2030 . climat plan present govern last week , park 2 gw bornholm plan .",5.0
,2020-05-27 00:00:00,Professor: Tidsplan for havvindmøller kan skride med regeringens nye energiøer,Ingeniøren,Link,"price establish two energi island associ wind farm lack elucid . member climat council fear time frame expans wind power progress . number question unansw govern 's propos propos climat plan establish two -call energi island danish water . island must coupl offshor wind farm 2 gw help reach target 70 percent co2 reduct 2030 . poul erik morthorst , professor dtu member climat council , fear extens offshor wind turbin go , reach finish 2030 , climat council recommend expand least 5 gw . partli due fact govern plan energ island includ three offshor wind farm adopt energi settlement 2018 , first , thor 800-1000 mw , delay least one year , two other progress : “ 'm worri time run 're get behind . would rather seen establish three time 800 mw offshor wind farm , agre 2018 start energi island , ” say . new energi island million year old specif , govern 's propos one energi island north sea built physic island 100 km west coast jutland . new island , rewrit wind farm built rønne bank south rønne associ technic facil bornholm . total capac 4 gw offshor wind twice much oper ocean around denmark today . practic , island must fulli expand `` energi hub '' , energi exchang neighbor countri , way krieger flak offshor wind farm , expect go oper august - much larger scale . due distanc land , connect must establish direct current cabl still technic develop coupl field . “ energi exchang countri , small thing build rule settlement . top come whole question grant plant , ” say poul erik morthorst . el zealand must convert fuel connect wind farm bornholm , ørsted - partnership number player transport sector - announc product capac must built manufactur sustain fuel plant greater copenhagen . accord govern , fuel must use 'in sector use green electr directli , eg aviat , heavi transport , process busi , etc . via power-to-x technology. `` project mean cabl must pull bornholm wind farm directli zealand . fulli expand 2030 , expect plant capac 1.3 gw . plant help complic number polit regulatori challeng , make difficult reach goal time , say poul erik morthorst : » see perspect energi island combin eg . electrolysi , would shame mean schedul progress , ” say . addit energi island offshor wind , climat action plan consist five track . govern also invest green technolog , increas energi efficiency , ensur green heat dane , chang industri creat green wast sector , say .",-6.0
,2020-05-29 00:00:00,Analyse: Stram tidsramme kan sætte energiøer under pres,Ingeniøren,Link,"two giant wind farm associ fuel product must readi ten year . short time , known technolog need put togeth ? denmark must expand wind power sea - lot wind power . govern suggest may 20 climat plan two energi island total 4 gw wind power attach , week ørsted , togeth number partner , could tell giant fuel -produc plant , build somewher greater copenhagen suppli electr one energi island . whole thing may seem promis : idea ​​build wind farm sea suppli denmark surround countri electr produc sustain fuel , so-cal power-to-x ( ptx ) . good news technolog exist alreadi work industri . number ptx demonstr system underway-but still lack experi upscal . industri politician agre way forward reach 70 percent reduct co2 emiss 2030 , larg number question still accumul challeng techniqu , infrastructur plan , bind ten -year timefram may suddenli seem tight . let 's tri look specif propos : north sea , island space hous , spare part stock convert station wind farm 2 gw must built , time expand 10-15 gw . place 100 km west coast jutland connect sever countri , probabl norway , germani , netherland , denmark possibl uk . larg wind farm must locat bornholm set govern 2 gw size , ørsted project , describ new associ ptx factori locat greater copenhagen , expect park expand 3 gw . one benefit build near bornholm - head energi economi ørsted ulrik stridbæk explain engin - alreadi island . thu , possibl get start quickli baltic sea . convert station distribut energi wind farm initi denmark poland accord principl wind farm krieger flak south copenhagen , expect go oper august year , distribut energi denmark , germani sweden . gigant electrolysi plant next step abl util larg quantiti wind power produc establish product plant greater copenhagen , transform electr chemic fuel ; initi hydrogen , also methanol jetfuel . basic techniqu plant alreadi avail today , 2030 expand three stage eventu gigant factori electrolysi plant 1.3 gw product 250,000 tonn fuel annual , must suppli carbon pull flue ga copenhagen power plant amagerverket arc . far , good . plan place techniqu known . realiz lack , mani unknown , torben glar nielsen , technic director energinet , also confirm . particular , energinet focus plant north sea particip collabor north sea wind power hub , german dutch system oper also particip . project work scenario sever island north sea , includ danish island approx . 100 km west coast . analyz show 10-15 gw wind power around island appropri . make sens start 2-3 gw , either pure electr product propos bornholm includ ptx plant thu start product one fuel futur . line expans wind turbin area , electr transport neighbor countri via dc cabl thu also util cabl capac blow . even longer term ( 2050 ) island link energi island north sea . one technic challeng appli coupl field dc , develop probabl progress , target . comment last week govern 's climat plan , professor energi plan aalborg univers call brian vad mathiesen idea ​​energi island realli good . someth research talk number year . also concern emphas fund set asid next two three year develop demonstr project show entir infrastructur ptx actual work . prefer investig throughout valu chain , ie wind turbin specif truck , actual run fuel . much postpon expans econom term plan , risk entir idea basi also run challeng . accord climat partnership energi , state alloc fund form grant target tax relief dkk 5-7 billion . dkk annual 2030 , like go bet energi island ptx . berlingsk tuesday week , climat , energi suppli minist dan jørgensen ( ) said 2 gw wind power bornholm alreadi quit ambiti futur analyz look pace expand , depend even need use use countri . thu , must also includ polit negoti cooper author neighbor countri . rate expans also challeng , wind turbin sea come year put energiø concept , govern propos , risk fall behind expans , one could read politiken tuesday . polit head wind denmark martin bøndergaard consid plan would give delay year . ulrik stridbæk torben glar nielsen agre principl behind energi island crucial futur expans wind power sea . word , reach time need go pure technolog ; wind turbin sea today competit fossil altern , price need even realli climat effect contin , longer enough expand wind farm connect one time . also acknowledg challeng , term technolog schedul . , ulrik stridbæk put , time think paradigm shift , time scarc .",3.0
,2020-06-09 00:00:00,Analyse: Derfor skal vi hellere bygge for mange end for få havmøller,Ingeniøren,Link,"difficult keep futur need green power road govern 's new energi island cover obstacl . becom difficult push old coal -fire work . everi time huge wind blow west , price power fall zero less , read -expand wind turbin wast social resourc . dane consum wind power , must export . possibl buyer may even excess electr problem capac electr grid - wind turbin must close fee . howev , accord profession , problem 2030 expand renew energi wind turbin solar cell - contrari , right great risk lack green power round new year well 9 year 6 month . situat danish electr sector govern came first part unifi climat action plan last week . let 's take number need hit : energinet report 'system perspect 70 % goal large-scal offshor wind ' , march year look differ scenario electr consumpt expans ve-el . today , electr consumpt 36 twh , rise -call basic scenario 50 twh 2030 . electrif almost area countri realli start - data center , heat ( heat pump ) , industri ( process heat ) transport ( especi electr car ) - reach consumpt 57 twh 2030 . effort convert energi liquid fuel via ptx ( power-to-x ) , opportun reach consumpt 70 twh 2030 , ie almost doubl compar today . energi island paradigm shift therefor , idea ​​energi island present govern climat action plan last week promis thought . island call paradigm shift compar far built offshor wind turbin , park longer connect electr grid via separ cabl . instead , energi park collect island possibl distribut one need . specif , prospect 2 gw baltic sea 2 gw north sea . baltic sea , bornholm act energiø , connect zealand perhap also sweden , germani poland accord system technic appropri . north sea , offshor wind farm initi 2 gw , potenti expand 10 gw . artifici island , built 100 km west coast , , addit jutland , potenti connect norway , germani , netherland possibl also uk . plan , govern includ two three offshor wind farm , agre energi settlement 2018 energi island . third , call thor 800 mw , still expect built tradit way readi oper around 2024 . extra 4 gw offshor wind turbin expect product 18 twh quickli turn late littl need we-el grow energinet 's prerequisit , critic sever side read . consequ exist danish coal -fire power plant 'press ' electr product , denmark much depend import electr . coal power must press number system expert engin spoken agre offshor wind turbin built quickli enough , coal power squeez system , lead co2 emiss calcul kg co2/kwh system , fall rapidli necessari reach 70 percent 2030 . build fast enough need difficult particularli expens . climat council 's latest report state wind turbin land ( solar cell ) establish complet without low support , offshor wind turbin need less support push coal -fire electr product system . exampl , expect thor-vindmølleparken need supplement market price approx . 7-9 øre per . kwh compet fossil electr product . climat council energinet write report high goal electr consumpt achiev , need build far offshor wind 4 gw energi island plu agre park thor . amount extra gw rang 3-10 depend much energi consumpt get switch electr , exampl product liquid fuel via ptx . idea ​​establish energi island therefor prove direct barrier achiev goal 2030 . pure technolog energi econom stupid idea . process toward actual readi suppli electr danish system pull long . alreadi shown suppli rural coastal mill , case process drag long construct project expos . top come technolog challeng . name , may seem intrigu think energi island calcul part network exchang connect combin technolog , ptx . much technolog known , answer still lack electr exchang , pure technic via coupl field direct current pure financi countri involv altern use , ptx best exampl . risk -expand risk -expand thu creat even situat wind turbin must stop electr must export fee ? actual happen number time 2017 , wind turbin stop throughout year 84 hour western denmark 58 hour eastern denmark . overal , meant product 47 gwh , equival consumpt 11,000 danish home , wast . correspond 0.3 percent total wind power product year . 2019 , record set record wind turbin solar cell togeth account 133 percent electr consumpt sunday 15 septemb . fact , product wind turbin 160 percent consumpt hour 2 3 night . answer whether build much clear . govern 's climat plan , far get situat handl technic use flexibl electr consumpt strong foreign connect , say profession . risk under-expand far greater , happen , access we-eel becom bottleneck electrif denmark-thi especi true serious behind thought ptx . may well eventu reach goal 2030 , road cover co2 emiss could avoid . word , tip wrong side difficult balanc product consumpt .",-4.0
,2020-06-09 00:00:00,Cowi-rapport: Regeringens energiøer giver dyrere havmøllestrøm,Ingeniøren,Link,"govern 's energi island cost billion number gw tradit offshor wind farm , new report cowi show . sever billion kroner expens establish two -call energi island , electr surround offshor wind farm gather , govern propos climat propos tradit offshor wind farm establish closer land . show new report consult firm cowi , behalf danish energi agenc complet fine screen danish sea area investig possibl establish individu offshor wind farm direct connect land well sever continu offshor wind farm connect energi island . report , cowi estim singl offshor wind farm north sea instal effect 1 gw cost dkk 15.8 billion total invest cost . three individu offshor wind farm end cost dkk 47.8 billion 3 gw . total invest cost energi island effect 3 gw estim cowi cost 58.2-58.6 billion kroner . compar three tradit offshor wind farm direct connect land , cowi estim one govern 's energi island cost around dkk 11 billion total invest cost - correspond addit cost 23 percent . cowi also estim lifetim cost per kwh base final energi product well total invest oper mainten cost lifetim 30 year discount rate 8 percent . estim averag cost entir life ( lcoe ) individu offshor wind farm north sea amount dkk 0.40 per year . kwh , figur energi island 0.46-0.49 kr . kwh . cowi report mention area updat , partli base 'new inform interest part area partli base chang prerequisit financi calcul ' . » polit assign also provid seek opportun establish one -call energi islands/hub marin area outsid cover 2018 finescreen . establish energi islands/hub open possibl build significantli offshor wind farm new area , ” write cowi . still desir tradit offshor wind turbin accord martin risum bøndergaard , polit head sector commun wind , wind denmark , surpris cowi come conclus cheaper build individu park closer land . “ cours , also taken account polit , continu focu get cheapest possibl offshor wind build individu park , also invest big vision energi island thu creat opportun util sea -win resourc land could export green energi rest europ , ” say . martin risum bøndergaard believ unwis folket choos `` put offshor wind turbin egg basket '' focus exclus energi island wave goodby three offshor wind farm energi agreement 2018 . » make offshor wind expens necessari , say goodby realli attract cheap offshor wind farm , good compar desir also govern denmark strong new technolog energi storag - convers via so-cal power-to-x , use energi wind convert hydrogen liquid fuel , ” say . director council green chang clau ekman also hope govern maintain plan establish cost -effect offshor wind turbin . wonder last year , financ act alloc million investig energi island , govern announc must establish 2030 without present result investig . “ govern hope two energi island 2030 instead actual get offshor wind , still specif propos financ fix date tender . hurri , typic take six , seven eight year , polit decis offshor wind turbin project finish , ” say . clau ekman believ get suffici gw offer 2030 gw offer tradit offshor wind farm . “ time , make sens look horizon , long term clarifi economi - time right - establish energi island begin . think much govern signal , fine focu make energi island , prematur announc want 2030 . nice signal , govern becom concret , ” say . brand new era part first part climat action plan , govern announc want establish two energi island offshor wind deliv 4 gw offshor wind twice much erect today . littl specif , propos establish two energi island 2030 : one north sea ​​2 gw room least 10 gw long term one baltic sea ​​2 gw . energi island must produc electr , also long term abl connect technolog store transform green current , exampl , fuel ( so-cal power-to-x ” ) . climat minist dan jørgensen ( ) said press releas connect present climat action plan `` establish world 's first two energi island begin whole new era danish wind adventur '' . “ massiv increas amount offshor wind , time make possibl use green power tank truck , cargo ship aircraft . present packag provid co2 reduct short term put develop trace climate-neutr denmark futur , ” explain .",2.0
,2020-06-10 00:00:00,Rådgiver om power-to-x: Samspil mellem vind og elektrolyseanlæg bliver svært,Ingeniøren,Link,"technic advisor partnership behind ambiti power-to-x project greater copenhagen , cowi primarili see project new link alreadi exist technolog interact variabl electr suppli offshor wind farm , stabl fuel product deliveri district heat major challeng come design larg power-to-x plant . explain technic manag jepp grue cowi , select technic advisor larg power-to-x vision , recent launch , among other , ørsted , maersk copenhagen airport . `` big challeng lie get power-to-x system run flexibl , play electr heat system absorb larg variat electr product renew energi sourc natur offer , '' point point add intermedi store hydrogen probabl need make come togeth . next ten year , larg power-to-x project establish product first green hydrogen later green fuel methanol jet fuel ( kerosi ) aircraft maritim transport basi electrolysi . engin tri put figur big project , much simpli set clarifi yet . run three stage howev , technic manag jepp grue would like explain much individu technolog play togeth : » individu element project exist well -known technolog . task combin best possibl way new way time scale solut industri scale , ” say , ad electrolysi project alreadi exist around world typic much smaller . project run three stage . first stage implement 2023 consist 10 mw electrolysi system produc green hydrogen direct use buse truck . plant place greater copenhagen , ørsted alreadi smaller hydrogen project along way 2 mw electrolysi capac avedøreværket . second stage realiz 2027 includ electrolysi system 250 mw . hydrogen produc must combin collect sustain co2 point sourc greater copenhagen , methanol produc maritim transport persist jet fuel ( e-kerosin ) aviat sector . final , third stage electrolysi capac increas 1.3 gw 2030 . plant abl produc 250,000 tonn sustain fuel annual use buse , truck , ship aircraft . correspond 30 per cent . fuel refuel copenhagen airport . power 3 gw offshor wind power electrolysi process come offshor wind farm - 2027 new offshor wind farm bornholm 2 gw , govern propos . order suppli 1.3 gw electrolysi capac , accord project partner , project partner requir 3 gw offshor wind turbin capac , project partner therefor propos park expand . ask ørsted capac larg , explain fact wind turbin run time . ørsted expect offshor wind farm produc full pressur 47 per cent . time . anoth thing need clarifi type electrolysi use hydrogen product : alkalin electrolysi , pem electrolysi soec , revers fuel cell . `` want get start quickli , natur us concentr avail technolog , lie alkalin electrolysi pem cell , '' explain jepp grue . energi loss 30-40 per cent . far energi loss electrolysi process concern , rule thumb 30 40 per cent , jepp grue point one must look effici entir plant togeth excess heat intend util district heat . find right physic locat plant also part cowi 's task , yet noth decid . ask ørsted , press offic confirm electrolysi technolog decid , also decid plant , probabl place avedør amag . green black co2 sourc abl fabric green methanol green jet fuel , green co2 sourc requir whether co2 sourc green depend whether co2 taken smoke burn fossil fuel , smoke biomass bioga . ørsted state yet stuck point sourc , like option co2 biomass power plant , wast -fire work combin . `` awar wast contain proport biolog base wast fossil -base share , relat end choos co2 wast -fire work , '' ørsted said email . project state 250,000 tonn green fuel could reduc co2 emiss 850,000 tonn co2 2030 replac correspond amount fossil fuel . comparison , report aviat climat partnership state danish aviat today emit dkk 3.2 million . tonn co2 ( foreign domest ) , project 's product thu abl reduc emiss aviat quarter aviat allow buy entir plant 's product green fuel . nice , expens build electrolysi system capac 1.3 gw electrolysi plant neither small cheap case . exampl , look , exampl , energi foundat 's 'roadmap electrif ' , price 1.3 gw electrolysi system associ offshor wind easili run dkk 24 billion . kroner acquisit , give hydrogen price 150 kr . gj . need produc methanol jetfuel , cost increas factor three . energinet write ' system perspect analysi 70 per cent . offshor wind 'from march year , ptx measur expect cost dkk 1,500-3,000 per year . ton save co2 . comparison , direct electrif costs-i use electr heat , transport industri dkk 300-1,500 per year . ton . accord climat council , climat partnership energi suppli signific focu power-to-x ( includ ccu ) due futur potenti , grossli estim cost ptx 5-7 billion . dkk reduct potenti dkk 1.9 million . tonn correspond shadow price dkk 2,600-3,700 per tonn . ton co2 .",
,2020-06-22 00:00:00,Bred klimaaftale indgået: Her er hovedelementerne,Ingeniøren,Link,"govern broad major folket enter climat agreement , togeth climat agreement wast , provid co2 reduct dkk 3.4 million . ton 2030 . almost eight hour negoti , began financ minist nicolai wammen ( ) sunday 17 , govern almost parti folket except new citizen agre monday night monday climat agreement green transit energi sector industri . total , agreement , togeth climat agreement wast agreement , result co2 reduct dkk 3.4 million . ton 2030 , accord fact climat , energi suppli ministri agreement . `` agreement today , denmark forefront green transit , time pave way green recoveri economi biggest long -term infrastructur invest ever , '' say financ minist nicolai wammen ( ) press releas . `` proud succeed make wide green deal get us closer reach climat target long term creat thousand danish green job , '' say . world 's first energi island establish agreement mean denmark , first countri world , start establish two energi island 2030 total 5 gw - one must bornholm capac 2 gw , artifici island built north sea capac 3 gw . addit , establish park 2 energi agreement 18 approx . 1 gw hesselø . ie total 6 gw offshor wind three time much denmark 's current amount offshor wind . addit produc electr , energi island must also connect long term technolog store transform green power green fuel , so-cal power-to-x . » establish world 's first two energi island world 's biggest invest green fuel , denmark serious take global climat leadership . show rest world climat action financi recoveri go hand hand . pleas deal today would like say big thank parti behind agreement , ” say climat minist dan jørgensen ( ) press releas . addit , initi priorit ensur transit market -driven expans solar cell land wind . among thing , technolog neutral tender continu 2020 2021 . invest catch co2 power-to-x parti agre alloc correspond dkk 800 million . dkk annual phase 2024 pool target catch storag co2 . pool result reduct dkk 0.9 million . ton . co2 per year 2030 support solut captur co2 exampl industri use . time , state pool establish support establish power-to-x system larg scale total 100 mw , five time much capac largest plant found world today . green chang industri dkk 2.5 billion alloc . dkk 2020-30 form grant pool electrif energi effici industri . time , dkk 2.9 billion alloc . 2030 bioga green gase need especi industri green power use . effect use energi renov energi save requir state build 2030 fund alloc target energi effici effort , digit tool must support energi renov effort . measur build green hous agreement , dkk 30 billion alloc . dkk landsbyggefonden renov public hous suspens construct ceil municip region 2020 well grant green invest dkk 1 billion . dkk 2021 . green heat agreement contain relief tax green power heat increas charg black heat . tax laps complet electr -base surplu heat , e.g . surplu heat data center supermarket , surplu heat certifi subject similar agreement scheme ensur energi effici surplu heat supplier . agre provid support phase oil ga boiler well remov consum bond natur ga . requir district heat system must abl produc electr heat place , time , legal requir sustain introduc use wood diomass . specif , dkk 2.3 billion alloc . dkk replac oil natur ga stove green heat . heat packag reduc greenhous ga emiss dkk 0.7 million . ton co2 2030 . green transport remain fund 'pool green transport ' advanc implement 2020 2021 , addit dkk 50 million ad . dkk green transit transport . fund target , among thing . charg station , also heavi transport ferri . summer holiday 2020 , govern present total sector action plan transport , accord fact fact climat agreement . green tax reform parti agre green tax reform co2 tax , detail continu endur . summer holiday , look green tax reform , make attract choos green solut rather black . entir agreement found . correct : state one energi must establish 'at ' bornholm , inquiri attent reader , direct fact bornholm must energi island , also shown govern 's fact govern first part climat action plan .",
,2020-06-22 00:00:00,"Baggrund: Klimaaftale for energi og industri tager de første, nødvendige skridt",Ingeniøren,Link,"new climat agreement deliv larg co2 reduct , get `` fix '' wide rang formal obstacl , exampl , district heat , time long-term technolog track laid co2 reduct 3.4 million . tonn co2 2030 recent recalcul manko dkk 20 million . tonn - new climat agreement energi industri first glanc sound ambiti . least 3.4 million ton reduct includ 0.7 million . tonn co2 reduct wast agreement past contribut . look close content , agreement clean partli lot inconveni formal obstacl green transit bother mani year ; partli trace develop rollout import technologies-cc , ccu power-to-x-must help provid green solut sector commun electrifi . outdat barrier remov first foremost area ​​'green heat dane ' larg number outdat barrier clean district heat struggl . abolish -call cogener requir ( produc electr heat togeth ) counteract heat pump district heat ; fuel bond natur ga requir new district heat project match fossil altern socio -econom calcul . electr heat tax lower promot util surplu heat agreement say one abolish consum bind natur ga . privat consum , get replac oil natur ga stove heat pump , must done combin lower electr heat tax cash supplement replacement- perhap expand special loan scheme citizen lack financ option , politician agre investig need . surmølleloft remov industri , agreement contain grant energi effici convers energi consumpt fossil fuel electricity- especi intern transport agricultur manufactur industri . final , agreement contain new support regim bioga green gase 2024 form pool tender project must compet . particular , industri see green gase altern green energi suppli process fossil fuel replac electr . futur framework expans land wind sun establish extens energi agreement disagr , among thing , polit ceil number landmil new climat agreement postpon 2040 . time , agreement contain new settlement model -strøm - industri long call - well variou compens neighbor municip say ye wind turbin neighborhood . energi island 5 gw offshor wind long-term technolog track first made two much-talk energi island ; one north sea one bornholm . island must establish 2030 connect total 5 gw offshor wind ; among thing , third total three agre offshor wind farm energi agreement 2018 . island contribut small co2 reduct 2030 , consid import step toward large-scal offshor wind power , export includ supplier hydrogen product green fuel produc . prior agreement , govern critic delay offshor wind farm energi agreement 2018 part energi island . new agreement , determin park number two 2018 agreement acceler put oper hesselø 2027 . tender pool cc system cc ccu technolog , parti establish technology-neutr market-bas pool dkk 202 million . dkk 2024 - grow dkk 814 million 2029 forward . support must run 20 year parti must decid specif implement background govern . cc estim cc contribut dkk 0.9 million . tonn co2 reduct earli 2030 thu appar listen whole part climat council , highlight cc econom way reduc co2 emiss rather ccu ; co2 util product green fuel . far power-to-x technolog concern , parti would like establish partnership extern actor grant scheme state tender ptx plant , includ : must help reduc product cost green hydrogen . , howev , amount framework yet implement ; must done agreement parti basi propos govern , parti note agreement alreadi made netherland statist transfer road share , give proce least dkk 750 million . dkk , go financ grant scheme ptx project . lot analyz addit mani specif propos , agreement also contain promis prepar strategi present form basi new initi . exampl , total strategi co2 catch , storag use ( ccu ) ptx denmark must prepar . strategi must support spread green solut futur . govern must also present electrif strategi scenario begin 2021 , parti agre analysi possibl phase oil natur ga household heat must prepar . order forget larg eleph glass shop , name green tax reform govern agre take agreement great pressur . state green tax reform , gener price climat ga emiss , must `` one main engin reduc co2e emiss part danish societi without citizen compani pay tax result reform . '' govern must prepar propos green tax reform conven negoti fall 2020 . agreement 's initi cost $ 22.5 billion . kroner , priorit year 2030 . dkk 3.1 billion dkk financ via reserv dkk 6.0 billion . dkk financ via pool , -prioriti , etc. , rest - dkk 13.4 billion . dkk - handl overal organ financi expenditur polici . good pre-exercis new agreement cours critic ; green organ ambiti enough trade associ lack hint provid certainti thu enough secur time investor green technolog . worth reminisc current climat agreement number two seri sector action plan , accord climat act , must show reach 70 percent climat target 2030 . also worth rememb , accord latest basic project , collect suppli heat account 5 percent total co2 emiss 2030 , busi industri account 20 per cent . , politician still benefit go meat sector larg emiss 2030 , name transport agricultur , forest land use , total 69 per cent . project discharg 2030 . climat agreement energi industri certainli seen observ exercis prior larg sword agricultur , transport forest .",
,2020-10-19 00:00:00,Banebrydende havbaseret elnet går i prøvedrift tirsdag,Ingeniøren,Link,"project expect commerci oper sometim decemb . system form school net connect energi island futur . two energi minist eu commission tuesday inaugur new groundbreak sea -base electr grid , `` krieger flak combin grid solut '' ( cg ) , net yet offici put commerci oper ; happen mid -decemb . instead , two month sampl oper electr grid start , transfer capac 400 mw . , energinet german partner , 50 hertz , must test featur innov throughout project : connect cabl one danish two german offshor wind farm use transport electr countri blow . system form school net connect energi island govern agreement parti decid work . `` need test system - basi wind forecast - must abl predict transport capac countri offer electr market , '' say project manag per obbekjær energinet . expect abb transfer convert system today tomorrow project partner , test start , expect take month . use contek cabl test '' fortun , anoth cabl germani denmark , name contest cabl , includ test way , exampl , want tri send certain amount effect invert north , similarli turn effect context cabl , way market notic differ , ” explain . test must perform collabor energinet 's control center skærbæk 50 hertz 'in berlin . eastern denmark germani belong synchron council necessari establish doubl convert plant exist transform station bentwisch near rostock northern germani . one convert system chang altern current nordic electr system dc . second convert system chang direct current back ac , synchron european electr system . export germani denmark , opposit happen . back-to back gave troubl so-cal back-to-back system abb deliv technic challeng past . , accord per obbekjær , problem overcom plant readi hand . krieger flak offshor wind farm , get total power 600 mw , connect danish electr grid two piec . 220 kilovolt cabl , german park baltic 2 connect german electr grid 150 kilovolt cabl . differ voltag level mean also need establish 150/220 kilovolt transform station sea , built close one two danish offshor transform station krieger flak combin grid solut cost dkk 2.25 billion . kroner , half paid eu .",
,2020-11-18 00:00:00,Lækkede dokumenter: EU sigter mod 2500 procent vækst i havmøller i 2050,Ingeniøren,Link,"european commiss aim 300 gw offshor wind 2050 , requir whole new framework invest 789 billion euro , accord leak document . `` commiss estim 2050 instal capac 300 gw offshor wind ( 60 gw havenergi ) need integr , greener climat -neutral energi system 2050 . '' state leak document eu commiss 's strategi offshor product renew energi , media euractiv publish . euractiv expect european commiss present strategi thursday 19 novemb . leak strategi show europ `` unmatch technolog , scientif industri experi '' strong capac throughout suppli chain manufactur deliveri instal . “ nevertheless , 's challeng horizon . mean offshor renew energi capac must 25 time higher 2050 . necessari invest estim 789 billion euro , 'it say . seen similarli total european offshor capac today 23 gw , 3 gw instal year . current polici plan instal , result 90 gw 2050 . speed , increas 2500 percent 2050 requir number 'legisl practic obstacl ' overcom , document state . `` go 300 gw wind 60 gw garden energi mean massiv chang sector scale less 30 year speed seen similar previou energi technolog , '' say . european commiss therefor propos new eu strategi reach 60 gw offshor wind 1-3 gw garden energi 2030 , pave way reach target 2050 . hybrid project european commiss propos member state must cooper larger offshor wind turbin project form 'hybrid project ' , eu law area today make agreement countri complic . european commiss mention offshor wind farm 'krieger flak ' baltic sea connect denmark germani hybrid project current transit arrang due lack eu law . `` innov project energi island 'hybrid project ' face special challeng current framework develop project mind , ' state . commiss therefor propos framework hybrid project , must 'intermedi step nation project smaller scale fulli integr offshor energi system network ' . china challeng today , total 5,047 european offshor wind turbin total capac 23 gw across 12 countri includ uk leav eu januari . uk europ 's largest offshor wind turbin capac 45 percent total capac , follow germani 34 percent denmark 8 percent . belgium netherland account 7 5 percent total european offshor wind turbin capac . even though europ world 's leader offshor wind energi , leadership challeng china india , `` almost half global offshor wind invest 2018 occur china , '' accord leak document european commiss . correct : previous , eu aim increas 250 percent 2050 . 's mistak . increas 2500 percent compar today . 25 time . thank attent reader made attent error . correct : juli 2 , 2021 : earlier said : `` today gener 5,047 european offshor wind turbin total 23 gw year across 12 countri includ uk left eu januari . '' mistak correct , sinc capac product .",
,2020-11-23 00:00:00,World Economic Forum: Alle fly kan flyve på bæredygtige brændstoffer i 2030,Ingeniøren,Link,"kommunalt affald og restprodukt fra landbruget find rigelig mængder til , der hvert år kan producer 500 million ton bæredygtig flybrændstoff . danmark kan blive markedsled . 2019 stod flyindustrien omkr tre procent af de samled menneskeskabt co2-udledn . men der find material nok til , der allered 2030 kan producer bæredygtig flybrændstoff til opfyld hele den global flyindustri behov . det melder world econom forum ( wef ) forbindels med rapporten ‘ clean ski tomorrow : sustain aviat fuel pathway net-zero aviat ’ . hybridelektriske- og brintfli kan også hjælpe flyindustrien med nedbring sin co2-udledn , men det tager 10-20 år , før de udvikl og implementer på større skala . bæredygtig flybrændstoff udgør derfor den mest lovend løsning på kort sigt , lyder det . material som kommunalt affald og restprodukt fra landbruget find rigelig mængder til , der hvert år kan producer 500 million ton bæredygtig flybrændstoff , hvilket skønne være den samled flyindustri behov 2030 . der find dog en række barrier , der skal overvind , før produktionen af bæredygtig flybrændstoff bliver attraktiv og nærmer sig prisen på de fossil brændstoffer . én procent af behovet 2030 2019 blev der produceret mindr end 200.000 metrisk ton bæredygtig flybrændstoff . produktionen udgjord derm en meget lill del af de kommerciel flyselskab samled forbrug på omkr 300.000 million ton brændstof . som det ser ud med de nuværend kapacitetsinvestering bæredygtig flybrændstoff , så kommer produktionen af til ligg på fire million ton årligt 2030 , hvilket svarer til blot omkr én procent af behovet flybrændstoff 2030 . ifølg world econom forum kræver overgangen til bæredygtig flybrændstoff først og fremmest , produktionen opskaler , der udvikl nye teknologi , og der indgå » betydelig samarbejd « . det påpege , den største udfordr dett bliver udvikl de nødvendig kommerciel og finansieringsmæssig tiltag , incitament og regulering . klassisk catch-22 land med lave priser på vedvarend energi og let adgang til råmaterial kan dog ifølg world econom forum afdelingschef transportindustrien , christoph wolff , udnytt den aktuel coronakris til blive førend producent af de bæredygtig flybrændstoff . » de strukturel ændringer , der sker branchen , er en muligh genopbygg og overgå til en lav-kulstof fremtid og imødekomm forbrugern bæredygtighedskrav , « udtal christoph wolff en pressemeddelels fra world econom forum . dag koster bæredygtig flybrændstoff omkr det dobbelt af konventionel flybrændstoff , men hvi produktionen opskaler , kommer prisen til fald , lyder det fra daniel riefer , der er luftfartsekspert mckinsey & compani , der har været med til udarbejd rapporten . han påpeger , der gælder det samm catch-22-problem , som man oplev andr diskussion om overgangen til vedvarend energiform , hvor den utilstrækkelig produkt holder prisen pr . enh opp , og de høje priser igen holder efterspørgslen nede . » nogl strukturel løsninger kan føre vej ud ad den blindgyd - b2b-kontrakt , prioritered luftfarts- og lufthavnsafgiftstruktur og så vider . det vil give brændstofproducent den nødvendig støtte til invester produktionskapacitet , « siger daniel riefer . selvom prisen på bæredygtig flybrændstoff falder , så vil de 2030 fortsat være dyrer producer end fossil brændstoffer , men denn forskel kan udlign ved stigend priser på kulstof , fremgår det af rapporten fra world econom forum . danmark kan være markedsled ifølg luftfarten klimapartnerskab afrapport til regeringen fra maj år har danmark en » oplagt muligh være markedsled omstillingen « , og » vi kan udvikl os til blive producent af bæredygtig brændstoffer , fremfor bare være konsument « . klimapartnerskabet foreslår , der etabler en klimafond til stimuler udbud og efterspørgsel efter bæredygtig brændstoffer , og som skal finansier hovedparten af meromkostningern forbundet med denn grønne omstilling. » ved stimuler udbud og efterspørgsel efter bæredygtigt brændstof kan luftfarten sålede være trækkraft grønne investering danmark , hvilket vil skabe flere arbejdsplads samt dann grundlag balanc af el-systemet og effekt sektorkobling med landbruget , affalds- og plastsektoren o.l , « fremgår det af rapporten . kæmpeanlæg storkøbenhavn maj meldt et nyt partnerskab med ørsted spidsen ud , de 2023 vil være klar med første del af et anlæg på 10 mw , som kan producer bæredygtig brændsler baseret på strøm fra vindmøller . anlægget skal placer storkøbenhavn og blandt andet forsyn med energi fra den kommend energiø ud bornholm . når anlægget er fuldt udbygget 2030 , vil der være brug 1.300 mw el og produktionen af brændsler vil ligg på cirka 250.000 ton årligt . derm vil de kunn erstatt fossil brændsler til vej- , sø- og lufttransport og spare atomosfæren 850.000 ton co2 årligt , skrev ørsted en pressemeddelels . 2019 stod flyindustrien omkr tre procent af de samled menneskeskabt co2-udledn . men der find material nok til , der allered 2030 kan producer bæredygtig flybrændstoff til opfyld hele den global flyindustri behov . det melder world econom forum ( wef ) forbindels med rapporten ‘ clean ski tomorrow : sustain aviat fuel pathway net-zero aviat ’ . artiklen fortsætter efter annoncen læ også : transportminist taler flyvningen klimakonsekvens ned hybridelektriske- og brintfli kan også hjælpe flyindustrien med nedbring sin co2-udledn , men det tager 10-20 år , før de udvikl og implementer på større skala . bæredygtig flybrændstoff udgør derfor den mest lovend løsning på kort sigt , lyder det . material som kommunalt affald og restprodukt fra landbruget find rigelig mængder til , der hvert år kan producer 500 million ton bæredygtig flybrændstoff , hvilket skønne være den samled flyindustri behov 2030 . der find dog en række barrier , der skal overvind , før produktionen af bæredygtig flybrændstoff bliver attraktiv og nærmer sig prisen på de fossil brændstoffer . én procent af behovet 2030 2019 blev der produceret mindr end 200.000 metrisk ton bæredygtig flybrændstoff . produktionen udgjord derm en meget lill del af de kommerciel flyselskab samled forbrug på omkr 300.000 million ton brændstof . artiklen fortsætter efter annoncen ing/jobfinderchevron_right opret jobannonc tilpa natur energi senior project manag - permit & project leadership viegand maagø a/ erfaren elingeniør til implement af industriel energisystem og opbygn af el-team genitor ap viborg kommun søger ny direktør teknik og miljø priess a/ technic project manag til energiforsyn biofo bliv chef asset manag og led gennem analys , kommunik og nysgerrigh teknologisk institut compliance-ingeniør - gern med erfar inden atex sweco danmark a/ vil du være med til form fremtiden ho sweco esbjerg ? aabenraa kommun projektleder til vejanlæg aabenraa kommun sweco danmark a/ oper hse specialist inden anlæg og infrastruktur fluidan ap instrument technologist – uniqu process instrument danmark teknisk universitet dtu associ professor dtu tenur track assist professor water suppli water distribut system - dtu sustain aarhu maskinmesterskol aarhu maskinmesterskol søger engagered nye kollega med kompetenc inden håndværk , teknik og autom danmark teknisk universitet dtu associ professor dtu tenur track assist professor sustain assess water infrastructur - dtu sustain fluidan ap applic specialist / rheolog danmark teknisk universitet dtu associ professor dtu tenur track assist professor data aquisit water system - dtu sustain inteka rådgivend ingeniør ap dygtig og engageret ingeniør med specialis inden konstruktion til vore voksend team novafo a/ koordinerend dataspecialist – sæt dit præg på fremtiden anlægsdata på afløbsområdet forsvarsministeriet frisk ingeniør til forsvaret nye f-35a kampfli fort worth usa novafo a/ bi-dataspecialist til analys , rapport og formidl på afløbsområdet man energi solut mechan engin sweco danmark a/ ventilationsspecialist til eksisterend byggeri og special petri & haugst a/ petri & haugst søger nyuddanned ingeniør trelleborg seal solut denmark a/ qualiti inspector & measur specialist sweco danmark a/ el-ingeniør med foku på forsyn viegand maagø a/ mekanisk specialist til fremtiden industriel energisystem isc rådgivend ingeniør a/ erfaren maskinmest eller hvac-ingeniør søge til installationsafdel sweco danmark a/ teamchef til geoteknisk afdel hofor teknisk kunderådgiv eller specialist til fjernvarm sweco danmark a/ geofysik til silkeborg satlab a/ mixed-sign hardwar develop engin teknologisk institut centerchef fødevareteknolog sweco danmark a/ oper hse specialist inden anlæg og infrastruktur teknologisk institut konsul inden asbestrådgivn og selektiv nedrivn geopal system a/ er du vore næste elektroingeniør ? banedanmark teknisk specialist til strømområdet ved jernbanen gladsax kommun projektled , der vil arbejd med grøn omstil og transform professionshøjskolen absalon adjunkt eller lektor til diplomingeniøruddannelsen bioteknolog region midtjylland medicoteknisk rådgiver med erfar inden laboratorieområdet sweco danmark a/ projekterend bim kyndig ikt-led teknologisk institut ingeniør til rådgivnings- og certificeringsopgav inden ce-mærkn skanderborg kommun vejingeniør til anlægsprojekt sweco danmark a/ fagligt dygtig vvs-medarbejd genitor ap provard og vard kommun søger en strategisk erhvervspartn sweco danmark a/ energiingeniør/kølespecialist til udfordrend energiprojekt energinet experienc overhead line engin nexel afdelingsled til området relæer , rtu og dokument sweco danmark a/ projektled søge til byggeri aalborg – byg fremtiden med os ! isc rådgivend ingeniør a/ erfaren vvs- og ventilationsingeniør til installationsafdel energinet power system specialist transient analys isc rådgivend ingeniør a/ lead specialist hvac til vore installationsafdel natur energi senior project manag - permit & project leadership viegand maagø a/ erfaren elingeniør til implement af industriel energisystem og opbygn af el-team genitor ap viborg kommun søger ny direktør teknik og miljø priess a/ technic project manag til energiforsyn biofo bliv chef asset manag og led gennem analys , kommunik og nysgerrigh teknologisk institut compliance-ingeniør - gern med erfar inden atex sweco danmark a/ vil du være med til form fremtiden ho sweco esbjerg ? aabenraa kommun projektleder til vejanlæg aabenraa kommun sweco danmark a/ oper hse specialist inden anlæg og infrastruktur fluidan ap instrument technologist – uniqu process instrument danmark teknisk universitet dtu associ professor dtu tenur track assist professor water suppli water distribut system - dtu sustain aarhu maskinmesterskol aarhu maskinmesterskol søger engagered nye kollega med kompetenc inden håndværk , teknik og autom danmark teknisk universitet dtu associ professor dtu tenur track assist professor sustain assess water infrastructur - dtu sustain fluidan ap applic specialist / rheolog danmark teknisk universitet dtu associ professor dtu tenur track assist professor data aquisit water system - dtu sustain inteka rådgivend ingeniør ap dygtig og engageret ingeniør med specialis inden konstruktion til vore voksend team novafo a/ koordinerend dataspecialist – sæt dit præg på fremtiden anlægsdata på afløbsområdet forsvarsministeriet frisk ingeniør til forsvaret nye f-35a kampfli fort worth usa novafo a/ bi-dataspecialist til analys , rapport og formidl på afløbsområdet man energi solut mechan engin sweco danmark a/ ventilationsspecialist til eksisterend byggeri og special petri & haugst a/ petri & haugst søger nyuddanned ingeniør trelleborg seal solut denmark a/ qualiti inspector & measur specialist sweco danmark a/ el-ingeniør med foku på forsyn viegand maagø a/ mekanisk specialist til fremtiden industriel energisystem isc rådgivend ingeniør a/ erfaren maskinmest eller hvac-ingeniør søge til installationsafdel sweco danmark a/ teamchef til geoteknisk afdel hofor teknisk kunderådgiv eller specialist til fjernvarm sweco danmark a/ geofysik til silkeborg satlab a/ mixed-sign hardwar develop engin teknologisk institut centerchef fødevareteknolog sweco danmark a/ oper hse specialist inden anlæg og infrastruktur teknologisk institut konsul inden asbestrådgivn og selektiv nedrivn geopal system a/ er du vore næste elektroingeniør ? banedanmark teknisk specialist til strømområdet ved jernbanen gladsax kommun projektled , der vil arbejd med grøn omstil og transform professionshøjskolen absalon adjunkt eller lektor til diplomingeniøruddannelsen bioteknolog region midtjylland medicoteknisk rådgiver med erfar inden laboratorieområdet sweco danmark a/ projekterend bim kyndig ikt-led teknologisk institut ingeniør til rådgivnings- og certificeringsopgav inden ce-mærkn skanderborg kommun vejingeniør til anlægsprojekt sweco danmark a/ fagligt dygtig vvs-medarbejd genitor ap provard og vard kommun søger en strategisk erhvervspartn sweco danmark a/ energiingeniør/kølespecialist til udfordrend energiprojekt energinet experienc overhead line engin nexel afdelingsled til området relæer , rtu og dokument sweco danmark a/ projektled søge til byggeri aalborg – byg fremtiden med os ! isc rådgivend ingeniør a/ erfaren vvs- og ventilationsingeniør til installationsafdel energinet power system specialist transient analys isc rådgivend ingeniør a/ lead specialist hvac til vore installationsafdel natur energi senior project manag - permit & project leadership viegand maagø a/ erfaren elingeniør til implement af industriel energisystem og opbygn af el-team genitor ap viborg kommun søger ny direktør teknik og miljø priess a/ technic project manag til energiforsyn biofo bliv chef asset manag og led gennem analys , kommunik og nysgerrigh teknologisk institut compliance-ingeniør - gern med erfar inden atex sweco danmark a/ vil du være med til form fremtiden ho sweco esbjerg ? aabenraa kommun projektleder til vejanlæg aabenraa kommun sweco danmark a/ oper hse specialist inden anlæg og infrastruktur fluidan ap instrument technologist – uniqu process instrument danmark teknisk universitet dtu associ professor dtu tenur track assist professor water suppli water distribut system - dtu sustain aarhu maskinmesterskol aarhu maskinmesterskol søger engagered nye kollega med kompetenc inden håndværk , teknik og autom danmark teknisk universitet dtu associ professor dtu tenur track assist professor sustain assess water infrastructur - dtu sustain fluidan ap applic specialist / rheolog danmark teknisk universitet dtu associ professor dtu tenur track assist professor data aquisit water system - dtu sustain inteka rådgivend ingeniør ap dygtig og engageret ingeniør med specialis inden konstruktion til vore voksend team novafo a/ koordinerend dataspecialist – sæt dit præg på fremtiden anlægsdata på afløbsområdet forsvarsministeriet frisk ingeniør til forsvaret nye f-35a kampfli fort worth usa novafo a/ bi-dataspecialist til analys , rapport og formidl på afløbsområdet man energi solut mechan engin sweco danmark a/ ventilationsspecialist til eksisterend byggeri og special petri & haugst a/ petri & haugst søger nyuddanned ingeniør trelleborg seal solut denmark a/ qualiti inspector & measur specialist sweco danmark a/ el-ingeniør med foku på forsyn viegand maagø a/ mekanisk specialist til fremtiden industriel energisystem isc rådgivend ingeniør a/ erfaren maskinmest eller hvac-ingeniør søge til installationsafdel sweco danmark a/ teamchef til geoteknisk afdel hofor teknisk kunderådgiv eller specialist til fjernvarm sweco danmark a/ geofysik til silkeborg satlab a/ mixed-sign hardwar develop engin teknologisk institut centerchef fødevareteknolog sweco danmark a/ oper hse specialist inden anlæg og infrastruktur teknologisk institut konsul inden asbestrådgivn og selektiv nedrivn geopal system a/ er du vore næste elektroingeniør ? banedanmark teknisk specialist til strømområdet ved jernbanen gladsax kommun projektled , der vil arbejd med grøn omstil og transform professionshøjskolen absalon adjunkt eller lektor til diplomingeniøruddannelsen bioteknolog region midtjylland medicoteknisk rådgiver med erfar inden laboratorieområdet sweco danmark a/ projekterend bim kyndig ikt-led teknologisk institut ingeniør til rådgivnings- og certificeringsopgav inden ce-mærkn skanderborg kommun vejingeniør til anlægsprojekt sweco danmark a/ fagligt dygtig vvs-medarbejd genitor ap provard og vard kommun søger en strategisk erhvervspartn sweco danmark a/ energiingeniør/kølespecialist til udfordrend energiprojekt energinet experienc overhead line engin nexel afdelingsled til området relæer , rtu og dokument sweco danmark a/ projektled søge til byggeri aalborg – byg fremtiden med os ! isc rådgivend ingeniør a/ erfaren vvs- og ventilationsingeniør til installationsafdel energinet power system specialist transient analys isc rådgivend ingeniør a/ lead specialist hvac til vore installationsafdel navigate_beforenavigate_next som det ser ud med de nuværend kapacitetsinvestering bæredygtig flybrændstoff , så kommer produktionen af til ligg på fire million ton årligt 2030 , hvilket svarer til blot omkr én procent af behovet flybrændstoff 2030 . læ også : flystrib skader klimaet mere end flyen co2 – og det bliver kun værre ifølg world econom forum kræver overgangen til bæredygtig flybrændstoff først og fremmest , produktionen opskaler , der udvikl nye teknologi , og der indgå » betydelig samarbejd « . det påpege , den største udfordr dett bliver udvikl de nødvendig kommerciel og finansieringsmæssig tiltag , incitament og regulering . klassisk catch-22 land med lave priser på vedvarend energi og let adgang til råmaterial kan dog ifølg world econom forum afdelingschef transportindustrien , christoph wolff , udnytt den aktuel coronakris til blive førend producent af de bæredygtig flybrændstoff . hvad skete der ved crowdstrike-nedbruddet ? webinar hvad skete der ved crowdstrike-nedbruddet ? it-sikkerh » de strukturel ændringer , der sker branchen , er en muligh genopbygg og overgå til en lav-kulstof fremtid og imødekomm forbrugern bæredygtighedskrav , « udtal christoph wolff en pressemeddelels fra world econom forum . dag koster bæredygtig flybrændstoff omkr det dobbelt af konventionel flybrændstoff , men hvi produktionen opskaler , kommer prisen til fald , lyder det fra daniel riefer , der er luftfartsekspert mckinsey & compani , der har været med til udarbejd rapporten . læ også : kæmpeanlæg storkøbenhavn skal producer 250.000 ton flydend bæredygtig brændstoffer han påpeger , der gælder det samm catch-22-problem , som man oplev andr diskussion om overgangen til vedvarend energiform , hvor den utilstrækkelig produkt holder prisen pr . enh opp , og de høje priser igen holder efterspørgslen nede . artiklen fortsætter efter annoncen » nogl strukturel løsninger kan føre vej ud ad den blindgyd - b2b-kontrakt , prioritered luftfarts- og lufthavnsafgiftstruktur og så vider . det vil give brændstofproducent den nødvendig støtte til invester produktionskapacitet , « siger daniel riefer . selvom prisen på bæredygtig flybrændstoff falder , så vil de 2030 fortsat være dyrer producer end fossil brændstoffer , men denn forskel kan udlign ved stigend priser på kulstof , fremgår det af rapporten fra world econom forum . danmark kan være markedsled ifølg luftfarten klimapartnerskab afrapport til regeringen fra maj år har danmark en » oplagt muligh være markedsled omstillingen « , og » vi kan udvikl os til blive producent af bæredygtig brændstoffer , fremfor bare være konsument « . klimapartnerskabet foreslår , der etabler en klimafond til stimuler udbud og efterspørgsel efter bæredygtig brændstoffer , og som skal finansier hovedparten af meromkostningern forbundet med denn grønne omstil . nis2 : sådan implementer du art . 21 om håndhævels webinar nis2 : sådan implementer du art . 21 om håndhævels nis2 » ved stimuler udbud og efterspørgsel efter bæredygtigt brændstof kan luftfarten sålede være trækkraft grønne investering danmark , hvilket vil skabe flere arbejdsplads samt dann grundlag balanc af el-systemet og effekt sektorkobling med landbruget , affalds- og plastsektoren o.l , « fremgår det af rapporten . kæmpeanlæg storkøbenhavn maj meldt et nyt partnerskab med ørsted spidsen ud , de 2023 vil være klar med første del af et anlæg på 10 mw , som kan producer bæredygtig brændsler baseret på strøm fra vindmøller . anlægget skal placer storkøbenhavn og blandt andet forsyn med energi fra den kommend energiø ud bornholm . læ også : kæmpeanlæg storkøbenhavn skal producer 250.000 ton flydend bæredygtig brændstoffer når anlægget er fuldt udbygget 2030 , vil der være brug 1.300 mw el og produktionen af brændsler vil ligg på cirka 250.000 ton årligt . derm vil de kunn erstatt fossil brændsler til vej- , sø- og lufttransport og spare atomosfæren 850.000 ton co2 årligt , skrev ørsted en pressemeddelels . sådan optimer du bygning elforbrug sponseret brief sådan optimer du bygning elforbrug elforsyn » vore vision om producer bæredygtig brændstoffer storkøbenhavn vil give os den nødvendig opskal til industriel skala , som skal til reducer omkostningern til produkt af vedvarend brændstoffer så meget , de kan konkurrer med fossil brændstoffer . med de rett politisk rammer på plad vil dett projekt kunn være et afgørend skridt fremad produktionen af bæredygtig brændstoffer danmark , hvilket vil styrk danmark global førerposit inden teknologi og forretningsmodel , der kan sikr en bæredygtig fremtid , « lød det fra henrik poulsen , der er administrerend direktør ørsted . brændstof af gyll og madaffald forsker fra syddansk universitet konkluder rapporten en forundersøgels af bæredygtigt flybrændstof fra maj 2019 , det allered om få år er muligt producer bæredygtig flybrændstoff fra blandt andet gyll og madaffald . undersøgelsen vist , teknologien er på plad til , metan kan omdann til bæredygtig flydend brændstoffer til fli og anden tung trafik , og det første anlæg til fremstil af 100 procent grønt flybrændstof kan stå færdigt 2025 . » prisen på det grønne brændstof ser ud til blive til tre gang dyrer end det fossil brændstof . men da brændstofudgiften kun udgør 25-30 procent af billetprisen , betyd det ikk , billetprisen stiger lige så meget , « lød det fra førsteforfatt på rapporten om grønt flybrændstof , ander winther mortensen fra sdu livscykluscent , en pressemeddelels . det dansk anlæg skull anvend gassen , der skabe landet biogasanlæg , fra afgasn af gyll og madaffald . denn bioga består af metan , der lede ud naturgasnettet og varmer huse op , men består også af co2 , der ryger direkt ud af skorstenen . » metan fra afgasset gyll og halm er ikk nok til dække vore brændstofbehov . men co2 ’ en fra biogassen kan komm til hjælp . vi kan omdann co2 til metan ved tilfør brint produceret fra vind- og solenergi , « lød det fra ander winther mortensen . metangassen kan omdann til flydend brændstoffer , som man kan hælde direkt flytanken gennem en kemisk proce , der kald fischer-tropsch . det er en gammel teknolog , der blev opfundet 1923 af de tysk kemiker franz fischer og han tropsch . teknikken har været anvendt af nation , som har været ramt af olieembargo . metoden blev blandt andet brugt anden verdenskrig af tyskern og apartheid-regimet sydafrika .",
,2020-11-26 00:00:00,Ordførere: Minister skal afklare skæbne for strandet havvindpark ved Bornholm,Ingeniøren,Link,"politician decid offshor wind turbin energiø bornholm stand 20 km coast . thu , danger local 100 mw project get way . monday , ministri climat , energi suppli announc new polit agreement locat offshor wind turbin two upcom energi island danish water . project north sea far outlin so-cal gross area , plan energi island baltic sea-which physic becom island bornholm itself-now becom complet solid . accord agreement , mill bornholm place 20 km south coast rønne . thu , mill larg state project definit come carambola anoth , local coastal coastal offshor wind project , set locat 8 10 km coast current strand plan energi island . “ met argument past could area conflict mill . announc , clearli clear . must right right leg dan jørgensen cancel coastal reserv , ” say hell munk ravnborg initi group initi group bornholm 's offshor wind farm , hell munk ravnborg . previous mention gridtech , citizen -anchor project bornholm merg 100 mw coastal offshor wind south coast rønne . project great local support , among other , municip council bornholm region municip local util compani well local busi . extern consult calcul project abl deliv competit kwh award , addit , 100 mw extra offshor wind help island tremend closer becom complet self-suffici electr . desir locat project hit old state area reserv , therefor bornholm appli danish energi agenc permiss conduct preliminari investig via so-cal open-door scheme . requir solut denmark 's sea area reserv made 2015 connect suppli coastal offshor wind sinc maintain minist energi lar christian lilleholt ( v ) use futur tender . indic sit govern want print coastal suppli . thu , number obviou offshor wind area current block , among other , sejerø bay , småland water , sæbi thu bornholm . ministri previous reject citizen ' initi rais land reserv , among thing , ground special treatment given area bornholm , solut would found provid equal condit entir danish sea area . hell munk ravnborg therefor hope dan jørgensen , togeth danish energi agenc , investig condit possibl abolish coastal reserv . citizen ' initi even point , exampl , may requir withdraw project suffici local support . rapporteur answer minist also , folket 's energi mayor prepar put pressur minist facilit block area citizen-driven extens gain foothold sea . “ think project signific local support-which exactli one thing need green transition-of cours stand way-especi energi island project seem caramel local project , ” say carsten kissmey , energi spokesman left . `` convers minist project emphas good logic support local initi kind , '' say . also uniti list 's energi mayor søren egg rasmussen goe clear stone way local project : “ obvious , larg offshor wind farm place close bornholm , popular project would squeez . situat opportun popular project move . still outstand area reserv , one must abl find solut , ” say continu : '' repeatedli taken meet dan jørgensen consid answer given bornholm preliminari answer . , , question area overlap laid behind us . upcom meet follow get minist relat give bornholm properly. `` relat argument coastal offshor wind project risk undermin economi energi island increas suppli electr bornholm , point power would , start point , sent zealand . `` want take advantag power wind turbin someth seriou compar power-to-x , size excess heat process near larg heat area , capit , '' say continu : '' 's n't see two project collid front . '' carsten kissmey agre economi 20 time larger energi island project hardli threaten 100 mw park : '' n't believ right , project bornholm big , '' say .",-1.0
,2020-12-02 00:00:00,"Så går vi i gang: Forundersøgelser til energi-øer for 1,1 mia kroner",Ingeniøren,Link,"seab , sea view , unscrowl bomb . biggest feasibl studi energinet ever perform . request climat , energi suppli minist dan jørgensen ( ) , energinet embark preliminari investig two energi islands- one north sea one bornholm- politician summer 's climat agreement agre built 2030 . specif , energinet must prepar feasibl studi sea energi island north sea , consist artifici island construct , 3 gw offshor wind attach . come bornholm , energinet must prepar , start preliminari studi sea 2 gw offshor wind baltic sea west bornholm , offshor wind farm must connect . north sea locat come later differ lie fact politician recent design specif area offshor wind turbin west bornholm , north sea simpli design gross area promis next spring find exact locat , energinet start feasibl studi north sea . . energinet , preliminari investig project energi island becom largest project ever complet : » huge feasibl studi project . alon sea , energinet must examin area togeth fill much approx . three time bornholm area . wind farm , cabl facil energi island cross jumbl sail rout , fish area , alreadi plan offshor wind area , mine area world war much , ” say hann storm edlefsen , vice presid chief respons energinet 's work energi island press releas . land , energinet plan plant connect energi island energi system land bornholm , zealand west jutland municip . price : 1.1 billion kroner accord energinet , feasibl studi cost dkk 230 million . dkk per gw wind power thu total cost preliminari survey two energi island amount dkk 1.15 billion . kroner . `` everyth also includ , '' say project manag preliminari investig , jen larsen energinet . energinet 's feasibl studi , gener , consist strateg environment assess base plan two energi island deliv danish energi agenc . strateg environment assess includ assess plan 's environment impact sea land , impact assess natura 2000 area visibl analyz whose offshor wind farm seen land . feasibl studi also consist geotechn geophys studi seab connect energi island , offshor wind farm cabl connect , includ foreign connect . exampl , locat explod grenad seab . must finish 2024 land , energinet must design point connect electr land establish plant . energinet respons prepar plan basi technic facil engag dialogu relev municip land reserv area futur power-to-x batteri plant . energinet must also conduct supplementari studi marin environ addit requir set strateg environment assess . studi includ , among thing , bird , marin mammal well fish , fish sail safeti . archeolog seab must also involv , includ least area north sea , jutland battl took place 1916 . final , energinet must matur develop foreign connect collabor tso cooper countri agreement made . feasibl studi must complet first half 2024 , potenti bidder offer offer actual construct plant energi island consist .",
,2020-12-16 00:00:00,Danmark i samarbejde med Tyskland og Holland om energiøer,Energy Supply,Link,"climat , energi suppli minist dan jørgensen sign declar cooper energi island minist germani netherland , energinet write press releas . declar import step toward fulfil polit desir energi island associ countri denmark . declar also mark begin energinet 's work matur develop foreign connect collabor tso cooper countri conclud . - energinet , excit denmark sign statement germani netherland energi island , say hann storm eldlefsen , vice presid energinet add : - two energi island north sea baltic sea realiz strong intern cooper , declar import step toward establish energi island , vital next step offshor wind larg scale thu green transit europ world . two statement , countri jointli dedic conduct number complic studi energi island offshor wind expand least electr foreign connect island connect countri ' energi system . use electr offshor wind hydrogen green fuel also mention central topic . energi climat measur european union mention statement background cooper , includ goal climat neutral 2050 european strategi offshor offshor wind . statement germani also specif note danish polit decis establish energi island north sea one baltic sea 2030 . statement netherland , respons analyz studi given explicitli danish dutch tso , tennet , gasuni energinet . work root intern consortium north sea wind power hub , three tso sinc 2017 collabor develop realist concept artifici energi island north sea so-cal 'hub-and-spok concept ' . end novemb , climat , energi suppli minist dan jørgensen gave energi conduct preliminari investig two energi island north sea baltic sea respect . injunct minist includ , among thing , energinet must matur develop foreign connect collabor tso cooper countri statement made .",
,2020-12-19 00:00:00,Pris for anlæg af energiø i Nordsøen: 38 milliarder kroner,Ingeniøren,Link,"price includ construct island electr engin plant , wind turbin direct power cabl mainland . construct energi island north sea 10 gw offshor wind cost dkk 38 billion . state parliamentari respons climat , energi suppli minist dan jørgensen ( ) . price includ notic construct island electr engin plant ( primarili larg hvdc convert station , ed . ) , must stand . addit , invest wind turbin come , electr sea cabl associ offshor wind farm energi island well expens dc cabl connect island mainland . price estim obtain danish energi agenc advis cowi , also previous made finic calcul lifetim cost gigant construct project . howev , cowi 's estim depend lot basic layout choos construct energi island . current , two model consid : larg artifici coher island built sand -fill concret lower box collect independ steel platform rais plant sea level . latter solut well known offshor industri , weld steel grid protrud sea level-so-cal 'jackets'-ar widespread platform construct . accord cowi 's figur , lesser-test lower box solut offshor context cheapest island support offshor wind capac total 10 gw . accord cowi , solut cost dkk 29 billion build , even includ servic port , coher construct also make possibl store equip sea construct associ offshor wind park - someth actor accord energinet demand necessari facil . wind giant ørsted appar also made calcul . thursday week , outgo chief execut henrik poulsen wrote post exchang ( plead denmark choos solut steel platform rather sink box , accord compani 's calcul , far cheapest solut . » ørsted analyz two model , calcul show caisson island ( lower box , ed . ) 4 billion . expens establish first three gw north sea relat platform solut . extend ten gw , caisson solut still significantli expens , ” ceo wrote thursday exchang . cowi 's price estim , type construct cost everi dkk 12 billion island 3 gw offshor wind connect , plan first phase 2030 . thu , far transform two set calcul , danish energi agenc also point parliamentari respons estim 'subject consider uncertainti , use prerequisit futur price , result achiev , well technolog develop . also abl influenc result long term . ' howev , clarif question formal right hand state 's electr system manag , energinet , recent requir embark extens preliminari investig around energi island baltic north sea . , balanc advantag disadvantag differ type construct also includ part studi . work run summer 2024 cost dkk 1.15 billion .",
,2021-01-13 00:00:00,"Ørsted advarer mod energiø: »Vi frygter, det her bliver havvindens IC4-sag«",Ingeniøren,Link,"ørsted warn politician reclaim energi island instead suggest solut steel platform . cowi previous assess artifici island cheapest solut two option . shortli politician christiansborg start discuss suppli world 's first energi island , becom expens construct project danish histori , energi compani ørsted come warn , børsen write . ørsted warn politician focus untest solut form reclaim artifici energi island north sea suggest instead erect steel platform energi plan offshor wind farm handl . » artifici island context riski busi . simpli fear ocean wind 's ic4 case . would worst case , ” say ulrik stridbæk , head energi economi ørsted , exchang . ulrik stridbæk point `` gigant invest decis '' deni warn come narrow self -interest , energi compani bid offshor wind , whether politician choos one . add technolog power-to-x today uncertain state risk invest billion solut may later prove profit . copenhagen infrastructur partner , part consortium bid energi island , wonder comparison ic4 scandal believ solut steel platform offer opportun actual island . cowi : -drume energi island cheaper steel platform solut steel platform well known offshor industri , weigh steel grid protrud sea surface-so-cal 'jackets'-i wide use platform construct . despit , engin counsel compani cowi show larg artifici island built sand -fill concret lower box cheaper collect independ steel platform rais plant sea level island support offshor wind capac total 10 gw . » platform solut 10 gw estim $ 38 billion . base known technolog , includ platform establish 1 gw platform [ ... ] reclaim island 10 gw associ port estim dkk 29 billion . assum island construct peripheri sunken concret element sand fill , island 3 gw 18 ha , island 10 gw 46 ha , ” accord parliamentari respons climat , energi - suppli minist dan jørgensen ( ) decemb 16 . cowi 's price estim , type construct cost everi dkk 12 billion island 3 gw offshor wind connect , plan first phase 2030 . price includ notic construct island electr engin plant ( primarili larg hvdc convert station , ed . ) , must stand . addit , invest wind turbin come , electr sea cabl associ offshor wind farm energi island well expens dc cabl connect island mainland .",1.0
,2021-01-15 00:00:00,Ørsted uddyber kritik: Vores platformsløsning er 4 mia. billigere end en energi-ø,Ingeniøren,Link,"compani fear experi energi island provid expens late wind power denmark 's green transit . energi compani ørsted sever occas warn build decid energi island first 3 gw wind power north sea , politician adopt climat agreement last summer . first time debat exchang christma , tuesday newspap . accord head energi econom ørsted , ulrik stridbæk , brødnid reject fix energi island etern , fear solut becom expens uncertain short cours : » interest cheapest possibl offshor wind complet time - ie 3 gw 2030 - experi partner wind power platform , believ much expens solut central solid energi island , ” say . far , debat fix island versu steel platform connect larg quantiti wind power north sea pretti poor figur . 58.6 billion energi island report may cowi mention price $ 58.6 billion . kroner offshor wind farm 3 gw , connect energi island , three individu offshor wind farm 1 gw would cost total dkk 47.8 billion . kroner . cheaper solut without energi island . ministeri respons decemb compar cost connect two concept north sea , connect cost - ie minu wind turbin - 3 gw wind power 12 billion . kroner platform solut dkk 12 billion . connect via energi island . abl connect total 10 gw wind power , cost $ 29 billion . dkk energi island 38 billion crown platform , minist inform cowi sourc . 2 gw platform instead calcul base transform platform 1 gw-size , ørsted point transform platform along way effect 2 gw realist use 2030 give complet differ fact calcul : » dutch tso compani tennn order six 2 gw transform base extens offshor wind . 2 gw transform platform , price connect 3 gw wind power thu dkk 4 billion . kroner cheaper ministri 's calcul . connect 10 gw , price reduc dkk 3 billion . kroner , ” point ulrik stridbæk . stridbæk emphas ørsted oppon fix energi island , extra thing compar platform , name accommod ptx plant kind energi storag facil crew live island extend period time . `` decis factor whether main differ bear extra cost risk fix energi island , accord assess not-yet , '' say . special -built ship hous instal around facil crew , explain - refer compani 's experi servic mainten offshor wind turbin - today larg , custom -built ship instal servic technician live mill park mani day time . time , ship ad directli individu wind turbin . differ , space power-to-x energi storag system island , ørsted think still know whether profit produc hydrogen offshor , electrolysi requir clean water thu desalin system facil : “ believ platform solut first 3 gw mean never build fix energi island later . mean uncertainti mention , overlook ventur build solid energi island risk reach 3 gw 2030 , ” say ulrik stridbæk add first platform easili place later connect energi island . offer perform - design stridbæk advis politician - instead attach energi island platform solut - offer desir perform , name connect 3 gw wind power north sea 2 gw bornholm - let bid decid island platform solut . “ say would like leader offshor wind ptx denmark , help energi island stay . instead , let 's use energi expand offshor wind get control ptx process , island come afterward , ” say ulrik stivbæk . face ørsted consortium pension compani pfa , pensiondanmark , copenhagen infrastructur partner ( cip ) share ( formerli seas-nv ) , would like build fix energi island , refer stock exchang new break aim aim make large-scal energi storag power-to-x island . professor prais debat consortium estim great advantag produc hydrogen offshor , turn realiz , island instead use energi storag transmiss , explain michael ertmann cip : “ whole point known technolog make island . innov top island , ” tell exchang , point technic problem also aris steel platform ørsted propos use . professor dtu , erik damgaard christensen , expert marin coastal technolog , call posit healthi variou technic solut associ larg invest illumin sever side : “ fehmarn connect , exampl , saw late process got stuck tunnel rather bridg , way becam far confid chose best solut . may also appli choic technolog around energi island , ” say . accord exchang , energi politician come time discuss way establish energi island north sea bornholm respect .",7.0
,2021-01-15 00:00:00,Cowi fastholder: Tæt løb på prisen mellem to typer energiøer,Ingeniøren,Link,"updat report govern 's advis show energi island receiv 3 gw cost dkk 60 billion . dkk , whether design platform artifici island . 10 gw differ grow . two polit adopt energi island design platform 'real ' artifici island lower box - yet decid , therefor variou actor , politician profession eagerli discuss . baltic sea case readi , bornholm must energiø , case island north sea , abl connect 3 gw offshor wind turbin 2030 prepar connect least 10 gw offshor wind later time . danish energi agenc 's advisor field , cowi , publish new report updat figur cost , climat impact schedul two concept . report , cowi find price connect 3 gw offshor wind lower box island platform island 59 billion . dkk solut - includ offshor wind farm electr transmiss . look connect 10 gw offshor wind farm , lower box solut cost dkk 210 billion . dkk , platform solut dkk 9.5 billion . expens - thu cost almost dkk 220 billion . kr . island 5 per cent . price elucid differ two concept , cowi clean figur offshor wind turbin , hvdc station lake land cabl , go back solut , percentag differ lower box island platform island becom larger , especi 10 gw model . 3 gw solut , lower box island cost 15.1-16.4 billion . dkk , platform island cost dkk 15.8 billion . kr . go 10 gw ø solut , cowi indic lower box island $ 9.5 billion . cheaper central platform island . accord cowi , calcul show offshor wind turbin make 50 per cent . price electr system 45 per cent , give 5 per cent . capex budget lower box island . make cowi conclud size island less import . cowi 's calcul direct critic ørsted , would like see calcul transform platform 2 gw , make platform solut far cheaper . benefit concept report 's conclus , cowi summar advantag disadvantag variou island altern follow : fix island lower box follow advantag : • indic cheapest solut 10 gw , howev , uncertainti reduc addit studi . • possibl protect port , servic mainten facil • benefit upscal 3 10 gw • possibl extend function ptx • connect electr system land -fix connect • flexibl interfac foundat top page platform lake demonstr benefit come : • rel matur technolog desir dimens • possibl central/decentr solut without signific impact capex . • better option gradual implement • less construct work sea platform odor electr connect challeng accord report , sever configur platform island examined-both central decentralized-and gener challeng defin platform , name electr connect differ platform locat close 200-300 meter away . studi , overhead line propos , , howev , challeng salt coat well gener extrem condit north sea . altern submarin cabl , also present addit challeng relat cabl cross . connect platform platform lake therefor studi close , report recommend . power-to-x cost extra report also look possibl establish power-to-x energi island achiev save transmiss system . , two nearbi ptx product ammonia hydrogen . , conclud save transmiss system cover extra cost dkk 10 billion . dkk , establish area ptx system cost , report recommend supplement decid feasibl studi offshor electrolysi . among thing , water must provid electrolysi , util excess heat electrolysi process middl north sea . report also goe depth varieti way connect island offshor wind turbin island . typic 66 kv connect cabl mill energi island ( lower box island platform island ) , power transform high voltag convert ac hvcd , transmit long way respect countri ' transmiss system , transform ac . idea wind turbin power futur energi island abl sent germani , netherland uk - cours denmark .",-8.0
,2021-01-21 00:00:00,Tysk transmissonsselskab interesseret i energiø Bornholm,Ingeniøren,Link,"german 50hertz dansk energinet alreadi investig year whether possibl advantag build cabl two countri via bornholm upcom energiø . establish two energi island danish water close relat polit agreement cabl connect establish island abroad . around energi island baltic sea , ie bornholm , energinet german pendant , 50hertz agre investig current year whether possibl advantag build connect denmark germani via bornholm . energinet even call agreement `` first breakthrough connect two danish energi island countri '' : “ succeed massiv expans offshor wind , need come year fulfil climat agreement pari , crucial signific gear chang made nation expans wind farm energi island , core transnat project , ” say thoma egebo ceo thoma egebo press releas . overtak poland report made around energi island cowi , assum bornholm connect cabl poland , seem german system-respons compani also interest cooper . two parti , 50hertz energinet , agre cooper expand actor . press releas , energinet call energi island largest infrastructur project danish histori , polit agreement say island must oper 2030 , less ten year deadlin construct project larg complic electr transmiss plant , island construct platform sea , foreign connect offshor wind farm gw size . accord polit agreement , 2 gw offshor wind must establish connect energi island , bornholm , electr park must pick . consid hybrid connect minist climat , energi suppli , dan jørgensen , novemb 2020 , inform energinet embark preliminari investig prepar foreign connect two energi island , decemb 2020 denmark , germani netherland took polit statement cooper energi island develop offshor wind north sea baltic sea . specif , 50hertz energinet agre investig -call hybrid foreign connect via bornholm , collect wind energi offshor wind farm send electr way two countri ' electr grid . also agre keep cooper open potenti partner work meet danish , german european climat renew energi goal . final , build good experi two partner alreadi develop realiz innov project krieger flak combin grid solut , taken oper 2020 .",4.0
,2021-02-04 00:00:00,Nu kommer energiøerne - men ikke til tiden: Pris 210 mia. kroner,Ingeniøren,Link,"broad agreement , folket decid establish energi island north sea . 10gw way . dansk energi dissatisfi new deadlin . less largest construct project danish histori decid folket . artifici island 80 km north sea must hub 10 gw offshor wind turbin , get charact critic infrastructur , state get major ownership . howev , island north sea readi 2030 otherwis announc june climat agreement green convers energi sector industri : '' energiø nordsøen , agreement note consid difficult realiz island 2033 virtu choic ownership construct ownership type construct present basi . first part construct phase , 3 gw offshor wind turbin erect parallel , island area ​​120,000 m2 . later , wind turbin capac expand 10 gw , need expand island 's area 425,000 m2 equival 64 footbal field . otherwis , discuss , also ing.dk , advantag disadvantag reclaim island decid , compar solut consist steel platform . ørsted warn high price reclaim island instead recommend solut steel platform . convers , cowi , state 's advis field , argu larg artifici island built sand -fill concret lower box cost solut steel platform come first 3 gw offshor wind turbin . 10 gw expand , solut energi island 10 billion . cheaper . dansk energi dissatisfi new deadlin industri organ dansk energi , pleas polit decis progress around energi island . ceo lar aagaard , entir pleas deadlin set , extend beyond 2030 : “ good enough therefor polit administr forc constantli gather -look schedul . appeal ministri reinvent tender process engag dialogu investor . , need use green electr offshor wind reach climat target 2030 , ” say lar aagaard product liquid fuel addit act hub product wind turbin power surround offshor wind farm , new energi island must electr connect neighbor countri . also expect technolog instal island transform green power fuel ship , aircraft truck . first phase , 200 mill expect set , point mill size 15 mw . total , 650 wind turbin must set . total invest estim dkk 210 billion . kroner . polit decis made build energi island 2 gigawatt baltic sea . bornholm act energi island offshor wind farm connect . offshor wind farm locat south southwest bornholm . agreement energi island decid vote govern , left , danish peopl 's parti , radic left , socialist peopl 's parti , uniti list , conserv peopl 's parti , liber allianc altern . articl updat comment dansk energi",-5.0
,2021-02-14 00:00:00,Kameraer og kunstig intelligens redder sjældne fugle fra møllevinger,Ingeniøren,Link,"kunstig intelligen , der stopper vindmøller , hvi store rovfugl kommer tæt på , har reduceret antallet af døde fugl med 82 procent . men det løser ikk problemet , mener dansk ornitologisk foren . vindmøller kan være farlig fugl , især de store ørne , er dokumenteret talrig gang . danmark er syv hav­ørn kommet af dage efter et møde med en vindmøll . norg har en enkelt vindmøllepark på 68 møller været skyld 49 døde havørn en syvårig period . endnu værre står det til tyskland , hvor et studi den nordøstlig del af landet har vist , 137 havørn perioden 2002-2017 er blevet dræbt sammenstød med vindmøller . det lyder måske mærkeligt , en stor og relativt intellig rovfugl ikk kan undvig en vindmølleving . men ørne er ikk naturligt bang vindmøller , og man skal husk på , tippen på en sådan ving nemt kan bevæg sig med op til 200 km/t . derfor kan et system fra den amerikansk virksomh identi­flight måske vise sig nyttigt , systemet har gjort det muligt reducer antallet af døde rovfugl med 82 procent en vindmøllepark den amerikansk stat wyom beståend af 66 gener electr 1,5 mw-vindmøller med en rotordiamet på 82,5 meter . undersøgelsen er gennemført af ekspert fra peregrin fund , western ecosystem technolog og forest rangeland ecosystem scienc center . resultatern er offentliggjort journal appli ecolog . ai genkend fugl identiflight-systemet består af en speciel type kamera kaldet ‘ wide field view ’ installeret på stander rundt om parken . på hver stander sidder 8 kamera og når et af dem får øje på noget , der bevæger sig hen mod vindmølleparken – eksempel en fugl af en vi størrels – rett et stereokamera med høj opløsn mod den , og en analyseproc går gang : hvor stor er den ? hvilken farv samt vinge- , krops- og haleprofil har den ? ved hjælp af et neuralt netværk er systemet hereft stand til identificer arten , flyveretningen , og hvor lang tid der går , før den eventuelt kommer karambolag med vindmøllevingern . på nuværend tidspunkt er systemet stand til genkend rød og sort glent , kongeørn , hvidhovedet ørn , kilehaleørn , lill skrigeørn og kondor på en afstand af 1.000 meter . hvi en ørn er på vej den forkert retn , går der et signal vider , enten direkt til vindmøllern eget kontrolsystem ( scada ) eller til operatøren af vindmøllern . kan der så træffe beslutning om sænke hastigheden på de vindmøller , som er tættest på fuglen , eller ligefrem stopp dem helt . find ud af , hvor godt kamerasystemet funger , blev der gennemført et såkaldt baci-studi ( before-after-control-impact ) , og sammenlignet med en vindmøllepark af cirka samm størrels , som ligger godt 15 kilomet væk . en grupp af person blev trænet gennemgå områder omkr vindmøller døde rovfulg . sikr , de gennemsøgt hele området systematisk og fandt så mang så muligt , blev der også lagt dummy-fugl ud som kontrol . derfor konkluder folken bag undersøgelsen , teknologien har » potentialet til mindsk konflikten mellem vindenergi og beskyttels af rovfugl « , også selvom en automatiseret kontrol af vindmøllern ikk fuldstændigt eliminered problemet . men de understreg også , det er vigtigt forhold sig til højrisiko­områd og eventuel trækruter fugl , før en vindmøllepark bliver sat op , og et system som identiflight helst kun skal bruge som et alternativ . fugl skræmme væk biolog dansk ornitologisk foren knud flenst syne , systemet fra identiflight lyder som en interess teknologisk udvikl , og han tror , det vil kunn bruge særlige tilfæld . ai stop vingern – der kommer fugl vindmøller kan være farlig fugl , især de store ørne , er dokumenteret talrig gang . danmark er syv hav­ørn kommet af dage efter et møde med en vindmøll . norg har en enkelt vindmøllepark på 68 møller været skyld 49 døde havørn en syvårig period . artiklen fortsætter efter annoncen endnu værre står det til tyskland , hvor et studi den nordøstlig del af landet har vist , 137 havørn perioden 2002-2017 er blevet dræbt sammenstød med vindmøller . det lyder måske mærkeligt , en stor og relativt intellig rovfugl ikk kan undvig en vindmølleving . men ørne er ikk naturligt bang vindmøller , og man skal husk på , tippen på en sådan ving nemt kan bevæg sig med op til 200 km/t . derfor kan et system fra den amerikansk virksomh identi­flight måske vise sig nyttigt , systemet har gjort det muligt reducer antallet af døde rovfugl med 82 procent en vindmøllepark den amerikansk stat wyom beståend af 66 gener electr 1,5 mw-vindmøller med en rotordiamet på 82,5 meter . undersøgelsen er gennemført af ekspert fra peregrin fund , western ecosystem technolog og forest rangeland ecosystem scienc center . resultatern er offentliggjort journal appli ecolog . ai genkend fugl identiflight-systemet består af en speciel type kamera kaldet ‘ wide field view ’ installeret på stander rundt om parken . på hver stander sidder 8 kamera og når et af dem får øje på noget , der bevæger sig hen mod vindmølleparken – eksempel en fugl af en vi størrels – rett et stereokamera med høj opløsn mod den , og en analyseproc går gang : hvor stor er den ? hvilken farv samt vinge- , krops- og haleprofil har den ? artiklen fortsætter efter annoncen ing/jobfinderchevron_right opret jobannonc tilpa natur energi senior project manag - permit & project leadership viegand maagø a/ erfaren elingeniør til implement af industriel energisystem og opbygn af el-team genitor ap viborg kommun søger ny direktør teknik og miljø priess a/ technic project manag til energiforsyn biofo bliv chef asset manag og led gennem analys , kommunik og nysgerrigh teknologisk institut compliance-ingeniør - gern med erfar inden atex sweco danmark a/ vil du være med til form fremtiden ho sweco esbjerg ? aabenraa kommun projektleder til vejanlæg aabenraa kommun sweco danmark a/ oper hse specialist inden anlæg og infrastruktur fluidan ap instrument technologist – uniqu process instrument danmark teknisk universitet dtu associ professor dtu tenur track assist professor water suppli water distribut system - dtu sustain aarhu maskinmesterskol aarhu maskinmesterskol søger engagered nye kollega med kompetenc inden håndværk , teknik og autom danmark teknisk universitet dtu associ professor dtu tenur track assist professor sustain assess water infrastructur - dtu sustain fluidan ap applic specialist / rheolog danmark teknisk universitet dtu associ professor dtu tenur track assist professor data aquisit water system - dtu sustain inteka rådgivend ingeniør ap dygtig og engageret ingeniør med specialis inden konstruktion til vore voksend team novafo a/ koordinerend dataspecialist – sæt dit præg på fremtiden anlægsdata på afløbsområdet forsvarsministeriet frisk ingeniør til forsvaret nye f-35a kampfli fort worth usa novafo a/ bi-dataspecialist til analys , rapport og formidl på afløbsområdet man energi solut mechan engin sweco danmark a/ ventilationsspecialist til eksisterend byggeri og special petri & haugst a/ petri & haugst søger nyuddanned ingeniør trelleborg seal solut denmark a/ qualiti inspector & measur specialist sweco danmark a/ el-ingeniør med foku på forsyn viegand maagø a/ mekanisk specialist til fremtiden industriel energisystem isc rådgivend ingeniør a/ erfaren maskinmest eller hvac-ingeniør søge til installationsafdel sweco danmark a/ teamchef til geoteknisk afdel hofor teknisk kunderådgiv eller specialist til fjernvarm sweco danmark a/ geofysik til silkeborg satlab a/ mixed-sign hardwar develop engin teknologisk institut centerchef fødevareteknolog sweco danmark a/ oper hse specialist inden anlæg og infrastruktur teknologisk institut konsul inden asbestrådgivn og selektiv nedrivn geopal system a/ er du vore næste elektroingeniør ? banedanmark teknisk specialist til strømområdet ved jernbanen gladsax kommun projektled , der vil arbejd med grøn omstil og transform professionshøjskolen absalon adjunkt eller lektor til diplomingeniøruddannelsen bioteknolog region midtjylland medicoteknisk rådgiver med erfar inden laboratorieområdet sweco danmark a/ projekterend bim kyndig ikt-led teknologisk institut ingeniør til rådgivnings- og certificeringsopgav inden ce-mærkn skanderborg kommun vejingeniør til anlægsprojekt sweco danmark a/ fagligt dygtig vvs-medarbejd genitor ap provard og vard kommun søger en strategisk erhvervspartn sweco danmark a/ energiingeniør/kølespecialist til udfordrend energiprojekt energinet experienc overhead line engin nexel afdelingsled til området relæer , rtu og dokument sweco danmark a/ projektled søge til byggeri aalborg – byg fremtiden med os ! isc rådgivend ingeniør a/ erfaren vvs- og ventilationsingeniør til installationsafdel energinet power system specialist transient analys isc rådgivend ingeniør a/ lead specialist hvac til vore installationsafdel natur energi senior project manag - permit & project leadership viegand maagø a/ erfaren elingeniør til implement af industriel energisystem og opbygn af el-team genitor ap viborg kommun søger ny direktør teknik og miljø priess a/ technic project manag til energiforsyn biofo bliv chef asset manag og led gennem analys , kommunik og nysgerrigh teknologisk institut compliance-ingeniør - gern med erfar inden atex sweco danmark a/ vil du være med til form fremtiden ho sweco esbjerg ? aabenraa kommun projektleder til vejanlæg aabenraa kommun sweco danmark a/ oper hse specialist inden anlæg og infrastruktur fluidan ap instrument technologist – uniqu process instrument danmark teknisk universitet dtu associ professor dtu tenur track assist professor water suppli water distribut system - dtu sustain aarhu maskinmesterskol aarhu maskinmesterskol søger engagered nye kollega med kompetenc inden håndværk , teknik og autom danmark teknisk universitet dtu associ professor dtu tenur track assist professor sustain assess water infrastructur - dtu sustain fluidan ap applic specialist / rheolog danmark teknisk universitet dtu associ professor dtu tenur track assist professor data aquisit water system - dtu sustain inteka rådgivend ingeniør ap dygtig og engageret ingeniør med specialis inden konstruktion til vore voksend team novafo a/ koordinerend dataspecialist – sæt dit præg på fremtiden anlægsdata på afløbsområdet forsvarsministeriet frisk ingeniør til forsvaret nye f-35a kampfli fort worth usa novafo a/ bi-dataspecialist til analys , rapport og formidl på afløbsområdet man energi solut mechan engin sweco danmark a/ ventilationsspecialist til eksisterend byggeri og special petri & haugst a/ petri & haugst søger nyuddanned ingeniør trelleborg seal solut denmark a/ qualiti inspector & measur specialist sweco danmark a/ el-ingeniør med foku på forsyn viegand maagø a/ mekanisk specialist til fremtiden industriel energisystem isc rådgivend ingeniør a/ erfaren maskinmest eller hvac-ingeniør søge til installationsafdel sweco danmark a/ teamchef til geoteknisk afdel hofor teknisk kunderådgiv eller specialist til fjernvarm sweco danmark a/ geofysik til silkeborg satlab a/ mixed-sign hardwar develop engin teknologisk institut centerchef fødevareteknolog sweco danmark a/ oper hse specialist inden anlæg og infrastruktur teknologisk institut konsul inden asbestrådgivn og selektiv nedrivn geopal system a/ er du vore næste elektroingeniør ? banedanmark teknisk specialist til strømområdet ved jernbanen gladsax kommun projektled , der vil arbejd med grøn omstil og transform professionshøjskolen absalon adjunkt eller lektor til diplomingeniøruddannelsen bioteknolog region midtjylland medicoteknisk rådgiver med erfar inden laboratorieområdet sweco danmark a/ projekterend bim kyndig ikt-led teknologisk institut ingeniør til rådgivnings- og certificeringsopgav inden ce-mærkn skanderborg kommun vejingeniør til anlægsprojekt sweco danmark a/ fagligt dygtig vvs-medarbejd genitor ap provard og vard kommun søger en strategisk erhvervspartn sweco danmark a/ energiingeniør/kølespecialist til udfordrend energiprojekt energinet experienc overhead line engin nexel afdelingsled til området relæer , rtu og dokument sweco danmark a/ projektled søge til byggeri aalborg – byg fremtiden med os ! isc rådgivend ingeniør a/ erfaren vvs- og ventilationsingeniør til installationsafdel energinet power system specialist transient analys isc rådgivend ingeniør a/ lead specialist hvac til vore installationsafdel natur energi senior project manag - permit & project leadership viegand maagø a/ erfaren elingeniør til implement af industriel energisystem og opbygn af el-team genitor ap viborg kommun søger ny direktør teknik og miljø priess a/ technic project manag til energiforsyn biofo bliv chef asset manag og led gennem analys , kommunik og nysgerrigh teknologisk institut compliance-ingeniør - gern med erfar inden atex sweco danmark a/ vil du være med til form fremtiden ho sweco esbjerg ? aabenraa kommun projektleder til vejanlæg aabenraa kommun sweco danmark a/ oper hse specialist inden anlæg og infrastruktur fluidan ap instrument technologist – uniqu process instrument danmark teknisk universitet dtu associ professor dtu tenur track assist professor water suppli water distribut system - dtu sustain aarhu maskinmesterskol aarhu maskinmesterskol søger engagered nye kollega med kompetenc inden håndværk , teknik og autom danmark teknisk universitet dtu associ professor dtu tenur track assist professor sustain assess water infrastructur - dtu sustain fluidan ap applic specialist / rheolog danmark teknisk universitet dtu associ professor dtu tenur track assist professor data aquisit water system - dtu sustain inteka rådgivend ingeniør ap dygtig og engageret ingeniør med specialis inden konstruktion til vore voksend team novafo a/ koordinerend dataspecialist – sæt dit præg på fremtiden anlægsdata på afløbsområdet forsvarsministeriet frisk ingeniør til forsvaret nye f-35a kampfli fort worth usa novafo a/ bi-dataspecialist til analys , rapport og formidl på afløbsområdet man energi solut mechan engin sweco danmark a/ ventilationsspecialist til eksisterend byggeri og special petri & haugst a/ petri & haugst søger nyuddanned ingeniør trelleborg seal solut denmark a/ qualiti inspector & measur specialist sweco danmark a/ el-ingeniør med foku på forsyn viegand maagø a/ mekanisk specialist til fremtiden industriel energisystem isc rådgivend ingeniør a/ erfaren maskinmest eller hvac-ingeniør søge til installationsafdel sweco danmark a/ teamchef til geoteknisk afdel hofor teknisk kunderådgiv eller specialist til fjernvarm sweco danmark a/ geofysik til silkeborg satlab a/ mixed-sign hardwar develop engin teknologisk institut centerchef fødevareteknolog sweco danmark a/ oper hse specialist inden anlæg og infrastruktur teknologisk institut konsul inden asbestrådgivn og selektiv nedrivn geopal system a/ er du vore næste elektroingeniør ? banedanmark teknisk specialist til strømområdet ved jernbanen gladsax kommun projektled , der vil arbejd med grøn omstil og transform professionshøjskolen absalon adjunkt eller lektor til diplomingeniøruddannelsen bioteknolog region midtjylland medicoteknisk rådgiver med erfar inden laboratorieområdet sweco danmark a/ projekterend bim kyndig ikt-led teknologisk institut ingeniør til rådgivnings- og certificeringsopgav inden ce-mærkn skanderborg kommun vejingeniør til anlægsprojekt sweco danmark a/ fagligt dygtig vvs-medarbejd genitor ap provard og vard kommun søger en strategisk erhvervspartn sweco danmark a/ energiingeniør/kølespecialist til udfordrend energiprojekt energinet experienc overhead line engin nexel afdelingsled til området relæer , rtu og dokument sweco danmark a/ projektled søge til byggeri aalborg – byg fremtiden med os ! isc rådgivend ingeniør a/ erfaren vvs- og ventilationsingeniør til installationsafdel energinet power system specialist transient analys isc rådgivend ingeniør a/ lead specialist hvac til vore installationsafdel navigate_beforenavigate_next ved hjælp af et neuralt netværk er systemet hereft stand til identificer arten , flyveretningen , og hvor lang tid der går , før den eventuelt kommer karambolag med vindmøllevingern . på nuværend tidspunkt er systemet stand til genkend rød og sort glent , kongeørn , hvidhovedet ørn , kilehaleørn , lill skrigeørn og kondor på en afstand af 1.000 meter . hvi en ørn er på vej den forkert retn , går der et signal vider , enten direkt til vindmøllern eget kontrolsystem ( scada ) eller til operatøren af vindmøllern . kan der så træffe beslutning om sænke hastigheden på de vindmøller , som er tættest på fuglen , eller ligefrem stopp dem helt . find ud af , hvor godt kamerasystemet funger , blev der gennemført et såkaldt baci-studi ( before-after-control-impact ) , og sammenlignet med en vindmøllepark af cirka samm størrels , som ligger godt 15 kilomet væk . få tidlig adgang til digit tech summit 2025 digit tech summit få tidlig adgang til digit tech summit 2025 digit tech summit en grupp af person blev trænet gennemgå områder omkr vindmøller døde rovfulg . sikr , de gennemsøgt hele området systematisk og fandt så mang så muligt , blev der også lagt dummy-fugl ud som kontrol . derfor konkluder folken bag undersøgelsen , teknologien har » potentialet til mindsk konflikten mellem vindenergi og beskyttels af rovfugl « , også selvom en automatiseret kontrol af vindmøllern ikk fuldstændigt eliminered problemet . men de understreg også , det er vigtigt forhold sig til højrisiko­områd og eventuel trækruter fugl , før en vindmøllepark bliver sat op , og et system som identiflight helst kun skal bruge som et alternativ . fugl skræmme væk biolog dansk ornitologisk foren knud flenst syne , systemet fra identiflight lyder som en interess teknologisk udvikl , og han tror , det vil kunn bruge særlige tilfæld . artiklen fortsætter efter annoncen men knud flenst understreg også , det måske ikk er direkt kollision mellem rovfugl og vindmøller , der har den største betydn fuglen set med dansk øjne : » som vi ser det , er problemet højere grad , vindmøller sat op på havet skræmmer de andefugl væk , som søger føde området . mang fugl bruger også områdern om efteråret og om vinteren , hvor de fælder og ikk kan flyve , « siger han og peger som eksempel på planern om en kystnær havmøllepark smålandshavet mellem sjælland , lolland , falster og møn . er det planen opstil 60 mw et områd med mang fugl . lige nu forsøger naturorganisation som dof få miljøministeren til udpeg smålandshavet som et fuglebeskyttelsesområd . på trod af , vindmøller udgør en risiko fugl , er dansk ornitologisk foren dog langtfra afvisend vindmøller : » vi ser ikk et generelt problem vindmøllepark på havet . eksempel kan jeg ikk se , der skull være et særligt problem forhold til fugl med den planlagt energiø med tilhørend 10 gw vindkraft nordsøen , « siger knud flenst . j",6.0
,2021-02-23 00:00:00,14 ngo’er: Regeringen har urealistiske forventninger til umodne teknologier,Ingeniøren,Link,"govern fail climat act intern respons hockey system model unrealist expect potenti immatur technolog reduc co2 emiss , ngo believ . govern 's climat polici live climat act denmark 's intern oblig pioneer reduc co2 emiss 70 percent 2030 . partli due govern 's rate 'immatur technolog ' catch store co2 ( cc ) . announc 14 ngo , includ greenpeac , council green chang danish societi natur conserv , sound note entitl 'do climat polici live climat act ? evalu whether govern 's hockey stake strategi live climat act ' . govern 's so-cal hockey mate model express flat graph co2 reduct first sever year small reduct pick eventu bend sharpli upward larg reduct year 2030. . two reason , ” note state . first , organ believ hockey social model compat denmark 's oblig accord pari agreement reduc countri 's co2 emiss 70 percent 2030 . justifi fact target base » assumpt linear reduc 2030 netto-nul 2040 ' . “ crucial total amount greenhous gase discharg count slow climat crisi . emit significantli co2 2030 hockey stake approach reduc linearli . hockey approach , denmark compli greenhous ga budget thu fail pari agreement , ” ngo write . therefor , propos govern 's current bid minimum sub -target 2025 , 46 percent reduct , chang minimum linear target 54.8 percent avoid cumul addit emiss 2030 40.7 million tonn co2 . hockey garden base immatur technolog organ also point argument hockey garden base `` technolog develop make possibl cheaper achiev larg reduct 2030 '' . neither `` credibl , wise cheap await technolog develop reach 70 percent , '' say : “ govern , immatur technolog must account vast major total reduct - least catch storag co2 ( cc ) . govern 's suggest technolog fix contribut tempor unrealist costli prerequisit hockey reduct present. `` organ highlight cc technolog , accord govern 's climat program technic reduct potenti dkk 4-9 million . tonn 2030 , equival 29-66 percent lack reduct achiev pari agreement 's target . `` estim research larg part relev market player question realism realism . great potenti question , sever reason , '' note state , partli : » high estim potenti cc assum virtual major point emiss sourc ( cogener , wast inciner , process industri , bioga ) instal co2 captur , mani sourc also 2030 subsequ mani year lot big co2 emissions. `` accord memo , requir `` signific lifetim extens plant , declar polit ambit reduc amount wast electrifi electr sector , heat sector part process industri , prerequisit therefor problemat '' . addit , denmark unspeak high consumpt solid biomass cogener , greatli reduc next decad , ad . addit , note mention real price establish cc still unknown , `` like among expens technolog co2 reduct '' . minist climat reject critic point energi island 14 ngo recommend govern reschedul cours live word climat act , drop hockey-tag approach , `` absolut minimum '' , pursu linear reduct path , equival sub-target 54.8 percent 2025 . `` base year conclus pari agreement , reduct target 60 percent , '' write , also mention govern 's bid `` immatur '' technolog ' potenti realist . `` much focus real here-and-now reduct put far realist expect technolog develop potenti , '' organ write , ad agreement enter settlement , among thing , transport , green tax reform , energi industri may renegoti 2021 . » even prospect reduct construct agricultur , must see credibl bid get sector ambiti transit . goal renegoti must make probabl 70 percent target achiev 2030 , live pari agreement histor moral respons lead way. `` memo point `` guid principl climat act , denmark must pioneer countri intern climat action '' hockey coast model compat ambit . , point un 's 'emiss gap report 2020 ' assign revers hockey stake reach goal limit global temperatur rise 1.5 degre end centuri . `` rest world follow govern 's strategi postpon real reduct focus massiv uncertain plan neg emiss , alreadi 2030 , total emiss far exceed co2 budget 1.5 degre , '' 14 ngo write . written commentari inform , climat minist dan jørgensen ( ) reject ngo ' critic call `` object wrong statement '' denmark well way co2 reduct 70 percent 2030 . dan jørgensen point govern made `` larg number histor agreement '' climat act , energi island cancel new oil hunt north sea past year .",-7.0
,2021-02-26 00:00:00,Danmark risikerer at mangle grøn strøm til Power-to-X,Ingeniøren,Link,"uncertainti schedul energi island worri expert . without island , expans offshor wind risk becom less electr consumpt power-to-x 2030 . energi delay energi island cost expens denmark risk offshor wind turbin 2030 cover electr consumpt electrolysi power-to-x ( ptx ) , necessari meet 70 percent reduct co2 emiss . consequ schedul establish two upcom energi island total 5 gw new offshor wind seem teem latest polit agreement area . electr consumpt ptx - product hydrogen green fuel transport sector particular - depend mani factor uncertain predict , base two overlap estim consult compani ea energi analysi industri organ dansk energi , respect , electr consumpt expect 15 20 twh 2030 . time , survey specif danish ptx project carri engin show current plan expand electrolysi capac 4.5 gw-which alreadi exce precondit mani project base . “ goe seem ptx moment , revis portfolio renew energi , sure offshor wind come meet electrolysi requir . game changer ptx develop goe faster anyon expect , import buffer sea wind , ” say professor energi plan aalborg univers brian vad mathiesen . easili piec target , accord figur behind danish energi agenc 's upcom climat write -off write , 14 twh new offshor wind product ad annual 2030 none energi island becom readi . 'unaccept ' uncertainti polit decis erect two energi island baltic sea north sea made summer , respect , promis complet 2030 total 5 gw new offshor wind connect . partial agreement begin februari , seem island north sea 3 gw connect `` deem difficult realiz '' 2033 , offshor wind island baltic ( bornholm ) may expand step -bi step 2030 . sinc offshor wind expos import renew energi sourc suppli power ptx , actor green transit serv uncertainti , say energi sale partner ea energi analysi hans-henrik lindbo : '' want feed part transport industri sector ptx fuel 2030 , we- everyth know now- accept uncertainti delay offshor wind , '' say . hans-henrik lindbo complet unawar new timefram energi island north sea , believ easili realiz 2030 . agre approach dansk energi . “ think deal unnecessarili conserv . see reason postpon . time frame probabl depend bidder project think realist , rather politician said agreement , ” say torsten hasforth , senior economist dansk energi . addit problem obtain enough green power ptx , number expert profession point denmark lack coher strategi ptx project invest . `` project larg driven busi case abl see individu project , rather plant includ overal energi system , '' point professor jacob østergaard dtu elektro .",8.0
,2021-03-03 00:00:00,Ministerium afviser tilkobling af havvind fra Nordsøen før energiø er helt færdig: »Helt skørt«,Ingeniøren,Link,"govern believ plenti green power develop power-to-x 2030 therefor refus expand connect offshor wind energiø north sea step-by-step . profession point , contrari , mean suppli black power . denmark go target reduc greenhous ga emiss 70 percent 2030 , sever report point need extens electrolysi capac displac fossil fuel via power-to-x . engin map last week , concret project announc total 4.5 gw electrolysi capac 2030 . immedi prospect capac match expans electrolysi plant . engin describ last week , sever profession expert therefor strongli urg energiø nordsøen expand step -bi -step , agre energiø bornholm , whose grid connect agreement island partner countri pull side 2030 . done north sea , say ministri climat , energi suppli written respons engin 's energi media , gridtech , thu prospect get offshor wind island north sea ashor 2030 . latest polit agreement energi island estim island north sea , name get readi 2033 . ministri : zero connect island readi » energi island north sea depend establish physic island construct north sea , produc offshor wind collect redistribut . agreement februari 4 , 2021 , ownership construct energi island , etc . make decis construct north sea must artifici reclam island . island construct readi possibl connect electr grid offshor wind capac , ” ministri write gridtech . addit , ministri emphas polit settlement behind island depend prerequisit final project self -support busi : “ prerequisit realiz energi island profit . basic requir power deposit . present , expect profit market larg amount green current requir foreign connections. `` expert maintain power energi island quit indispens 2030 70 percent target reach . friday , climat council also vote choir statu report govern 's previou climat effort . page 40 report , council write follow : » addit , climat council consid critic reduct , eg power-to-x gener electrif , offshor wind turbin capac climat agreement energi industri , etc . 2020 associ energi island , established. `` so-cal climat program last year , ptx appear one key measur relat 70 percent target , govern estim technolog could contribut reduct 0.5 3.5 million tonn co2 equival . commentari climat program , climat council sinc point necessari realiz high estim govern 's identifi reduct potenti target achiev 2030 . piti answer torsten hasforth , senior economist dansk energi , call ministri 's answer 'sorri ' particularli concern schedul offshor wind energiø bornholm also end look uncertain . howev , recogn ministri 's logic wait island connect countri , associ offshor wind probabl big mouth subsid danish electr consum alon . convers , rigid approach becom bet potenti bidder offshor wind park . point today normal add capac offshor wind park continu , first mill set stand still wait last mill erect . `` least excit task bid offshor wind energiø north sea , economi mill becom complet depend island finish 'prop ' rais current come ashor , 'say torsten hasforth , emphas sharpen fact offshor wind park energi island far greater previou project . pear banana gridtech also ask ministri make sure ensur offshor wind develop could keep expans electrolysi capac 2030 . , ministri repli : » danish energi agenc 's basic project 2020 , gov share 111 per cent expect . denmark 's electr consumpt 2030 without establish two energi island . thu , alreadi agre offshor wind capac assum road expans land `` surplu green stream '' , , exampl , support ptx develop 2030. `` chief consult wind denmark , thoma young hwan westr jensen believ refer basic project context mislead . `` quit crazi use basic project , frozen polici scenario therefor includ increas electr consumpt 70 percent target result . 's pure pear-and-banana comparison , ” say . use prerequisit 70 percent target believ would accur use danish energi agenc 's analysi prerequisit 2020 , , unlik basic project , aim direct road 70 percent target 2030 , includ necessari direct indirect electrif . project , board provid 1 gw electrolysi capac 2030 5,000 annual oper hour , ie 5 twh . accord thoma young hwan westr jensen , correspond excess electr 11 percentag point basic project last year reach . “ accord calcul , one gigawatt enough fulfil low estim technolog 's reduct potenti 0.5 million tonn govern 's climat program . problem postpon energi island mean 23 twh may miss 2030 . correct deduct biomass renew energi , mean green power gener miss 2030 . look high reduct potenti 3.5 million tonn look even wors requir anoth 30 twh , ” say thoma young hwan westr jensen . risk black power ptx dansk energi , , main shake use basic project manag tool come develop ptx . trade organ forefront work calcul climat partnership energi industri sector ' bid best path convers societi 2030 . electrif measur report count , denmark transform deficit , explain , explain torsten hasforth . energi island kept complet calcul , calcul basi latest figur danish energi agenc ( prerequisit upcom kf21 ) show 85-90 percent electr consumpt 2030 offset product capac . “ get necessari electrif 2030 , first wind turbin get wind turbin , power risk turn black period time would piti . alarm , way optim solut describ answer , ” say torsten hasforth , refer ministri 's approach connect energiø north sea . point faster expans benefit upcom ptx industri denmark , capital-heavi plant depend drive mani hour year possibl . » ptx adventur goe hand hand fact also becom export green power , mean abl deliv cheap electr lot day hour . balanc domest electr consumpt product becom delic , electr price also fluctuat , push busi case ptx system , depend run mani hour possibl , ” say .",-2.0
,2021-03-17 00:00:00,Energiøernes øverste ansvarlige: »Alt ved de her ø-projekter er ret specielt«,Ingeniøren,Link,"sever player alreadi wait impati upcom energi island , work begin sea soon . colleagu gridtech ask head huge project make sure get soon possibl . upcom energi island baltic sea north sea respect largest construct project danish histori . technic complex push limit engin knowledg 's utmost abil . entir billion-dollar success larg due polit disposit countri around us . giant project prefer also finish furiou speed . origin , island intend fulli develop connect respect partner countri 2030 . polit sub -agreement island februari , howev , deadlin postpon 2033 island north sea , schedul establish energiø bornholm also made fluid . public instanc , energinet right hand energi island . last year , state -own compani requir embark extens preliminari investig part project . must finish 2024 expect run price one billion kroner . studi includ everyth seab survey wind farm screen line hvdc connect prepar requir specif artifici island construct well plant stand . everyth differ accord energinet 's top respons energiø project , hann storm edlefsen , matter short time work energi island becom far visibl . thu , first tender assign feasibl studi alreadi complet expect start spring . “ within terribl long , weather turn , first ship sail area begin investig . precis boost process , distribut task mani differ supplier work parallel aspect project , ” say hann storm eldlefsen . essenc approach ensur quick expedit energinet 's part project : parallel process . way work energinet alreadi practic lot connect establish -larg portfolio interconnector , explain . vike link connect uk latest far longest first lay phase also begin spring . far , energinet abl concentr one cabl time . feasibl studi energi island , system manag must far relat four potenti new foreign cabl time . relationship emphas well kind task energinet impos . “ everyth island project quit special , partli first time someon world build island , partli larg quantiti offshor wind work . 'small ' project bornholm largest danish offshor wind project , 'say hann storm edlefsen . actual outlet project also turn upsid compar normal practic , explain , connect two countri ' electr system usual someth tso think . time polit order work . `` also unusu us preliminari investig time yet belliger agreement anoth countri establish foreign connect , '' say . miss agreement , exampl , mean energinet investig specif line yet , simpli screen larger sea area get idea ​​where technic , environment interest term interest draw upcom submarin cabl . cabl prerequisit far , island north sea met interest abroad . netherland , belgium germani thu enter agreement state tso level current particip work count best busi case connect . project bornholm , far germani formal enter collabor , poland promot obviou candid . accord hann storm edlefsen , also hope connect nearest nordic countri . , sweden could possibl partner island baltic sea . norway , island north sea look obviou . right , especi foreign cabl negoti interest countri fill hann storm edlefsen . precis point two project risk beach . fail make agreement cabl , project actual look dead , ministri climat , energi suppli ministri previous provid gridtech email : “ prerequisit realiz energi island profit . basic requir power deposit . present , expect profit market larg amount green current requir foreign connections. `` construct choic delay project precis uncertainti get foreign connect negoti place reason februari part politician dare guarante artifici island north sea 2033 . work cabl made politician even difficult decid island artifici , reclaim island rather offshore-hair design form steel platform . “ fact chosen artifici reclaim island give rise slightli long -term process relat organ cabl work . exampl , engag dialogu partner countri specif requir specif part project know connect condit island quit precis , ” say hann storm edlefsen . month , danish energi agenc hold initi meet interest actor consortia would like help build partli artifici energi island north sea . must done partnership public bodi , accord hann storm edlefsen could well energinet , clarif yet . far , 'onli ' foreign connect electr network oper must respons construct phase preliminari examin complet . parallel process come play . “ prepar best possibl day know island look like . time , make sure send tender everyth station build cabl time make sure compon materi produc time , part construct phase go soon possibl , ” say .",5.0
,2021-03-19 00:00:00,Energi-øer og Power-to-X udfordrer net-udbygning,Ingeniøren,Link,"direct cabl connect ptx plant abroad make quietli hate high voltag mast , accord citizen group . expert energinet , hand , announc sever wire . energi mastslimbearm wreath morn air energi island north sea connect denmark pure term denmark , go affect danish high voltag network ? question yet clarifi ask energinet , respons electr transmiss network denmark - local citizen group would like give bid . citizen group , upcom expans 400-kv high-voltag line west jutland , read number report cowi danish energi agenc net connect offshor wind farm energi island north sea . basi data price report , citizen group believ larg quantiti offshor wind turbin power deliv directli abroad ptx system heavi dc cabl , need high-voltag network inland . therefor , high -voltag line west jutland abandon immedi instead convert coupl buri dc cabl across countri transport offshor wind turbin power east jutland , larg electr consumpt locat . convers , accord citizen group , 1-2.6 billion . cheaper build high voltag line 500 mast . ask coupl independ electr expert energinet whether citizen group point , west jutland high voltag line cancel . point short , two expert deni hate high voltag line drop . also point citizen group point much offshor wind via energi island well suppli larg , concentr electr consum power-to-x plant influenc creat new condit expans electr transmiss network . paul-frederik bach-f. director elsam/eltra recogn analyst electr market-point small countri like denmark benefit strongli link intern network traffic north-south-way . » polit agreement energi island mean increas focu wind energi north sea , addit energi island reduc energi ashor denmark pass danish network . mean north-south-go traffic domin , character web 's current futur structur , ” write paul-frederik bach answer us . also point west jutland high -voltag connect part intern agreement reinforc transmiss system energinet opportun run . part vike link civil engin partner ea energi analysi han henrik lindbo , past elkraft system , justifi fact 400-kv high voltag line part project vike link cabl denmark england , wire must act reserv cabl england 1,400 mw fall . accord 'constitut electr grid ' , one must abl match outcom largest unit system - otherwis risk jutland funen go black : '' ca n't put vike link oper without west coast connect , time biggest obstacl , citizen group , want avoid unpopular overhead line , '' say . han henrik lindbo add futur renew energi , must gener pay us need much exchang abroad thu also need domest infrastructur , unfortun solv secur hate high voltag mast : '' power-to-x system actual hydrogen infrastructur one thing limit need high-voltag line futur , '' say . must collect multipl plant energinet , also buy citizen group 's propos ground upcom north-south-go 400-kv air line along west coast jutland border idomlund holstebro avoid . partli , mention earlier , must serv backup vike link connect becom faulti , partli collect electr wind turbin photovolta system throughout west jutland . includ electr upcom offshor wind farm thor : '' need chang establish energi island north sea , '' state area manag bjarn brendstrup energinet . direct current line across jutland fulfil task - citizen group suggest - energinet need abl collect renew energi establish west jutland , power transport consumpt . brendstrup also explain use direct current connect suggest citizen group , project complic realist implement mani new compon built . howev , bjarn brendstrup would like promis futur plan around connect energi island danish electr grid , much done minim need high-voltag line . expect net connect energi island happen one central node 400-kv network jutland , connect east jutland also consid . right work find technic financi best solut time minim need onlin develop extent possibl : » electr transmiss relat expens nuisanc citizen , clear would rather find solut , therefor current investig number solut find technically-econom best solut time minim need onlin develop , ” say , ad , among thing , connect cabl place consumpt high . unpredict chang neither energinet doubt green transit entail high degre electrif danish energi consumpt thu increas electr consumption-both form new consum ptx plant gener increas electr consumpt , affect 400-kv network denmark . time , develop happen unpreced speed character high unpredict , energinet write one report , mean one look uncertain futur mani way achiev polit determin climat object . last fall , exampl , energinet issu report long -term develop need electr grid , oper differ scenario , accord bjarn brendstrup alreadi outdat : “ scenario work back , re-look energi island plan power-to-x system come pictur . show fast develop current go , 'he say .",-6.0
,2021-03-22 00:00:00,Grønt søslag forude: Energiøer og naturvenner ønsker sig samme dele af Nordsøen,Ingeniøren,Link,"danish natur conserv associ danish fisheri associ agre may pristin area danish sea , direct conflict plan wind turbin north sea energiø . fishermen natur friend agre 10 per cent . north sea , skagerrak baltic sea , appoint pristin sea , denmark get closer live eu 's target untouch sea . far , good . howev , plan direct conflict plan wind turbin energi island north sea , space becom increasingli cramp , renew energi natur protect fill area ship rout well oil ga field also continu take space . six 24 area danish natur conserv associ ( dn ) recommend untouch sea collabor danish fisheri associ , overlap north sea 's suppli area energi . show map wind denmark trade associ dn made engin 's request . suppli area area danish energi agenc design futur locat wind turbin - connect energi island becom world 's first kind . `` frontal attack offshor wind '' '' 's frontal attack offshor wind turbin , '' energi professor aalborg univers brian vad mathiesen put engin ask plan two associ . “ least clear parti post goe stakehold . get unifi pictur , need parti , ” continu . brian vad mathiesen point inevit offshor wind fill `` essenti part north sea '' energi form expand meet countri 's climat target . `` convers , mill constantli get bigger , possibl energi produc smaller area expect , '' point . accord wind turbin industri 's interest organ wind denmark , especi proxim north sea 's plan energi island pose problem . energi island schedul northern part area call danish energi agenc north sea iii , surround offshor wind farm suppli electr island . initi , park must deliv 3 gw , area eventu expand 10 gw . , three design area get way , park forc away island , point thoma hwan jensen , chief consult wind denmark . `` energi island , mean wind turbin , locat north sea ii , must move away , project becom expens plan becom cumbersom , '' estim . ask dn , overlap tender area area associ 's present inevit , much 27 per cent . north sea includ tender area . addit , area use purpos . “ lay area offshor wind , take larg area partial exploit . best bet place area untouch sea , would like dialogu , exampl , wind denmark area relat wish offshor wind , ” say natur & environ polit advisor associ theres nissen . area offshor wind design danish energi agenc part screen board found total 40 gw offshor wind . comparison , approx . 1.7 gw offshor wind turbin denmark , project underway come total maximum capac addit approx . 8.7 gw . especi sea depth , conserv , distanc land travel ship rout limit wind turbin plan today . wind turbin protect natur ? propos dn danish fisheri associ aim appoint 10 per cent . north sea , skagerrak , baltic sea around bornholm , must complet untouch . denmark succe appoint , denmark approach eu 's target 10 per cent . pristin sea throughout union . addit , eu 's target 30 per cent . sea union must protect degre , well natura 2000 area alreadi design . unpublish sea must protect build wind turbin , resourc extract sand , oil ga , fish -call clap , sand sludg dump sea . addit , natur conserv associ would like area reduc ship traffic pipelin cabl cross area , measur least 100 km2 per year . pc . foundat artifici reef wind denmark , thoma hwan jensen believ natur protect mani case go hand hand wind turbin , sever studi indic foundat wind turbin act artifici reef promot biodivers . “ view , noth indic wind turbin deterr effect fish marin mammal seal guinea pig . fact , much point posit influenc . therefor import consid pristin sea actual aim protect . , hand , consider vulner seab , escap foundat caus loss , ” point . point brian vad mathiesen : “ offshor wind fill much , quit crucial benefit interest area , exampl , take natur consider place produc electr . studi horn rev 1 2 indic done , ” emphas . danish societi natur conserv , theres nissen know argument artifici reef , associ emphas identifi differ habitat select area , artifici reef could chang . “ area preserv natur . possibl wind turbin good reef , thu also transform sandi bottom reef attract speci , ” point compar situat land legal replac one habitat anoth natur protect area . associ , import area design biolog thu ensur coher area repres relat bottom type depth , theres nissen point . “ area agreement possibl . overlap potenti offshor wind area , dn danish fisheri associ like dialogu wind sector climat natur protect conserv easili go hand hand , ” say , continu : unrealist “ area directli energi island . alreadi move togeth danish fisheri associ plan came , ” say , elabor associ would like take wind denmark . overal , howev , wind denmark posit toward target 10 per cent . pristin sea . “ n't sound unrealist , allow us pioneer new area . review aarhu univers 's map possibl protect marin area , carri connect upcom sea plan , possibl find altern locat area overlap . way , ensur environ climat go hand hand , rather turn 's contradict , ” say thoma hwan jensen .",3.0
,2021-03-25 00:00:00,Den grønne omstilling kræver investeringer på 80 milliarder kroner i det danske elnet,Ingeniøren,Link,"danish electr network requir invest dkk 80 billion 2040 , new analysi rambol show . analysi , made wind denmark , show huge sum must invest electr infect structur alon . electrif danish societi major part 2030 reduct target , danish energi agenc expect electr consumpt rise 83 percent 2030 result green transit . order enabl increas , invest renew energi product electr infrastructur must made particular transport renew energi . howev , uncertainti actual amount cost variou element strategi remain unknown . exampl , upcom energi island includ analysi intend run dkk 10 billion per year . energiø . howev , differ approach construct size significantli affect real price . analysi base publicli avail report analyz need develop electr grid .",-4.0
,2021-03-29 00:00:00,Energianalytiker: Uden strøm fra energiøer i 2030 kommer 70-procent-målet i fare,Ingeniøren,Link,"energi sale han henrik lindbo critic schedul energiø north sea , expect fulli connect 2033 . project made independ agreement foreign connect , believ . economi two giant energi island project baltic sea north sea complet depend establish foreign connect island least one partner countri . due uncertainti cabl establish , largest island , energiø north sea , postpon 2033 , got larg number energi player red field . one energi salari han henrik lindbo , partner ea energi analysi . accord , 70 percent target climat act simpli risk met unless energi island total 5 gw offshor wind fulli connect denmark 2030 . therefor , one initi make independ foreign cabl establish . » sake 70 percent target , concret plan energi island north sea consid step -bi -step connect offshor wind , consid analysi advantag disadvantag land denmark first place . see , possibl connect first 3 gw western denmark , ” say han henrik lindbo continu : '' foreign connect come afterward , made independ agreement fall place , '' say reserv five year must pass one connect abroad link island . origin , island complet connect danish electr system earli 2030 . artifici reclaim island north sea 3 gw offshor wind associ first finish complet 2033 , final connect time island baltic sea ( bornholm ) 2 gw offshor wind yet put year . displac schedul energiø north sea larg due construct choic artifici reclaim island . make work negoti foreign connect difficult , energinet head energiø project previous told gridtech : “ fact chosen artifici reclaim island give rise slightli long -term process relat organ cabl work . engag dialogu partner countri specif requir specif part project know island 's design thu connect condit , ” deputi director energinet , hann storm eldlefsen gridtech last week . politician instead chosen solut base steel platform , calcul time estim accord danish energi agenc show construct could technic abl complet 2030 3 gw connect . provid deficit 10 twh 2030 accord han henrik lindbo ea energi light , postpon result lack green current 2030 . even fever rescu step-by-step expans offshor wind bornholm 2030 , politician agre investig , enough cover increas electr consumpt result electrif upcom product ptx fuel , say han say henrik lindbo . scenario , annual deficit green electr gener danish electr system around 10 twh 2030 , accord ea 's calcul - correspond third total current electr consumpt denmark 34 twh . bad prelud green transit calcul requir , among thing , advent one million electr car , heat pump industri space heat , sever data center least ptx base 3 gw electrolysi , ea energi analysi figur necessari reach climat target 2030 . addit gener lack green current danish electr system , han henrik lindbo also believ uncertainti schedul energi island creat harm green transit . “ chair , expans green stream must decid , otherwis consumpt come . suppli demand . actual ask compani , district heat compani consum particip green transit switch electr make busi depend fact electr green , cheap high secur suppli . crucial wobbl rank , serious island postpon sever year without 'plan b ' . 's realli bad prelud green transit , ” say han henrik lindbo . ministri climat , energi suppli previous declin gridtech possibl compromis foreign connect energi island north sea . “ prerequisit realiz energi island profit . basic requir power deposit . present , expect profit market larg amount green power requir foreign connect , ” ministri wrote email gridtech . stretch leg , say han henrik lindbo : “ denmark chosen offshor wind strategi base energi island , think wise . therefor , also piti leg put , make whole schedul depend fact negoti foreign connect place year . 's chain jump opinion , 'he say . climat council support latest statu report govern 's climat effort , climat council also appoint realiz energi island 2030 central fact number reduct measures-for exampl larg expans ptx plants-can done . professor emeritu dtu vindenergi member climat council , poul erik morthorst , agre han henrik lindbo power major transit must larg come larg park sea . » larg part reschedul must drawn renew energi especi wind energi . follow electrif expans renew energi , includ especi larg offshor park , get full gain reschedul would otherwis like see , ” say professor emeritu dtu vindenergi member climat council , poul erik morthorst . howev , suggest slightli differ solut scarciti ve-stream 2030 : “ basic , think idea ​​the energi island excit , concern tempor aspect project . also previous sound like extra convent park built 2030 , make less depend energi island finish , ” say poul erik morthorst . howev , han henrik lindbo believ good solut stick origin plan make sure island realiz 2030 . “ may wonder hustl island finish 2030 , new technolog cheaper wait littl . question simpli whether take climat goal folket decid serious . year set , call 2030 , probabl year charged. ``",2.0
,2021-04-02 00:00:00,Ekspert om energiøernes ‘Plan B’: »Vi vil meget gerne undgå den situation«,Ingeniøren,Link,"decis possibl step -bi -step expans energiø bornholm alreadi made next year , undoubtedli expens solut . one consid altern , say expert . economi two giant energi island project baltic sea north sea complet depend establish foreign connect island least one partner countri . howev , project baltic sea , settlement circl behind agreement island agre consider disregard establish island 's foreign connect turn extend expect . `` event optim realiz time estim later 2030 , investig whether realiz energiø bornholm implement step -bi -step instead , '' supplementari agreement island begin februari state . question whether necessarili good idea ? learn step-by-step expans low-handi , gridtech sought answer ministri climat , energi suppli : '' step-by-step expans realiz , exampl , build connect zealand bornholm soon possibl connect offshor wind 2030 . gridtech . noth , accord ministri , complet fix yet , requir closer analysi . outlin , offshor wind bornholm principl land like offshor wind - distanc 150 km like expens power dc cabl . altern energi island without connect abroad , cabl bornholm zealand initi financ exclus electr consum energinet 's tariff . cours , lucr bottleneck incom possibl trade via cabl present hole anoth electr market . accord han henrik lindbo , energi analyst partner ea energi analysi , alpha omega economi far direct current capac fulli util much time possibl . futur offshor wind park rule thumb expect produc full screw half hour year , therefor make sens cabl bornholm zealand stand alon long , believ . “ expect foreign cabl come three five year drawn flow ashor zealand , consid whether wise make step -bi -step expans bornholm . could instead consid expand krieger flak , ” say han henrik lindbo . whether extens krieger flak good idea , dri torsten hasforth , chief economist dansk energi , put head block say - would larg depend whether free capac exist grid connect krieger flak . addit , point , construct new offshor wind connect eastern denmark , take revenu opportun energi island bornholm . doubt step -bi -step expans expens solut full project realiz first chop . “ would much like avoid end situat , doubt step -bi -step expans expens solut . 's probabl still better solut number altern , ” say . question eastern denmark 's secur suppli torsten hasforth explain need get rid offshor wind energiø bornholm 2030 larg ensur secur electr suppli eastern denmark , pressur futur . altern offshor wind bornholm could energinet aim pay reserv power exist power plant zealand , strategi also contain pitfal . » energinet must ensur power suppli zealand one way anoth . howev , cabl bornholm bird hand energinet - opposit reserv power power plant , know lesser extent , ” say torsten hasforth . decis made next year right , energinet negoti intens germani enter bind agreement foreign connect goe via energiø bornholm . accord agreement energi island , possibl agreement must place latest begin next year . happen , settlement circl must take entir project reassess . also alreadi next year decis expand energiø bornholm taken step step , ministri state : '' step -bi -step expans made end 2030 , mean connect zealand ( foreign connect establish later ) requir polit decis establish first step earli 2022 . establish new connect bornholm zealand time -consum , massiv complic plant take long time offer negoti contract , plant , product test take long time , ' ministri write email gridtech . current , civil servic process analyz opportun step -bi -step expans ensur power also recov , say . energinet 's head energiø project told gridtech last week , still uncertain respect partner countri current negoti parallel , partli interest establish connect partli net infrastructur purchas electr larg offshor wind park , establish connect island . island north sea , author politician current expect possibl connect offshor wind either denmark other side 2030 . accord present schedul danish energi agenc , first mill expect join earliest island north sea 2032 , last mill schedul expect connect end 2033 .",-1.0
,2021-04-06 00:00:00,Forskere: Sådan undgår pattedyr høreskader fra Energi-ø-undersøgelser,Ingeniøren,Link,"although acoust measur seab build energi island caus perman hear damag marin mammal , easili avoid , research conclud prior studi . energi island built north sea baltic sea , seab must map precis , one method use acoust shock wave power risk damag hear marin mammal perman . research dce aarhu univers therefor examin precis acoust shock wave -call kicker affect popul guinea pig , white nose , mink whale , spot seal gray seal north sea . state press releas dce , togeth nira prepar report energi island ' area prior strateg environment impact assess offer concess offshor wind farm . spark air bubbl kicker use make high -resolut measur seab use sound wave frequenc rang 1 4 khz . wave made electrod kicker , creat spark caus air bubbl collaps creat sound wave . wave thu power marin mammal take perman damag , point . seal damag within 50 meter kicker , guinea pig 620 meter away mink whale much 1400 meter studi , research point . addit , speci includ studi respond sound distanc 11 km studi ship . howev , solut marin mammal ' hear problem right , research point . `` risk perman hear loss marin mammal probabl reduc neglig use soft start procedur mitig measur , '' state report north sea 's energiø . soft start mean applianc initi work lower strength longer interv , thu scare anim area turn strength caus perman hear loss . natura2000 area may hit 11 km radiu studi ship mean two natura2000 area baltic sea hit acoust wave degre affect marin mammal . area adler rønne bank , accord dce 's report baltic sea area . report suggest reduc impact move studi area away two area . so-cal jncc guidelin natura2000 area indic maximum 20 per cent . area must affect type disturb . research dce conclud area combin 34 per cent . area therefor affect jncc guidelin prescrib . addit , actual three area , worst affect danish part rønne bank , much 59 per cent . affect . part studi must use use devic either make sound outsid anim ' hear area use magnetomet therefor silent , point dce , therefor assess part studi . correct 7/4 2021 12:15am : appear earlier last sentenc articl one could choos use type studi instead kicker . case , two studi mention must use addit kicker feasibl studi replac part studi .",1.0
,2021-04-07 00:00:00,Investorer bakker op om dyr energiø,Ingeniøren,Link,"research critic economi energi island bad attract investor . scare wind island consortium . number new calcul aarhu univers , publish financ tuesday , show bad project economi energi island north sea , , accord econom expert , deter investor particip parti . new figur rock interest consortium vindø particip establish artifici energi island north sea adopt politician . consortium consist pension compani pfa pension denmark well energi compani share - copenhagen infrastructur partner ( cip ) advisor : “ still think green transit socio -econom good case lot offshor wind central part . mean implicitli also believ energi island cost -effect way bring green transit life , also cowi 's calcul danish energi agenc shown , ” say cip partner thoma dalsgaard . doubt earn associ professor econom aarhu univers jan bentzen , financ count project economi state energiø project base rel spars inform provid danish energi agenc june note - see document bottom articl . ca n't get earn offshor wind turbin cope cost energi island - danish energi agenc . note , danish energi agenc estim establish two energi island - one north sea ​​3 gw one bornholm 2 gw - result project -effici surplu approx . $ 18 billion dkk , calcul present valu . » although sell electr offshor wind turbin full price , 33 øre per . kwh - complet unrealist - calcul show project never make profit , ” say engin , emphas decidedli socio -econom calcul , neither danish energi agenc side . miss sensit calcul project calcul , danish energi agenc provid return four percent invest capit , jan bentzen believ six eight percent far realist . thu deficit grow 30 year minu dkk 48 billion . dkk 3 gw model minu dkk 77 billion . crown larg model 10 gw offshor wind connect . bentzen 's calcul , howev , contribut countri connect island , provid decis around energi island . finan ' articl , professor frede hvelplund aalborg univers also call detail sensit calcul get rid flow . call plan electrif exampl , accord hvelplund , need new green fuel ( power-to-x ) consid , play heat pump heat sold abroad differ time day . critic partner cip , thoma dalsgaard , partli agre : “ still miss visibl measur ensur electrifi commun , readi consum larg amount green power 10 gw offshor wind turbin produc need use heat pump , electr car green fuel via power-to-x plant , ” say . yet decid privat parti includ establish energi island .",
,2021-04-12 00:00:00,De skal undersøge havbunden under energiøen i Nordsøen,Energy Supply,Link,"seab upcom energi island north sea must examin map thoroughli work build island larg offshor wind farm around island start . energinet assign task two experienc marin survey compani , expect sue ship north sea may . two compani fugro mmt . ship charg , among thing , seismic equip , meticul map seab 1000 squar kilomet north sea , artifici recess energi island total 3 gw larg offshor wind farm must built , energinet write websit . - geophys studi must cover larg area import schedul kept . pleas two experienc profession compani fugro mmt carri studi sea north sea come time , say poul-jacob vilhelmsen , project manag energinet 's work upcom energi island danish water . togeth feasibl studi , geophys map seab must make possibl perform construct work connect energi island , surround offshor wind farm sea cabl way ensur technic feasibl greatest possibl consider natur environ . seabud examin 100 meter ground north sea rel shallow even 80-100 kilomet sea , artifici island offshor wind farm built . studi area , sea 25 meter 50 meter deep . may , special ship two sea studi compani therefor begin work investig map surfac seab geolog layer 100 meter seab . ice age , sea battl boulder geophys condit seab character geolog develop histori earth human activ throughout histori . sandbank , reef creat biolog life boulder exampl geolog element ship fugro mmt must map meticul . ship expect also sail across shipwreck area largest sea battl world histori , jutland battl 1916 , identifi -call explod object , ie typic grenad mine world war ii . man -made condit seab , map , also belong exist search cabl pipelin well contemporari trace wast , equip fish rift seab ship anchor , etc . geophys studi , togeth later drill sampl , must result detail , digit map seab geolog layer seab throughout area upcom artifici energi island north sea surround offshor wind farm . energiø north sea : energi island gather place larg quantiti energi offshor wind . energi island , energi transform forward sever countri . energi island north sea suppli 3 gw offshor wind increas 10 gw later . energi island north sea becom artifici island construct consist one type lower box 80 km . sea danish coast - initi area equal 18 footbal field . 200 wind turbin sea produc 3 gw first phase energi island north sea oper . wind turbin probabl higher , perhap 260 meter high . higher , exampl , pylon great belt bridg . dkk 210 billion estim total invest cost energi island north sea includ 10 gw offshor wind farm , electr plant island transport cabl land .",
,2021-04-15 00:00:00,Industri og fjernvarme: Energiøer før 2030 er afgørende for vores elektrificering,Ingeniøren,Link,"broad electrif industri district heat occur secur adequaci green power , say trade organ . therefor , player convert el dissatisfi energi island fulli develop 2030 . 's messag partner ea energi analysi han henrik lindbo sound gridtech week ago . opinion origin fact settlement circl behind energi island latest agreement postpon full realiz island side 2030 . therefor , island 's total offshor wind capac 5 gw contribut big fulfil 70 percent target , accord han henrik lindbo 's calcul , mean green electr gener capac lack within countri 's border 2030 due rise electr consumpt broad electrif . dansk industri , therefor , also hear dissatisfact member , find unaccept larg amount green power avail 2030 . “ member express dissatisfact current schedul island . therefor , gather number member energi work group provid good advic input acceler realiz island . need tighten chain tighten , ” say troel rani , industri director di energi . energi island essenti brick emphas di pleas broad polit agreement made realiz island . “ said , realli happi get speed realiz . , electr product 5 gw offshor wind affili lie foundat ambit climat partnership energi suppli set almost fulli phase fossil fuel 2030 , ” say troel rani continu : '' transit energi suppli sector crucial prerequisit larg part co2 reduct busi sector . '' regardless deferr energi island , effort electrifi wide societi alreadi underway . exampl food industri , among largest energi consum home . , di current run project 20 busi case , tri analyz analyz deep food industri reduc process technic level . beauti wast forc compar 2030 goal , also ambit energi island ' schedul rais , explain troel rani . `` 's one thing find much electrifi , electrif attribut co2-neutr electr suppli , valu relat climat goal . '' district heat tie electr heat sector , comprehens electrif alreadi begun 2030 , district heat independ goal complet fossil -free . past year , number larg heat pump district heat explod . transit 2030 mean district heat produc go net produc electr becom net consum - even one countri 's largest . cogener plant competit expect find difficult get economi electr gener therefor dramat come year . cours , electrif district heat , increas import develop emerg . “ enough green electr , price rise lot , get situat neither competit particularli green , mean , among thing , import coal -base electr . direct contradict climat target , ” say jesper koch , head analysi danish district heat head green energi think tank . among thing , uncertainti , crucial district heat compani futur continu freedom organ suppli must base electr . » view prospect possibl lack green power energi island 2030 , particularli worri us signal sent time district heat look get electr - electr - futur , 'say jesper koch . “ case , much need 100 percent depend one sourc district heat suppli . contribut district heat sector integr competit base effect use wide pallet green energi sourc , ” say . uncertainti give hesit electrif howev , jesper koch believ question energi island ' schedul specif someth fill current electrif decis district heat compani , still bit time horizon . alreadi exampl fast uncertainti futur lead hesit electrif . `` give contemporari exampl sensit area , experienc district heat compani hesit invest electr kettl energinet 's work adjust model counter -trade electr market , '' explain jesper koch refer pend debat electr industri make trade special regul competit . someth similar consequ energi island abund green power continu reach , believ . “ district heat becom 100 percent green 2030 time maintain competit minim invest risk . process invest larg , electr heat pump , energi island wait electr price rise , district heat compani simpli cut electr invest safe altern green invest , ” say .",
,2021-04-21 00:00:00,Sådan kunne et europæisk brint-net se ud i 2040,Ingeniøren,Link,"vision 40,000 km hydrogen pipe across europ bid hydrogen green europ futur . ga hydrogen behav differ . hydrogen base renew energi high price , sever european countri , especi netherland germani , far ahead plan expans pipelin transport hydrogen . mainli due need replac fossil hydrogen green altern exampl steel refineri industri . 23 owner infrastructur transport ga ( tso ) put togeth formul vision hydrogen transport product site , exampl , energi island north sea , consumpt site , join forc show expand pipelin coher hydrogen network europ . total , 40,000 kilomet pipelin northern sweden southern itali spain west greec east : '' larg number european tso keen promot green transit , network thu suggest util exist natur ga network hydrogen need extens , '' say stine grenaa jensen , area manag energinet ga tso . sinc convers part natur ga network expans new pipelin equal hand turn , time frame set 2040 . area europ alreadi far ahead , explain stine grenaa jensen : » germani netherland , strong focu get fossil hydrogen process steel refineri industri . therefor , probabl also expect first see establish larger network , ” say . denmark go progress tso particip vision contribut need green hydrogen see futur infrastructur believ abl contribut . also appli denmark , stroke drawn map . among thing natur ga stock jutland upcom energi island north sea : “ also drawn new pipelin neighbor countri would like access hydrogen . appli sweden poland , ” say stine grenaa jensen . convert natur ga line part danish hydrogen tube may consist natur ga compound need convert handl hydrogen . someth technician investig number year , right solut continu . therefor , also noteworthi british tso , nation grid , plan convert larg part british natur ga network hydrogen . elsewher , abl see new pipelin connect exist natur ga line across border . also room vision hydrogen transport plant north africa europ . steel becom crispi even though vision part exist transmiss system natur ga use transport hydrogen , differ barrier occur . explain asger myken , senior project manag danish guest technic center . exampl , known knowledg hydrogen present challeng compon valv , regul compressor . top , risk hydrogen affect steel pipe , materi becom `` crispi '' thu easili break . time , european natur ga network built larg variat compon differ standard : '' mean one would abl use natur ga network transmiss hydrogen , requir individu part assess individu . exampl , may mean compon need replac pressur pipe must lower , ” say . ptx strategi come fall denmark , sever hydrogen project underway , includ fredericia copenhagen , hydrogen expect produc basi electr renew energi . therefor , hydrogen also import compon , ida 's energi 2050 2016 ida 's climat respons last year . climat respons show , among thing , 40 gwh storag capac hydrogen must establish order ensur flexibl interact product green electr hydrogen . sinc polit strategi still miss , energinet difficulti establish upcom develop plan , term stock pipelin . stine grenaa jensen emphas primari strategi use much green danish current direct electrif : “ clear surplu must convert hydrogen , either valu -ad denmark export . process , import infrastructur becom bottleneck , ” say .",
,2021-04-22 00:00:00,Nu vil også Ørsted og ATP bygge energi-ø,Ingeniøren,Link,"new partnership join competit becom state partner construct upcom energi island north sea . thu , two consortia bid . new , power partnership join battl allow build energi island north sea . ørsted , leader develop offshor wind atp , fortun dkk 960 billion . dkk denmark 's largest institut investor . thu , two consortia interest becom co -owner island state , none appar intimid poor project economi econom scientist point recent . second consortium call vind-ø consist pension compani pfa pension denmark well energi compani share . accept fix island ørsted previous beaten drum would cheaper build number platform instead fix island north sea connect offshor wind farm , announc new consortium compani accept lower box- ø sea . `` look forward make contribut realiz epoch -make infrastructur project best technolog solut lowest cost risk benefit danish societi , '' say mad nipper , ceo ørsted one press releas . atp , bo foge , ceo , estim energi island north sea realli interest invest opportun atp , ensur good stabl pension , develop danish posit strength time becom crucial lever green transit denmark : 'of cours , invest without risk member must compens , ørsted atp strong partnership , right complementari skill solv task . also pleas collabor ensur return project atp benefit dane , ” say . market consult underway polit agreement februari , state energi island north sea social task best solv activ relev compet across state market via share ownership state one privat actor , state must , howev major owner . number -call 'market consult ' danish energi agenc interest parti , one must determin detail process suppli island . among thing , must decid big island . accord discuss propos market dialogu , publish danish energi agenc , full-scale-energi island north sea ( ie connect 10 gw offshor wind ) expect cost 10 , 9 billion . dkk construct cost .",
,2021-05-10 00:00:00,Strid om betaling for elnettet kan true den grønne omstilling,Ingeniøren,Link,"surfac , rebellion energi industri lurk due passu summer 's climat agreement requir develop pay larg part extens electr grid . energi connect system becom expens appar , danish climat effort go well : accord latest offici climat write last week , come much closer climat target past year . specif , -call climat shoe - ie co2 reduct find - shrunk eight million . ton , 20 million . 11.8 million ton co2 2030 . explan especi found effect two climat agreement wast energi industri , conclud last summer - saw interest build new bioga plant explod . climat agreement energi industri , also find passu , extent got develop sun wind farm chair accord hold potenti threat green transit . passag pay expans electr grid green transit . summer 's climat agreement , politician chang principl forc sinc 1990 : expens expans electr grid connect connect new plant initi paid local electr distribut compani , send bill countri 's electr consum via so-cal equal scheme , paid via pso tariff electr bill . instead , politician decid let bill move produc 2023 via brand new geograph differenti connect contribut incorpor starter , yet design . purpos chang , accord agreement , save electr consum money time encourag develop place plant electr grid alreadi strong enough buy transport road stream . chang complet behind danish energi industri . accord ceo knud erik andersen develop european energi , list negoti late night time , sinc industri tri understand new tariff ' extens consequ renew energi project futur . made frustrat less among develop . partli clarif new tariff design long prospect , slow new project . partli word climat agreement interpret fact develop pay cost connect specif plant , also larg part rel larg invest transmiss distribut network green convers 's increas electrif requir . big summer game larg sum stake : accord report rambol - trade organ wind denmark order - dkk 80 billion invest period 2020 2040 . dkk grid connect , foreign connect , transmiss network connect energi island , develop pay dkk 30 billion . rambol calcul . addit , enclos look forward extra expens form grid connect fee well incorpor rig 2023 , give total addit cost dkk 300 million . dkk annual 2030 . calcul base danish energi agenc 's project use energinet 2020 , electr consumpt 2030 expect increas 83 per cent . compar today- pris-felt result new electr consumpt heat pump , electr kettl , larg data center , transport power-to-x plant . accord director wind denmark jan serup hylleberg , mean larg part project abl realiz may therefor risk miss capac 2030 : » equal scheme cost order dkk 300 million . dkk per year . price save financ act need provid subsidi new renew energi capac reach climat target , shot foot , ” say . carrot rather whip develop better energi 's ceo , rasmu lildholdt kjær , find reason develop pay direct connect individu plant , pay new transmiss line relat necessari expans transmiss network : '' one collect cost make attract peopl join electr grid- punish , '' say , point , exampl , case ga field today , regul promot connect ga network collectiv connect net cost . anoth purpos new legisl get develop establish new plant grid alreadi strong , need spend littl money onlin expans possibl . argument greet main shake develop , call basic condit we-extens , suitabl seat sun wind far citi larg electr consumpt lie . advanc , lack electr grid outer area big challeng project . typic take two year get project connect distribut network two five year project connect transmiss network . even though alreadi avail capac transmiss network . better energi , exampl , restrict solar cell project lolland-falst 2,000 mw 700 mw , electr consumpt island low transmiss network strong enough transport green power consum , exampl , copenhagen area . far , politicians-despit sever meetings-hav refus chang anyth agreement , climat minist dan jørgensen ( ) maintain committe respons connect repres compani measur climat agreement consid contribut cost-effect green transit , electr produc contribut cost give rise . also state answer much develop must pay appear new tariff method dansk energi must develop distribut network must approv suppli author . transmiss network , energinet develop new tariff model . dansk energi wo n't seiz thu , minist thu play ball trade organ dansk energi , , howev , refus seiz clariti instead return politician . trade associ develop grid compani member , therefor influenti industri organ must find solut tariff question parti see : '' think agreement text unclear , - togeth wind denmark - written minist ask clarifi text number point , also await specif legal text . place , credibl make bid tariff model , ” say deputi director ander stoug dansk energi . upset whole cours climat agreement : '' clearli prefer politician retain collect equal scheme move financ act-a actual agre back 2016 abolish pso scheme , '' say . brand new climat write danish energi agenc , estim extens solar park - privat develop stand major , mainli done without grant - continu fast pace 2030 , 8,500 mw solar capac , 4.5 time today . capac rural mill expect rise 1,000 mw - 4,700 mw today 5,700 mw 2030 . bill new tariff expect made fall , next act wait fight payment expans electr grid .",
,2021-07-01 00:00:00,Mangel på arbejdskraft: Vindmølleeventyret skaber jobfest på danske havne,Ingeniøren,Link,"danish commerci port expand larg style result new activ grow wind turbin adventur sea . lead last job parti port - engin need , say trade organ . well half denmark 's approxim 50 commerci port form wind turbin sector . larg port esbjerg - ship 80 percent instal offshor wind capac throughout north sea - small klintholm harbor møn give wind turbin adventur year major extens , activ thu job danish commerci port . “ clear trend wind turbin adventur fill danish port . look port expect grow come year , doubt wind area engin growth , ” say tine kirk pedersen , director danish port , repres danish commerci port . optim mainli due european commiss strategi offshor wind , announc last year . , goal offshor wind turbin must erect capac least 60 gw european water 2030 much 300 gw 2050 . today , total european capac around 25 gw . tine kirk pedersen high hope larg part mani new order danish compani thu expand activ danish quay . good chanc wish fulfil . last year , organ danish ship compani , dansk energi wind denmark studi employ effect sea wind . studi show gw offshor wind set danish water give rise 14,900 full -time equival lifetim mill . 1,400 man -year -call 'blue denmark ' . sinc danish compani domin offshor wind industri , good bite workplac also accru denmark , even though offshor wind farm set europ . thu , european offshor wind farm 1 gw contribut approx . 3,100 man -year danish wind compani , studi show . port embrac wind rønne harbor good exampl commerci port serious felt wind turbin ' entri adopt new busi area . year ago , activ rel limit , chang connect instal denmark 's largest offshor wind farm , krieger flak , ship rønne . prospect also natur choic upcom energiø project bornholm 2 gw ( almost 3.5 time krieger flak ) larg offshor wind ambit baltic sea region , rønne harbor expect ship approx . 15 gw 2040 . » rønne harbor 's ambit becom central ship harbor wind turbin baltic sea , harbor major expans . thank big invest wind energi baltic sea , seem harbor succeed creat uniqu posit , ” say tine kirk pedersen . also job engin krieger flak project also thrown job aforement klintholm harbor , chosen park 's oper servic port . mean 35 new job move one countri 's smallest commerci port , reason undergo consider physic expans . although job prefer skill labor , tine kirk pedersen also see plenti potenti new engin posit port . “ often hear wind turbin compani activ danish port , level educ get higher higher , need abl . cours , mani skill worker work around port , need grow highli educ labor , come vemor world , ” say . final , danish commerci port also process posit focal point upcom power-to-x industri denmark . togeth trade organ dansk energi , dansk energi recent publish green port strategi , two organ see port serv purpos power-x industri area rang storag fill ship truck product . fuel . “ experienc great interest actor would like physic posit port would like enter strateg collabor port around power-to-x . also includ engin workplac port , ” say tine kirk pedersen . last job parti although expect growth depend extens natur temporari activ , tine kirk pedersen doubt wind turbin creat last job parti port area . “ develop plan extens activ continu mani year come . time , also see oldest park get old need peel - decommiss need happen next busi area port look , ” say . addit , trend ever -grow offshor wind turbin also draw fact compon mill increasingli produc port . “ wind industri alreadi state product move complet port futur element becom larg transport along road network . road transport alreadi begun limit factor today , ” say tine kirk pedersen , ad : '' , say least , worri task ebb - neither short long term . ''",
,2021-07-02 00:00:00,Regeringen: Øget elektrificering giver mangel på knap 2 GW havvind i 2030,Ingeniøren,Link,"electrif transport industri import contribut climat target . lack expans match increas electr consumpt . target 70 percent co2 reduct 2030 requir rapid deep electrif fossil sector societi . prospect increas electr consumpt cover product danish wind turbin solar cell 2030 . month delay , govern final present electrif strategi , draw framework lift task get commun 's gear run electr . central new strategi eight benchmark , put fenc pole around govern 's concret initi field come month year . one benchmark ensur plenti green power grow electr consumpt : “ need electrifi , need green power . govern work ensur expans renew energi take place nation - long term foreign - consumpt increas , electrif societi becom 100 per cent . green , 'it sound one govern 's new benchmark . particular benchmark far cours denmark , especi perspect climat act bind target reduc 70 percent greenhous ga emiss 2030 compar level 1990 . engin previous describ prospect lack green power upcom power-to-x industri , suppli so-cal indirect electrif especi heavi transport . govern 's calcul show direct electrif also risk get green power brought upcom polit initi . increas electr consumpt significantli connect prepar strategi , ministri climat , energi suppli made number scenario calcul , attempt illustr full electrif potential-and thu co2 reduct potential-bi increas electrif 2030 . calcul made three select sector , today consider fossil energi consumpt . transport sector , household ( primarili heat ) well busi agricultur . accord calcul , sector make contribut climat target addit dkk 5 million . tonn co2 reduct 2030 notic undergo strong acceler electrif come year . addit , electrif indirectli give rise addit dkk 1 million . tonn co2 reduct 2030 virtu sector ' convers away wire ga ( primarili result household phase ga fire industri 's transit electr heat pump , ed. ) . increas project proport co2-neutr bioga wire ga , measur final consumpt . total , potenti reduct dkk 6 million . ton result increas direct electrif . govern current miss reduct dkk 11.8 million . tonn 2030 , addit electrif effort strategi emphas one import tool redempt 70 per cent target . potenti fulli fulfil , give rise overal increas danish electr consumpt 2030 8.8 twh , calcul show . accord govern 's figur , correspond annual product approx . 1.9 gw offshor wind turbin . comparison , denmark today total offshor wind capac 1.7 gw . extra product capac 2 gw must laid top expans alreadi plan 2030 . large-scal offshor wind park typic take 6-8 year realiz , mill readi 2030 , politician would immedi decid new concret offshor wind offer soon . energian alyt : thin strategi howev , govern state strategi increas electr consumpt electrif measur necessarili mean need wind turbin solar cell . `` extent electrif practic requir continu expans renew energi depend whether consumpt coincid time wind blow sun shine , '' strategi read . howev , interpret understand energi sale partner ea energi analysi , han henrik lindbo , . interpret requir climat act denmark annual basi must produc we-eel contribut co2 reduct climat account . done exchang abroad balanc product consumpt year inferior , believ . “ climat act interpret tight recogn abroad warehous danish sun wind annual basi , difficult . , hope , misunderstand , 'he say . overal , think new strategi draw reason vision develop . “ strategi consid thin , think . mani option set , concret direct requir . lack priorit want put first secur adequ capac concret roadmap electrif industri high list , ” say han henrik lindbo . we-extens hit challeng regardless much extra electrifi 2030 , current prospect addit expans neither offshor wind renew energi size order meet 70 per cent target . accord danish energi agenc 's -call climat statu project ( formerli known basic project , ed . ) , denmark alreadi , adopt electrif measur absenc green electr 2030 , share consumpt land 97 percent . , among thing , two plan state tender recogn offshor wind , thor hesselø park , well expect market-driven expans solar cell quadrupl current capac 8,500 mw 2030 . deficit mainli due fact govern 's schedul two energi island total 5 gw offshor wind back februari shot side 2030 . howev , new strategi state energi island must realiz 2030 'or soon possibl thereaft ' . gener , expans govern reli 2030 , spring summer , howev , affect one bad news anoth . friday last week , suppli countri 's largest offshor wind project drawn 1,200 mw - hesselø offshor wind park - paus due unforeseen difficulti seab condit design area . still unknown seab problem import project . addit , result larg coastal offshor wind farm omø south 320 mw must drop mill ' sea area design natur conserv area sake bird life 11 hour . happen nine year plan . insid land , thing much better . privat resort complain month new connect agreement made electr grid compani . reason industri lack clariti bill settl govern 's announc restructur payment develop oper electr grid come forc 2023 . addit , number larg project recent fell result decis hous board gone project . march , exampl , plank complaint board found countri 's largest commiss onshor wind farm , thorup plain , set illeg . futur 18 mill still unclear . got trade organ dansk energi wind denmark barricad . two organ long point green effect balanc 2030 go climat goal met . back april , dansk energi releas analysi , show mano green power 7 twh 2030 , wind denmark last week releas similar inventori mano total 27 twh 2030 - howev , condit long higher electr consumpt , among thing , export ptx fuel , offici project recogn . govern 's electrif strategi must alreadi follow autumn new initi , separ ptx strategi also expect toward end year . howev , organ wind industri demand govern also prepar definit strategi ensur climat goal support suffici green power . » electrif strategi without electr like water park without water . need govern folket take respons enough green power well 2030 . otherwis , rest climat effort lose mean . therefor call govern folket develop adopt actual strategi addit electrif ptx strategi , ” wind denmark ceo jan hylleberg said press releas last week .",
,2021-08-20 00:00:00,Vindmøllebranchen ryster på hovedet af Energinets markedsdesign for energiøerne,Ingeniøren,Link,"energinet creat separ buddi upcom energi island , upcom market design mean wind turbin current often settl lowest possibl price . threaten wind turbin develop ' invest desir huge project . hybrid connect krieger flak combin grid solut ( cg ) went oper last year true world sensat . collabor german counterpart , 50hertz , energinet commit technic new break connect two countri ' electr system via wind farm sea first time world . term electr , solut also enter new trail . fact , emphat market design behind solut allow connect went live 2020 . reason eu 's clean energi packag , made year cross -border electr connect make 70 percent capac avail free electr commerc , gener longer allow give prioriti prioriti web system . market design krieger flak base give prioriti access wind energi cabl . philosophi connect primarili intend land wind turbin power , excess capac connect could seen bonu could made avail market , explain intern chief engin intern electr market energinet . “ , everyon thought good idea time , thu util infrastructur better . sinc , interpret rule intern market becom good must free access across border , principl fought market design fundament courag , ” say . first thought behind market design krieger flak connect devis way back 2007 , long clean energi packag got way well ten year later . therefor , last year , energinet grant exempt move trade-discriminatori market design . bud zone sea cours model go upcom energi islands-such krieger flak connect prototype-must design electr market framework . » krieger flak given us experi hybrid project draw . , cours , know build market design around prioriti access , get mani friend regulatori side , ” say morten pindstrup , explain consider identifi basic principl , like new one , began market design live . energi 's principl energi island ' upcom market design read : must non-discriminatori must transpar actor understand mechan follow applic rule must scalabl base list basic condit , danish tso reach simpli move exist market model sea creat separ offshor bud zone energi islands-a model also support european commiss offshor wind strategi . “ logic reason deviat zone model replac grass water . decid move solut offshor onshor , ” say morten pindstrup . wind turbin owner lose thu , although market design well known , one seriou challeng energinet 's propos model : actor set wind turbin care . `` design challeng wind turbin set connect island thu stand insid separ budzon , els equal , littl wors , exampl , connect directli domest market , '' say morten pindstrup . reason distribut energi island ' offshor wind turbin must found method eu 's market algorithm find price individu bid zone . algorithm-also call european market coupl mechanism-optim flow power europ 's bud zone move electr low-cost area high price area put price individu area thereaft . energi island locat bid zone connect , exampl , two price area - e.g . western denmark germani , typic low high price area respectively- electr market logic ensur much island 's cheap wind turbin power sent germani . island ' interconnector respect countri probabl dimens abl transport product associ wind turbin , connect high price area often satur bottleneck occur . sinc consumpt island 's bid zone ( least start ) , island 's current sold low cost area , mean market coupl mechan alloc energi island 's bud zone - wind turbin within zone - spot price low cost area . tighten leg support model even situat price distribut western denmark germani way around , mill associ energi island end spot price match cheapest area free trade capac , way give sustain invest case , say wind turbin industri . . “ comment energinet 's budzon model process reduc incent invest energiø project everyon energinet lose model . without greater consider investor secur , regular offshor wind turbin project radial network connect attract investor look price format spot market , ” say wind denmark 's electr market manag søren kling . thu point owner island 's cabl - like energinet - stand serv market design via -call bottleneck incom . incom done expens wind turbin owner ' inferior settlement . return bottleneck incom . systemat low spot price energi island , associ wind turbin likelihood need safeti net form state aid , expect form so-cal 'contract-for-differ ' ( cfd ) , state guarante wind turbin owner minimum price stream . name model suggest , state cover differ realiz electr price agre minimum price found tender . model also avail double-sid version state receiv money oper case electr price agre minimum price . way , open given support time goe zero . market design also make significantli less attract state enter support model , explain søren kling . » budzon model result high electr price risk . coupl state -guarante minimum price via cfd , state take high risk , doubt whether state interest , ” say søren kling . guard runaway tax bill could put absolut support ceil crown ear tender condit - ceil , exampl , part condit upcom technolog -neutral suppli wind turbin solar cell land . ceil would bring risk back investor wind farm , point . share bottleneck incom object wind industri also asham someth much mind , say morten pindstrup . `` cours , listen object mill owner develop , use make world 's best market design one dare invest , '' say . import ace tso sleev regard precis aforement bottleneck revenu . morten pindstrup explain look way wind turbin owner share revenu kind supplement support model . one way could compet part transmiss right interconnector part offshor wind farm ' offer . lowest bid share transmiss right thu stand better competitor . søren kling familiar idea ​​redistribut bottleneck revenu expos transmiss right . still think sketch compens scheme vagu give investor suffici calm stomach . “ exampl , challeng current time limit transmiss right , given year time , rule . rule , see , must first chang match invest horizon offshor wind farm , least 20 year old . suppli provid secur right throughout life , investor go , ” say søren kling . time scarc case , urgent find market design tender condit work wind investor , develop new market model take long time , point . » redistribut bottleneck incom necessari get european level , current market design root european law . chang tempor challeng - 's someth , pill core intern market energi . long way go , ” say søren kling , estim process easili take sever year . accord danish energi agenc 's estim roadmap project north sea , associ offshor wind abl take tender mid -2027 . market model must readi , say morten pindstrup , also complet agre time scarc . `` design prefer complet chop stone make wind turbin suppli energi island , quit decis busi case offer wind farm make , '' say morten pindstrup . also assur develop market design rule chang eu level involv involv actor far possibl . “ realli , realli mani duck stand row project . everi time one row , reflect risk actor relat end one pay . therefor , risk someth lot uncov get tender , ” say . next step work market design -call bid zone studi , energinet must make collabor countri island must connect . hope budzon studi begin begin next year . condit polit agreement energi island ' foreign connect land .",
,2021-09-01 00:00:00,Nyt elektrolyseanlæg bør være et ‘wake up call’: Risiko for mangel på grøn strøm,Ingeniøren,Link,"new agreement hydrogen system 1gw oper esbjerg 2024 . thu , plan power need power-to-x six time danish energi agenc project . , one europ 's largest power-to-x system ( ptx ) electrolysi capac expect 1 gw way esbjerg , complet 2024 . state press releas esbjerg municip , earlier year could publish plan anoth huge 1.2 gw ptx plant copenhagen infrastructur partner ( cip ) stand . time , wind power made green ammonia 2026 . new project h2 energi europ , focu hydrogen , use directli refin product liquid fuel . accord h2 energi europ , hydrogen , must made use power offshor wind farm , must also export south . `` esbjerg optim prerequisit power-to-x hydrogen product , '' say ceo clifford zur nieden press releas . » first foremost , geograph advantag due locat compar north sea 's offshor wind , area also well place relat export opportun larg industri area germani northern europ , larg part product expect base hydrogen futur , 'it sound . may result import black stream news good , plan amplifi concern sever parti suppli green power expand quickli enough demand . bare danish wind turbin solar cell enough increas need direct electrif societi , let alon larg energi need ptx project . help danish energi agenc , new analysi prerequisit energinet , consult , expect 1 gw electrolysi capac 2030 , alreadi plan set 6 gw includ latest project . green power gener adjust demand , may end import fossil power due green initi coal oven remain coal -fire power plant denmark . especi establish offshor wind turbin slow h2 energi europ 's open day 2024 seem disturb close . » often take longer build offshor wind farm take build ptx system . none make sens enough green power . need make sure dimens expans green power gener , ” say director hydrogen industri , tej laustsen jensen . ptx goe faster author wait industri year shout rifl , even site , risk becom bottleneck suppli wind turbin power privat investor busi ptx author expect . latest agreement esbjerg strengthen problem . name , cip h2 energi europ unlik draw resourc settl power come profit . capac 2 gw two player requir wind turbin potenti output doubl electrolysi system run full forc - alway wind blow equal . “ hope help wake-up call fast . emphas huge need us turn product green power realli , realli fast . huge amount energi need replac actual get much , ” say tej laustsen jensen . least , danish energi agenc acknowledg power need electrolysi goe much faster project - even 2030 . risk come backlog act . “ think possibl get enough green power . requir us faster prospect right . basic posit problem , ” say director trade associ . even 1 gw electrolysi get much without detail year year analyz whether expans wind power north sea follow , difficult crack , exactli bottleneck green power risk hit . indic tight , admit senior consult jáno hethey ea energi analysi , work analysi , model plan energi system , least wind power . “ previous look 2030 connect 70 percent target , assess even one gw electrolysi , previous assum danish energi agenc , littl tight , reach reach reach get energi island establish 2030 , ” say jáno hethey . emphas may also bit awar possibl match expans demand one one , year year . time , may also unrealist investor ptx run full capac day one - build get agreement power reason price place . “ suffici wind sun expand . , get appoint place realli cheap price gener -suppli denmark . fulli agre 1 gw alreadi 2024 , project , extrem ambiti , ” say jáno hethey . imposs reach build 1 gw wind turbin time sector commun wind denmark say least . fact , hard imagin 1 gw spell new esbjerg project new offshor wind park magnitude-even optimistic-tak five six year establish , includ environment assess phase . thor , next larg -scale offshor wind park program north sea , expect connect one year h2 energi europ , accord plan , goe air facil . hydrogen product full capac , swallow entir power product thor . “ miss much greater focu green power come . even without latest esbjerg project , prospect lack green power . 2024 build anoth 1 gw offshor wind via state tender , ” say martin risum bøndergaard , polit head wind denmark . emphas green stream must also come offshor wind turbin set outsid state suppli , land wind turbin solar cell miss master plan expans mani bottleneck occur transit complet green energi system . » simpli make strategi parallel ptx strategi ( folket work come month , ed. ) . , one illustr demand , also illustr whether actual abl get green power . , worthi climat exactli green pioneer countri import countri , ga , coal biomass drive , ” say martin risum bøndergaard . addit parti speaker , tangibl press releas esbjerg municip h2 energi europ bought larg plot land veldbæk near esbjerg 11 hectar . unclear much compani still commit build plant whether , exampl , power agreement place parti .",
,2021-09-02 00:00:00,Energiøens enorme havvindparker truet af ny fuglefredning,Ingeniøren,Link,"'veri difficult ' find space 2 gw offshor wind turbin energiø bornholm , whose ministri environ 's propos new bird protect area adjust , energinet write consult respons . howev , energiø project best serv area peac , say environment expert . long -long process , ministri environ stumbl close identifi six new bird protect area danish water . turn one ministri propos protect area bornholm caramb preliminari studi area state 's , huge offshor wind project 2 gw , connect one countri 's two upcom energi island . design occur stroke ministri environ current drawn new -call habitat order , møller ' possibl set -up area reduc extent 'veri difficult ' find space 2 gw offshor wind . cash messag energinet sound like consult respons execut order chang , gridtech gain access . » [ design , ed . ] like , mean area instal offshor wind turbin establish 2 gw offshor wind bornholm reduc significantli like difficult establish 2 gw offshor wind area , `` write energinet consult respons . buffer zone restrict mill area new habitat order - consult , yet final - propos appoint new bird protect area call rønne bank , extend bornholm south coast way border exclus econom zone germani . design done sake duck bird havlit , found area . new propos area adjac alreadi establish preliminari studi area two offshor wind farm energiø bornholm . park place 20 km coast south rønne divid eastern western area , hous 1 gw ( see card ) . although boundari bird protect area cross moth ' feasibl studi area , energinet consult respons point experi previou environment impact assess , among thing . krieger flak show sea lit lighter easili minimum buffer zone 2-3 km offshor wind turbin establish . assumpt extra buffer zone 3 km along border new bird protect area , design result reduct 67.6 squar kilomet eastern offshor wind turbin area 4.7 squar kilomet western offshor wind turbin area , energinet write . `` especi eastern offshor wind turbin area , larg area mean project implement adopt climat agreement 2020 , '' say consult respons . ga line nord stream baltic pipe run eastern area . sinc ga line , accord rule , must kept free wind turbin distanc 200 meter side pipe , mill area reduc addit 18 squar kilomet . thu , eastern mill area reduc 212 squar kilomet . » normal , offshor wind farm 1 gw use area ​​approx . 220 squar kilomet , take account offshor wind farm achiev requir electr gener thu expect reduct co2 emiss , ” energinet write . far western mill area concern , bird protect area interven less , sinc alreadi limit area ​​254 squar kilomet , reduct 4.7 squar kilomet also prove problemat , energinet point . energinet concern although problem rais consult respons may sound alarm larg -scale project , much concern track energinet . `` would say concern , lag risk also provid solut , '' say energinet 's top respons energiø project , hann storm edlefsen . consult respons , energinet suggest newli design bird protect area narrow buffer zone interven minim mill area . hand , extens exist ec bird protect area could implement hyllekrog-rødsand , say . » order meet risk us end littl area avail , suggest limit current present slightli , time put new area larger actual larger occurr sea lit , 'she say . professor : bird decid right way go unless wind turbin project risk run complaint litig , accord professor univers copenhagen 's legal faculti expert environ , peter pagh . explain european court justic 25-year-old judgment subsequ practic made legal posit clear case like : '' short , court say design defin bird protect area , ornitholog criteria appli . one popularli say 'bird decid ' . accord firm practic , must understood basi design area protect found , design must also done , ” say peter pagh . author choos compli energinet 's desir restrict protect area ​​bornholm , energiø project made assess vulner complaint litig risk stop project . understand , import know natur habitat direct . 6 , par . 4 . except cours brought play area mill stand also appoint protect area-accord peter pagh , establish sever eu judgment . “ court made clear one fail appoint despit fact basi appoint , possibl also laps use except . thu , protect bird absolut appli , possibl waiv rule , ” say peter pagh , elabor : “ appoint area , ngo , exampl , come back claim basi chose follow appoint . happen , complet certain court judg favor complain parti , ” say . energi island good chanc except unless one rule mill detriment effect bird design area bird protect area peter pagh 's assess , therefor , way go energinet author time . energiø project good opportun live requir except , believ . “ import thing area initi appoint , avail , one must habitat assess decid whether basi except . may well - even obviou case , energi island project scale import , exempt provis would probabl abl appli , ” say peter pagh . howev , energinet agre professor propos consult respons , may chang design bird protect area , decid appoint . `` still consult phase , tri solut anticip potenti conflict interest start , '' say hann storm edlefsen , emphas energinet 's consult respons express profession input tri accommod seabird offshor wind turbin . final legal assess danish environment protect agenc , state . ministri environ inform gridtech present -hand respons current process therefor comment . earlier month , energinet formal start concret preliminari studi sea around energi island . energiø bornholm , studi carri rambol .",
,2021-09-07 00:00:00,Ørsted hyrer tre ingeniørselskaber til udvikling af energiø,EnergiWatch,Link,"aarsleff , bouygu van oord help ørsted atp bid energi island north sea . ørsted atp alli three engin compani aarsleff , bouygu van oord develop bid energi island erect north sea . first time world histori artifici energi island erect , therefor atp ørsted emphas messag requir `` close cooper number highli special compani document experi develop renew energi construct complex construct project sea . ” accord ørsted atp , three new partner necessari skill design plan , compani also experi complex construct project sea . `` partner place , ørsted atp laid foundat success deliveri energi island north sea , '' announc read . `` ørsted 30 year experi collabor highli special engin compani offshor wind . innov way contribut transform danish energi system , benefit danish societi provid green solut denmark european neighbor . region director continent europ ørsted , announc . jesper kristian jacobsen , ceo per aarsleff , call project establish energi island innov pioneer , well import step toward solv climat challeng . `` bouygu travaux public , van oord aarsleff 's overal expertis offshor work constitut strong partnership , look forward contribut project togeth ørsted atp , '' said behalf three supplier . energi island north sea expect tender 2023 , ørsted atp intend make bid .",
,2021-09-20 00:00:00,Energiøer: De teknologisk udfordringer tårner sig op,Ingeniøren,Link,"requir complet new technolog solut energi island readi 12 year . research warn start left anim wrong technolog . , 10-12 year , robust electr system handl larg amount energi produc baltic sea north sea distribut via energi island denmark countri area , must find find technic solut right . call number research dtu aau new report . concern first foremost whole system must base dc compound ( dc ) convert ensur exchang energi : “ may individu hardwar compon avail today . place world today experi deal larg quantiti renew energi singl insul network without larg stabil power plant . need thing whole new way , ” say jacob østergaard , professor center manag dtu elektro . also frede blaabjerg , professor aau one world 's lead research effect electron , emphas need start solut readi time : “ bet energi island could potenti handl 10 gw electr wind turbin , 're someth one ever tri . rais lot question tri find answer good time , ” say . risk instabl report , releas number expert field , point , among thing , much electr gener base high -tension dc ( hvdc ) go away electr system stabil thu frequenc 50 hz primarili base inertia rotat gener countri 's power plant . mean longer expect larger smaller outcom consum fault high -voltag line captur automat adapt power plant ' safeti system : » convert differ properti synchron gener use power plant . mean get electr system island without convent inertia , help balanc control electr grid . base electr system much greater extent larg number convert , need develop new model simul regul energi flow happen failur outcom , ” say jacob østergaard . type simul must use develop new control system actual oper energi system . risk even minor error energi island , 10 gw wind power must distribut , could potenti spread darken larg part northern europ . reduc risk , cours , possibl overs system , inevit lead higher price energi island , thu solut may better . compon avail howev , research emphas , think island technic reach . among thing , frede blaabjerg point compon need build so-cal multit termin dc system alreadi exist today . alreadi look latest connect jutland norway , skagerrak 4 , put oper 2014 . capac 0.7 gw : “ challeng place world built larg system energi island north sea requir . n't mean ca n't . need get start uncov right technic solut . exampl , great import whole way dimens plant - whether also ptx plant island whether energi go ashor like electr , ” say frede blaabjerg , ad denmark energi island complet cut edg intern electrotechn develop . 12 year learn well advanc first stage 3 gw energi island readi 2033 , could ask ? , research agre achiev , room postpon studi electr technic aspect . also number option associ start someth pioneer energi island , say : » today , exampl , wind turbin must meet specif expens requir order connect electr grid . build directli connect energi island , requir , among thing relat net stabil , may move effect electron hvdc connect give birth energi ashor . way , mill made cheaper , could potenti reduc price billion amount . thing need get clarifi , ” say jacob østergaard . also frede blaabjerg see technolog possibl system dc connect energi island : “ choos , denmark technolog pioneer bring us intern forefront . tri compar larg wind farm sea . also good safe invest , need start solv technolog challeng now. ``",
,2021-09-21 00:00:00,Professor: PtX-aktører har selv ansvar for at sikre tilstrækkelig VE,Ingeniøren,Link,"state must readi necessari amount woe power-to-x . first , ptx player commit , say energi professor . answer big question denmark power upcom power-to-x industri ( ptx ) still flutter wind . gigawatt upcom electrolysi plant tower horizon , case larg -scale offshor wind park , sever player expert seen import power sourc futur ptx . current , public knowledg plan ptx project total 6 gw 2030 , realiz , state-control develop offshor wind fall short-at least mighti energi island final readi 5 gw offshor wind capac . howev , full capac island expect connect 2033 . realli state 's job secur necessari power privat industri ? , say professor depart plan , aalborg univers , brian vad mathiesen “ make ptx plant signific respons base . , ca n't everi time someon speak resolv ptx plant , respons affect for-every-tim minister-that market work , ” say professor renew energi system aalborg univers , brian vad mathiesen . also point formal process still miss , ensur two thing follow roughli . `` new age , find thing , '' say . ptx player need commit basic , believ state expect make major effort energi plan sole basi loos declar intent , denot ptx player ' preliminari announc . `` must ptx player want sure way quantiti fit plan , cours also respons provid . state run risk build loos without know decreas , riski make larg tender sole basi 'letter intent ' , 'he say . uncertainti resolv actor will enter long-term agreement reader commit realiz plan . “ secur cheap power ptx player will go long-term agreement need financ part . cours , set renew energi set sure decreas . 's hen-or-egg problem , ” say . time , howev , crucial state readi readi -to -run strategi offer . “ readi strategi tender execut soon long -term agreement start land , clear problem . goe without say one serv wait two three year tender agreement otherwis place , ” say brian vad mathiesen continu : '' challeng creat a-sorri term-'wind tunnel ' 2030 , make clear investor ptx plant readi necessari tender commit realiz plan , '' say . hydrogen industri : 's discrimin director hydrogen industri , tej laustsen jensen , basic understand separ requir need made compani make electrolysi plant . “ think common commit ensur plenti green power . appli sector use green power - whether heat , transport , industri cours also ptx , ” say hyustsen director tej laustsen jensen continu : “ need use green electr terribl lot thing futur , precis electrolysi larg scale prerequisit fit balanc larg quantiti throughout energi system . therefor , see reason thing say ptx owner greater respons sort consum provid green power consumption. `` share brian vad 's concern develop risk stand lack decreas point fact sever consortia announc larg project develop team-develop ørsted , european energi eurowind one leg one ptx project home . addit , tej laustsen jensen point , erect specif plant also includ part sever consortia 's plan . exampl project 'green ccu hub aalborg ' , european energi partner . plan travel 500 mw new capac north jutland purpos . although agre intent brian vad 's idea ​​organ 'wind tunnel ' tender , also immedi believ 'equal legitim centralist approach ' may prove gear rapid develop ptx . `` develop area run predict , immedi see challeng get stuck overli long -term develop plan , also becom determin much ptx come , '' say . instead , hydrogen manag point import place start stimul expans manag establish permit environment approv , well handl neighbor natur consider , recent fell sever major energi infrastuctur project . “ big question whether manag capac treat quickli enough , quit convinc . 'm worri desir put , rather whether develop allow set would like - whenev want , ” say .",
,2021-09-30 00:00:00,En enkel fejl på energiøen kan sende Nordeuropa i sort,Ingeniøren,Link,"energi island north sea must connect rest europ via new untest technolog . simul show new control concept need major error need propag rest european electr system . new untest technolog reinforc risk error energi island north sea propag rest electr grid contin potenti put northern europ dark . show simul research dtu done : » tradit predominantli analog electr grid compar propel aircraft easili hover littl land , even one engin goe . system base sever compound high -strain direct current link like modern fighter jet : requir advanc control , fail , aircraft fall ground like stone , ” say jacob østergaard , professor center manag dtu elektro . report dtu recent publish collabor aau , serious emphas : '' lot stake drive energi island 10 gw : mistak caus 10 gw wind power north sea disappear electr grid potenti darken entir european electr grid . '' challeng energi island technolog call “ multitermin hvdc ” . basic mean energi wind farm goe altern current island . convert hvdc ( high-voltag direct current ) distribut countri expect link energi island , ie denmark , germani netherland . individu countri , convert convert dc ac stream 50 hz send energi nation high voltag network . type connect draw board number year , place prepar expand exist connect . appli , exampl , scotland , new hvdc connect , call caithness-moray , dimens longer term link wind farm shetland island . denmark , new wind farm krieger flak baltic sea alreadi connect zealand germani , util day wind transport energi two countri . sinc electr grid zealand germani run synchron , altern current must convert plant germani . plant could futur connect poland . rotat machin electr past electr grid energi island differ significantli type electr grid known 100 year , frequenc held place larg rotat gener power plant . danish network , largest electricity-produc unit use 600-650 mw past , net abl handl suddenli got mistak unplug ( could also high voltag connect link ) . stabil electr grid abil keep frequenc 50 hz depend inertia gener continu run . could told run bit turn , frequenc 50 hz . inertia convert system north sea , inertia form stabl frequenc energi wind turbin convert dc . error occur energi island error dc coupl connect land , energi wind turbin must quickli move connect : » direct current connect load close maximum capac , simul run show - design control new way - failur one hvdc connect caus system collaps ultim pull electr grid europ down. `` challeng need develop new manag concept compon part isol ac grew energi island , ” say jacob østergaard . one challeng convert use frequenc tradit gener control error occur - must artifici form softwar control convert energi island . like fighter jet fall ground ca n't hover engin set . one solut new so-cal `` droop control strategi '' georgio s. misyrisd , phd student dtu elektro , work . practic , send signal convert tell much fast chang transfer energi one fallen : “ collaps simul seen come run well-known droop strategi , fix set much regul given frequenc chang . therefor , like go new type call `` adapt droop '' , continu adjust individu convert 's set current situat , `` explain georgio s. misyrisd . word , mean chang much individu convert regul effect depend hard alreadi , explain jacob østergaard : '' way , distribut consequ outcom appropri connect instabl avoid , '' say , emphas simpl solut problem would oversimag entir system , convert direct power cabl , increas cost essenti thu increas electr price energi island . energi optimist energinet , agre issu research emphas import must solv . say senior engin expert net analysi , laurid dall : “ right n't know answer need make system safe robust . collabor broadli research , technolog supplier system manag germani netherland , ” say . come size criteria outcom largest product plant , locat europ 3 gw . network must therefor abl handl result unit 3 gw , correspond first wind farm put oper around 2030 : '' case , within next three year , need tender materi readi futur supplier , ensur energi island meet criteria , '' say laurid dall . look germani , alreadi experi connect wind power park via hvdc scotland above-ment caithness-moray line .",
,2021-10-14 00:00:00,Minister igangsætter undersøgelser for en udvidelse af Energiø Bornholm,Ingeniøren,Link,"energiø bornholm origin 2 gw offshor wind , energinet accord order climat , energi suppli minist dan jørgensen ( ) requir expand preliminari studi area look possibl expand energi island 1 gw , potenti come capac 3 gw . state press releas energinet , state prerequisit room offshor wind border move 15 kilomet coast . energinet receiv permit start feasibl studi june 22 , 2021 therefor alreadi ship lake investig seab environment condit area polit decid set offshor wind .",
,2021-10-19 00:00:00,Ramt af blød bund: Fagfolk spår dårlige chancer for vigtigt havvind-projekt,Ingeniøren,Link,"author must like look anoth locat one denmark 's largest offshor wind project . assess number expert base preliminari preliminari studi show larg part seab soft . chanc reach climat target 2030 seriou pressur suppli suppli electr eastern denmark deterior . scenario base assess technic profession difficult realiz denmark 's largest wind farm , hesselø offshor wind farm 1.2 gw . seab area soft . number expert geotechn offshor wind turbin foundat , engin 's engin 's sister media gridtech 's request , taken look preliminari studi underground area north hesselø , current publicli avail . estim offshor wind farm risk cancel due soft seab . suppli hesselø offshor wind farm suddenli paus end june , find `` soft clay bottom particular top 20-30 meter seab '' , danish energi agenc wrote press releas . meanwhil , board publish preliminari geotechn analysi illustr extent challeng . analysi -call triaxial test 80 sampl drill sampl pick seab soft clay type identifi . test measur strength soil sampl compress three direct , result confirm soft bottom extend least 35 meter underground . measur around 20-40 kilopasc ( kpa ) , accord sever expert least 100-200 kpa order carri mill foundat . “ low valu ​​that found . appear drill sampl taken 35 meter , without valu ​​in plot taken signific jump measur strength . normal wind turbin foundat go 20-30 meter , base valu ​​there , littl support depth , ” explain associ professor dtu byg 's section geotechn geolog , thoma guldborg petersen . “ would probabl make foundat significantli longer use significantli steel make stand . expens , given economi offshor wind turbin project , probabl small would come , ” say . found post 100 meter sea wind turbin typic found monopil , thick steel pipe embed seab lift mill least 20 meter sea level . feasibl studi map sea depth area 24.7 33.5 meter . minimum 35 meter soft bottom ad , accord expert contribut carri capac , well addit 20-30 meter , foundat must driven load-bear soil type , monopoli least 99 108 meter long . howev , unclear whether underground firm enough carri immedi 35 meter taken drill . “ far someth call fast fjeld area . 's would look either . exampl , would glacial deposit , morain materi . would quit ideal . sand gravel natur compact stabl build , ” say thoma guldborg petersen . also taken look publicli avail geophys studi , publish danish energi agenc . “ far immedi see , larger area clay , thu potenti problemat soil layer thick 100 meter . howev , may also area fix soil layer found within accept depth seab , ” say . smaller click possibl emphas , base inform studi , big differ firm bottom area , back lar vabbersgaard andersen professor depart engin , aarhu univers . “ definit place seab ca n't set wind turbin , may well smaller area would possibl set smaller cluster wind turbin . whether aerodynam financi make sens anoth matter , assess , ” say lar vabbersgaard andersen . expert gridtech/engin contact , comment quot , independ point soft bottom condit also make difficult establish temporari platform park built-so-cal jack-up . make difficult make construct work difficult , sound . addit , cabl park practic freeli hover soft bottom , would also problemat , expert also flag challeng establish -call scour protect foundat . sharpen lack green power still unclear temporari stop tender signific schedul wind farm , set oper 2027 . accord wind denmark industri organ , mean much year 's delay time - park realiz . park drop , prospect danish lack green power 2030 even pronounc alreadi . variou statement , recent calcul wind denmark calcul so-cal ve-manko least 45 twh 2030 goal achiev . hesselø expect abl deliv almost 4.5 twh annual danish electr suppli . larg wind park also import role east danish electr suppli secur , alreadi pressur deepli depend get electr via foreign cabl great belt . tender paus danish energi agenc recogn result impact whether offshor wind farm hesselø becom someth . write press manag ture falbe-hansen email engin : » danish energi agenc put suppli hesselø offshor wind farm break , energinet 's preliminari seab survey found soft clay bottom larg part area top 20-30 meter seab . bottom condit caus technic challeng establish park , therefor analyz needed. `` thu , author yet offici drop hope realiz park call actor technic dialogu soft seab later month : '' therefor earli say whether hesselø offshor wind farm realiz current break mean schedul , '' write ture falbe-hansen time , howev , danish energi agenc also initi new screen altern locat offshor wind kick hesselø size . addit , climat minist dan jørgensen ( ) also requir energinet expand preliminari studi area energiø bornholm , ship current process initi work expans , mean mill ' set -up area examin far 15 km coast . give room expand energi island 's capac 2 gw 3 gw , also requir new polit negoti , distanc requir least 20 km coast enrol agreement behind island . addit , exist mill area energiø bornholm alreadi challeng immin design new marin bird protect area , engin previous reveal . one propos bird protect area clutch energi island energi island , appoint , risk even polit decid 2 gw energi island realiz .",
,2021-10-20 00:00:00,Regeringen tror på tonstung CO2-reduktion med PtX i 2030: »Det virker temmelig urealistisk«,Ingeniøren,Link,"new report climat program 2021 , danish energi agenc estim potenti reduc co2 emiss use ptx dkk 9 million . tonn annual . expert energi industri consid complet unrealist 9 million ton co2 . big potenti power-to-x ( ptx ) denmark compar reduc emiss climat mass 2030 , accord govern report climat program 2021 ministri climat , energi suppli . play , contain 30 differ possibl reduct effort , call `` total roadmap realiz 70 per cent target 2030 '' . ptx , whole , one technolog mention time report specif appear ptx lead reduct dkk 1 million . tonn busi industri approxim dkk 8 million . tonn transport sector 2030 , ie total dkk 9 million . ton . past year , engin continu describ plan expans wind turbin , includ upcom energi island , lack green power , increas electrif societi gener product green fuel via ptx . exactli sever expert complet disagre govern 's assess climat potenti ptx . quick head bill show need 14 gw wind karsten capion green think tank concito , quick main bill ( see box ) , determin denmark enough green electr produc much fuel via ptx take achiev reduct 9 dkk million ton co2 : » need use green power replac gasolin diesel transport , instal 14 gw offshor wind turbin purpos alon . top , need similar amount carbon transform liquid fuel product plant readi 2030 - seem pretti unrealist , ” say . 14 gw correspond six time current offshor wind turbin capac denmark . altern , denmark could import green power germani norway , perhap even import finish ptx fuel : '' n't competit 2030 green power finish fuel ? '' ask , emphas danish-produc ptx fill much , plan ptx green power , progress alreadi year next year . loudli put world realiti dansk energi , , estim technic potenti shown climat program 2021 set high . 's martin dam wie , industri manag dansk energi , say special focu new fuel : » theoret potenti dkk 9 million . tonn year , real world high . realist , think reach 1.5 2 million . tonn , realli ambiti , recogn ship aircraft thu perhap reach 3.5 million . tonn co2 2030 , ” say martin dam wie , emphas requir polit support transform denmark 's share intern ship air traffic , includ nation co2 account today . ea energi analysi , special model energi system , partner hans-henrik lindbo also unawar fact reduct potenti ptx must dkk 9 million . ton 2030 : '' quickli agre complet unrealist , would requir fuel transport denmark turn green earli 2030 . wise ptx strategi . cours , imagin bought larg part green fuel abroad , think green electr gener rip ? ” say , consid realist ptx abl contribut 1 1.5 million tonn reduct per year 2030 . technic possibl email engin , danish energi agenc , behind calcul climat program 2021 note technic reduct potenti co2 2030 , write 9 million . ton co2 “ cover technic possibl realiz reduct 2030 individu technolog , take account tempor technic restrict ” memo , danish energi agenc also emphas `` probabl possibl practic implement measur ensur full fulfil state potenti . ''",
,2021-10-24 00:00:00,Forsinket udbygning: Energiøerne er det eneste rigtige – på det helt forkerte tidspunkt,Ingeniøren,Link,"denmark erect world 's first energi island north sea bornholm . thu , home countri 's homeland goe front next phase evolut technolog , time stretch leg offshor wind . energi delay expans newli mint social democrat govern , late june 2019 , togeth support parti , releas -call understand paper , larg impact number denmark commit reduc greenhous ga emiss 70 percent compar level 1990 . howev , 19 -page document also includ underplay , least challeng ambit . singl sentenc , littl known offshor wind concept 'energiø ' first time introduc danish polit : '' ( climat action plan must ) seek possibl denmark 2030 build first energi island minimum 10 gw connect , '' document state . fact object mega infrastructur project deadline-2030-wa certainli coincid , politician adopt climat act enter climat agreement energi industri , fate two ambit seal . meanwhil , energi island halv capac doubl number , state aim build artifici island north sea 3 gw connect well offshor wind farm total 2 gw energi island locat bornholm . importantli , time frame shift , energi island ' green stream flow ashor 2033 - three year late compar deadlin statutori 70 percent target , accord sever scenario calcul requir much green power reach . plug extens sea energi island final agre climat agreement energi industri , politician decid let new island project annex one three previous decid offshor wind farm least 800 mw . sinc concili circuit six month later sub -agreement energi island postpon island ' capac side 2030 , two agreement de facto diminish otherwis plan expans offshor wind decad , could read state 's latest climat chang , measur effect polici led . thu , state two larg offshor wind project way time limit 2030 : thor hesselø , 1 gw . unclear come . especi settlement circl behind energi island put bit clamp condit project must profit . requir rel high settlement price futur offshor wind turbin , inappropri effect state interest open offshor wind farm erect connect energi island . exampl : citizen-driven offshor wind project 100 mw back octob last year want exempt set wind turbin small corner area state reserv energiø bornholm , ministri climat , energi suppli ministri suppli , among thing , argument : '' expans offshor wind alreadi plan state , everyth els lead reduct electr price thu impair profit electr produc , includ decid energi island . '' cowi calcul also shown energi island offshor wind turbin press competit convent offshor wind park produc green power six nine cent cheaper per day . kwh . state unanim sea come extens renew energi sea , state remain quit unanim . thu , still sit number reserv good area made year ago fear hamstr among eager privat offshor wind develop . howev , develop succe find suitabl area reserv , possibl so-cal open door scheme offshor wind appli author establish scienc outsid state tender . shortli summer holiday , govern , togeth folket , decid reduc scheme consider impos limit possibl project maximum 15 km coast . energi island ? among profession , energi island advoc fierc oppon . critic typic base fundament disagr whether prioriti larg -scale offshor wind right one renew energi set far cheaper land . among buy premis offshor wind park futur power plant , consensu seem energi island right launch next stage evolut technolog : upscal . someon least bought premis european commiss , see offshor wind `` central compon europ 's energi system '' . thu , 2050 , supran bodi aim expans total european capac reach 300 gw 2050 , 180 gw north sea . 25 time exist capac prescrib complet differ approach offshor wind , , rather think project project , park begin think context , also across countri . larg buildup , becom necessari search away coast , necessit land current done via expens direct current cabl . concept energi island collect point distribut center begin make sens . island bring main connect vicin mill provid better economi expens dc cabl island shore , act land electr trade cabl countri . longer term , plan island north sea come , connect provid far greater outlet wind turbin stream . energinet previous estim larg -scale develop sever energi island north sea made 30 percent cheaper rather 'busi usual ' , wind park network connect . gaze lift denmark climat goal energiø concept realli make sens . eu 's polit big ventur offshor wind , advoc even think strictli necessari . problem politician ' stubborn insist econom sustain energi island seem plug expans offshor wind . paradox , time polit goal scream .",
,2021-11-12 00:00:00,Underskud af grøn strøm: Danmarks VE-udbygning er på katastrofekurs,Ingeniøren,Link,"massiv electrif risk base electr abroad . becom expens charcoal , expert warn . energi deficit green power even greater assum veldbæk industrivej south esbjerg lie 11 hectar plot , accommod largest announc power-to-x project europ electrolysi capac 1.2 gw . huge hydrogen factori , draw power correspond product one half today 's biggest offshor wind farm , built swiss h2 energi , expect fulli 2025 . , feel compani get enough green power . although ministri foreign affair ' trade offic , last year withdrew billion invest countri , noth right suggest denmark also abl deliv suffici road capac . h2 energi 's director , engin clifford zur nieden , optimist man buy green power via so-cal ppa power contract unpreced order magnitud . also pain awar denmark , like rest europ , far behind expans solar wind power necessari quantiti . » energi perspect , acceler need . one talk energi island 2030 . . need done . build wind farm 1 gw build 10 gw ? need get start - need wait , ” say clifford zur nieden . challeng less fact h2 energi far alon . statement show home , plan power-to-x project announc electrolysi capac 6 gw 2030 . project realiz announc , power-to-x factori consum much annual electr gener almost seven offshor wind farm 1 gw 2030 . 85 percent total current danish electr consumpt . larg electrolysi capac exce denmark need reach 2030 goal . nevertheless , plan alreadi lie threaten make lack green power even pronounc . even much smaller expans , alreadi miss 7 15 twh green power 2030 70 percent target achiev , show calcul engin consult ea energi analysi wind denmark dansk energi industri organ . 2030 victori black background result paradox danish electr car hydrogen truck run coal-black german energi 2030 , denmark celebr reach 70-percent target . climat account , danish emiss count . `` neighbor countri help us achiev goal , n't know import green black power , '' say member climat council , professor emeritu energi economi dtu wind energi poul erik morthorst . often black stream current import , say climat council 's energi expert . say senior analyst green think tank concito , karsten capion : “ term electr , whole europ connect , ultim consequ sub -suppli denmark someon somewher fire power plant cover hole . sinc denmark among countri best disadvantag term expand road capac , must assum danish under-expand give rise fossil fuel abroad , ” say . han henrik lindbo , partner ea energi analysi , call `` disast cours '' politician acceler electrif , expans green electr gener capac . addit caus black conscienc push neighbor countri , high electr price reson . “ scare scenario industri , district heat busi broadli question whether enough green power . , stori spread electrif good neither busi green profil . happen , electrif - thu green transit - stop , ” say . ea energi analysi , enjoy great credibl energi industri , provid pessimist assess road capac engin . consult firm predict shortag 15.2 twh green power 2030 , partli due new rule , make expens connect solar cell land wind . time , consult dare expect half hesselø offshor wind farm . project plagu difficult bottom condit . includ biomass-fir power plant , accord ea , reach capac 53 twh 2030 , 70 percent target accord ea energi analysi requir electr consumpt 68.2 twh . today , total electr consumpt 35 twh . wind denmark dansk energi estim almost similar electr consumpt , optimist develop . lack green power end 13.1 twh 7 twh respect . power-to-x exacerb manko figur three base conserv ptx develop two-thre gw , project six gw overal . realiti , abl give far ga green fuel sit , accord sever expert industri profession , europ 's best potenti build offshor wind . » scandinavia natur resourc form larg wind hydroelectr potenti . , combin thin popul larg geographi , suggest scandinavia must becom net export green power green fuel central europ , condit way around , ” say martin risum bøndergaard 's polit head . eu adopt new climat target least 55 percent co2 reduct 2030 earlier year , also set electrif top entir contin 's agenda . therefor , upcom demand green electr south border spur -expand denmark , rather -expand . shown danish energi agenc 's announc page , goal danish capac 2030 . wind denmark therefor call clariti .",
,2021-11-13 00:00:00,Så må vi importere: Klimaministeren afviser at lægge sig fast på VE-andel i 2030,Ingeniøren,Link,"accord calcul engin , prospect larg shortag green power necessari electrif reach 70-percent reduct target . govern determin power need reach climat target 2030 - exampl 90 percent - must come green danish power sourc . say written respons engin , could tell friday denmark current appear reach 70-percent reduct target netto power import seven 15.4 twh-equival one half three half big upcom offshor wind farm . mano calcul ea energi analysi , wind denmark dansk energi , even greater offshor wind farm hesselø must drop due soft bottom , extens solar land wind turbines- someth suggests- goe slower expect . least , contain two three gw electrolysi capac power-to-x , although advertis project equival six gw 2030 . take six eight year build new offshor wind turbin park , quick action get denmark goal time . therefor , industri organ energi field unanim shout separ right strategi set clear goal denmark 's develop 2030 . minist immedi readi commit . `` stuck certain proport green power 2030 , clear close develop close make necessari polit decis ensur suffici amount green power 2030 well climat target , 'say written respons climat minist dan jørgensen . minist : target self -suffici 2030 , last danish coal power plant phase , therefore- apart reserv point load capacity- green power gener home . enough meet demand , need import . engin 's sourc point part current like black - exampl german coal -fire power plant . german discharg includ danish co2 account . , stand paradox situat celebr achiev 2030 climat goal push emiss abroad . “ cours , matter whether manag strain countri ' climat target net import electr . hardli claim pioneer countri , climat act say must handl green electr product , ” say member climat council poul erik morthorst . accord dan jørgensen , import situat 2030 line climat act . reduct target fix , goal denmark 100 percent self -suffici green power . contrari , minist emphas increas exchang electr countri around us . “ ye , compli climat act long meet climat goal . crucial thing necessari amount green power system achiev goal . focu , among thing , well -integr electr market neighbor countri , denmark import export electr thu ensur alway power contact regardless weather condit home , ” say . promis new play next year answer engin , refer fact folket adopt decis , `` isol lead bare tripl current capac , alon come green power offshor wind '' . , howev , minist refer energi island , fulli expand climat barrier 2030 . also point danish energi agenc project 97 percent self-suffici green electr 2030 . howev , so-cal 'frozen policy'-a project base alreadi adopt legisl extens . includ upcom initi law ensur necessari electrif reach 2030 target , let alon power-hungri product green fuel . worth note govern figur continu great potenti electrif previou measur affect . total , co2 reduct dkk 6 million found . tonn co2 electrif alreadi adopt , also lead addit consumpt electr 8.8 twh , equival 1.7 gw extra offshor wind capac , govern 's calcul show . “ project indic need even renew energi , difficult predict exact , futur need . among thing , depend much green power use , exampl , power-to-x , look forward negoti parti folket , ” say climat minist , , howev , suggest new announc project accord new year . `` also evid green roadmap , govern new year present propos green energi suppli sector , must , among thing , support sector 's continu develop contribut green transit , '' add dan jørgensen . climat council reject net tream import 2030 ministri climat danish energi agenc believ possibl count road manko , three key player deliv figur engin problem . larg agre power need 2030 goal reach . 70 twh , twice much today 's electr consumpt 35 twh . howev , develop side , less agreement near futur . especi ea energi analysi pessimist , sinc half expect capac hesselø offshor wind farm due soft seab led studi . slower expans sun land wind also expect , partli due futur rule payment grid connect , introduc dan jørgensen . we-manko denmark , europ 's best condit offshor wind , particularli critic becom even difficult secur green stream south border . “ problem countri around us process electrif , especi south us , potenti limit . therefor , unsustain reli strategi import electr , ” say kristin grunnet 's industri manag . climat council , govern 's climat dog advisor , begun analysi road might home 2030 . believ denmark 's statu net import electr 2030",
,2021-11-15 00:00:00,Opposition og støttepartier presser regeringen: Vi SKAL være selvforsynende med VE-strøm,Ingeniøren,Link,"70-percent target must achiev import black current . `` klodshan '' call left current situat .. govern look time come expans , tone complet differ one uniti list , radic , conserv left , see action . reaction come engin friday could tell denmark lack power , equival one half three half futur 's larg wind farm 2030 . calcul come ea energi analysi , wind denmark dansk energi , ask organ one hand analyz much power need reach 2030 target - , compar number expect expans danish power gener . result alarm , say conserv energi mayor , katarina ammitzbøl , disagre vertic climat minist dan jørgensen ( ) think still base power import time . `` n't think net import electr 2030 . advantag posit denmark , abl cope renew energi product , '' say conserv energi mayor . requir nation strategi , agre climat council , lawyer watchdog green transit . see denmark net tream import pioneer countri time . interpret also correspond industri , exampl , ea energianalysi 's assess climat act presuppos self -suffici electr . altern buy power market - ie import , includ german coal -fire power plant . german discharg includ danish climat account . greenhous gase know boundari . thu , achiev 2030 goal becom paper exercise-not real reduct . “ realli problemat critic . feel bad . way home cop26 , peopl read goal pioneer countri . strategi achiev goal , ” say energi spokesman engin call friday . “ tabl resolut , hope support must nation strategi product renew energi . set goal much produc produc , get start , ” say . radic : necessari we-extens “ requir ” right opposit side center line danish polit , govern 's support parti radic total agre . denmark claim target 70 percent co2 reduct 2030 time net import electr , say . `` fulli agre woe manko build equival eight gw offshor wind 2030 . want import power make hydrogen . would crazi , ” say energi mayor rasmu helveg petersen . radic expand exist project get . add gw bornholm energiø , put thor krieger flak tri help hesselø project - liter rock - best possibl . rest must pick land wind sun . “ still part complet open electr market , 'm fine exchang norwegian , get water flow get wind turbin power . denmark energi island . need unifi gener capac correspond need , ” say . energi rapporteur emphas get start quickli . also rattl saber govern , although quit elabor ultimatum exist . “ must start argu case convincingli . otherwis set expans condit work . requir . ca n't handl without , us 's import requir , ” say rasmu helveg petersen . left refus contribut co2 leakag also , left push hard action develop . , energi spokesman carsten kissmey would like reserv ask self -suffici 2030 . complet punch line parti group . bottom line . 70-percent reduct 2030 must achiev expens carbon leakag abroad . `` least 's premis 've said ye 70 percent . want left make green transit creat leakag countri . , share play crucial role , deliv , basic deliv goal , ” say carsten kissmey . also point , conserv rapporteur also make power-to-x ( ptx ) make problem even urgent . calcul engin contain two three gw set asid electrolysi , actual announc project equival six gw home 2030 . huge energi loss convert power hydrogen beyond . » 's bit klodshan ptx project end run coal power . would stupid , 'he say . mani obstacl expans three rapporteur concern administr obstacl set new sources-b solar cell , land wind larg offshor wind farm , , exampl , omø stand still due possibl design new bird protect area . howev , possibl design first came tabl 11 hour , establish permit 320 mw offshor wind farm undergo treatment eight year project develop . exampl , left 's rapporteur point ministri resort - ministri climat ministri environ , respect - could work parallel coordin far better , perhap thu time . also want streamlin interact extens complaint process long go beyond environment consider . side polit spectrum , uniti list 's energi spokesman søren egg rasmussen also smile decis -make process . point sever place even think system counteract - exampl , come solar cell expans , opposit interest prevent flat roof exploit . “ end situat util flat roof solar cell obvious profit larg agricultur area . , 's crazi . certainli consider state revenu prevent us promot compani behind receiv electr without tax . pictur road end blindli right , open , ” say . devic list : 2030 target need reassess bourgeoi colleagu , see denmark reason claim reach 2030 goal happen expens , exampl , german co2 account . “ import cover consumpt renew energi gain momentum instal wind turbin solar cell . mani thing go slow , ” say søren egg rasmussen . howev , unit list go even work . like rapporteur , engin captur energi rapporteur un climat summit scotland , parliamentari committe travel . other influenc urgent agenda gain life . “ mean reassess 70 percent target , otherwis compli pari agreement . may need go 78 percent . realli need even renew energi . much right , ” say uniti list 's energi mayor . meanwhil , among thing , climat council estim climat act assum denmark produc power 2030 , dan jørgensen reject written comment engin requir . also want put figur self -suffici degre denmark 2030 . `` stuck certain proport green power 2030 , clear close develop close make necessari polit decis ensur suffici amount green power 2030 well climat target , 'say written respons climat minist dan jørgensen .",
,2021-11-16 00:00:00,Energistyrelsen: 2030-deadline er ikke ensbetydende med 100 procent grøn strøm,Ingeniøren,Link,"board refus abl count we-manko 2030 . minist , board determin much power consumpt produc . danish energi agenc , respons danish energi suppli , know much green power miss 2030 , far measur set larg green energi product denmark time . board 's optic , 2030 also deadlin self-suffici renew energi electrif govern 's larg climat baptism , power-to-x , requir , say head danish energi agenc 's center system analysi , offic manag mikkel sørensen . `` concret calcul relat ve-strøm 2030 . exampl relat climat target . may necessarili transfer one one compar green current . target amount re-pow 2030 , ” say . otherwis , three key player problem , engin ask calcul much power miss reach 70-percent reduct target . order 7-15 twh . board lack prerequisit math . calcul go 'frozen polici ' - ie energi need alreadi decid ? forese polit decis fulfil 2030 goal ? new polit , denmark 's wind turbin must also limit global co2 emiss , exampl suppli energi export green fuel increas number data center provid servic far beyond denmark 's border ? “ , exampl , goal gov share , correspond 100 percent danish electr consumpt , could count . goal . we-strøm also much else-export new thing want promot , power-to-x , pull lot green power . balanc crucial consumpt danish soil , ” say . we-deadlin 2030 thu , danish energi agenc complet line minist , say : `` settl certain proport green power 2030 '' - thu say mani wind turbin solar cell set come goal . 2030 target black stroke result calcul three key player green transit - shown post - reveal signific lack renew energi 2030 . prevent us reach reduct target co2 . practic , last slice energi roof cake futur often charcoal . lack electr , must obtain europ 's intern market energi . wind , water solar power offer lowest price set asid 'first ' . ga coal power , turn , therefor typic cover hour green power sourc meet need . therefor , current shortag denmark often lead increas burn fossil fuel countri . fact , nowher fulfil 70 percent target base import electr . also countri produc varieti , accord offic manag , respons climat write -off , among thing . least soft formul climat act , commit avoid carbon leakag . “ met climat term climat . 70 percent target formul , un 's definit good evil adher . emiss within territori count . crucial calcul much green power made , littl black current produc , ” say . self -suffici may well come later howev , compar green stream , danish energi agenc see 2030 sharp corner , denmark must abl self-suffici we-strøm initi must support 70 percent target . extens accord danish energi agenc * analysi prerequisit energinet 2021 * * danish energi agenc expect follow product 2030 : offshor wind : 25.6 twh ( incl . 1 gw energiø bornholm ) land wind : 15.1 twh solar cell : 11.4 twh biomass : unknown howev , expans enough reach need 2030 sever major project figur base , still great uncertainti . [ /box ] , co2 neutral 2050 whole europ far bind relat denmark . therefor , also nearbi hard deadlin construct mani offshor wind turbin need reach target , accord board . “ 'm unsur 2030 point come . see one definit place appropri cours . also plan energi island , come littl 2030 . also need , ” say mikkel sørensen . think enough we-energi electrif plan 2030 ? “ n't know enough . think enough electron . think signific movement electr product throughout europ also denmark way 2030. . least goal . whether climat target reach 100 percent green power , 90 percent someth third necessarili crucial , ” say mikkel sørensen . neither climat council parliamentari parti agre board minist 2030 goal achiev mean net import electr . tell later today , sever central actor green transit deepli surpris hear interpret author .",
,2021-11-19 00:00:00,Klimarådet modsiger regeringen: Klimalov forudsætter selvforsyning med grøn strøm,Ingeniøren,Link,"danish energi agenc minist climat believ denmark reach 2030 goal import black electr . lawyer give surprisingli right : climat act pure polit . govern appar look forward new principl critic climat council , statutori watchdog fulfil 70 percent reduct target 2030 . clear danish energi agenc emphas engin see 2030 sharp corner denmark must abl produc much electr consum . minist climat agre board 's interpret , mean danish consumpt , next almost ten year electrif reach around 70 twh , continu requir us net import electr , includ coal power . least plan expans rate re-pow continu . miss equival one half three half larg offshor wind farm futur , accord calcul made engin . , accord climat council , odd law govern settl adopt . `` say climat act must pioneer countri , hardli see handl correspond green electr gener , '' say member council , professor emeritu energi economi dtu , poul erik morthorst . danish energi agenc minist reject 2030-deadlin accord govern danish energi agenc , otherwis formal seen climat track also without self -suffici . come fulfil 2030 goal , focu denmark 's burn fossil fuel . 2030 , last danish coal power plant phase . therefor , except reserv point load capacity- green power gener home . “ 70 percent target formul , un 's definit good evil adher . emiss within territori count . decis factor calcul much green power made , littl black current produc , ” explain head danish energi agenc 's center system analysi , offic manag mikkel sørensen . emphas must comprehens extens europ denmark . need abl produc power 2030 . “ whether cruis point good sens put energi island stuf plug , think unambigu . least goal , ” say , get support law law minist . “ ye , compli climat act long meet climat goal . crucial thing necessari amount green power system achiev goal . focu , among thing , well -integr electr market neighbor countri , ” say written comment dan jørgensen . climat council reject ministeri interpret poorli equival climat council 's interpret . council written directli climat act govern 's independ advis watchdog whether right path fulfil 70-percent reduct target . climat council begun calcul road might 2030 . . “ danish energi agenc must stand opinion . clear climat council tri calcul manko also think realli import . 's , `` say climat council 's poul erik morthorst . recogn smaller space interpret . 2030 must situat import electr thu contribut co2 emiss abroad . “ discuss whether exactli point 2030 whether 2029-2030-2031 , take averag . , cours , may variat still small net import whatev . start point , say climat council must abl cover correspond power need 2030 , consid pioneer countri must accord climat act , ” say council 's energi expert . plu minu littl margin 2030 deadlin come self -suffici ? `` ye . obvious , may weather variat thing mean n't quit much wind year whatev . must within rel narrow rang , basic mean must cover power consumpt 2030 , ” say poul erik morthorst . guid principl guidanc climat council consist primarili economist like , govern great legal comput power avail civil servic , exampl , attorney gener . engin 's investig also suggest govern 's board 's approach climat act hold water come narrow legal interpret : lack self -suffici electr 2030 breach tradit sens . two `` guid principl '' softli formul difficult keep govern - name denmark must `` pioneer countri '' field climat must `` ensur danish measur move entir greenhous ga emiss outsid denmark 's border ' . rather , reason law polit declar judg would undertak tri pass verdict basi , say environment tourist professor ellen margreth bass aarhu univers . longer legal analysi law last summer , find legal bind way eu direct regul area . “ guidanc principl pure polit . far along way free - polit control legal bind . one tradit percept law someth must enforc court , law relev , ” say . parliament assess whether climat act compli ellen margreth bass believ fairli legal tangibl climat act climat council 's statu independ advis well deadlin govern report progress relat 2030 . thu , minist govern accus offens come fulfil specif environment goals-includ 70 percent reduct target . instead , matter peopl parliament . `` minist climat , energi suppli may well made polit responsible- extrem fall establish court case polit major make polit respons . also case law intend , ” say ellen margreth bass , get support interpret specialist well -known danish law firm speak quot . still good see wing parti suppli climat minist 2030 , whether pleasur celebr achiev 2030 goal , whether much turbo put wee-extens mank disappear . meantim , sever parti side folket say complet disagre board minist : must abl produc electr consum 2030 , sound unanim . also read : opposit support parti push govern : must self-suffici ve-stream support parti de radic , approach one assert polit respons . “ must start argu case convincingli . otherwis set expans condit work . requir . ca n't handl without , us 's import requir , ” say energi spokesman rasmu helveg petersen .",
,2021-11-19 00:00:00,Bølgekraft-lobby sigter mod 4 GW i Danmark - trods manglende resultater,Ingeniøren,Link,"research wave power go 40 year without great result . industri believ money need develop . politician reject larg amount . 2050 , must 4 gw wave power partnership wave power , consist seven wave power develop consult firm rambol . therefor , wave strategi must adopt denmark set polit goal set asid money educ , research develop . report sent climat , energi suppli committe , partnership base eu commiss 's strategi develop sustain energi technolog , among thing set goal 2025 0.1 gw wave instal . tidal energi grow 1 gw 2030 40 gw 2050 . among thing , partnership see energi island obviou opportun test integr wave power combin wind energi ptx technolog . support must earmark wave energi compet fund establish energi technolog . long develop horizon continu support develop wave power , alreadi underway 40 year without actual commerci breakthrough ? ask chairman partnership , kim nielsen , wave power consult rambol , also handl secretariat partnership : “ follow develop almost 40 year although much happen time , must also acknowledg result sometim difficult spot . today number project real potenti . requir test realist relationship sea. `` good idea ​​wave power , would n't privat investor would step financ develop ? “ risk still high therefor public support need . think larg amount need compar support given wind power year . look potenti , much energi harvest wave around wind farm horn rev , wind turbin get wind . partnership wave energi number wide differ project . risk public support distribut mani project n't get finish get littl ? would n't better bet singl project ? “ could select 2-3 project get thoroughli test . think larg amount need invest find project viabl . establish test area hanstholm danwec , hope test plant full -scale system run 2025 . ' like strategi like countri partnership write report committe denmark inspir countri canada , china , ireland , south korea , sweden , uk us , nation strategi plan develop wave power . sever countri around world , concret goal set establish wave power capac . therefor , also believ , money research develop wave power , , previous describ , establish energi island could welcom opportun sow time develop respons committe , climat , energi suppli minist dan jørgensen write wave power fight space set asid innov energi island equal foot technolog . miss breakthrough rasmu helveg petersen ( rv ) , member climat , energi suppli committe , follow develop wave power number year , convinc technolog far matur : '' despit fact seen lot develop project , noth suggest wave power suppli energi system within next ten year , '' say . way deni plenti energi wave sea possibl harvest , one found good way reap energi yet : “ howev , want unwil alloc smaller amount basic research studi . larg amount unless get well -found propos point breakthrough wave power , ” say .",
,2021-11-25 00:00:00,KRONIK: Energiøerne er vores fælles Mars-mission,"Ingeniøren
Jacob Østergaard (DTU)
Glenda Napier (CEO, Energy Cluster Denmark)",Link,"construct sum 210 billion kroner full expans two island equal five big belt bridg everi way epoch -make denmark establish world 's first energi island bornholm 2030 balnholm baltic sea 80 kilomet thorsmind north sea . green power plant sea empow new era energi product becom signific part green transit denmark europ . everyth island alreadi larg : construct sum dkk 210 billion full expans two island correspond five great belt bridg ; amount get 12 gw green power , equival dkk 12 million . household power consumpt . amount energi product blast scale energi island . innov . decis establish world 's first energi island brave visionari . succeed , ensur denmark absolut driver 's jersey use develop renew energi mani year come , potenti becom new danish green energi adventur histor dimens . take innov redeem potenti . develop design energi island trivial task . never happen requir us think care ensur right solut . right need research , develop innov least three essenti area : first , must ensur construct energi island becom robust . island must suppli stabl reliabl electr electr grid , enough . need develop solut advanc softwar model system abl withstand extrem rare event , includ cyber attack , increasingli belong today 's disord . requir new approach complex energi island lead error design result larg secur margin cost develop oper becom far greater necessari . exactli financi attract second area need keep mind . must alreadi consid , exampl , develop new electr compon offshor wind turbin must includ energi island . mill like current coupl directli electr grid therefor live strict requir . exercis alon could save sever billion kroner . similarli , review element energi island . transform , hvdc connect possibl power-to-x system order abl assess case solut screw togeth sensibl econom attract . final , must ensur develop solut live standard technolog opportun know today . need make sure futur -proof act right basi get new knowledg new opportun year expand link futur island . effect electron , intellig digit control interior electr market undergo huge develop year , doubt soon new advanc solut much better live demand energi island make . mani year energi island finish . 's get start . eye , right right leg use first energi island , bornholm , live test laboratori new solut develop . bornholm interest island alreadi get start quickli . addit , bornholm big advantag island easili get around get around , social structur make easi work . differ , must expect upcom energi island north sea , requir helicopt transport , clear access permit harsh work condit day sever weather . bornholm everi opportun test differ constel manag method environ flexibl use act live energi laboratori . solut develop bornholm , possibl subsequ copi energi island north sea futur energi island denmark abroad . everyth clear , let 's get start . first test arrang done alreadi ensur pace level innov need get energi island place contribut urgent green transit .",
,2021-12-13 00:00:00,Fremtidens elforsyning: Hvor lange nedbrud kan vi tåle?,Ingeniøren,Link,"increas electr consumpt close power plant without go beyond secur suppli , say dansk energi . energinet , behind calcul , maintain problem need solv closer cooper neighbor consum busi electr -power societi multipl wind turbin solar cell risk sever period lack power contact . take address ? profession secur suppli deepli disagre . state organ energinet predict calcul futur electr system electr consumpt easili increas even put tradit power plant back , exampl . blow wind turbin stand still . well feel without grow risk longer period lack power contact , energinet state . call industri organ dansk energi 'counter -intuit ' argu - energinet forese - expect abl import energi via foreign connect , mani neighbor countri process process us . therefor , dansk energi believ greater focu develop rest europ data electr product consumpt neighbor countri must better qualiti assur . evidenc consult respons annual account electr suppli secur , energinet submit minist climat , energi suppli dan jørgensen , form basi minist 's determin target electr suppli secur 2031 . specif , mani minut year dane withstand averag , lack electr contact much electr suppli ( power plant grid ) must expand achiev target . look 10 year ahead , lot prerequisit , dansk energi find difficult see logic statement . explain chief consult christian van maarschalkerweerd , call calcul assumpt `` chronic delay '' : “ today thermal power plant avail denmark , handl maximum consumpt . becom depend abroad , work close car , heat industri like run electr . develop go strong , goe faster danish energi agenc reach updat analysi prerequisit energinet need . similarli , see assumpt analysi suffici foresight relat develop neighbor countri depend , ” say . christian van maarschalkerweerd therefor believ result must interpret caution sensit calcul need much greater extent . report energinet , appear number minut dane experienc averag could turn light 2020 20 minut year . correspond secur suppli 99.996 percent . fewer power plant produc electr independ wind weather , polit accept secur suppli 2031 land 99,993 percent equival 35 breakdown minut annual . accord energinet must ensur develop flexibl electr consumpt invest exist electr grid foreign connect . uncertain data set dansk energi , howev , point process process denmark , ie convers greater electr consumpt , exampl electr car , electr system base solar wind power also happen neighbor countri : » take germani , expect advanc phase -out coal power 2038 2030 , mean 17 gw adjust power plant capac disappear . also see develop sale electr car , may surpris mani . seem well thought close green danish power plant confid 2030 get electr german coal -fire power plant , meanwhil advanc end date 2030 , ” say christian van maarschalkerweerd , basic agre electr system 's flexibl futur must found much greater extent flexibl consumpt , storag new technolog , realist first get big effect side 2030 . stine grenaa jensen , head system develop area energinet , behind year 's statement , emphas next 10 year effect situat actual improv compar last year emphas calcul base data , obtain close cooper european transmiss network : '' true see growth electr consumpt , cours challeng consumpt inflex actor europ choos close power plant contribut flexibl . must also accept enter new electr system necessarili abl hit maximum electr consumpt thermal power plant , ” say , point energinet carri sever sensit analyz - exampl , , exampl , energi island mean effect situat depend built . `` futur , also enter closer cooper neighbor countri look technolog help reduc peak load deliv energi sun shine wind blow , '' say . rememb decentr chp plant research aalborg univers , connect calcul behind ida 's climat respons 2045 , look secur suppli impact defici , possibl build electr system base huge amount solar cell wind turbin exchang countri , situat tradit power plant need . henrik lund , professor energi plan aalborg univers , point two crucial factor : “ first , need number bioga -fire power plant stand readi situat . cheap instal effici fantast , run short time , ” say , mention danish proport may well stand danish soil . second point highlight exist decentr cogener plant product today link associ district heat network : '' instead close lifetim reach , believ one consid preserv precis order effect avail critic situat , '' say . februari 15 , 2022 , climat , energi suppli minist dan jørgen final determin level electr suppli secur 2031 expect present analysi “ climat agreement energi industri 2020 ” effect electr suppli secur begin 2022 .",
,2021-12-21 00:00:00,Nye tekniske løsninger kan gøre en energiø 20 milliarder kroner billigere,Ingeniøren,Link,"research calcul chang technic requir wind turbin grid connect reduc price energi island connect 10 gw wind power 10 percent . energi settlement establish standard need buy standard sea wind turbin start build wind farm connect upcom energi island year . simpler type , island also becom melt digel new energi solut . energi research dtu aau calcul new solut make energi island 10 gw connect wind power least dkk 20 billion cheaper simpli use well -known solut standard compon . new solut challeng standard danish wind turbin manufactur grid compani work decad , explain spyro chatzivasileiadi , associ professor dtu electro contribut calcul : '' energi island like connect land hvdc connect ( high-voltag direct current , ed . ) , choos island electr standard want work , '' say , ad , also exot technic idea turn - come back . need grid code start mill , round number save 3-5 percent wait . grid -connect wind turbin subject strict requir fit electr grid - also call grid code . overal , mean mill must suppli electr energi , must load grid term voltag , frequenc unod . practic , mean mill must abl help network , exampl , stabil voltag abl absorb deliv reactiv effect . possibl convert technolog new mill today instal , use convert 'uneven ' energi mill 's gener pure 50 hz ac : '' energi island thu make network , settl smaller compon , also abl compens reactiv effect , '' say spyro chatzivasileiadi , ad hvdc connect countri also compens reactiv effect . also affect transport energi individu mill energi island . today , larger number offshor wind turbin connect transform station , lead energi ashor . mill park expect 10-15 mw , would therefor appropri assembl group five mill transform , connect transform lead energi way energi island : “ still want chang wind turbin connect enerigøen , could time increas intern tension wind farm send energi directli larg transform . way would abl save mani less transform , ” say spyro chatzivasileiadi . solut alon could save around dkk 12 billion . dkk bill equip 10 gw offshor wind turbin . also advanc electr engin option ; develop complet drop idea ​​an altern current network instead goe directli dc ? case , mill could settl much simpler convert direct current cabl clutch station . , direct current could sent energi island . research count save , spyro chatzivasileiadi convinc technic financi possibl . hydrogen mill energi land energi island , anoth opportun aris could potenti save money . product hydrogen possibl also ammonia . far cheaper put tube transport hydrogen seab place electr cabl - fact , hydrogen brought ashor half price : '' calcul show 12 percent cheaper produc hydrogen energi island done mainland , '' say spyro chatzivasileiadi , also point nearbi idea hydrogen produc directli mill sent energi island tube parallel electr cabl . type mill still experiment stage , wind turbin siemens-gamesa flø littl outsid brand , 0.4 mw hydrogen-produc system instal year , show idea alreadi realiti . also advantag hydrogen product directli mill energi product control effici one unit rather two independ . also make cheaper product oper , mill electrolysi product share select compon infrastructur . overal , research estim energi island 10 gw connect wind turbin capac , dkk 7.5 billion connect . ke . save wind turbin , dkk 12 billion . dkk transform top possibl advanc solut . howev , spyro chatzivasileiadi also emphas research ' idea dream face competit challeng mill produc : “ market wind turbin adapt new idea exist today must therefor wind turbin manufactur make offer . therefor , risk provid competit thu sever limit , ” say . energi island still plan phase , research danish univers emphas line must turn new technolog solut becom clear save becom realiti .",
,2021-12-21 00:00:00,Overset bombe under regeringens grønne håb: Power-to-x kan fordoble erhvervslivets vandforbrug,Ingeniøren,Link,"demand water commerci use doubl roll denmark 's larg ptx ambit . profession warn use drink water . water bomb govern 's large-scal plan roll power-to-x technolog convert green electr fuel . point sever profession water sector , includ director lemvig water climat , lar holmegaard . `` base preliminari inquiri local ptx produc lemvig vand , estim demand water busi increas 100 percent , '' say lar holmegaard . 2020 , busi spent total 728 million m3 water , accord statist denmark - year consumpt even slightli less usual due much corona home work . busi account larg quantiti larg proport water consumpt doubl area ptx plant becom problem suppli . `` light ambit scale ptx area , someth need taken care , '' state lar holmegaard . beat two fli one bang senior groundwat last week , govern launch long-await ptx strategi , ambit build nation electrolysi capac 4 6 gw 2030 . lar holmegaard also point someth obviou solut , name 'make problem water resourc water ' , e.g . appli senior groundwat . `` obviou avoid pick drink water deep magazin ptx use instead appli senior groundwat , becom bigger bigger challeng , '' point lar holmegaard . climat water valley denmark , set becom commerci fire tower central jutland water technolog , submit joint applic danish busi author , among thing . project propos util problem water rather drink water ptx product . lar holmegaard believ technolog knowledg make problem water resourc water make signific contribut govern 's vision doubl export water technolog . water clean ptx qualiti industri organ danva , director carl-emil larsen emphas danva also stand question answer water aspect ptx-and lemvig water member report inquiri deliveri doubl lot water like today . “ much indic talk exorbit quantiti , least area plant locat . yet know e.g . groundwat wastewat clean qualiti requir ptx , ” point carl-emil larsen . clean water use electrolysi - probabl cleaner drink water . exactli clean play clean technolog water sector yet known . even bigger problem energi island danva also point , one first thing , one think put ptx plant water excess-a smart climat , environment traffic transport water great distanc . becom even hassl problemat hold plan place slightli longer term place ptx plant energi island north sea . salt water clean requir water qualiti , expens requir larg amount energi - undermin gain . `` 's ... excit ... say littl strang seem make great polit decis without realli investig essenti water part , '' point carl-emil larsen . water challeng -lit senior research han sanderson depart environment scienc aarhu univers agre challeng ptx far underlin . `` doubt ptx demand larg volum water , '' emphas : “ water provid handl certainli relev technic question . immedi technic scientif analysis/solut water challeng - find consid perspect consid ptx - along mani challeng upscal ptx . therefor , also need research larg scale ptx denmark develop techniques. `` public articl , clarifi sentenc ad 3rd paragraph indic suppli problem primarili come area ptx plant place .",
,2021-12-23 00:00:00,Ekspert om Nordre Flint-pause: Bliver svært at skaffe og få økonomi i dværg-havvindmøller,Ingeniøren,Link,"hofor gone think box found plan 220 meter high offshor wind turbin park sound riski flight safeti . difficult util compani hofor get financ offshor wind turbin park nordr flint , even succe obtain low mill project need . peter hjuler jensen , deputi institut director dtu vindenergi , tell engin , tv2 lorri yesterday could tell project , culmin 16-40 offshor wind turbin instal power 160 mw , paus . park suppli we-energi , correspond 160,000 household consumpt time copenhagen achiev goal world 's first co2-neutr capit 2025 . locat east saltholm close copenhagen airport caus problem start , mean project must either cancel delay . caus flight safeti . aircraft lose engin power right start sound , must abl return safe despit low altitud . accord secur assess offshor wind farm naviair , tv2 lorri gain access file , reduc aircraft 's horizont maneuv room 40 percent compar today 220 -meter -high wind turbin plan nordr flint . `` say reduc fli safeti , beyond reason , '' copenhagen airport 's technic director , christian poulsen , told tv 2 lorri . special -built wind turbin poor economi danish energi agenc give final permiss construct nordr flint . , accord media , danish transport author discourag mill height 155 meter . make difficult implement project - dwarf sea wind mill exactli shelf difficult get financ , say dtu 's peter hjuler jensen . `` think difficult find offshor wind turbin competit size , '' say . point offshor wind turbin grown larger larger year cost setup increas proport size mill . “ doubl mill size , foundat may cost 10-20 percent . mill becom prize effici , bigger becom . lie outskirt area offshor wind turbin today , therefor everyth els expens , ” say deputi institut director dtu wind energi . one would set reach effect 160 mw ? “ set make special wind turbin site . probabl commerci version use immedi , ” say peter hjuler jensen . mani project affect problem accord hofor , project move locat close consum import . mill smaller , may set place effect , say written respons engin jesper pedersen , head wind energi trade . “ econom aspect difficult predict time still dialogu final design project . less wind turbin becom , poorer economi everyth els equal . goal , togeth variou actor , find way forward , take account air traffic , denmark 's green transit suppli green power øresund region , ” write . hofor certainli player troubl establish offshor wind farm . intercut mention hesselø offshor wind farm , bottom turn soft , omø syd , threaten upcom natura 2000 area , lillebælt syd , met great local resist energiø bornholm , also risk significantli reduc one one upcom bird protect area . novemb , mejl flak drop aarhu reason , similar problem hofor face nordr flint . develop european energi could find profit mill could compli requir permit total height maximum 150 meter distanc sea surfac 20 meter . addit nordr flindt , hofor also project bylandshag mold - similar problem . offshor wind farm must approxim 10 km amag 's southern tip expect effect 250 mw .",
,2021-12-26 00:00:00,Nu sættes der strøm til samfundet: Elnettet skal lære nye tricks,Ingeniøren,Link,"elektrificeringen har fået momentum , og ­derm er en omfattend forvandlingsproc af elnettet også gået gang . der find et ord på tysk , som kan få hårene til rejs sig på all , der arbejd med grøn elforsyn : dunkelflaut . termen kan lidt groft oversætt til ‘ mørk stilstand ’ og beskriv sålede den værst tænkelig vejrsitu et elsystem , der udelukkend baser sig på produkt fra vindmøller og solcel – eksempelvi en iskold og vindstil decembernat . et sådant scenari er særligt skræmmend , fordi samfundet – takt med flere vindmøller og solcel skubber kraftværkern ud af drift – netop nu lægger mere og mere af sit energiforbrug om til el . dét som vi dag bare kalder elektrific . elektrificeringen syne 2021 haft et gennembrudsår . aldrig nogensind før har installatør erstattet gasfyr med varmepump et omfang som nu . salget af elbil er stigend , og udrulningen af offent­lig ladestander går så hurtigt , elnettet har svært ved følge med . al denn elektrific er på vej til skabe store omvæltning ‘ verden største maskin ’ , som nogl ynder kald det modern elsystem . men er nettet klart til opgaven ? hvordan skal et elsystem se ud , når alt fra smart­phon til containerskib skal energi fra vindmøller og solcel ? og kan vi forvent varm stuern , hvi juleaften 2050 bliver ramt af en regulær dunkelflaut ? hvor det hele begyndt det er svært fastslå med større præcision , hvornår elektrific af samfundet slog rod som den grønne omstil omdrejningspunkt . ingeniørkreds er ideen dog på ingen måde ny . 2009 udgav energinet – den statsejed virksomh med ansvar det dansk elsystem – en af sine første rapport , hvor man alvor havd regnet på en fremtid med rigtig mang elbil og varmepump . den var ander bavnhøj hansen , chefingeniør ved energinet systemansvar , med til udarbejd . han suppler af kollegaen carsten vittrup , energi­strategisk rådgiver energinet systemansvar , som påpeger , udbygningen af vedvarend energi ( ) er så tæt forbundet med elektrificeringen , det praksi er blevet sider af samm sag . » man kan sige , energieffektiviteten eksempelvi varmepump længe har været så fordelagtig , der har været et rational elektrificer , selvom strømmen stadig blev produceret på kul . men nu , hvor det er vind og sol , der troner billigst , og teknologien er blevet mere moden , så er det simpelthen oft blevet en no-brain , « siger han . begg peger på slut-nullern som en afgørend period , hvor tankern om det fossilfri – og derm elektrificered – samfund fik tag det allerøverst politisk niveau herhjemm . dengang blev der fra flere sider regnet på , hvordan sådan en omstil kunn se ud , og den såkaldt klima­kommiss blev nedsat komm med anbefaling . 2010 udgav den sin rapport , og en af hovedkonklusionern lød , el skull være omdrejningspunktet energisystemet 2050 . siden da har en udstrakt grad af elektrific , primært drevet af vind og sol , stået centralt det overordned billed af fremtiden , som energinet har arbejdet frem imod . power-to-x siden klimakommissionen rapport er det gået stærkt med udfas de fossil brændsler , hvi man ser isoleret på elsektoren . dag er der blot tre kulfyred kraftværker tilbag – all med en endegyldig slutdato , hvor den senest er sat ultimo 2028 . dereft vil den enest fossil rest det dansk elsystem være gasdrevn spidslastværk . dem vender vi lige tilbag til . samm period har vind og sol alvor holdt dere indtog . 2010 dækkede de grønne strømkilder omkr 20 procent af danmark elforbrug , men tallet sidst år var vokset til 50 procent og frem mod 2030 vent nå op på 90 procent . men det er vel mærke baseret på de politisk beslutning om elektrific , der hidtil er truffet . de høje ve-andel elsystemet vil alt andet lige fald , takt med flere fabrikk og fjernvarmeværk piller kedlern ned og stedet sætter strøm til produktionen . derudov har den såkaldt indirekt elektrific nu også meldt sin ankomst . denn del af elektrificeringen omtal typisk som power-to-x ( ptx ) , som dækker kunsten konverter den grønne strøm til brændstoffer via elektrolys og derv skubb ­olien endegyldigt ud af energisystemet . de senest par år er ptx gået fra vision og små demoanlæg til planer om bygg konkret , store anlæg . frem mod 2030 har aktører danmark annonceret elektrolyseanlæg med en samlet kapacitet til forbrug op mod 30 twh strøm , svarend til mere end 85 procent af landet nuværend elforbrug på 35 twh . det er med andr ord et voldsomt elforbrug , de systemansvarlig planlægger efter . ifølg klimakommissionen skal el dække 40-70 procent af danmark total energiforbrug 2050 opnå fossilfrih . energi­styrelsen senest energistatistik 2020 var blot 19,3 procent af alt energiforbrug danmark elbaseret . ander bavnhøj hansen pointer da også , systemet skal god tid til forbered sig . » 2050 er jo langt ude fremtiden , men det er vigtigt , man gør sig klart , der er en meget lang transi­tionsperiod op til så stor en omvæltn . så hvi man vil nå målet 2050 , er man nødt til være ret langt med ting som ptx allered 2030 eller 2035 , « siger ander bavnhøj hansen . det er den transitionsperiod , han og carsten vittrup diss år arbejd på forbered elsystemet til . og billedet er det samm hele europa , hvor eu ’ nyligt opjustered klimamål har sat elektrificeringen på hele kontinentet dagsorden . den forbindels står europa eltransmissionsoperatør meget overordnet forbundn udfordring , som den grønne omstil bringer med sig : styringen af elsystemet ændrer sig fundamentalt , samtidig med behovet transport af grøn strøm store afstand vil eksploder . jævnstrømsnettet kommer all større elnet verden kører på vekselstrøm og har sålede en frekven , der skal vedligehold meget nidkært undgå , systemet kollaps . europa – verden største sammenhængend synkronområd el – er den frekven 50 hz . stabiliteten af frekvensen har siden elsystemet undfangels været sikret af de tung , hurtigtroterend synkrongenerator , som ligger maven på store kraftværker og reager øjeblikkeligt på små varia­tion frekvensen . afkobl et enkelt kraftværk eksempelvi på grund af et havari , mangler elsystemet energi driftsøje­blikket . denn energi frigiv automatisk , ved de tung rotor generatorern på andr kraftværker brems . den kinetisk energi frigiv stedet ud nettet og afbøder effekttabet , hvilket betyd , frekvensen holder sig tættere på 50 hz . fordi hele europa er ét stort synkron­områd deler all landen elsystem den samm inerti­reserv fra kraftværkern . men det vil ændre sig . vindmøller og solcel lever ingen inerti til systemet , hvilket åbner hurtiger og dyber frekvensfald , end systemoperatørern hidtil har skullet forhold sig til . » når vi ikk har inertien fra den roterend mass kraftværkern store synkron generator til hold hånden frekvensen nettet , skal vi til kigg på , hvordan vi stedet vil tilvejebring stabilitet syste­met , « siger ander bavnhøj hansen . fremov skal særligt havvindpark ager danmark og så vidt hele europa bærend kraftværker . størstedelen af diss parker vil med al sandsynligh komm til blive forbundet til europa elsystem via en energiø , ligesom den kunstig ø , der er planer om opfør den dansk del af nordsøen . kablern fra øern vil være af typen hvdc – højspændingskabl med jævnstrøm . vindmøllestrømmen vil altså flyde land som jævnstrøm , hvorfor den skal konverter til vekselstrøm ved ankomst på kontinentet såkaldt konverterstation . stationern har den fordel , de kan styre effekten digitalt og derm overtag kraftværkern opgav med balancer frekvensen vekselstrømsnettet . det sker ved hjælp af lynhurtig algoritm , som dag er tæt bevogted forretningshemmelighed . så længe forbindelsen kun skal løbe mellem endepunkt , er styringen af konverterstationern mindr kompliceret . sådann kabler forbind allered danmark til landen omkr os stort omfang . men med de kommend energiø skal jævnstrømmen udveksl mellem flere konverterstation fra ­flere forskellig udbyder – et regulært ‘ jævnstrømsnet ’ . det forudsætt , algoritmern kan tale sammen , og det er en problematik , som man først nu er gang med find ud af , hvordan man skal adresser . » energiøern bliver en af de første store prøver på øvelsen med multiterminal hvdc-forbindels . de bliver med stor sandsynligh blandt de første rent konverterbasered ‘ synkronområd ’ verden , og det skal vi til spill gnidningsløst sammen med de eksisterend vekselstrømsystem , « siger ander bavnhøj hansen . da energinet ikk har den luksu kunn bygg en demonstrationsudgav af energiøern elnet , må man simuler sig frem . men det er en ekstremt krævend opgav , man end ikk helt har forudsætningern på plad løse endnu , forklar ander bavnhøj hansen . » det er enormt tungt simuler sådan et system . du kan køre intens beregning på de dynamisk egenskab en hel nat , og så har du stadig kun simuleret få sekund . derudov skal de model , vi har nu , helt sikkert videreudvikl meget , før vi med sikkerh kan sige , hvordan systemet vil opfør sig , « siger han . energiøen nordsøen skal sin fuld udbygn fordel og integrer op mod 10 gw jævnstrøm det europæisk vekselstrømssystem – en ikk ubetydelig mængde . » det skal være fuldstændig sikkert slutt flere forskellig leverandør af hvdc-konverterstation til hinanden – eller vil vi ikk etabler det . konsekvensen ved , de ikk taler samm sprog , vil yderst konsekven kunn blive , strømmen går hele europa , « siger carsten vittrup . et løsningsforslag kunn være udvikl en branchestandard styringsmekanismen konverterstation – sådan en proce tager dog år , og energiøern premier årene omkr 2030 rykker hastigt nærmere . højspændingskabl er upopulær ind på land handler udfordringen også om opti­mer udnyttelsen af det net , der allered er bygget . modsætn til de gaml kraftværksplads , der blev anlagt udkanten af store byer , tæt på mang elforbruger , vil vindmøller og solcel typisk stå langt fra forbrugern . derm skal strømmen transporter længere , hvilket de nævnte hvdc-kabler er rigtigt gode til . modsætn til højspændingsledning med vekselstrøm kan de tilm let grave ned . men det betyd ikk nødvendigvi , europa skal hvdc-kabler på kryd og tvær . » tyskern har været mere end ti år om få etableret en hvdc-forbindels , der løber fra nord til syd . selvom den forbindels er superkritisk og vil løse en stor flaske­halsproblematik ned til centraleuropa , har det projekt været udskudt igen og igen på grund af modstand mod den type infrastruktur , « siger carsten vittrup . » så det understreg jo vigtigheden af øge udnyttelsen af det , der nu engang er etableret. « derfor har energinet nu fokuseret ind på en stor omlægn af prisern transport af el . filosofien bag de kommend eltariff er , de bedr skal afspejl omkostningern et ve-baseret elsystem . man skal højere grad takser efter , hvor meget kapacitet man ønsker til fuld rådigh , og præmier , hvi man kan være en fleksibel eller ligefrem afbrydelig bruger af nettet . fleksibilitet kommer nemlig til stor værdi systemoperatørern , når de skal fragt mere energi kablern længere afstand end tidliger . » takt med vi gør mere elforbrug fleksibelt , bliver det også muligt gå mere til grænsen kablern . lidt forenklet sagt vil vi kunn fyld ledningern mere op end tidliger , skull der fald noget ud et sted , så ved vi , vi har store forbrugsklump , der kan smide af , uden det giver problem forbrugern , « siger ander bavnhøj hansen . » de nye tariff vil medvirk en øget belægningsgrad af elnettet , så vi optimer udnyttelsen af det elnet , vi allered har , og derm også gør elektrificeringen så billig som muligt , « suppler carsten vittrup . små kraftværker bekæmper dunkelflaut men uanset hvor fleksibl elforbrugern måtte blive , vil fremtiden elsystem stadig en grundlæggend udfordr med kompenser en vejrafhængig elprodukt , når vinden ikk blæser , og solen ikk skinner . » tidliger analys har vist , man kan komm rigtig langt med forbind store geografisk områder med hinanden via hvdc-forbindels . men uanset hvor stort et områd , du forbind – om det så var hele europa , der var forbundet på kryd og tvær – så vil du altid nogl få timer , hvor elproduktionen er meget tæt på nul , « siger ander bavnhøj hansen . man kommer med andr ord ikk uden om backup , hvi en flere dage lang dunkelflaut sænker sig europa , hvilket er noget , man er optaget af forskningsgruppen energiplanlægn ved aalborg universitet . tidliger på året udgav forskern samarbejd med ingeniørforeningen , ida , et bud på , hvordan danmark energisystem kan indrett , så vi bliver et co2-neutralt samfund allered 2045 . én af rapporten væsent­ligst pointer var , man snart bør adresser backup-problematikken . » indtil vider kan vi godt fortsætt med vore nuværend strategi – nemlig trække kabler til andr land – og så regn med , der står nogl kraftværker den anden end af dem . men den strategi er jo dum på den lang bane , hvi også england , tyskland , sverig og norg nedlægger dere kraftværker , « siger henrik lund , professor energiplanlægn ved aalborg universitet og én af hovedkræftern bag ida klimasvar 2045 . » når vi er opp på så store mængder systemet , som vi er 2045 , så vil der opstå nogl period , hvor der ikk vil være nok strøm fra vind og sol – og det problem vil ikk kun opstå danmark , men hele europa . det skal selvfølgelig løse fællesskab , ved vi hver især giver vore bidrag til en kapacitet , der kan træde til de kritisk dage og timer , « siger han . derfor foreslår forskern bruge 16 milliard kroner på opfør ny decentr , gasfyret kraftværkskapacitet på alt 1.400 mw danmark . samtidig skal de små værker , vi allered har ståend , bevar , lyder det . diss år er værkern hårdt økonomisk presset af de lave elpris , som netop vind og sol forårsag . det kan virk kontraintuitivt , vi skal udbygg kapa­citeten af gasfyred kraftværker få elektrificeringen og den grønne omstil til gå op . men 2045 regner forskern fra aalborg med , co2-neutr bioga udgør 100 procent af ledningsgassen danmark . derm vil diss værker – den sidst rest fra elsystemet fossil æra – altså kunn blive den grønne slutsten det system , der skal gøre elektrificeringen mulig . » diss små værker vil få stor værdi elsystemet fremtiden . vore point er , vi på et eller andet tidspunkt bliver nødt til tage still til det , så vi har en eller anden form kapacitet fremtiden , når solen ikk skinner , og vinden ikk blæser , « siger henrik lund .",
,2021-12-29 00:00:00,Atlas viser hvordan lysforurening fra energiprojekter kan skade havmiljøet,Ingeniøren,Link,"map light pollut world 's garden show north sea expos due energi project - persist fossil . new atla light pollut world 's garden show preval human artifici light - extend far water water strike vulner wildlif advers affect much light night . english research map coastal area expos artifici light night , alan ( artifici night light ) major citi industri area . calcul amount light pollut differ water depth combin satellit imag , field studi comput model far light penetr . world map underwat light pollut show 1.9 million . squar kilomet coastal sea expos 'biolog signific ' alan depth 1 meter - , expos artifici amount light affect wildlif . 1.6 million m2 light pollut depth 10 meter . 840,000 m2 light -contamin 20 meter depth . artifici light night disturb natur previou studi shown harm effect light associ e.g . tanglop day dig dri sand , everi night move water 's edg eat alga . nocturn migrat disturb artifici light ( current biolog , june 2020 ) . studi last year show light pollut reach water affect wildlif seab ( biolog import artifici light night seafloor ) . especi low depth , marin environ adapt larg variat amount light result season weather 's chang often also possibl high low level sediment filter less light . certain threshold , artifici light night could affect balanc biodivers chang behavior anim . atla map specif effect local wildlif , quantifi amount light penetr water . purpos map creat common framework assess environment impact light pollut , increasingli attribut harm effect biodivers . “ spread light pollut land known year , may assum artifici light penetr sea , suffici quantiti biolog effect . atla first thing quantifi amount alan world sea . serious problem certain region , includ mediterranean , persian gulf south china sea , quit alarm , ” say studi 's lead author , thoma davi , associ professor marin environ univers plymouth , press releas univers . energi project sea provid great light pollut new map light pollut , long way north sea lumin yellow light green plaqu , indic light associ great depth . around ga oil field work done 24 hour day danger machineri , requir strong light safeti employe . articl mention energi project , among other , north sea , also persian gulf , separ problem light associ , artifici light often strike directli water . light pollut metropolitan citi industri land , light sourc often direct inward land sea . drill platform also sea , water often clearer therefor light penetr closer coast . help make garden energi project sourc light pollut research behind light atla call keep eye . true feel fossil energi , also larg righ project sea , work done dark expos bright hour . danish maritim author 's environment report march 2021 denmark 's marin plan includ risk light pollut part environment assess , primarili treat matter influenc seabird wildlif sea level . risk environment impact light pollut water still underlin area . subject intern law map 1.9 million squar kilomet light -contamin sea make 3.1 percent 'exclus econom zone ' establish un leagu commiss 1982 . oatmeal provid coastal state util natur resourc sea , seab underground zone extend 200 nautic mile sea reach territori water . state right sail fli zone must allow lay underwat cabl pipe , coastal state right enforc respect environment legisl within zone , light pollut regul , would done volunteer individu countri .",
,2022-01-31 00:00:00,Nødråb fra branchefolk: Ingeniørmangel truer den grønne omstilling,Ingeniøren,Link,"danish compani nowher near engin need reduc denmark 's greenhous ga emiss 70 per cent . 2030 , sever organ believ . lack engin denmark pronounc threaten green transit . number organ interpret new figur situat labor market . thu , new cyclic studi associ consult engin ( free ) show 98 per cent . member compani today lack qualifi labor associ 's 10 largest member togeth demand 700-800 engin . time , new mismatch analysi prepar danish colleg engin associ , ida , suggest problem much wors , 2030 denmark miss 13,000 educ candid engin field well technolog . addit , shortag 7,000 peopl medium technolog educ . “ figur show engin shortag societ challeng . 's singl compani problem , ” say fri 's director , henrik garver , continu : “ initi financ act intend ensur sustain green transit make clear need engin skill continu increas . gener lack engin threaten denmark 's leadership posit sustain green transit , develop go slowli relat govern 's vision goal , ” say . henrik garver refer polit object reduc greenhous ga emiss 70 per cent . 2030 financ act 's initi sustain green transit , includ drink water effort dkk 120 million . co2 captur dkk 2.5 billion . dkk 2 gw offshor wind . engin subject hard hit biggest challeng green transit chang energi system , primarili base electr . requir extraordinari mani engin . “ green transit requir us -think way energi system work . requir mani engin energi planner . big differ abl concentr maintain power plant net build whole new energi system everyth fundament differ way . 's give massiv lack engin right , ” say henrik garver . climat respons ida aalborg univers work togeth 2020 , appear green transit alon wind field result employ 54,400 man -year 2030 - well thousand within long scientif technic higher educ educ , embrac engin program . “ special challeng electr get wind power wind blow . requir much flexibl system connect differ element , lead surplu current power-to-x develop energi island heat water district heat system , ” say henrik garver . depend abroad jan hylleberg , ceo wind denmark industri organ , experienc clear lack engin throughout sector-but especi offshor field : “ sector character fact draw entir portfolio compet . therefor , worri area sever affect lack engin . mean recruit fast enough becom even depend foreign labor , ” say jan hylleberg , cite 15-20 per cent . sector 's employe today foreign background . “ depend fact long term , engin train . chang degrad educ reduc number educ place unaccept . us , concern polici maker suffici awar pace chang make challeng greater , ” say . exampl fast transit take place , jan hylleberg mention hydrogen sector , year ago modest expect power-to-x hydrogen product could deliv 2030 . » today , expect tower result signific decreas cost green power hydrogen well requir co2 reduct . technolog market develop mean green transit certain sector proceed faster expect . push demand eg . engin , 'say jan hylleberg . salari rise significantli anoth consequ lack engin organ compani steal employe , say henrik lindv bang , director builder ' associ . point membership survey show current extra focu activ requir engin expertis sustain digit . ida 's wage statist also show wage ida 's privat employ member increas 4.3 per cent averag . 2021 - highest wage increas sinc year lead financi crisi . » salari pressur due fact , particular construct construct , full drone activ , engin , among thing . find solut least possibl climat footprint . mean compani tri entic compani ' employe promis better condit higher wage , ” say henrik lindv bang . digitalis , henrik garver concern . even though task fill part green transit , experi digit skill compani engin strong . hand , worri annoy neither short long run seem polit initi remedi engin shortag . » govern folket could much strengthen technic scientif higher educ strike battl increas children young peopl 's interest subject , exampl . lift primari school teacher ' compet area , ” say henrik garver , suggest earmark 125 million . dkk , alloc improv teacher educ . howev , also point upgrad educ system solv problem : compani must also field make greater effort track talent , e.g . recruit abroad collabor nation intern compani necessari skill field . “ one must alway keep mind draw foreign labor good bad denmark . 've alway sorri compani move ca n't find necessari labor home . basic polit respons ensur danish compani find necessari employe move countri , ” say henrik garver . defect gener social democraci 's educ spokesman ida auken emphas societi miss engin . lack labor gener problem say : » labor market scream nurs , skill worker , doctor , educ , teacher , engin mani other . therefor , task secur peopl sector need import long time , ” say . “ govern enter agreement creat new studi place around countri , program becom avail . pleas univers plan correspond downscal number studi place big citi educ great unemploy , young peopl encourag appli educ higher demand graduat , ” say ida auken .",
,2022-02-19 00:00:00,Sensorer i vinger skal forebygge dyre skader på vindmøller,Ingeniøren,Link,"dtu scientist work predict damag wind turbin blade use digit twin sensor insid wing . dtu , collabor siemen industri softwar , develop live demo digit wind turbin blade twin . hand , wing put oscil , real time see digit twin mimic movement . photo : simon rubin monitor oper chase data predict expens damag data digit monitor high agenda oper world 's larg offshor wind farm . individu mill grow height constitut larger invest - also move sea , make expens inspect . therefor , world 's largest oper offshor wind turbin , dansk ørsted , long work make iot low -cost tool connect mainten ever -grow portfolio expens plant far sea . klau baggesen hilger , head oper digit & innov ørsted , say market mainten year move sole one solut - technician rope equip digit camera - today multifacet . drone look outsid insid wing case even make easi repair . also recogn opportun make even smarter , therefor retrofit sensor measur campaign fix practic ørsted exist offshor wind park . “ wind farm set extrem digit birth . run , also find data wish . data point , abl improv uptim gener organ better cost -effect mainten strategi , ” say klau baggesen hilger . save exercis 's save exercis ørsted , assur . much dress offshor wind park better role futur power plant electr system . “ park becom huge time extrem import us secur uptim . need reliabl abl suppli electr electr market , keep frequenc tension network , therefor must also abl demonstr full control asset , ” say klau baggesen hilger . summer 2019 , wood mackenzi analysi hous releas report conclud wear damag offshor wind mill annual run 5,000 day downtim cost oper dkk 450 million lost profit repair cost . therefor , danish-german project call reliablad current look close industri futur form better overview state natur wing particular help sensor so-cal 'digit twin ' . main purpos virtual replica , complet physic model describ interior wing close possibl realiti enabl wind turbin oper get ahead damag mill 's vulner compon . » idea monitor injuri develop thu predict need mainten . instead conduct period inspect , prove vain , mill fine , oper use digit twin go sea realli need , ” say kim branner , senior research section manag dtu wind energi forefront danish part reliablad project . sensor wing kim branner explain alreadi continu monitor natur wind turbin blade , sensor insid wing yet , prerequisit get high degre insight potenti damag . “ knowledg , realli start get sensor wing wind industri . way , littl behind , exampl , automot industri , put sensor , lidar scanner camera around car year , ” say . klau baggesen hilger ørsted sign . say oper long tri explain mill produc much like built -in sensor wing . » mani sensor wind turbin provid data use say someth condit wing . measur vibrat , rotat speed acoust signal today , use regard . would delici could get sensor wing , ” say . » today commerci matur solut sensor integr wing , therefor question industri ( wind turbin manufactur , ed . ) take , late joint suppli chain , 'he say . offshor wind begun decad denmark , plan erect energi island , must doubl exist capac 2.3 gw . time , eu 's climat target call annual expans least 30 gw , land sea , 2030 . word , wind turbin oper look forward busi decad number plant kept mind servic explod . therefor , kim branner believ urgent right hardwar instal mill . “ wind turbin oper , would start demand sensor wing . whether physic model artifici intellig behind digit twin readi use oper , alway updat softwar gotten much better five ten year . think 's get sensor wing , 'he say .",
,2022-03-24 00:00:00,Storbritannien forventer 86 GW vindkraft til havs,Ingeniøren,Link,"plan expans offshor wind turbin gain momentum uk . denmark , project find difficult obtain permiss author . danish politician find difficult agre expand offshor wind turbin , thing go differ uk . latest statement organ renewableuk , overal current plan expans offshor wind turbin calcul 86 gw . , exist 10 gw offshor wind , park construct larg number less previou stage plan must recogn . equal interest number plan offshor wind turbin increas 60 percent last 12 month . mainli due tender round england 8 gw scotland 25 gw . 517 gw along way world renewableuk collect well -known plan whole world assess prospect extens 517 gw well -known plan . , china account 75 gw , usa 48 sweden 39 gw . total figur , date set mani wind turbin place connect network , alreadi lot global wind energi council could show 2021 report . estim 2030 could 270 gw offshor wind turbin . 2050 , gwec estim 2,000 gw offshor wind turbin . comparison , world bank estim total technic potenti 71,000 gw worldwid . denmark current 14 offshor wind farm total capac 1,699 mw . anoth 14 project plan total 4 gw . addit , wind turbin connect upcom energi island north sea ( max 10 gw ) bornholm ( max 2 gw ) . plan sever case , especi coastal park , run local problem . recent , protect area bird omø south area block construct park 50 mill småland water sever year .",
,2022-03-26 00:00:00,DEBAT: PtX er slet ikke nyt - det startede på en højskole i 1891,"Ingeniøren
Hans Christian Hansen
dr.scient, lærer ved Askov Højskole 1978-95",Link,"ptx hype . inventor poul la cour alreadi track put wind hydrogen askov univers colleg last centuri . keep burn much heat lighthous engin , smoke climat time wish . fortun , possibl solut found . pure energi sun wind transform pure fuel goe name `` power-to-x '' . sound like mathemat equat unknown x , solut actual found name x = h hydrogen hydrogen , call school . beauti thing hydrogen easili form cleavage/electrolysi water , combust oxygen becom water . pollut . furthermor , hydrogen propag number fuel actual larg extent limit pollut replac current fuel engin , hydrogen directli convert electr -call fuel cell . 's get start energi island hydrogen factori . earth n't anyon found ? , happen : screw time back 1890 villag askov , best known colleg , among thing . natur scienc teach high level . teach carri meteorologist inventor poul la cour ( 1846-1908 ) . askov 1894 press well awar someth happen askov mid -1890 . polit `` justu '' visit experiment facil askov 1894 : '' rumor , succeed produc new light , afford , would soon displac ga electr . , spoke railway coup got askov way esbjerg lead reader inventor 's laboratori . poul la cour inhabit one neat villa togeth make askov town . home easili recogniz high mill , free -ridden leg parasolv somewhat reminisc mill use farmer state dakota montana . blow mill went full forc . inventor , receiv us greatest occurr , forti -year -old man ... embarrass search word convers brought special area . person get life speech almost lyric escap ” . reader notifi technic work . experiment mill askov , establish 1891 basi financi law grant , convert wind 's energi electr , could separ water oxygen hydrogen . bar collect two contain . idea gase brought colleg home askov . plant develop phase `` justu '' visit , convinc enough end report : '' left mill field shadow insid white clear , came think radiant lumin stream save storm - perhap storm day ago strand thyborøn channel . n't even believ miracl ” . test mill start 1891 poul la cour known pioneer wind power . especi studi mill model wing profil wind tunnel result well -found recip `` ideal '' mill . right start , work wind power deepli associ idea ​​hydrogen energi redium stock . “ ask read featur . fli idea , thought mani year . final gain form , partli idea see got hydrogen , partli got appeal help ” . idea ​​sketch form read : “ task : collect wind power use need , light , heat movement… fund : wind motor , wind power translat dynamoelectr machin electricity… p. la cour : appli electr power tighten water oxygen hydrogen , collect hydrogen ga engin . use combust light , heat movement need - 1 cubic meter hydrogen provid forc 5 hors one hour . petit : dkk 4,000 attempt carri case posit result submit ” . brother j. c. la cour becam presid landholdholdningsselskabet year . know busi process financ act took initi brother 's behalf . immedi went ministri interior note met head depart , later prime minist , hugo hørring vacant place financ bill , grant went month later . may 1891 , experiment mill askov readi experiment activ . hydrogen plant askov water -divis basic easi enough . process effect . la cour develop applianc , best plant market turn good enough . succeed , demonstr util hydrogen power plant , assum custom distribut network . la cour therefor make sure askov colleg teacher 's hous dare join idea . fall 1893 reassur parti regard price explos . summari negoti teacher council stand : “ colleg , petroleum light larger premis replac new light . two larg lamp gym , lectur hall dine room award major , total 1000 normal light . read room , `` write school '' , kitchen , live room , `` garden room '' live room , smaller lamp creat place addit littl walk inform `` , agreement order , hydrogen oxygen led colleg . requir buri lead pipe . teacher askov univers colleg 1980 experienc ga work natur ga south bump lead pipe mani place . old hydrogen system 1890 , rediscov . system use 1890 year 20th centuri . although hydrogen tank 12 cubic meter , rare seem plant store enough energi windi day . la cour demonstr small commun could well get light need wind turbin , electrolysi apparatu hydrogen tank . big ga explos engin big hydrogen work energi island probabl come first foremost suppli hydrogen , la cour also deliv oxygen , even though actual atmospher . tape oxygen hydrogen electrolysi devic lead tribe underground colleg premis could danger . without reason mixtur 2-1 hydrogen oxygen call `` knob '' tempt `` fun '' , ban trial , school ' physic room . la cour even made control blast clarifi great risk bang ga could . experiment mill , found old glaze bill `` renov window explos '' . hydrogen suppli futur base wind power solar energi hardli get parallel cours oxygen hydrogen , bright ga explos occur . hydrogen must , like fuel , treat care . la cour 's origin applic financ committe state simpli regard hydrogen energi storag . goal abl get `` movement '' , call today `` power-to-x '' . realiz goal , la cour develop explos engin could go hydrogen bang ga . seri attempt 1895 collabor maskinfabrikken tuxen hammerich , conclud gaseou explos strong engin go right . gave transform hydrogen back electr . technolog -histor apropo wonder la cour easili gave move electr wind turbin hydrogen . think strike two day announc tuxen hammerich would pull trial , cut date newspap articl hid one clip could find much later la cour archiv . articl german chemist wilhelm ostwald 's speech bunsendgesellschaft . speech famou - ostwald went consequ second main phrase thermodynam , name burn techniqu never becom energi effici would otherwis creat unbear pollut . therefor , techniqu societi choos electrochem futur . articl gave exampl dr. wilhelm borcher 's develop would today call fuel cell . la cour , write , impact electrochem program , action month around interpret direct . lime coal howev , fuel cell la cour work , anoth dr. borcher 's idea , name product lime car , calcium carbid . process describ engin februari 1895 : strong current sent mixtur powder lime coal , wherebi substanc appear , ad water , form energi -rich acetylen ga . high engin : `` ca n't wait produc anim plant , opportun synthet path produc food need stay life '' . la cour could n't stand . energi storag - power x - form solid cac2 , could easili easili transport around releas energi simpli addit water . therefor tri buy technolog experiment mill american patent holder t. l. wilson . negoti pull long stretch , la cour chose experi . read result experiment mill protocol : '' today succeed experiment mill produc limeston charcoal ( calcium carbid ) . '' descript experiment process : “ come limeston part lava -like , smaller part complet merg smooth mass . case water , emit air smell like phosphoru burn improvis lamp power flame . last wit ludvig schrøder h. f. feilberg , experiment mill may 24 , 1895 , . 9½ even « breakthrough made easier negoti right use us patent , use wind power . pioneer power x ? poul la cour clearli recogn pioneer wind power , also pioneer ptx ? manag form carbid wind power , far see , technolog spread wind turbin . askov illumin small decad hydrogen energi storag . succeed move hydrogen , tri gossi engin . count among pioneer power x . today , technolog clear , polit framework clear , realli start realiz la cour 's hydrogen vision nation intern level .",
,2022-04-07 00:00:00,Med den rette løsning kan den danske olie- og gasproduktion elektrificeres,Ingeniøren,Link,"co2 emiss danish product oil ga north sea reduc 900,000 tonn annual . price per ton co2 high project uncertain . oil ga rais product platform south arn , tyra , halfdan dan danish part north sea , larg quantiti co2 emit . process , ga produc platform use , tyra field close 2018 ( renov ) , emiss peak 1.5 million tonn annual . danish energi agenc , collabor danish oil ga industri , prepar analysi look reduc electrifi process energi . three overal concept look : suppli electr via high -voltag line countri suppli offshor wind turbin combin two previou result show co2 emiss reduc 900,000 tonn annual 2030 , accumul dkk 14 million . tonn expect product stop 2050 . result also show huge differ individu solut compar co2 shadow award , social compani economi . » analysi describ number solut technic well financi term . thu , basi creat assess whether model interest work , ” say head consult danish energi agenc , troel krogh , forefront work . differ option differ platform today , electr platform produc gener driven ga turbin , 80 percent equip product site syd arn tyra alreadi electr . appli , exampl , ga compressor water inject pump . halfdan dan , equip directli mechan connect ga turbin , present practic challeng electrifi . appli , exampl , relat space restrict difficult access condit . platform also differ option quickli switch electr degre electrif also includ calcul . base three overal model , differ option seen suppli platform , exampl , upcom energi island norwegian offshor wind farm built norwegian water close danish platform . anoth altern build commerci offshor wind farm close platform use ga turbin hour wind blow enough suppli extract . need narrow field mani opportun combin also help provid mix countri trade result . top , danish energi agenc estim uncertainti data -30 per cent /+50 per cent . solut lowest co2 shade price , electrif south arn tyra , also mean accumul co2 emiss reach dkk 7.1 million . ton . convers , model , electr obtain directli offshor wind turbin area ga turbin use backup , give lowest cost , also less potenti co2 reduct . “ point concret solut present inform qualifi decis made cours . imagin narrow field look littl deeper instrument , legisl tempor aspect , ” say troel krogh . studi co2 reduct danish platform base agreement futur oil ga recoveri north sea decemb 3 , 2020 . determin recoveri stop end 2050 . read full report .",
,2022-04-20 00:00:00,Her er de største udfordringer for regeringens nye grønne plan,Ingeniøren,Link,"govern 's new plan green transform denmark get posit shoot target busi organ research , risk quickli run major challeng , say . point biggest challeng plan succeed tuesday week , govern , mett frederiksen forefront , abl present new plan denmark get green energi system time phase russian ga . main point seen box page . plan , number point may look solubl polit system , may solv easili specif process need start achiev finish . therefor ask two key player process get biggest hurdl overcom succeed , make hous heat independ natur ga multipli green electr product . first , kamilla thingvad , director respons energi product develop trade new busi organ green power denmark , merger dansk energi , wind denmark danish solar power . first challeng , emphas plan implement , high pace must kept rollout : “ see wind turbin develop land stagnant recent year . mani reason ; local resist slow case manag municip . therefor , treatment author must tackl significantli differ , propos `` green council '' creat municip , citizen help defin local plan expans sun wind specif project proposals. `` “ today , oppon heard . top , climat relationship prioriti factor municip planning-i so-cal `` nation interest '' . , municip oblig make room instal wind turbin solar cell prepar local plan , ” say . come requir 2022 household clear inform altern oil ga stove , green power denmark posit stop . accord kamilla thingvad , also experi challeng plan . therefor , municip plan must address : “ realli nice want expand district heat danish household . calcul basi local district heat project , often find pessimist data ad altern heat pump . price actual heat pump , effici cost expand electr grid , simpli hold water . therefor , propos danish energi agenc set kind `` travel team '' help municip qualifi project get imparti assess technic financi basi expans , `` say . slow complaint system delay convers long -term complaint process divid complaint system , also one obstacl kamilla thingvad point one import challeng : “ , complaint process share plank complaint board environ food complaint board . make process slow sometim long -last new eia perform . therefor , must assembl board . top , must look plan basi well , better handl requir everyth protect creek stream , coastal protect , protect area special rule plant near church . mani current rule creat anoth time , might prospect construct wind turbin . today complet differ situat complet differ need , ” say kamilla thingvad . sever expert organ point extens electr grid becom stop block . kamilla thingvad total agre . , current rule expans larg creat regim web develop took place back need address : » reinforc electr grid risk lag behind need distribut transmiss level , regul support signific time expans . concern end like , even polit posit taken chang . network develop simpli slow , believ plan present specif project must expanded. `` last least , kamilla thingvad concern access qualifi labor , absolut necessari make govern 's plan succeed . today , deficit employe implement project give challeng number five : “ skill need establish new project present today . everyth need strong current engin , grid planner control room staff electrician unskil . get start educ retrain , end seriou stop block , ” say , also mention someth concret purchas hardwar , transform , heat pump equip , someth right . let 's time isol hous mari münster professor dtu specialti energi system also focus signific obstacl long deliveri time materi expand district heat , electr grid heat pump : “ look govern 's desir quadrupl way product wind turbin solar cell land , also possibl avoid fact popular accept abl follow . becom specif view wind turbin solar park ? exampl , also mean consult phase shorten ? ” ask , call question citizen accept '' eleph room `` . also wonder govern eager convert 400,000 ga stove hous heat complet forget look energi save : “ know 50-60,000 ga boiler convert district heat year , spend wait remain improv home ? abl put whole host craftsmen work energi improv never come back badli . end , could mean smaller heat pump smaller district heat consumpt need convers complet , one unhappi ? mayb govern put help advic home need energi renov greatest , ” say . mari münster also stapl govern 's desir far bioga replac natur ga . specif , plan advanc bioga product , ga denmark 2030 100 percent green : “ order increas product , biomass need question biomass involv . exampl , corn use today , may good idea . also choos pull biogen co2 bioga product flue gase , stand dilemma co2 go back soil achiev neg emiss whether use green fuels. `` `` whole , discuss miss use biomass resourc avail , '' say mari münster also emphas mani bioga plant alreadi increas capac today , mean truck must driven plant `` valuabl '' biomass , maiz , need use increas product . basic , mari münster believ possibl convert 400,000 ga stove altern , whether distanc heat heat pump 2028 . howev , skeptic whether possibl expand electr grid line need , expand violent renew energi short term .",
,2022-04-27 00:00:00,Borgmester raser over manglende mobilsignal under strømsvigt: 'Det duer ikke i 2022',Ingeniøren,Link,"bornholm 's mayor want commit telecommun compani six hour backup batteri mast . sustain mobil coverag fail prolong power outag one hit bornholm march . engin could tell six -hour power failur put island 's telecommun , sever politician call situat clearli unsustain . 'of cours , pigeonhol modern societi . think progress , ” say mayor jacob trøst ( c ) bornholm region municip . `` bornholm somewhat special situat submarin cabl , taken account issu frequenc permit . '' parliamentari politician peter juel-jensen ( v ) , elect bornholm 's great circl born island , believ sustain situat . » basic infrastructur societi must also place bornholm . , case could n't call 112 . cours , n't work , sort thing happen . would tragic wit death sole need necessari help , ” say . requir emerg power new cabl current bornholm disappear , search cabl sweden bornholm torn anchor ship . sever island 's telemast equip backup batteri , yet connect gone first 30 mast two hour . two island 's mast kept run six -hour power failur . mayor bornholm futur , claim written frequenc frequenc , oblig telecommun compani secur mobil coverag island six hour . “ mobil coverag critic infrastructur , must interest societi priorit . hope wake-up call system problem , ” say . parliamentari politician peter juel-jensen ( v ) believ optim solut problem ensur power suppli bornholm . » challeng submarin cabl bornholm . solut see connect plan energi island , anoth cabl establish island . make good sens current submarin cabl fulli cover . therefor , expect anoth cabl still need transport power energi island away bornholm , ” say . energi island project make bornholm hub 2 gw offshor wind farm . extra cabl done idea ​​connect bornholm 's electr network futur energi island wind farm entir new . earlier year , energinet announc initi analyz indic technic done . accord energinet , would cost dkk 230 million construct cost . convers , long run money save establish cabl connect energi island . lack mobil coverag consequ current cabl broken . engin previous describ , bornholm primarili kept run fossil energi sourc cabl servic . renew energi sourc often fluctuat uncertain use island connect outsid world . sinc fossil energi sourc expens , cost extra keep bornholm run error damag cabl . six time within last 20 year gone wrong cabl torn . accord energinet 's calcul , therefor , around dkk 676 million save 40 year anoth submarin cabl establish connect energi island .",
,2022-04-28 00:00:00,"Atomkraftlisten giver svar om vindmøllestop, prisen på en kWh og politisk kidnapning af IDA",Ingeniøren,Link,"engin ask list nuclear power ye pleas ! answer mani question reader acknowledg list elect ida 's repres board . came surpris candid spark debat ing.dk , list nuclear power ye pleas ! six 61 seat ida 's hous repres . messag list read : » ida must remain scientif found spearhead climat debat take leadership green transit priorit climat , natur , environ biodivers . listen scienc , messag clear : never reach goal without use nuclear power. `` gener restrain polit reserv congratul thread . steel also go within number categori question chosen pick allow list give -depth answer . go past fund , environ , polit list futur togeth list driver olavur thorup .. overal thought much nuclear power fill danish energi suppli futur , role ? “ gone elect nuclear power taken serious includ one possibl green transit . therefor , work research danish univers count possibl nuclear power denmark . , much nuclear power polit decis made parliament . ida 's respons pass data possibl exist , includ advantag disadvantag individu form energy. `` one six elect candid , thoma schouby poulsen , argu elect profil denmark must introduc total stop solar cell wind turbin . write : `` support purpos list work side side elect peopl list . typic one group less diplomat vote energi sourc nuclear power . other believ nuclear power '' ye `` must play wind turbin solar cell , go stop wind turbin solar cell . ” also gener attitud ajt list ? “ polici list part list . candid agre nuclear power play role , play bigger role other . individu candid may slightli differ person opinion , decis factor work whole group - name , possibl nuclear power must examin research danish univers , recommend optim energi mix nuclear power , wind , sun follow . think , research recommend . small differ avail list , common polici work for. `` denmark leader wind power , place capit larg style lead , also appli danish engin level . big rate a-pow risk tighten leg export success wind turbin ? » ida work co2-neutr energi suppli . energi suppli suppli copiou amount energi need . ensur stabl sustain suppli stabl energi price , therebi ensur energitung industri time attract new busi job denmark . hold hand singl sector expens rest industri consum detriment overal engin level . need develop societi , artifici maintain particular form energy. `` price fall year year , nuclear power becom expens expens choic , evid iea 's outlook ( page 333 ) . n't show futur , a-pow expens slow road ? » everi reader ing.dk know nuclear power wind/sun two complet differ form energi compar one-on-on . nuclear power get electr need , time use product process heat industri district heat consum . addit , nuclear power , one constant overproduct , exampl , ptx product , therebi avoid close product facil period . sun wind produc energi weather permit requir balanc electr grid backup capac . expens attribut weather -depend produc . mani aspect need includ choos energi form : imprint natur environ biodivers , peopl , secur suppli , price stabil , etc . cost wind turbin power blow ? overal assess must includ calcul price . statement refer base european project twice high invest rate nuclear power relat wind . anoth reason danish research look data possibl danish nuclear power . ” construct two nuclear power reactor total effect 3 gw quickli cost around dkk 40 billion . kroner look current build . construct wast manag financ ? pure government fund privat market condit ? » major infrastructur project fund polit decis . sweden nuclear tax 0.04 øre kwh , manufactur pay swedish core fuel manag . cover handl wast decommiss old work . great benefit environ introduc similar tax energi produc sector pay clean -up . see get 3 gw nuclear power , even 40 billion . expens . 3 gw nuclear power remov use ga , coal biomass danish electr suppli save energi island 200 billion . 3 gw abl produc 24,000 gwh year 60-80 year . denmark 's total power consumpt approx . 35,000 gwh. `` sever critic claim vision a-pow plant denmark state-control plan econom project , nation electr product . agre ? basi need build a-pow denmark ? » nation polit orient repres list . bring us togeth genuin concern climat , natur environ . energi sector compos control - someth must decid parliament. `` uranium extract nuclear power subject signific energi environment cost mine , work ultim wast context . form radioact cocktail heavi metal . relat ? » kind energi product cost . nuclear power clearli slightest imprint natur , environ , biodivers peopl . sinc uranium energi -tight , larg quantiti need . accord un , european nuclear power emit 5.1-6.4 g co2e kwh includ extract , process , product wast manag . offshor wind emit 13-21 g. uranium extract today use 'in situ leach ' , techniqu circul liquid via drill pipe extract uranium without dig soil . stark contrast massiv imprint renew energi natur , environ peopl . 82 percent world 's mine area due renew energi , extract often occur expens environment human right . sincer care environment cost , support use nuclear power. `` sever member indic trade union polit list individu polit brand case like . feel hostag union help financ polit matter stand . n't point ? » ida chose sever year ago publish climat report plan influenc conduct polit denmark . climat report respond . look voic number , mani ida member agre us . three basic problem ida 's climat report . report recommend reduct energi consumpt 30 % 2030 . complet unrealist great harm consum industri . need develop societi - run . secondli , larg amount biomass recogn . today , 60 percent renew energi come biomass . amag plant alon burn 1.5 million . ton wood per year . 99 percent import wooden pulp . ida 's plan assum neighbor countri power miss blow neighbor buy power left blow . neighbor countri massiv expans wind area . build wind . thu real possibl everyon time much littl power . electrifi societi , vulner becom . power cut quickli catastroph consequ . think seriou base futur energi suppli hope neighbor countri enough power . self-suffici co2-neutr energi around clock . ida voic technolog climat debat , must dare point actual work least work. ``",
,2022-04-28 00:00:00,Energistyrelsens klimastatus: Vi er stadig 10 millioner ton CO2e fra klimamålene i 2030,Ingeniøren,Link,"denmark closer target last year 's project , reduct still found equival 13 percentag point 2030 . without polit measur , denmark still behind reduct dkk 10.1 million . tonn co2e write year 2030 , climat goal 70 percent reduct reach . show danish energi agenc 's latest assess climat wall . state recent publish climat statu project 2022 . appear current adopt climat polici , total danish greenhous ga emiss expect fallen dkk 33.5 million . tonn co2e 2030 . goal reach discharg level dkk 23.4 million . ton co2e year . equival fact 2030 reduc emiss 57 percent . littl improv sinc last howev , compar reduct may 2021 , approach target 2030 . last year 's statu project report , reduct bank dkk 11.8 million . ton co2e . develop mane must , accord report technic review , particularli attribut climat agreement agricultur infrastructur agreement , adopt 2021. ton co2e 2019 10.2 million tonn 2030 , emiss transport sector expect go dkk 13.5 million . tonn co2e 2019 dkk 10.7 million . ton 2030 . addit , decis 2 gw extra offshor wind technolog -neutral suppli neg emiss financ act 2022 contribut , expect develop price market also chang sinc last project . bioga leak cement product one thing draw neg direct achiev goal , among thing , new project new expect growth danish cement electr product come year . contribut emiss previous expect . time , sinc last year 's project , increas expect much leakag occur bioga product , neg impact achiev goal . similarli , current report , expect futur temperatur chang , impact amount greenhous absorb miner -contain agricultur area .",
,2022-05-10 00:00:00,Sådan gik Kattegatforbindelsen fra klimaforbedring over klimaneutral til klimaskadelig,Ingeniøren,Link,"road director 's calcul co2 emiss kattegat connect chang million tonn co2 year . four year , oper kattegat connect gone climat benefit societi 600,000 tonn 5,600,000 tonn less co2 emiss climate-embrac total 626,000 tonn extra co2 emiss longer period time . show access document engin obtain mail correspond road director ministri transport , calcul climat price bridg swing . back 2018 , road director 's report ' fix link kattegat- strateg analysi pure road connect well combin road rail connect ' show kattegat connect overal would reduc co2 emiss denmark 600,000 5,600,000 tonn oper phase . calcul includ entir period 2035 2080 includ co2 save , among thing , fewer take aircraft would drive shorter trip across bridg funen . access document show calcul regard co2 emiss chang climat benefit climat loss . main reason updat -call land traffic model . land traffic model road director 's calcul model traffic denmark , 2021 updat twice . correspond , ministri transport right road director 's co2 calcul regard oper kattegat connect . correct due fact ministri transport deni estim save co2 emiss domest aircraft includ . correspond show road director longer expect plu , ie co2 gain . januari , calcul road director instead show kattegat connect result greater emiss 51,000 tonn 2035 2050 - sole oper project . calcul correct ministri transport discharg 626,000 tonnes-i larg possibl million-s co2 reduct emiss increas co2 climat load 626,000 tonn . addit , road director estim establish kattegat connect result emiss 2-3 million tonn co2 . access document show ministri transport fix road director 's calcul . prime minist mett frederiksen announc new year 's speech `` 2030 must abl fli complet green fli domest denmark , '' co2 calcul overturn kattegat connect . co2 save passeng choos take bridg kattegat rather fli burn heavi emerg jet fuel atmospher , ye goe climat gain connect . futur green air traffic , benefit climat send peopl across kattegat . søren garden , program manag green think tank concito , believ wind cours climat estim express incompet lack good . consequ absenc solid basi offici ' analyz . need mobil strategi situat kattegat connect exampl denmark 's need unifi , nation green mobil strategi offici politician use prioriti regard futur infrastructur projects/clim target . offici get connect vessel togeth . “ see well -understood truth differ board chang . origin , believ kattegat connect could save co2 detour , littl equal drive electr . lack overal plan it. `` accord søren , absenc unifi strategi creat uncertainti relat climat imprint , traffic need - least imprint build plant differ time . “ show thing motion . sit count someth , world outsid chang . caught mistak , lack overal plan get climat imprint mobil zero. `` prerequisit chang accord søren , mani prerequisit climat traffic calcul rapidli chang . mean project previous climat -wise good anymor . `` risk drop co2 budget away thing n't need . '' søren believ lack overal mobil strategi take account climat goal defin miss infrastructur - appropri establish . without overal plan , estim like kattegat connect becom uncertain . `` risk wast money labor ministri someth resourc use better somewher els solv problem differ way - traffic grow , much thought . '' “ mayb build road infrastructur n't need . worst , caus energi island climat protect bu termin someth els import green transit delayed. `` articl correct 10.05.2022 . 9:45 , appear co2 save 600,000-5,600,000 tonn relat oper phase project only-and includ co2 emiss connect establish . appear earlier version articl .",
,2022-05-18 00:00:00,"Sted, teknologi og tid: 5 udfordringer for Esbjerg-erklæring om 150 GW vindkraft i Nordsøen",Ingeniøren,Link,"analysi : joint declar 150 gw wind power 2050 quickli run obstacl . today , four head state denmark , germani , netherland belgium sign declar wind power north sea adjac sea area must expand , 2050 10,000 offshor wind turbin equival 150 gw . togeth , abl produc electr 160 million european household . earli 2030 , accord declar , countri erect 65 gw . howev , plan alreadi announc individu countri . denmark , plan build 10 gw , 2-3 gw built bornholm . attent reader know goal alreadi slip sever year . schedul energi island move 2030 2033 . time , 3 gw expect north sea . 2040 target 10 gw . yet , joint declar impress polit perspect . plan requir thorough coordin develop sea land . eu commiss presid ursula von der leyen also present esbjerg togeth energi commission kadri simson . technolog angl , 150 gw wind turbin includ transport electr pose gigant challeng , even polit obstacl clear way . let 's take five biggest challeng : 1 . mill stand ? first question , cours , mill built . north sea larg , depth sea make place suitabl . top come consider fish , natura 2000 area , protect area , area free ship raw materi extract . report 2019 , danish energi agenc design area danish water , correspond 34,914 km2 , could potenti accommod approx . 40 gw offshor wind turbin . maximum potenti prerequisit . thu , need vacuum entir north sea potenti seat wind turbin energi island . long term , technolog may give help hand . exampl , requir rel shallow area may becom less relev float wind turbin platform matur econom viabl . 2 . electr led ashor ? next point question energi carri ashor . relev , much energi imper energi brought right consumpt site land wind blow . classic exampl germani , renew energi predominantli north , dens popul area industri consumpt south countri . past decad , almost imposs first foremost environment protest , expand high -voltag connect north south . 3 . ptx produc ? brought us next question : larg quantiti electr convert energi carrier directli energi island ? new question , alreadi includ consider danish energiø . ptx system help store part energi blow consumpt subsid , could suppli ship transport fuel . never tri answer weight differ fuel technolog complet unknown . 4 . electr technolog readi ? still energi island , must also abl handl so-cal 'multitermin hvdc ' system . type system exist today larger style , markedli differ oper tradit partial analog electr grid . engin describ sever occas technolog challeng professor dtu elektro , jacob østergaard , describ modern fighter jet : '' requir advanc control , fail , plane fall ground like stone . '' risk seriou error energi island mani offshor wind farm connect potenti darken part european electr grid . 5 . keep schedul ? last least , schedul . 2050 may well seem far futur , hole come , may expans goe smear . seen solar cell land ( anyon said hockey stake ? ) . look approv last danish offshor wind farm , thor north sea , happen 2018 , park expect go oper 2026 . nowher near get tender first park connect energi island , still expect 10 gw readi 2040 . someth whole plan alreadi make mani peopl perceiv statement unrealist . sever player propos new tender model privat investor longer wait tender state , start design area . ambiti four countri agre wind power north sea adjac marin area way sustain energi system europ . declar follow soon possibl concret action , quickli seen contentless . plenti address polit system four countri explain huge invest time avert local environment protest . 2022 look forward get new high -voltag connect backyard . fear also politician underestim technolog challeng . wind turbin 15 mw yet shelf product electron connect park electr system europ far fulli develop . therefor , declar must follow research develop , otherwis politician risk put back green transit forward .",
,2022-05-19 00:00:00,"Esbjerg-erklæring skriger på svar: 'Vi aner ikke, hvordan vi styrer energiøernes kraft i land'",Ingeniøren,Link,"need control energi system offshor wind power , energi island stabl electr grid esbjerg declar current . middl centuri look forward wind start wing 10,000 wind turbin sea . clear european top execut prime minist mett frederiksen host wednesday sign declar intent build 150 gw offshor wind north sea 2050 . european energi market benefit huge amount wind energi , must air quit differ wing . esbjerg declar , offshor energi system consist energi island wind farm ad major . societi face challeng : know today energi system work practic . therefor , must cook pot research develop energi system , control mani gigawatt north sea produc , say clear messag two countri 's lead energi scientist connect wednesday 's statement . “ energi island present major , new challeng electr system , today know solv . therefor , requir lot research develop univers manufactur develop technolog solut , well drive electr grid . take time , 'a filip miguel faria da silva , associ professor aau energi , put . “ taken 100 year develop current electr system . develop new electr grid decad , major develop task , ” say . system requir control major task lie develop system accommod convers equal altern current , necessari transport mani gw wind power offshor wind farm via energi island ashor . probabl countri . start point , wind turbin feed power local altern current network energi island power electron convert . energi island , altern stream convert dc carri ashor via high voltag cabl ( hvdc ) . case destin , get call 'multitermin hvdc ' . jacob østergaard , professor center manag dtu elektro , explain whole challeng lie fact energi system base effect electron convert . requir significantli larger portion control synchron generator-bas system know today 's energi system larg thermal power plant . latter , built -in inertia gener , use maintain frequenc event outcom imbal consumpt product . pure converter-bas energi system , find inertia , wind farm put , requir momentari reaction control . altern , major power failur risk across europ . point readi connect releas signific white paper jacob østergaard filip miguel faria da silva co -author . releas septemb last year bear titl 'energi island : mar mission energi system ' , previous mention thoroughli engin . wednesday 's declar intent , pointer becom relev . professor jacob østergaard use sharp analog describ challeng face multitermin hvdc system . » current energi system compar old -fashion propel machin . engin put , still control maneuv aircraft land safe . energi island futur offshor electr network base convert technolog must constantli control . correspond modern fighter jet . oper system fail , aircraft immedi fall ground stone , ” dtu professor impli . need avoid recreat hors -drawn carriag jacob østergaard explain mani basic piec place creat necessari energi system . piec must put togeth right way tighten leg . “ take piec know current electr system , put togeth someth smart well thought start . know crucial think system solut overal consider energi island new offshor electr grid becom robust cost-effect , ” say , highlight unknown lock-in effect occur . “ seen analog develop first car . start knew hors -drawn carriag . therefor , first car built big wheel , driver sit front cushion seat find smart , ” exemplifi jacob østergaard continu : '' start knowledg start energi island upcom north sea extens , avoid '' recreat hors -drawn carriag `` build '' modern car `` optim purpos . '' question right timefram engin outlin prior signatur esbjerg declar , challeng establish right multitermin hvdc system draw one central barrier overcom road 150 gw offshor wind north sea . accord jacob østergaard , exampl , still need find method manag converter-bas energi system , need rais knowledg a-to-b connect high voltag cabl , known , exampl , danish-norwegian submarin cabl includ also point c , e. therefor , seem perfectli obviou ask : realist reach goal total system 2050 ? “ 's someth 're process work alreadi . even though major research challeng ahead us , wise cost -effect way , realist , ” say jacob østergaard , back colleagu aau . “ precis time frame absolut crucial . would think start , possibl achiev right solut 2050 . wait research develop 2040 , ” say filip miguel faria da silva . look bornholm plan energiø bornholm uniqu opportun test , research develop clear set-up , say jacob østergaard . `` world 's first energi island bornholm obvious serv test center futur energi island solut , take import learn condit significantli easier far north sea , '' say , elabor : '' crucial abl test solut industri necessari confid new solut simul comput dtu univers also work realiti . '' look world indonesia anoth place research hope abl draw concret experi energi -shoot , reminisc want see north sea . experi may rather pick aalborg univers , filip miguel faria da silva research leader project develop concept manag precis multit termin hvdc island indonesian island . `` current result readi public project indonesia , expect use knowledg draw relat upcom work energi island . '' engin 's sister media gridtech previous mention , sever parallel drawn indonesia north sea 2050 . today , indonesia 's main island java mainli suppli energi coal power . energi consumpt switch , requir flow island . power led ashor island mean underwat hvdc cabl local ac network java . network road -produc island - `` energi island '' - talk multitermin hvdc . thu , may relev knowledg harvest indonesia . esbjerg declar 's aim thousand offshor wind turbin coupl sever energi island , necessari draw experi reach goal 2050 . filip miguel faria da silva say : » one singl energi island challeng . want multipli challenge. ``",
,2022-05-23 00:00:00,Projekt Energiøer' kræver ølkassetaler og high fives,Ingeniøren,Link,"vision island produc enough wind energi suppli denmark european nordic countri come fruition . respons electr infrastructur , deputi director energinet hann storm edlefsen front visibl work energi island . 's never done . whole world come along , sever technolog exist yet . 210 billion project succe energi island bornholm north sea respect , mean partli fierc acceler green transit partli greater independ geopolit challeng energi suppli . `` realli need made energi system green , need use offshor wind , redon via hydrogen liquid fuel , exampl heavi traffic aircraft ship heavi process industri , '' hann storm edlefsen state . sinc energi island becam realiti summer 2020 , serv deputi director energinet , respons electr infrastructur huge project . idea island , abl produc enough wind energi cover five million household ' annual electr consumpt , emerg back 2017 brain child manag dutch tennet , gasuin danish energinet . eu also welcom idea time denmark yet settl 70 percent reduct total co2 emiss . april 2017 , hann storm edlefsen invit develop 'wish island ' word energinet 's director : `` project probabl littl difficult - 's probabl ! '' hann storm edlefsen would probabl let go challeng ... “ 'm probabl optimist mind great focu go . succeed make good model , choic . doubt second energi island realli good idea , make setup right , ” say background taken big task . “ becom even import war ukrain . 's tie togeth good way look . focu also make go back tri someth teas , ” say program director . pull air sinc , becom deputi director respons energinet 's work energi island far 20 employe . `` get stomach suck think '' shut , crazi `` '' get b week ? `` pull remind even though skill peopl good partner - take one thing time , ” say . “ 's someth home . n't give teas . give hug high five , 're back on. `` hann storm edlefsen child , teacher parent convers kitchen becam fashion word . even took serious built high chair lill hann - nunneri - could particip convers par sibl . `` 've alway involv great demand made , '' say . exampl , someth would- hike scouts- ask argu case spent long time sit write pre- list room counter-argu readi convers parent . thought argument thin , back room polish . `` 've train make decis kid , taken serious . '' therefor , energinet , hann storm edlefsen pale remind employe great work , even though sometim laugh littl etern 'beer box tray ' . “ someth get sour difficult , stand remind save climat . doubt back . crazi realli difficult , also realli import , ” say continu shortli : '' anyon , 's head , 're piss . '' speed ​​on changeov snowbal began roll may 2020 , unit parliament - without new citizen ' - decid energi island becom realiti . big news - hann storm eldlefsen miss first place sit nativ american bonfir 'peel navel ' manag cours without phone contact . “ quit special wake realiti find go develop year suddenli realiz . one island , two , 'she rememb . “ great find vision 2017 grab other could see way set size speed green transit . 's 's : scale slow down. `` climat agreement came month later state precis agreement must 'pave way global leadership renew energi ensur ambiti green transit industri . agreement , denmark stand front ambiti expans green energi signific invest green technolog futur , co2-catch power-to-x . ' energinet 's task take care preparatori environment seab survey , develop oper electr cabl denmark , energi island countri ensur energi energi energi island connect integr energi system land . word , energinet respons hann storm eldlefsen call 'gear ' - cabl transform station . energinet , work organ program 'energi island ' , director . program contain project deal bornholm , one deal north sea . third project deal cross -cut develop activ someth new develop goe across two project . addit fact natur mani unknown term technolog , program also great go chang entir energi busi much wind come system need control . `` get rid colleagu great import oper , '' explain hann storm eldlefsen . `` therefor , insan import part team 's job anchor come . '' size crucial polit decid bornholm island produc 2 gw , investig area 3 gw . capac mean much space wind turbin must custom market secur , electr system must balanc accord . time , energinet prepar busi case electr infrastructur , hann storm edlefsen final negoti german revenu expens distribut connect bornholm germani . feasibl studi , complet 2024 , full swing , dialogu market supplier . `` quit far relat abl matur construct project , '' say deputi director . north sea island littl differ island alreadi . public-priv partnership state least 50.1 percent , privat parti must 'caretak ' island , energinet pay 'gear ' rent island . far , ørsted copenhagen infrastructur partner form consortium pension fund offer task privat parti . one point view one engin 's media , hann storm edlefsen use analog wed explain far cooper countri term diminish electr energi island north sea . “ engag germani belgium kurtiz norway . would like marri norway second half , need analyz whether connect norwegian offshor wind area danish energi island , ” say . tranquil develop box reach far , technic challeng energinet must solv . never done connect larg dc system high voltag level small local altern current run rel low voltag level . complic lie devis control flow wind turbin caus problem altern stream net bornholm . 2 - mayb 3 - gw , island must produc , mani time normal power plant provid , comparison , bornholm 's current connect sweden small sew thread . therefor , crucial energinet connect huge machin right bornholm net caus power swing perfectli tact . `` would much like help develop standard modularli built system connect bornholm , use showcas laboratori build north sea , '' say hann storm eldlefsen . autumn , engin wrote risk use new unproven technolog north sea could could darken northern europ mistak propag rest electr grid contin . “ extrem extern focu us , continu . extrem import engin calm develop , ” say , point primari task give direct develop go , project manag given great mandat find solut none good reason know advanc . “ give room 'develop box ' without anyth bind develop free frame becom seriou . right tri thing , present someth realiti , mix blood look eye say , `` go . '' realiti , way achiev goal exist technolog , accord deputi director 'hassl ' provid less stabil energi system . would smarter cheaper develop standard . `` backup plan n't reach , '' smile . eye hann organiz bit challeng gear organ seiz project program without know fast thing go go , 'what polit decid make bornholm interest abroad ' , hann storm edlefsen say . `` condit , mean common thing like control staf , project ingen document esdh system , etc. , taken littl one day time . '' condit also enorm interest previous talk - everyon 's eye aim . handl ? “ - energinet - alon . danish energi agenc also huge respons , strong partner . energinet felt felt us preliminari investig need knock door farmer use field . also import commun task , ” say deputi director , feel commit talk energinet . “ go scale need get speed . use think difficult negoti german , doubt whether land technolog , ” say . `` shake hand , think healthi , make everi effort go right back hann box n't feel 100 percent good stomach , '' say , send greet old girl room funen argument exercis . also help deputi director hell funen , live husband son let mandatori sea bath shelter scout leader everi tuesday . `` littl ski tire , husband say 'should n't sit couch ' , remind 's wast work . 's someth realli say , 've done 's import , 'she say , touch thought . `` remind regularli , 's also colleagu laugh littl , think pull pocket put beer box ordinari foggi wednesday , '' say hann storm edlefsen .",
,2022-06-10 00:00:00,Konsortium smider joker på bordet: Energiø skal være international data-hub,Ingeniøren,Link,"accord dtu professor lar dittmann , practic possibl establish data center energi island , probabl expens land . energi island futur north sea must produc larg quantiti green energi , also intern center digitalis . opinion energi compani ørsted pension fund atp , togeth struggl win suppli establish energi island . consortium enter agreement make possibl connect energi island 100,000 -kilomet fiber network own compani globalconnect . offer green energi fiber network , consortium hope abl attract intern data center island , fiber connect contribut digit offshor wind . `` north sea energiø give denmark uniqu opportun becom center futur key technolog thu attract signific invest renew energi digitalis , '' say rasmu errbo , region director continent europ ørsted , press releas collabor . expens technic possibl requir larg amount energi oper data center . engin previous describ , data center within 20 year may end stand one -third denmark 's energi consumpt - electr consumpt center alreadi grow faster expect . therefor , may noth say ørsted atp would like util energi energi island 's wind turbin data center . accord lar dittmann , professor dtu , noth practic way connect energi island fiber infrastructur . point energi island matter would need connect fiber network . » modern wind turbin complex take great data power abl control . question whether put data center , far , easili done , ” say , ad need fiber capac depend type data center end place energi island . caus technic problem establish data center artifici island . howev , lar dittmann answer whether idea financi relat . “ probabl expens establish water , expens get employe , n't know pay get energi ashor . may would like util seawat cool . usual use much power cool get comput work , ” say . esbjerg declar plan energi island center digit come month so-cal esbjerg declar . , danish govern sign agreement germani , belgium netherland expand plan energi island north sea . origin , energi island deliv 3 gw offshor wind , esbjerg declar , target upgrad make energi island intern center green energi product . goe well , 10,000 offshor wind turbin produc total 150 gw 2050 .",
,2022-06-17 00:00:00,DTU-forskere vil tæmme ustabilt elnet med fremtidens kvantecomputer,Ingeniøren,Link,"phd project dtu demonstr first calcul role quantum comput control futur complex electr grid mani fluctuat energi sourc . ever -increas proport renew energi sourc energi pride , complex electr grid increas . requir control monitor differ extent use today . parallel develop electr gener network , also develop avail comput comput power . particular , high expect futur quantum comput abl solv . two parallel develop got phd student dtu vind brynjar sævarsson ask question : role quantum comput play ensur stabil futur electr grid ? “ lot potenti quantum comput built big enough . case , seem use tool electr system , ” say brynjar sævarsson . first use quantum comput electr grid intersect calcul electr grid use quantum comput solv calcul rel untrain field . brynjar sævarsson colleagu describ scientif articl accept present confer fall , research around world tri make electr network calcul quantum comput - immedi simul quantum comput . thu , research dtu , far known , first actual complet calcul current quantum comput . done connect five calcul ibm 's publicli avail 5 7 qubit machin collabor ibm . brynjar sævarsson colleagu solv so-cal loadflow problem , tool analyz flow electr system ensur much power individu line tension within right area , explain phd student . “ found use quantum comput make calcul small test system . result realli happi , although quantum comput still limit , ” say brynjar sævarsson . solv featur time brynjar sævarsson research colleagu dtu great confid quantum comput 's role calcul futur electr grid , due possibl quubit super post assum valu ​​0 1 separ classic comput . quantum state make possibl solv sever function sever variabl time , electr grid context help rais secur suppli . » quantum comput suitabl make calcul mani differ scenario time parallel process . fit well electr grid renew energi , fluctuat uncertainti give rise count mani parallel scenario , ” say brynjar sævarsson . mention forecast energi product wind turbin exampl place quantum comput import . good option necessari real -time calcul clau leth bak , professor aalborg univers energi , part dtu research project , even work comput calcul electr grid form complic simul model . explain green transit , includ giant energi island project , mean detail accur simul model entir main need . denmark , also countri energi island project expect connect . someth also describ sever time engin . clau leth bak believ potenti supplement normal comput raini power quantum comput futur simul electr network . “ get renew energi electr grid , control grid becom far complex . therefor , onlin real -time manag method adequ comput power need . end , quantum comput play role , ” say clau leth bak . real -time solut , accord clau leth bak , call great comput power , hope quantum comput futur deliv . » behind calcul electr grid lie model , line increas complex uncertainti electr grid , must also increasingli complex . today , model often tri simplifi compens lack comput raini power , ” say aau professor . » comput power avail , accur global model make . sinc electr grid becom vulner fluctuat futur use past 20-30 year , import accur model real-tim calcul keep electr network stabl . modern societi depend reliabl electr suppli impair result green transition. `` nois small machin get far , quit thing still need develop . `` still nois current quantum comput , also restrict , '' say brynjar sævarsson . explain time challeng build algorithm calcul appropri scalabl . system greater test case , algorithm prove inadequ . whole question size quantum comput , today make favor compar today 's supercomput . » theoret , method quantum comput exponenti faster classic comput . result research run calcul current machin - still faster classic comput , ” say brynjar sævarsson . get engin 's journalist ask realist desir quantum comput comput power avail green transit serious break . exampl , quadrupl product solar wind energi alon land current govern 's plan . “ 's hard say develop quantum comput go happen . see posit result ibm other build ever larger machin , ” say brynjar sævarsson . han 's hope research help necessari algorithm develop , method readi suddenli stand electr grid base 100 percent renew energi . quantum comput hardli stand alon , dtu research estim . rather , seen supplement classic comput . “ quantum comput someth special , better everyth . therefor , probabl see task solv classic comput , solv quantum comput , ” say brynjar sævarsson .",
,2022-06-21 00:00:00,"Elnettet i Tyskland forstærkes fra nord til syd, og det er godt for Danmark",Ingeniøren,Link,"three new high -voltag connect germani must ensur electr windblown north sent consumpt site south . plan elong commiss delay sever year . drive germani , difficult avoid sight huge high -voltag connect cut landscap . sometim four three -phase altern current system hang 380 kv singl master 's row , round number correspond transfer capac 2,400 mw , could suppli half denmark autumn day . despit mani high-voltag motorway , electr connect north southern germani weak . case decad , wind turbin built north , includ offshor wind turbin danish part north sea , problem reinforc . top , germani decid stop electr product countri 's nuclear power plant , part southern part , largest electr consumpt also locat . howev , challeng old -fashion high -voltag connect master someth neither environment organ resid group love . therefor , new connect must laid cabl direct current , provid gigant addit expens complic approv process . prospect larg part problem solv , german electr grid reinforc , also benefit denmark . state morten pindstrup , intern chief engin energinet . “ could wish expans happen somewhat faster . get built connect ask denmark year . doubt help area becom easier move energi south , ” say morten pindstrup . ware readi 2028 particular , cabl connect call suedlink , consist two 525 kv hvdc connect , danish electr grid initi benefit . one connect danish cabl produc nkt deliv 702 km goe brunsbüttel schleswig-holstein north grossgartach baden-württemberg south . 558 km goe wilster grafenrheinfeld close schweinfurt . total transfer capac 4 gw , also get connect cabl nordlink , goe germani norway . howev , unproblemat get connect approv . work start 2012 realli plan construct could start 2016 commiss 2022 . two system -respons german compani tennet tso transnetbw respons connect . numer delay , partli due resid protest along rout environment organ , made connect come oper 2028 . despit fact new german govern , took offic 2021 , declar project must `` acceler '' implement high polit prioriti `` . although suedlink initi import connect denmark , slightli east also built , given natur name suedostlink . respons network compani tennet 50hertz . suedostelink , northern mecklenburg-west pomerania connect , transform station isar atom power plant bavaria two 550 km long 525 kv cabl , togeth transfer 4 gw . , , nkt insid deliv cabl last 275 km . connect adopt 2015 , expect go oper 2027 : “ short run , suedostelink mean much denmark . energiø bornholm expect connect germani may interest move wind energi south germani , ” say morten pindstrup . carri spite resist despit delay , axel happ , respons plan author 50hertz , believ could gone much faster : '' dialogu public author , interest organ gener public sinc start plan process 2016 . year , lot question rais answer . case rout corridor pass villag , explain plan detail . mani case , togeth resid , farmer landown along rout , found solut sometim specif problem . hard local resist gener resist cabl project rare , ” write respons engin . also west germani , web reinforc cabl connect call a-nord emden northwest germani osterath close düsseldorf phillipsburg south frankfurt a.m. anoth cabl call ultranet . question whether new north-south connect germani alreadi littl develop north sea gain momentum . “ everi two year make prognosi electr system network develop plan . accord latest prospect , look forward year 2035 , plan transmiss capac börde isar show suffici , write alex happ . time , emphas increas electr consumpt northern germani also consid . appli product hydrogen new highli electrifi industri tesla intel . top come increas consumpt due electr car heat pump : '' factor includ , project still show plan connect suffici high capac , '' write alex happ , ad russian invas ukrain also emphas need quick reliabl convers energi consumpt germani europ . energinet support german initi . “ , electr way move energi . pipelin also need hydrogen product methanol ammonia use truck ship . get connect ask year . must go faster done , question whether enough expans wind north sea increas , ” say morten pindstrup .",
,2022-07-04 00:00:00,Tysk forsker om PtX-udviklingsbehov: »svært at retfærdiggøre mange flere forskningspenge«,Ingeniøren,Link,"ptx one hype concept time . research busi struggl find right technolog solut - come make use ptx . energi need push pull energi technolog , ptx ( power-to-x ) current one warmest topic . good exampl norwegian compani hydrogenpro , recent held symposium aarhu univers could tell convers potenti custom sale 12.6 gw electrolysi capac . assum global today 0.5 gw capac oper . intern energi agenc ( iea ) estim 2030 85 gw capac oper must around 3,000 gw oper 2050 co2 target achiev . hydrogenpro 's pipelin confus fix order , give indic much hype convers energi wind sun hydrogen energi carrier methanol , ammonia , aircraft fuel gasolin . hydrogenpro one compani struggl get part develop advanc electrolysi unit produc 5.5 mw modul china electrod aarhusian advanc surfac plate . last week , hydrogenpro told project us state utah , 100 tonn hydrogen day produc 220 mw electrolysi system , correspond 40 electrolysi unit , length 8 meter , diamet approx . 2 meter weight 75 tonn . figur make peopl today know ptx mean . politician , school teacher compani director talk us util green electr produc new fuel replac fossil . peopl also know technolog behind far new - industri . back begin last centuri , norwegian hydro produc artifici fertil basi electrolysi ( nitrogen ) world war ii , nazi allegedli held part war machin roll fuel made front coal . polit support spring , danish govern sign broad polit agreement danish strategi ptx , aim expand danish electrolysi capac 4-6 gw 2030 . expect polit support alreadi launch actor , ørsted copenhagen infrastructur partner ( cip ) , announc larg project respect . avedør esbjerg . , electr offshor wind turbin energi island baltic sea north sea must includ manufactur hydrogen , subsequ convert gasolin , methanol , ammonia aircraft fuel . histor perspect polit obstacl clear way straightforward ? argument embrac ptx diminish last month rise fuel price top polit focu secur suppli . symposium aarhu also reveal although develop ptx taken huge step last five year , singl technolog 'won ' . hydrogen product , exampl , done tradit alkalin electrolysi , advanc pem soec technolog technolog root fuel cell ? complet differ technolog electr energi , biomass residu product use direct product liquid fuel use technolog hydrotherm liquefact thermochem process ? compani german electrochaea , danish circlia nordic canadian enerkem show variou technolog solut . top come question best end product . pure hydrogen buse truck , ammonia methanol larg ship raw materi industri gasolin diesel transport sector ? whole : take find right solut ? know solut lot ball air one world 's lead scientist , dr. ralph-uw dietrich deutsch zentrum für air- und raumfahrt ( dlr ) could n't help slightli annoy engin met aarhu : “ risk get research colleagu neck , 's hard justifi mani research money problem know solut well . cours , make process effici find better chemic solut , basic technolog barrier ptx , ” say , mention germani numer demonstr project , commerci demand fuel project extend . miss ? professor lar ditlev mørck ottosen aarhu univers respons , scale , must go fast : » fossil fuel incred cheap therefor cost ptx biggest barrier . calcul show set ambiti demand compli pari agreement , ptx market come . therefor , must push politician demand use pull industri . latter shown maersk order new methanol -power contain ship - someth need , ” say . ralph-uw dietrich agre , even though much technolog , ultim money needed-and need invest product . ” need investor see credibl busi model , requir polit regul . let 's start mix requir sector need ptx - exampl aviat . continu increas pressur make attract investor , ” say . electrolysi unit 5.5 mw , weigh 75 tonn 8 meter high . product capac 100 kg per hour 15 bar . norwegian compani hydrogenpro build plant factori china . one two ga paratort tank oxygen hydrogen respect . photo : hydrogenpro",
,2022-07-12 00:00:00,Klimavenlige materialer og bæredygtighedskrav til vindmøller kan blive del af offentlige udbud,Ingeniøren,Link,"climat minist respons propos sustain requir energi project . state futur suppli wind farm land sea , tender contain climat target , manufactur encourag use sustain materi , think think tank concito tekniq employ . requir also help hand danish wind turbin manufactur pressur chines competitor , due state grant access cheap steel , manufactur wind turbin cheaper . protect european wind turbin industri , european commiss introduc anti-dump duti import wind turbin tower china decemb . `` connect anti-dump case rais european wind tower manufactur ( includ two danish ) , emerg singl read chines tower sail denmark china emit much danish tower factori 's total annual discharg , '' troel blicher danielsen , ceo tekniq employ , recent wrote debat post altinget . `` risk deriv co2 global scale focu sharpli climat environment requir construct oper phase energi island similar project . '' war ukrain worsen situat european wind turbin industri . june , wind europ industri organ , base survey member , announc price raw materi wind turbin increas 30 percent . figur danish trade associ want comment engin . accord wind europ , steel 70 percent turbin . concito : everyon go green direct '' basic , climat technolog need enter major tender construct project , includ wind farm , great potenti demand demand pull market greener direct , '' tobia johan sørensen , climat analyst concito , told engin . , obviou public shop muscl dkk 300 billion use annual demand climat -friendli materi , produc encourag chang faster . howev , concito suggest write sustain requir public tender , howev , deliber attempt give danish produc advantag . “ realli posit produc competit advantag . also swedish produc green steel , bid supplier upcom steel , distribut produc other . everyon go green direct , ” say tobia johan sørensen . concito put forward concret model sustain written tender , tobia johan sørensen would like come propos . “ immedi bid would work co2 price around dkk 1,500 . also higher . provid bid , overview materi co2 imprint co2 price come top . make project realli low emiss , also boast offer , ” say . “ much constitut total cost much weight discuss . would initi look get offer , get price , favor choos greenest materi use effectively. `` minist open propos propos sustain requir public tender meet respons climat , energi suppli minist dan jørgensen . respons folket 's climat , energi suppli committe last week , indic open propos . intend increas sustain part consider , end 2022 , discuss tender frame offshor wind farm 2030 arrang , wrote . `` agreement green power heat 2022 , must state increas sustain must ensur suppli tender accord principl eu taxonomi environment sustain danish climat target , well tool esg life cycl assess , '' write .",
,2022-08-05 00:00:00,CO2 fra biogas kan give negative udledninger: Sådan gør vi,Ingeniøren,Link,"uncertain whether co2 upgrad bioga benefit stock use ptx . sure carbon biomass becom scarc resourc . co2-catch sea , land air today say goodby annual half million tonn co2 , led atmospher danish bioga plant . mani good reason keep co2 instead . bioga plant rel cheap captur co2 , time reason straightforward transport pipe . contain carbon biomass , futur becom scarc resourc . matter paradox may sound , mean practic struggl limit amount co2 atmospher , co2 rip earth use liquid green fuel made -call power x ( ptx ) storag . appli least co2 , excret everi year emit danish bioga plant connect upgrad bioga pure biomethan . 'statu report 2022 ' , climat council dedic entir chapter emphas scarciti . » produc limit amount biomass size globe limit cultiv area . therefor , biogen carbon short suppli long term , ” say peter møllgaard , climat council chairman . thu introduc concept need place look happen futur bioga co2 . neg emiss differ co2 . climat ga discharg combust fossil fuel coal , oil natur ga , carbon releas , natur part earth 's carbon circuit . 're talk fossil co2 . climat ga convers decay process field , flue ga straw -fire power plant degass bioga reactor , biogen co2 . long new tree plant plant replac util biomass , co2 absorb thu contribut co2 content atmospher . climat analyst green think tank concito tobia johan sørensen explain one primari reason co2 emiss bioga plant tri : “ sinc co2 biogen , appear climat account discharg . paper net-zero discharg , ” say tobia johan sørensen . `` come focu make reduct . '' climat council chairman , peter møllgaard , emphas current situat quick cheap action need correct balanc co2 account . biogen co2 bioga plant play import role store . thu , carbon drawn circuit neg emiss creat . cheap stock land question happen biogen co2 bioga upgrad . ask tobia johan sørensen peter møllgaard , must see get start store - must use -call cc ( carbon captur storag ) . sinc technolog excret co2 bioga alreadi instal bioga plant - necessari remov co2 bioga abl util natur ga network - catch , ship subsequ storag co2 bioga plant accord climat council 's calcul done around dkk 500 . `` among cheapest ton analyz , '' say peter møllgaard , point climat council 's assess co2 storag cheaper use ptx process . addit price catch , locat warehous import . , co2 bioga plant initi ship matur , underwat stock , say tobia johan sørensen . ga storag denmark geu 'ongo studi land -firm coastal warehous bear fruit , accord climat analyst co2 end . `` cheaper societi compani make cheapest possibl pipe stock land coastal , '' say , point anoth expens item cc : transport point sourc warehous , tobia johan sørensen estim , cheapest done tube . suggest preliminari calcul countri 's ga distribut network oper evida well . peter kristensen , evida 's strategi develop director , say pre-screen design 35 major bioga plant geograph locat , add common co2 pipe rather ship tanker car . accord , lead much 755,000 tonn co2 net 2030 `` connect thing '' . co2 part grid carri plastic pipe normal pressur temperatur . `` technic obstacl get start , '' say peter kristensen . electr two -third energi island evida 's studi look sever scenario co2 bioga plant util . ship co2 collect point sourc ? sent direct land -fix stock ? rather port area ship option ptx production-which belong common term ccu ( carbon captur util ) ? » , altern transport co2 away bioga plant instead metan co2 local ad hydrogen . look impact design infrastructur , ” say peter kristensen . industri organ bioga denmark among distinguish altern . partli due fact industri actual experienc daunt interest compani use co2 ptx fuel . mani liter made . danish energi agenc 's forecast draw annual bioga product rang 25 pj 2020 51 pj 2030 , bioga denmark recommend product rise 60 pj entranc next decad . product , 2 million tonn biogen co2 avail . `` amount co2 , abl absorb 2 gigawatt electr wind solar power 2030 . correspond two-third product energi island , '' say frank rosag , director bioga denmark . figur come calcul made connect 'bioga outlook 2021 ' , mainli add use excess , biogen co2 product electromethan use hydrogen . reason , exampl , frank rosag mention bioga produc natur energi 's ongo project efuel , present new method product electrometan local bioga plant midtfyn . green ptx fuel , hydrogen must also green . encount anoth scarciti : access green power . cc ccu know , energi island built yet , wait necessari capac large-scal electrolysi , frank rosag find like co2 bioga upgrad initi find cc path underwat store , exampl , norway . » possibl get slightli strang cours , co2 bioga upgrad first use cc , sinc ccu . ptx cc , ” say director bioga denmark . climat council also either term use biogen co2 , among thing , bioga plant . must use creat neg emiss pour tank intern combust engin . `` especi point , , '' say climat council chairman , peter møllgaard . howev , limit amount biomass , climat council propos much transport possibl kept run electr altern non-carbon-bas ptx fuel hydrogen ammonia , air traffic kept wing biogen carbon . even , scarciti biomass set limit much restor climat store biogen co2 . “ long term , need everyth reduc residu emiss sector . neg discharg save us , ” say peter møllgaard . read bioga co2 next page fact storag biogas-co2 financ act first initi store co2 captur upgrad bioga taken financ act 2022 . , dkk 2.5 billion alloc project creat neg emiss support period 8 year . fund go project plow bio -coal pyrolysi storag co2 bioga upgrad direct air captur . award one-third fund store bioga co2 , accord climat council 's 'statu report 2022 ' , pool could lead reduct 0.25 million tonn co2 equival earli 2025 0.33 million tonn five year later .",
,2022-08-17 00:00:00,Gaskrisen bremser ikke klimamål: Høj naturgaspris virker som en CO2-afgift,Ingeniøren,Link,"europ must set approx . 400 gw year 2025 2035 compli pari agreement . higher ga price climat effect co2 tax . russian ga line slow slowli , ga price explod energi crisi rage europ . thu , natur ga lose role 'the greener ' altern coal oil develop roll green transit . natur ga fossil fuel , co2 emiss lower burn oil coal . even though european countri forc putin 's hand gashan lower consumpt , still possibl european countri live climat ambit compli pari agreement . show recent complet research project aarhu univers . research set model show energi consumpt european countri cover cheapest possibl . model use exist technolog produc set without global warm exceed 2 degre enrol pari agreement . accord research ' model , still possibl compli pari agreement time meet european demand energi , even ga suppli reduc . least appli right polit choic renew energi form taken . `` must wast time make wrong choic challeng ga , '' say gorm bruun andresen , associ professor aarhu univers one research behind model . ga crisi also caus risk coal fall climat ambit europ . `` cours , current energi crisi fill much right , long term , green transit much bigger challeng . '' ga price effect co2 tax member state cut natur ga consumpt time live climat ambit , huge roll -out renew energi must carri throughout europ , research ' model show . , approx . 400 gw per year 2025 2035 . equival build 200 plant size offshor wind farm establish connect energi island bornholm baltic sea . well feel everi singl year . result higher electr bill consum . green transit case . convers renew energi pari agreement base caus electr price rise next 10-15 year . differ without ga transit technolog , price increas take place alreadi . may sound like bit challeng democrat elect polit leadership eu , research ' model show high ga price help drive green transit area - exampl privat compani - would reschedul energi consumpt meet pari agreement , pay . higher ga price act form co2 tax make profit invest econom renew energi , carri electrif busi replac household ga stove heat pump district heat . “ previous , invest transit phase ga , plan drive good reason . fortun , thing must also reach finish acceler crisi , ” say gorm bruun andresen . exampl , point place industri ga use today heat high temperatur . , higher ga price may act motiv replac modern elv , co2 tax would done . “ mani green technolog cheapest buy new one . problem would prefer avoid buy new long alreadi still use . decis chang acceler fact high ga price , ” say gorm bruun andresen . odd challeng howev , vari greatli countri countri easi implement green transit without ga . denmark , ga consumpt rel low , time rel far ahead electrif setup renew energi . differ e.g . germani . deepli depend russian ga , crisi led , among thing , reopen 10 coal -fire power plant . “ model , coal also use cover eu 's energi consumpt transit phase . higher co2 emiss coal compar natur ga compens larg expans green technolog , ” say gorm bruun andresen , ad therefor necessari acceler green transit countri open coal power plant . “ clear coal power associ risk . danger end relax climat ambit , ” warn . high climat ambit make imposs ga extra detail , research ' model screw reflect ambiti climat polici . thu , model also show scenario temperatur rise must less 1.5 degre . scenario , ga crisi play much smaller role . keep temperatur 1.5 degre , ga phase 2030 , regardless whether russia invad ukrain .",
,2022-09-01 00:00:00,Politikerne accepterer dundrende milliardunderskud på energiø,Ingeniøren,Link,"initi , energi island built condit project would profit . ministri say economi probabl hold . “ agre run risk preliminari investig dkk 10 billion . kroner . 's correct. `` carsten kissmey correspond engin , , left 's climat energi mayor , ask left energi summit prime minist mett frederiksen number head state northern european countri marienborg monday co-sign new addit agreement energiø bornholm , although new calcul ministri climat , energi suppli suggest project- formerli previou appoint - cost lot money establish oper previous assum . calcul set note engin come possess show project cost run around dkk 10 billion . addit , extra socio -econom cost two billion kroner . note conclud energi island probabl profit island abl earn suffici sum sum home state sale electr . “ origin approach green transit could carri , still opinion abl . chang situat complet differ two year ago , ” say kissmey . profit condit posit economi - also call profit - polit requir begin establish energi island . far red thread polit agreement . island built condit project would profit . ministri say economi probabl hold . marc skov jacobsen , senior economist think tank kraka advisori , tell engin 's sister media gridtech . . refer climat agreement energi industri etc . 2020 , contain first agreement two energi island . say 'it condit project profit . ' requir profit repeat later addit climat agreement energi industri june 22 , 2020 regard ownership construct energi island , etc. , say 'it remain condit project profit . ' accord marc skov jacobsen , latest develop forecast economi mean expect signific state aid energiø bornholm grant . carsten kissmey think agreement circl good reason look great requir . “ approach say right huge challeng term energi . situat critic right look futur necessari ensur enough energi . element whether profit , bid round show , 'he say , continu : '' get level electr price littl higher origin expect , would guess see profit . '' look new calcul ministri made , noth suggest profit ? also take account higher electr price ? “ awar danish societi overal , get us suffici amount energi challeng current . 's 're stress situat need replac ga much more. `` tender determin whether project die carsten kissmey assur govern circl appoint make decis see tender . “ obvious , feasibl studi cost - one , accord calcul , cost order 10 billion . ca n't imagin anyth see project implement . decis came countri baltic sea , seriou situat poland , imagin anyth amount energi produc around bornholm demand , ” say carsten kissmey . clearli announc public compromis condit laid previou agreement energi island ? “ short long origin approach green transit could carri , still opinion abl . chang situat complet differ two year ago . import say agre public cost time . agre fact run risk preliminari investig , correct. ``",
,2022-09-07 00:00:00,Biogas Danmark: Størst klimaeffekt når biogas-CO2 ender i et PtX-anlæg,Ingeniøren,Link,"bioga industri 's industri organ analyz climat effect util co2 bioga upgrad . annual basi , half million tonn co2 captur denmark upgrad bioga natur ga qualiti . figur could rise two million tonn bioga product increas 55 pj 2030 . latter propos trade organ bioga denmark recent releas report 'bioga outlook 2022 ' . , climat effect also examin keep captur co2 . engin uncov , major bioga co2 today deriv atmospher , co2 instead sent underground stock cc use carbon sourc ptx product fuel , great potenti reduc emiss greenhous gase . , new calcul bioga denmark show annual bioga product 55 pj reduc annual 1.8 million tonn co2e storag 2.5 1.3 million tonn co2e product electro-metan electro respect -metanol . annual product 60 pj bioga , reduct potenti exce storag product electro-metan respect 2.1 million tonn co2e 2.8 million tonn co2 . electro-metan greatest potenti accord bioga denmark , greatest climat effect must thu found util captur upgrad co2 make electro-metan . , co2 combin hydrogen made electrolysi use green power , methan act stock store electr . ptx product result store 2 gw el , equival 'collect 30 70 percent electr capac energi island hour blow maximum ' , sound report . discuss best use report , howev , bioga denmark omit count identifi obviou use bioga co2 . name , util substitut industri co2 , today manufactur use natur ga . time , situat neither energi island built fill potenti ptx matur underground stock cc . engin previous describ , thu good reason care consid co2 bioga upgrad best use . , bioga denmark 's director frank rosag previous point direct new report industri organ name ptx best util co2 long term . convers , climat council chairman peter møllgaard climat analyst concito tobia johan sørensen see realli good opportun store bioga co2 , cheap altern storag co2 captur flue gase . howev , presid climat council prefer see use carbon intern combust engin limit absolut minimum . potenti well frozen polici ultim , new report bioga denmark emphas climat benefit gain util separ co2 , regardless whether bioga product expand industri 's propos 55 pj 2030 60 pj 2035 hold current line -call frozen polici -top . comparison bioga denmark 's scenario , trade organ lean danish energi agenc 's climat statu project 2022 ( kf22 ) , project product 51 pj 2030 . result reduct potenti 1.5 million tonn co2e storag respect , 2.0 million tonn co2e product electro-metan 1.1 million tonn co2e product electro-metanol .",
,2022-09-12 00:00:00,Datacentre sænkes ned i havet: En undersøisk serverpark i spil ved energiøen i Nordsøen,Ingeniøren,Link,"later year , first commerci data center lower underwat pacif . expens book space data cloud . tower-high electr price caus number data center owner notifi price increas , recent microsoft aw put construct new data center europ break . simpli profit . denmark schedul open world 's largest energi island north sea , may well one underwat data center attach . everyon wait delay suppli energi island , two consortia work investig possibl data center solut connect energi island . nevertheless , fiber data infrastructur must drawn energi island surround offshor wind farm connect outsid world . `` see grow need server capac manag wind farm , electr grid balanc upcom ptx system , '' say sofia dinesen , sustain director globalconnect , part consortium atp ørsted tip , want offer establish energi island north sea . energi island room commerci data center infrastructur place anyway access cheap electr offshor wind farm around island , globalconnect suggest establish commerci data center connect energi island . » solut immedi obviou larg hyper-scal oper greatli demand green power . data center place energi island , connect back meter , give better price flow case land - exampl jutland , 80 kilomet energi island , ” say sofia dinesen . despit modest geograph size , denmark well-known face among major hyper-scal compani googl , facebook appl , place larg data center danish soil . » experienc great demand abl document co-imprint servic servic provid , public privat custom . work intens provid solut - short run , also longer term new innov solut , exampl , energi island north sea , ” say sofia dinesen . right , globalconnect experienc great demand green cloud solut , data center energi island next gener . » lot energi wast cool server . air far best cool method land , circumst energi island make obviou explor opportun use water cool , ” say sofia dinesen . second consortium , led copenhagen infrastructur partner , previous state rambol explor possibl establish commerci data center connect energi island . howev , neither cip rambol return engin 's inquiri . although today commerci data center oper underwat , size project advantag , say globalconnect . “ quit natur also look technic solut cool seawat , microsoft investig . island readi 2030 , time develop matur technic solut , ” say sofia dinesen . fiber cabl braid power cabl right , parti await final offer state energi island , expect come 2023 seri delay . therefor , still unknown specif requir state make fiber data infrastructur island . expect link . “ would rather put fiber cabl near energi cabl requir larger setup crash energi cabl , greater requir resourc maintain . fiber cabl torn , would need permiss energi oper . expect lie area , 20 meter away , ” say sofia dinesen . howev , design data center requir flexibl yet know dimens need energi island . “ slightli differ modular design chang time . design main island small island around made j-tube . fit well place network j-tube . need chang - exampl , research center built - expand along way , ” say sofia dinesen .",
,2022-09-13 00:00:00,Ledelse kan forløse klimapotentialet,Ingeniøren,Link,"simpli possibl solv climat crisi without technolog sector . digit solut alon , accord world econom forum , co2 reduct potenti 20 percent 2050 . previous case histori , technolog solut lead us far along way stand face big crise . releas huge climat potenti tech sector 's big task come year . also great opportun . actor public privat , lack sort type climat solut optim , rethink , combin , streamlin acceler meet reach climat goal soon . part solut ? claim almost new technolog digit solut climat potenti . manag tech must ask : help solv climat challeng ? product help reduc co2 sector ? optim process ? rethink problem ? develop video telephoni origin intend climat solut , today save thousand ton co2 ( time money ) annual save flight . gp technolog also intend climat solut , use , among thing , precis farm , significantli optim food product . manag redeem , manag engin compani , strateg reconsid potenti climat perspect , direct must set . manag angl come even clearli pictur . thing happen , ineffect leadership delay result sector crucial us reach goal . climat potenti must redeem , coordin , human must kept fire . whether larg energi island project schedul must exceed ( simpli sake climat surviv ) , convers small larg compani , new technolog invest , new product develop solut test complex innov project . may valu chain need rethought radic . requir leadership redeem , smooth , facilit . manag key . manag creat meet new climat solut found edg well -known industri ( exampl , digit sector meet agricultur residu product sector use complet differ sector ) . likewis , climat chang often requir larg prolong ppp ( public-private-peopl ) partnership . manag must help ensur differ stakehold talk togeth . sector typic come differ languag , worldview interest . dilemma , misunderstand , slide schedul , etc . arrow point good manag . leadership engag peopl least , peopl compon equat often overlook major convers project . manag fulli insid compani 's soul redefin dna green direct , must ensur rest organ becom part new understand direct . new increas focu climat creat question , confus perhap even resist among employe . want ask question : mean busi set climat overal goal ? chang task new organ mean ? start good climat leader tech industri ask : help solv climat crisi ? understand full busi potenti ? make climat analysi . control climat footprint ? mani reduct help make compani ? employe new agenda ? stakehold outsid world requir ( eu legisl etc. ) ? best commun solut outsid world ? know real solut ? sure greenwash ? climat manag excit disciplin typic bring togeth lot manag disciplines- chang manag , resourc manag , cultur valu manag . least , perhap world 's import form leadership help lift acut societ challeng face .",
,2022-09-26 00:00:00,Tyskland truer dansk adgang til udenlandsk arbejdskraft: 'Helt oplagt at rykke på',Ingeniøren,Link,"german action make easier entic qualifi labor countri . overhaul german immigr rule , , lead major overhaul german system fall . happen germani , like mani countri , acut shortag labor , therebi want make easier entic qualifi labor countri . someth new , 'chanc card ' allow get germani without job hand , today employ initi visa process . `` obvious , larg neighbor countri probabl make easier get foreign labor , becom competit relat compani ' abil attract skill , '' say lia leffland , director atv - academi technic scienc . peter halkjær , labor market manag danish busi , point initi german score system make easier attract labor outsid eu search toward germani . `` bit balanc relat us mani talent compani attract denmark , '' say . say work assign germani , long focu bring foreign labor countri . 2020 , govern introduc new 'skill immigr act ' target skill worker non-academ educ . campaign 'make germani ' , area engin , specialist , research , doctor health profession well craftsmen appoint special sought-aft profess . home , danish compani topso , cowi rambol long time shout lack skill labor . “ process engin area great demand , specif play task take . situat - even though grow sharpli - say task lack resourc , ” said klau winther ringgaard , divis director cowi 's energi divis , juli engin . alon say task . danish radar produc weibel scientif also felt compel say task due lack hand . adm. director , frode scott nilsen , current consid whether compani open foreign depart curb engin shortag particular . may neg effect peter halkjær , labor market manag danish busi , estim consequ germani 's initi depend industri . among thing , see area life scienc , green tech industri , mani compani relev look around world find new employe - thu denmark competit countri particular . competit relat wage , labor market manag emphas , also relat whole process stay work permit . germani want open smooth process , thu consequ danish compani . `` disciplin difficult compani recruit competit talent hardest , forese contagi neg effect term attract talent denmark , '' say . necessarili copi atv dansk erhverv believ competit talent talent sharpen , germani eas possibl access , immedi see german announc bad news danish compani . `` show fierc competit intern labor , includ highli special , therefor also import still focu intern mobil opportun attract intern labor denmark , '' say søren kjærsgaard høfler , polit consult intern mobil di . add alway interest follow countri , thu said must copi denmark . “ clear cancel , look rule , make sure continu focu work agenda intern labor crucial danish labor market develop , 've seen , 'he add . requir danish bank account must remov søren kjærsgaard høffler point denmark alreadi number busi scheme enabl intern recruit , posit list amount scheme , fixed-track scheme make easier danish compani get intern employe denmark quickli denmark . also mention new adject scheme , come forc decemb 1 year , -call amount limit lower dkk 448,000 dkk 375,000 period . like requir , exampl , danish bank account complet remov , faster case process time wish list . “ recruit intern , import us process denmark also faster . focu process resid permit , cpr number , nemkonto bank account work smoothli possibl , ” say . dim opportun green convers germani 's campaign page 'make germani ' , specialist green job highlight 'top theme ' . lia leffland , director atv , hope denmark inspir german initi , time propos whole new danish brand strategi assert fight import stem talent . mention , among thing , face develop establish new energi island well invest infrastructur . requir hand head . “ right talk lack ga electr lot thing . one biggest shortcom lack talent . must enough labor whole great transit , face , among thing , field energi . abl supplement skill danish engin stem profil intern talent labor simpli crucial denmark stand well forward , necessari achiev goal , ” say . tone sound labor market manag danish busi , peter halkjær , advoc easier compani recruit intern talent , also retain . believ crucial argument bring intern labor countri simpli dampen possibl green transit technolog develop . “ need creat better framework attract foreign talent . matter germani , agenda quit obviou move denmark well , ” say peter halkjær . expect german minist employ , hubertu heil , present govern new immigr law autumn action enabl qualifi labor obtain .",
,2022-10-03 00:00:00,Smeltevandsdal under havbunden: Nyt fund skaber tvivl om placering af energiø,Ingeniøren,Link,"seab north sea store problem artifici energi island north sea , deliv 3 gw offshor wind turbin power 2033 . 100 kilomet north sea , west west jutland town thorsmind , danish energi agenc design favor locat artifici energi island , serv transmiss stage 3 gw offshor wind turbin power 2033 long term 10 gw . bank water depth 26-40 meter well averag 95 meter north sea . reduc complex price construct island . north sea depth , one encount obstacl . studi underground show 100-170 meter seab sediment-fil valley , probabl remnant recent ice age . valley cross entir area ​​2.5 x 2.5 km done preliminari studi . sediment layer valley clarifi , one two consortia shown interest co -financ build energi island , desir locat discourag . `` thick quaternari deposit pale channel pose great risk construct work , '' write vindø consortium , consist pension fund pfa pensiondanmark energi compani share , document danish energi agenc , engin gain access . vindø hire contractor engin team consist , among other , mt højgaard dutch construct compani boskali , make excav fehmarn tunnel . `` requir comprehens geotechn studi term number bore depth necessari get examin suffici cover soil layer , '' document vindø say . ø becom minimum 120,000 m2 size island , probabl room transform station , oper center accommod option still determin . smallest version draw board 120,000 m2 , possibl design island 1 km2 . fact energiø north sea artifici island north sea must approx . 100 km west coast jutland surround offshor wind farm approx . 80 km thorsmind . island hous electr engin plant transport electr mill electr grid , possibl port servic facil first 3 gw offshor wind farm north sea , readi 2033 . 2040 island wind farm expand 10 gw . also plan room power-to-x plant island . island , wind farm associ electr infrastructur estim dkk 210 billion . kroner . project offer ppp model , consortium respons plant subsequ becom co-own share revenu danish state . [ /box ] potenti , possibl place island within desir area around sediment-fil valley , vindø consortium prefer start research new area kilo-met northwest , also low depth , meltwaterdal seab . challeng build island top underground time island begin settl inappropri underground set , say lar bo ibsen , professor research group geotechn foundat aalborg univers . “ compar fungu water squeez . worst , stabil fractur happen , ” explain . “ geolog time , lot river dug , subsequ geolog time fill materi . afraid organ deposit make soil strong . clarifi studies. `` canal seab save headach . “ , exampl , 's fat tertiari clay speci . stand old littl belt bridg , settl 1 meter 100 year , ” say lar bo ibsen . yet decid whether danish energi agenc set asid money examin deeper unexplor sediment layer valley . thu whether energi island place field 2.5 x 2.5 km . engin ask mogen hagelskær , deputi director danish energi agenc respons energi island , whether like locat . `` 's area 've aim , n't think say 's like , '' repli . howev , plenti time get locat place , think : » done studi part bank ( 2.5 x 2.5 km area , ed . ) assess suitabl theoret basi . studi becom wiser may well someth mind chang bit . happen mani time sign contract . still far stage need establish , complet calm. `` mogen hagelskær point final locat seal contract made privat consortium becom co -owner respons plant . even contract , may small adjust island locat , say . ultim , consortia final suppli materi place energi island , want , within bound area ​​23 km2 danish water , low water depth identifi . item kept open danish energi agenc set number function qualiti requir island , element specif design , size locat kept open . practic , design locat take place dialogu danish state . market potenti bidder interest danish state , make sens seab studi underli sediment layer implement suppli , danish energi agenc energinet stand . challeng danish state unlimit fund geotechn studi sever locat . danish energi agenc say stop ? “ point would say believ suffici studi done make tender materi start tender , privat parti must supplement investig ask us bill , 'say mogen hagelskær .",
,2022-10-04 00:00:00,Vi har ikke hænder og hoveder nok til den grønne omstilling,Ingeniøren,Link,"know , denmark bind goal reduc greenhous ga emiss 70 percent 2030 . requir wide rang invest green technolog knowledg , also prioriti labor avail futur . new figur concito think tank show labor demand 50,000 man -year 2030 . analysi show workforc period grow 26,000 . growth workforc thu expect close gap . money problem recent , decid expand energiø bornholm 2 3 gw , although local forc connect talk mean demand brand new specialist island , govern 's cheer consist promis similar necessari labor need . may provid demand might fit possibl equat mani high prioriti energi project see light day year - month . countri around us , also natur focu invest wind power green energi , actual consensu desir get rid russian ga . invest offshor wind reach danish 70 percent target , accord concito 's calcul , amount dkk 175 billion alon . howev , indic difficulti find money invest . sever danish pension energi compani , among thing , sign cours financ oper energi island north sea , mani peopl sign tender . give good opportun addit danish export adventur . . big challeng eleph room look right , hand head achiev danish goal even less catapult technolog energi world . obviou stop reloc educ number button screw find part labor need . obviou fruit pick - otherwis thrown compost pile - stop reloc higher technic educ . dtu alon abl increas admiss 2030 500 studi place . societi , also becom significantli better creat incent retain senior work . larg part respons busi public workplac . come effort maintain attract intern talent , also crucial polit grip come especi number studi place . also want see nation campaign outsid countri 's border , although certainli countri want recruit way . either way , get around priorit , core appeal christiansborg . simpli miss open recognit ca n't . ida , want instanc systemat , continu compet follow develop field educ link labor market answer question : get right skill educ ? mismatch repair ? retrain qualif contribut ? today , one task full overview . form independ compet advic give us necessari basi home difficult discuss clarif find hand head lift , among thing , green transit obviou establish side parliamentari elect , denmark current , collect await . major decis energi field obvious quiet , answer labor shortag follow .",
,2022-10-06 00:00:00,Evida når frem til milliardgevinst på brintnet: 'Udokumenteret' og 'misvisende',Ingeniøren,Link,"report socio-econom gain build pipe system gastransport receiv strong critic energi econom expert . harsh word come number danish financi energi expert assess new report ga distribut compani evida socio-econom gain build pipe-bas network transport hydrogen . report prepar consult deloitt econom , state calcul base guidelin danish author . report predict total net worth dkk 16 billion network built evida plan . postur hydrogen , pipe social economi ? , even start build larg ptx system green hydrogen produc ? background broad agreement folket . state necessari framework must creat hydrogen network establish . green electr wind turbin solar cell begin exceed electr consumpt therefor hydrogen produc larg quantiti , hydrogen must transport pipe , way today transport natur ga . lot hydrogen upcom ptx plant , must also opportun export hydrogen germani . politician decid network . elect evida own ministri financ energinet , own ministri energi suppli . econom : udocu jan bentzen , associ professor econom aarhu univers , believ calcul deloitt report larg base assess quantif 'soft ' valu . “ student hand task , dump . result present without document possibl calcul evalu reason . also use languag way standard calcul , ” say , point mix word 'gain ' 'socio -econom net worth ' . jan bentzen say socio -econom analyz suitabl calcul effect major infrastructur project long term - also 40 year futur . includ specif effect calcul . exampl , bridg replac ferri , natur ga network ga replac anoth fuel . `` report fill 'assess ' wide rang soft effect far away hydrogen tube imposs quantifi . exampl , valu 'expertis know -how ' , contemporari valu 4.7 billion , 'he say , call result ' third reef stormi weather ' . professor : mislead brian vad mathiesen , professor energi plan aalborg univers , among thing , one research behind ida 's climat respons 2045 , call violent mislead give bid net valu lack crucial knowledg . appli , exampl , experi ptx plant erect yet , answer whether hydrogen produc energi island land , basic question nation hydrogen network need . `` 's ca n't made profit . prove mani uncertainti , ” write brian vad mathiesen email engin . energian alyt : strang partner ea energi analysi , hans-henrik lindbo , call strang evida find publish report decis import upcom infrastructur project without publish prerequisit calcul method . `` ca n't see actual arriv number , report n't matter , '' say , note evida public -own compani present posit number infrastructur project like want money . `` also give independ analyst opportun go critic , '' say , point pipe network hydrogen easili prove socio -econom good idea . report n't answer question . engin ask evida background data report . evida refer deloitt , write email econom environment data cover declar confidenti evida , deloitt would like ask interview answer specif question assumpt hypothes lead result cost -benefit analysi . engin said thank , unless third parti - exampl , three expert appear articl - given opportun review calcul . deloitt subsequ , invit engin , submit data constitut basi calcul well detail result . pass expert . unfortun , much help get figur , say associ professor econom jan bentzen : “ present paramet result , without see count togeth . noth show whether model correct thu reli result , ” say jan bentzen . claim sever paramet match number usual use socio -econom calcul . appli , exampl , discount rate net tax factor . `` embarrass evida propos invest eight billion kroner without opportun review calcul , '' say .",
,2022-10-07 00:00:00,LEDER Valgets vigtigste spørgsmål: Hvem skal levere de teknologiske løsninger?,Ingeniøren,Link,"came gener elect . whether time late , let other evalu - key put togeth parliament readi find solut greatest challeng time . appli short term , first pandem war root global logist , threaten energi suppli keep hous warm compani ' wheel send dark cloud world economi . long term , devast acceler climat chang wait us control pandem putin . must trade . probabl , accord calcul , govern manag make agreement togeth reach three-quart co2 save need reach 70 percent target broad polit major agre . concret discharg fallen four percent social democraci 's three-year government . mani agreement hung still immatur technolog co2 captur storag power-to-x , well unproblemat progress construct energi island , also move unknown land . fail , govern 's -call hockey rod - focu let technolog ensur larg co2 save close finish line rather secur save - slat shoot ball goal . histor found govern 's color great import willing arm climat chang , seem least big old parti side folket agre green transit one import task denmark import role show way solut green pioneer countri . parti outer right wing drawn green work cloth , one littl concern parliamentari basi possibl bourgeoi govern one danish democrat ' brand case eas regul agricultur . agricultur account one-third denmark 's co2 emiss increas 40 percent 2025 , accord report danish energi agenc , agricultur allow pull free number climat fight . conserv red wing advoc co2 tax agricultur , left appar also reli technolog develop green plan , - among thing . money sale ørsted 's offshor wind turbin busi - must turn green research agricultur food . major parti elect otherwis find cooper across middl , perhap hope climat effort may come elect . even import , denmark rest europ probabl shovel coal oven come winter , keep warm keep product - coal otherwis sentenc co2 account . requir even faster convers fossil -free energi sourc , extra consumpt compens faster phase -out transit pure green energi . longer wait hesit municip - citizen ' brake struggl avoid immedi area . open speech day elect , prime minist mett frederiksen list four essenti task , next big step climat fight mention number three . unfortun , follow fourth question : `` ensur dane secur freedom abl live exactli life want ? '' tell prime minist ambiti green major behind , alway maintain dane prefer notic anyth climat effort . need govern courag make choic behalf dane , mean live exactli life ​​want involv live , eat , transport us , consum travel exactli usual - mill -free view live room window . need polit major take lack skill solv major challeng time serious . visibl everyon lack nurs hospit educ look children - also seriou matter . solv biggest problem time , whether climat crisi , cyber secur , suppli crisi health crisi , skill engin , mathematician , research peopl help us solut . lack voic skill may less visibl ordinari dane , import someth . late tuesday , messag center cyber ​​secur one biggest challeng cyber secur denmark secur enough specialist , messag sound sever front green transit . mett frederiksen said open speech : “ futur calcul go . fewer fewer commerci age. `` still , activ particip draw becom struggl deliv strictest possibl immigr polici . problem compet solv , need politician dare see foreign labor part solut . alreadi countri allow work compani want gain find skill home . could look forward germani , smile immigr rule attract necessari labor . field educ , , time care invit young peopl denmark educ , rather shut english languag educ . need politician courag willing priorit educ research effort favor voic area . come long way technolog solut , requir enough head devis produc . therefor , let 's get done quit clearli elect campaign get compet calculu go voic area well , solv greatest challeng time .",
,2022-10-14 00:00:00,Kritik af EU-plan om at beskytte søkabler: 'Den tager ikke truslen fra Rusland alvorligt',Ingeniøren,Link,"commiss 's templat plan protect underwat cabl inadequ , accord danish expert field . eu commiss 's new plan monitor protect underwat ga electr data cabl complet inadequ . diminish threat europ 's infrastructur , say danish professor intern relationship , christian bueger univers copenhagen . special threat critic infrastructur seab wrote sever report subject , recent european parliament . wake sabotag nord stream ga tube , eu commiss presid ursula von der leyen octob 5 present five-point plan whose bid increas surveil make use exist esa satellit . n't make big differ . “ satellit good know advanc look . ship , drone surveil sea detect suspici activ look sea level . today , europ underwat blind , ” say christian bueger , believ overheard warn year . report european parliament june , christian bueger colleagu describ eu awar grow russian submarin activ around underwat cabl sinc 2015 . 2017 , eu receiv warn nato unpreced russian activ around underwat cabl . also point norway 's intellig servic report start last year . nato also repeatedli warn russia invest especi ship stealth-mini-submarin destroy cabl , well cut cabl crimea annex 2014 . live nato respons eu commiss 's fempunkt plan contain - addit increas satellit monitor - suggest better cyber defens , well studi ( 'stress test ' ) vulner infrastructur individu countri . anoth propos increas backup capac diesel gener strengthen collabor nato especi unit state . howev , nato articl show precis infrastructur nation matter . member state must abl protect infrastructur abl overcom attack . nato call resili 'resili first foremost nation respons ' , accord articl 3 . » sever countri live principl , includ denmark . make challeng greater base green transit unprotect network electr cabl energi island north sea , ” say christian bueger . underwat cabl sabotag anchor report european commiss , research also point big differ countri tri protect cabl . portug spain , exampl , made militari task protect underwat data cabl , denmark outsourc task industri . `` eu focus risk cyber attack , close eye physic cabl seab . need wake understand current see sign battl physic infrastructur land sea , ” say christian bueger . report european parliament , research focus particular data cabl seab , today contain 97 percent internet traffic backbon data-driven societi econom transact . still , cabl `` often forgotten receiv minim attent politician , '' also left repair industri , report state . make us extrem vulner . mani place cabl complet unprotect seab sabotag simpl mean . » n't need advanc technolog like mine submarin . tear data cabl simpli throw anchor let pull cabl . simpl task perform civilian ship without arous great attent , ” say . need cabl ship repair today , repair data cabl larg part europ cover joint agreement so-cal atlant cabl mainten repair agreement ( acma ) cover atlant , includ north sea . acma two repair vessel europ , 's good enough , critic read . “ case expos sabotag sever place , ship get data cabl go . therefor , also recommend eu repair vessel independ industri , well facil cabl , ” say christian bueger . coordin monitor one point , howev , possibl eu rais surveil sea rel quickli . name , eu 's new maritim secur strategi propos increas knowledg exchang across eu institut member state . especi true three eu agenc european maritim secur agenc ( emsa ) , eu fish control guard ( efca ) european agenc border coastal guard ( frontex ) . exchang inform next year so-cal cise collabor ( common inform share environ ) . work also includ militari project coordin european defens agenc , , accord christian bueger , obviou impos monitor infrastructur sea level . happen today .",
,2022-10-27 00:00:00,Forsker angriber notat om a-kraft i Danmark: 7 løse påstande og faktuelle fejl,Ingeniøren,Link,"`` seem understood technolog , '' say section manag dtu physic note 16 research colleagu believ nuclear power bad idea denmark . new note 16 research , written bring fact debat nuclear power , fill misunderstand , solv claim factual error . critic bent lauritzen , section manag dtu physic one countri 's lead expert controversi energi technolog , read 'fact nuclear power : input fact -base discuss advantag disadvantag nuclear power part green transit denmark ' . “ seem understood technolog . want assess whether nuclear power denmark , least one examin seriou basi , think , ” say . point strip error memo written 16 research , includ energi econom professor aalborg univers , univers southern denmark , dtu , univers copenhagen aarhu univers . number erron claim assumpt far exhaust list : 1 . a-pow involv secur risk note mention `` wherev place nuclear power plant denmark , entail secur risk whole countri '' . howev , bent lauritzen estim last part statement directli wrong . `` draw scare . accid happen , modern nuclear power plant lead major disast built 'core catcher ' , doubl contain passiv safeti system prevent spread radioact materi , 'he say . follow fukushima accid 2011 , refer note , reactor europ expos so-cal stress test , simul total power outag complet lack cool prevent nucleu melt constantli drive heat away core . singl work close basi stress test , say bent lauritzen . 2 . atom reactor suitabl quick 'ramp ' anoth misunderstand , accord bent lauritzen , mention nuclear reactor steam turbin suitabl quick 'ramp ' 'pure technic much better ' gasturbin run green bioga futur . 'ramp ' mean product turn depend fluctuat electr product wind turbin solar cell . “ n't know much ga turbin , conclus wrong . cours , make load nuclear power . modern power plant design abl . make report without awar ? ' 3 . base uranium russia bent lauritzen critic claim note `` hardli want choos nuclear power technolog base uranium russia '' . first , fuel produc reactor sever step ( extract , convers , enrich manufactur final product ) . russia includ step part fuel use europ , explain . “ european energi compani awar one get away depend russian fuel technolog . therefor , work increas convers enrich capac . alreadi go , time horizon get away russian fuel 2-3 years. `` 4 . construct time 15 year anoth critic estim time take erect nuclear power plant . memo mention - base mani year delay three specif nuclear power project ; olkiluoto 3 finland , hinkley point c uk flamanvil 3 franc - take 5-8 year plan new nuclear power plant , take 15 year first shovel send power electr grid . » epr reactor ( european pressur reactor , ed . ) , 's like use ic4 train exampl futur train . work complet , construct epr unit began , skill experi today , ” say bent lauritzen . look construct time nuclear reactor built throughout world period 1981-2020 , construct time averag seven year . six reactor start 2021 , took averag 7.1 year first spade product electr electr grid , new inventori world nuclear industri statu report show . three reactor start electr product last year china , research behind new note includ estim construct time work erect china ( india ) place `` requir construct secur requir , appli western europ ' . howev , accord bent lauritzen , wrong assumpt . “ awar nuclear power plant china india built differ elsewher . china , epr also built quit franc , convinc secur requir slackened. `` addit , refer figur intern atom energi agenc , iaea , estim take 5-10 year polit decis construct nuclear power plant . `` high -end industri denmark speak rather 5 year 10 , '' say bent lauritzen . bent lauritzen also feel convinc gener faster build wind solar energi take account capac . “ look product capac , may take even longer . energi island first readi mid-2030 , talk 10-15 year decis made. `` 5 . prize estim note also critic price estim nuclear power includ new note . , estim intern energi agenc , iea , use , reliabl sourc . problem , accord bent lauritzen , research behind memo put 'extra cost ' three western european epr reactor , although , accord , must alreadi assum includ iea 's award estim . 6 . capac factor 75 percent addit , believ taken account nuclear power plant also use heat product , significantli improv economi nuclear power . addit , iea typic expect capac factor 85 percent , epr new reactor , 90 percent expect . » author turn 75 percent . miss reason done , ” say bent lauritzen . 7 . smr work relev note mention small modular reactor briefli , quickli depreci option . » small modular reactor ( smr ) , develop , among thing , danish compani seaborg technolog present commerci avail . intern studi indic significantli cheaper current nuclear power technolog . background , noth suggest smr work abl chang imag describ above. `` bent lauritzen unawar . `` n't understand seeaborg found addrer reactor write smr develop smr base known technolog , '' say . although first smr world probabl cost - becom expens - convent nuclear power , whole drive forc develop reduc construct cost factori make modul simplifi design , explain . although bent lauritzen could continu point error , pleas , , nuclear power debat denmark - public among research . engin work get comment bent lauritzen 's critic 16 research behind note .",
,2022-10-27 00:00:00,Moderaternes klimaudspil: Flyafgift og koncessionsmodel for havvind,Ingeniøren,Link,"moder financ offshor wind turbin project inspir state 's collabor oil ga extract industri 1960 . moder ' polit leader , lar løkke rasmussen , present parti 's climat play call 'green consequ ' . one propos play concess model spread offshor wind north sea , agreement state potenti investor . parti want concess model give state part potenti gain , extern investor left fund risk . specif , mean possibl energi-investor must pay annual cost state so-cal 'exclus ' feasibl studi particular seab area north sea . 'option premium ' expenditur subsequ becom annual fix amount state get right util particular sea area may combin share project given mileston . `` energi island reach stage financi surplu , progress profit share occur investor state , state receiv proport profit , increas line investor 's return , '' program say tell inspir model come state 's cooper oil ga extract industri 1960 . citizen motiv less consumpt parti also propos privat individu better knowledg consumpt home . play , moder say inspir come dane ' greater attent energi consumpt war ukrain . today possibl monitor electr consumpt via eloverlik.dk , parti establish so-cal 'energi overlook.dk ' , show privat total consumpt electr , heat ga . `` figur overal consumpt household , one measur similar household consumpt , motiv even reduc optim energi consumpt captur unnatur sudden high energi loss , '' moder write . critic radic left addit , parti climat tag high co2 emiss food product want public work purpos sustain well averag green tax 80 kroner flight , one last countri europ , tax flight . polit vice -chairman radic left , martin lidegaard , notic mani parti 's propos play alreadi underway . therefor , lidegaard parti chairman . “ clear lar løkke stamp climat discuss . guest arriv two hour late dinner insist entir compani take convers front , also updat , ” say martin lidegaard ritzau accord klimaonitor .",
,2022-11-07 00:00:00,Risiko for en brintboble: En sulten branche investerer og tænker stort for tidligt,Ingeniøren,Link,"come hydrogen project denmark know mani need build . denmark , plan produc hydrogen via power-to-x , could almost hear sigh relief total danish hydrogen industri , danish energi agenc 's new analysi assumpt 2022 sent consult fall . analysi assumpt offici figur use danish energi agenc plan develop energi system denmark 2050 . previou data set 2021 , ptx set 1 gw electrolysi capac 2030 , read 4.9 gw ad 2030 25 gw 2050 . plan figur board mean mani ptx project alreadi announc take next step , new figur also signal expect polit initi come year appli legisl possibl support crown 48 larg small project line , plenti address , organ hydrogen industri director , tej laustsen jensen , say , new figur creat `` huge appetit get start '' . appli specif ptx system pipe connect consum may also use export . cheaper use electr directli accord hydrogen industri , today total product capac hydrogen 4.4 mw , look overal capac 48 project coil time 2030 , alreadi far past 4.9 gw , analysi assumpt fores : probabl closer doubl . howev , critic - includ intern ngo bellona , ​​headquart oslo - point huge focu hydrogen end regular bubbl . product hydrogen requir huge amount electr renew energi result larg energi loss . instead , far cheaper , environment better less complic use electr directli batteri everyth car , buse , aircraft heat pump heat . investor may find construct site ptx plant argu market seen project esbjerg avedør . state author must involv complet differ level plan laid new electr grid need establish order suppli hydrogen product energi put pipe soil hydrogen transport away . word , 'hen-egg-hen ' situat come first : infrastructur support product , product give rise infrastructur , market subsid product . futur scenario therefor , let 's turn time 2030 port esbjerg . , intern energi giant h2 energi built ptx system 1 gw electrolysi annual product capac 100,000 tonn green hydrogen . hydrogen use industri port sent via pipelin fredericia , suppli ga station heavi truck transport product jetfuel local refineri . jump skive , greenlab home small local network hydrogen number year . start lay pipe landscap , first natur ga warehous lill thorup aalborg . plan connect built esbjerg-fredericia tube germani . could dream mani , especi investor develop hydrogen solut , believ focu hydrogen energi carrier futur green danish energi system . believ mani condit alreadi suggest head modern version 'hydrogen commun ' . idea back wide polit found ptx strategi spring , climat agreement 2021 , 1.25 billion support crown alloc well sever major polit agreement , , among thing , secur quadrupl product sun wind energi land well possibl five -fold product wind power sea . top come reinforc extens electr grid . germani full swing develop line germani particular , plan infrastructur fulli plan handl hydrogen must use wide industri ( steel chemistri ) transport . exampl , germani today 91 ga station car , buse truck refuel hydrogen . 2030 , expect electrolysi capac 20-30 gw built germani alon . inspir massiv effort abroad well stuck intern energi group h2energi threaten hydrogen tube laid esbjerg fredericia 1 gw electrolysi egg esbjerg readi 2026 , plant drop . convers , may turn far plant plan advertis project turn someth , mayb 13 gw 2030 , rais crucial question specif ptx system oper larg scale , rate expand net hydrogen tube . least hydrogen use . short , risk invest quickli build part energi system later turn need need . build ? let 's specif take energi island north sea : long open question whether electr offshor wind turbin sent land directli whether ptx product establish island suppli ship traffic , altern , land land tube . disadvantag ptx , unlik direct use electr , exampl , vehicl , exampl , technolog result rel larg energi loss ( 30 percent pure hydrogen product ) , far sea , danish citi lose green sourc district heat . , hand , larg ptx plant built land energi island establish , may need energi system look complet differ . instead make sens establish network hydrogen pipe land , initi jutland , connect warehous lill thorup . precis rout past warehous emphas import featur well -function hydrogen network . far state , strong forc short -circuit consider look get start . one eager player hydrogen ambit state -own ga distribut compani evida . recent , present report describ network pipe dedic transport hydrogen could roll denmark next 40 year . report , calcul socio -econom valu network would doubl everi penni invest . howev , report met strong critic engin receiv dump charact sever econom energi expert . simpli earli put economi larg technic facil , yet suffici experi product technolog market hydrogen . state -own compani , energinet , also field spark sever studi hydrogen tube . among thing , collabor begun energinet 's german counterparti hydrogen connect denmark germani , could possibl readi 2030 . fact hydrogen transport pipe , decid germani netherland . alreadi , plan convert natur ga pipe hydrogen build new pipe around ruhr area connect netherland belgium . german environ minist robert habeck said hydrogen becom one key transform german energi system . appli , exampl , larg german steel industri , far 100 percent depend hydrogen produc fossil fuel . german steel work use green hydrogen , network pipe need , robert habeck state visit german steel giant thyssenkrupp . european cooper gast transmiss compani , call eh2b , energinet also particip , propos european countri tie togeth new hydrogen tube earli 2030 . accord eh2b , 2040 possibl transport hydrogen around europ 2040 - principl northern sweden southern spain greec . might need . eu auspic , expect 2030 40 gw electrolysi capac commiss subsequ increas 100 gw , correspond annual product 20 million tonn hydrogen . hydrogen use ? denmark steelwork , larg number industri also abl util hydrogen , either directli , today fossil hydrogen refineri , convert methan , ammonia methanol . , exampl , plan holstebro , everfuel , one danish pioneer hydrogen industri , establish hydrogen hub . , hydrogen must produc 100 mw electrolysi unit use 'industri process transport ' . surplu heat must use heat holstebro thu phase natur ga . danish energi agenc 's analysi prerequisit , also indic need use hydrogen 2030 . half must use directli pure hydrogen . good bet part heavi transport use hydrogen propel . exampl , could intern truck transport denmark . also certain proport countri 's buse , train passeng car potenti abl run hydrogen . product jetfuel make 20 percent , rest methanol , ammonia methan . apart ammonia , convers liquid fuel methanol jetfuel requir carbon sourc , bioga plant extract co2 flue ga biomass waste-fir cogener plant . peopl agre process anim , complic energi effici , necessari intercontinent schedul aircraft fli sustain . altern simpler larg part energi system look hydrogen , rather develop direct use green electr transport , household industri ? critic point altern eventu push green hydrogen broad altern electr , natur ga oil , n't matter . `` hydrogen industri begin look like econom bubbl '' . warn michael liebreich , founder bloombergnef today work independ energi sale -over world hydrogen congress rotterdam . refer statement german chancellor olaf scholz hydrogen replac natur ga industri heat . similarli , british minist energi said hydrogen 'silver bullit ' . danger path , say michael liebreich . hydrogen replac fossil fuel , need green electr huge , practic product must multipli 100 percent dedic hydrogen product . exampl , replac fossil hydrogen use today industri worldwid , green hydrogen , need use energi get today sun wind , plu 43 percent . good question , therefor , whether competit direct use electr case outperform hydrogen : use hydrogen heat heat pump cheaper ? fill car , buse truck hydrogen fuel cell cheaper simpler use batteri ? michael liebreich describ , may well hydrogen look like energi -tech swiss knife , therefor reason use solv task . right , elect campaign still roar denmark . long , polit choic must made : potenti product consumpt hydrogen denmark ? pipe transport ? come date first hydrogen tube , director hydrogen industri tej laustsen jensen bid : '' would strong nation goal 2026 first hydrogen tube ground - start plan . ''",
,2022-11-10 00:00:00,"Chefen for Vindø-projekt: »Jeg er jack of all trades, master of none«",Ingeniøren,Link,"morten hesselag pedersen chemic engin work specialist much career . today forefront one denmark 's largest construct build , vindø . morten hesselag pedersen call hardcor technic background : chemistri engin mani year employ variou oper engin role maersk oil ga total energi . therefor , noteworthi last year agre forefront vindø project-denmark 's largest construct project date staggeringli larg billion amount-wher establish cooper view submit competit therefor win bid danish energi agenc energiø north sea . vice presid windø consortium auspic invest compani copenhagen infrastructur partner ( cip ) , thu contest far financial-bas leadership role previous . even easili spot red thread : “ first ten year career , primarili perform technic function . 2012 , project manag maersk oil ga , thrown negoti qatar 's nation oil compani commerci condit major develop project , ” say morten hesselag pedersen . pave way move field work could use technic skill experi commerci world : 2016 hire head reconstruct denmark 's largest natur ga field , tyrafelet , among mani task involv negoti danish govern . first generalist goe back manageri job morten hesselag pedersen contest role integr . use commerci technic circumst form unifi risk pictur project translat balanc commerci assess . » abl integr , need basic understand individu build block underli upcom energi island . , cours , draw talent advis includ specialist technic commerci domain , ” say morten hesselag pedersen . integr role fit well . least think , alway tend go true generalist go understand overal principl rather dig narrow technic issu . `` although work specialist role first decad career , knew would never get move deepli , deep specif topic , would greater extent jack trade , master none , 'a say . » left specialist track 2012 , head first leadership role got integr team 100 peopl , becam clear want : add valu establish environ , peopl thrive work well togeth . , realli contest bigger bigger leadership roles. `` addit strong compet financ , engin project manag , relat understand overal risk pictur , current task also call abil set compli schedul budget - forget extrem good commun skill . therefor , also taken number cours project manag commun stanford univers . howev , chang fact feel experi real life count abl lift task . two job hand first time decidedli uncertain need 1996 finish thesi chemic engin . therefor , appli three differ job . offer two : one chemic engin hous princ , wellsit engin maersk oil ga . n't hesit second : becam maersk . “ one thing appeal oil ga industri great profession skill technic well commerci front . alway surround compet peopl , ” say morten hesselag pedersen continu : “ addit , industri gave opportun work realli larg project key success strong technic foundat , also abil work commun across mani interfac technic disciplin . , project natur someth smaller project . `` toward common target ultim manag task seen morten hesselag pedersen 's chair get mani peopl associ project go common goal . `` result proud mani hot call messag got left job manag tyra generet-cal employe express genuin pride joy , '' say : '' peopl ask : morten , spent six year , earth ? good person reason need challeng new way , work new environ squeez comfort zone , import drive forc life. `` possibl becom head establish denmark 's largest construct project , even spoke directli green agenda , tempt . struck . » vindø project gear deliv signific part huge amount green electr denmark need come year . island 's locat also optim compar abl export electr abroad . depend whether succeed reach goal construct . , 'he say .",
,2022-11-11 00:00:00,Økonomien i Energiø Bornholm smuldrer: Styrelse har overset en uklarhed i loven,Ingeniøren,Link,"privat energi gigant erect 3 gw offshor wind close energiø bornholm , intend plan . contrari expect , state 's prestig project energiø bornholm end give loss dkk 10 billion . today , engin lift veil caus . interview wide rang sourc access document intern correspond ministri board show danish energi agenc overlook unclear legisl , end june gave larg compet offshor wind farm opportun establish addit area ​​the baltic sea set asid offshor wind turbin energiø bornholm . els equal , consequ greater suppli electr thu lower kwh price detriment revenu energiø bornholm , expect complet 2030 . applic establish wind farm bornholm basin south east respect total 3 gw , correspond plan capac energiø bornholm . per nikolaj bukh , professor financi manag aalborg univers , call `` disastr '' danish energi agenc awar energi compani could use so-cal open door scheme charg gate larg project . “ wonder project economi june calcul much deterior , first becam awar context ørsted 's involv cip 's project . thought : hold , n't go well . far , energi island project connect , although practic alreadi need grant , ” say per nikolaj bukh : 'if danish energi agenc could seen , could cours blame . sinc lawyer , know visibl weak legisl . backlight nobl discipline. `` engin experi especi two project applic caus ministri , june 23 , 2022 , downgrad expect island 's busi case tone otherwis indispens demand island becom profit . marc skov jacobsen , senior economist think tank kraka advisori , also see risk privat project deterior energi island 's earn . `` easili see project cannib energiø bornholm contribut factor project -effici deficit , '' say marc skov jacobsen . engin present danish energi agenc critic . board state possibl establish larg project also explain coast danish energi agenc 's 'analysi open door scheme ' march 2021 . current , individu case undergo individu case , time one disclos potenti consequ applic . engin ask cip compani agre new project baltic sea risk 'cannib ' energiø bornholm , kraka say . lar gert lose , associ partner copenhagen infrastructur partner head public affair , commun & market answer mail : “ see absolut conflict open door , energi island upcom state tender . project go cannib other. `` “ still work hard contribut realiz polit ambit energi island denmark . emphas joint announc ørsted open -door cooper , continu set engag upcom state tender offshor wind energi islands. `` “ crucial us posit synergi open door project daunt danish power-to-x industri . power open die project - includ bornholm basin east south - larg intend deliv directli give birth hydrogen product thu make sure creat necessari scale power -to -x denmark . thu , open die project bornholm help enabl synergi energiø bornholm form , exampl , establish hydrogen infrastructure. `` “ whole , hard time understand argument much green power produc situat european energi depend stake consum must protect gallop energi price - upcom danish ptx adventur scream green power , - serious - get air wing . societi high climat ambit , simpli need green stream produce. ``",
,2022-11-11 00:00:00,Sådan overhalede private havvindparker staten indenom i Østersøen,Ingeniøren,Link,"bottom line prestig project energiø bornholm gone black blood red due competit upcom privat project destroy island 's earn push electr price bottom . energi open door turn charg port june 14 , danish energi agenc receiv two applic invest compani copenhagen infrastructur partner ( cip ) preliminari studi two offshor wind farm near bornholm . applic came via so-cal open door scheme , time gave privat compani opportun bid offshor wind project money self-select locat . one park , accord project descript , must area ​​503 km2 bornholm basin south 60-70 meter deep water 25 km dueodd capac 1.5 gw . set get size 341 km2 bornholm basin east 85-100 meter deep water 41 km svanek . sinc cip want park also capac 1.5 gw , cip appli total permiss establish 3 gw offshor wind near bornholm . exactli size offshor park becom main element high -profil dkk 67 billion expens state project energiø bornholm . ørsted becam excit cip 's project compani recent link high media attent , danish energi agenc downgrad summer energi island 's busi case red number like scenario . aggrav busi case engin spoken sourc point specif cip ørsted 's project reason ministri climat , energi suppli note date june 23 , 2022 , downgrad expect island 's busi case diminish otherwis , indispens requir island becom profit . memo summar result analysi show establish energiø bornholm reportedli dkk 67 billion , trigger loss dkk 10 billion . addit , construct socio -econom run around eu provid grant two billion kroner . worst case scenario socio -econom deficit establish energiø bornholm dkk 12 billion project -econom loss dkk 24 billion - staggeringli larg sum state cover . overtaken insid explan privat offshor project undermin energiø bornholm 's earn simpl : privat state project close wind blow period strength respect area . trigger simultan electr product . plan power led ashor price zone , probabl push electr price level well state origin budget island 's busi case . even though busi case poor live parti ' demand energi island deliv posit social economi , state nevertheless chosen move project . thu , state must derog origin principl earn provid state aid . collect billion amount actor offer energi island 's wind farm . otherwis set nose interest bidder thor offshor wind farm will pay 2.8 billion . kroner allow join bid round . 'open door ' larg project cip appli danish energi agenc permiss preliminari investig , week chang renew energi act came forc . chang put end open door scheme use appli establish project deep water distanc greater 15 km coast . thu , futur , area access state tender , , unlik open door scheme , cost privat actor billion amount allow particip . therefor , state tender less attract . law pass may 19 , 2022 came forc juli 1 . week , danish energi agenc receiv significantli applic compani want permit preliminari survey project - perhap natur , view fact possibl access ticket put offshor wind project deep water chang law complet disappear . behind danish energi agenc mani applic even went larg project 1 gw . n't expect . websit , danish energi agenc note sudden much `` great interest '' open door scheme state `` receiv number applic larg project , '' sever far coast . privat project almost sneak state - cip ørsted 's project bornholm - danish energi agenc sought advic chamber attorney find applic could reject . could n't . danish energi agenc therefor oblig send project auspic author auspic old version open door scheme . hear still underway extend fall new year . cip ørsted end establish two wind park near energi island , major consequ electr price , point per nikolaj bukh , professor financi manag aalborg univers . refer 'technic brief ' govern sent settlement circl connect agreement establish energi island februari 2021 . technic brief made elucid mean electr price energi island north sea built larg . compar fact cip ørsted establish two offshor wind project near upcom energiø bornholm . » calcul show one larg island - equival one extra wind project close - mean surprisingli much . electr price must fall much see cost exist project , ” say per nikolaj bukh , say decreas electr price accord calcul would increas support requir dkk 110 million . crown ear extra wind project push price area . accord memo , mean fall 15 øre increas support expens dkk 1.65 billion . “ dare ventur calcul big earn loss energiø bornholm get cip 's ørsted 's joint project . even dkk 110 million annual , normal context , larg amount . sinc dkk 110 million correspond fall electr price one ear , quit larg sum stake , ” say . blame privat project undermin state ? `` danish energi agenc hard time predict privat actor would use fresh degre open door scheme make compet project scale , '' say per nikolaj bukh continu : “ time open door scheme came , thought made sens . would good danish energi agenc consid whether risk scheme would turn form self -servic energi plan . make state plan difficult. `` “ danish energi agenc could seen , cours could blame . sinc read legisl lawyer , know visibl weak legisl . , hindsight nobl discipline. `` 'it 's uncertain ' marc skov jacobsen , senior economist think tank kraka advisori , spot anoth point two privat offshor project hurt energi island 's economi . ørsted cip project descript plan connect wind project cabl germani denmark respect , energiø bornholm draw . `` period blow lot , imagin situat whole capac connect germani util , room power energi island , '' say marc skov jacobsen continu : '' sinc electr price germani usual higher , situat mean lot profit energi island project addit transmiss cabl establish sweden germani . '' howev , emphas cip ørsted must eye earn opportun sinc offer project long state launch project energiø bornholm . marc skov jacobsen see good , sensibl point open door scheme . also see tendenc privat actor use scheme fast track track overtak state 's project . increas risk first establish flour cake rather best build oper project . » denmark need lot green power . therefor , good focu speed . also focu best project best integr rest electr grid , question sit field fastest , ” say marc skov jacobsen . kristin van het erv grunnet , head head sea analysi , green power denmark , doubt problem . “ know mani park place around bornholm connect electr grid . think lot affect energi island 's profit . huge uncertainti around , 'say kristin van het erv grunnet. ``",
,2022-11-17 00:00:00,Analyse: Udbygningen af havvind har udviklet sig til Det Vilde Vesten,Ingeniøren,Link,"privat actor longer alon want make money offshor wind . state . creat root regul offshor wind expans , cost market player state larg sum . expans new wind farm sea must done quickli effici possibl . agre . consensu expans long run run privat actor pace compet . regard , role state creat framework happen . role state well process chang , exampl . introduc subsidi scheme state addit e.g . cover owner wind farm electr price dive certain level also provid opportun bidder pay money state get admiss ticket offshor wind area . chang must , likelihood , ensur effect develop win . bidder will submit bid market price time give payment state , indic develop prospect get price electr develop cost . pure competit market , would suffici offshor wind expand make price cost someth near match . case , must obvious develop suffici great freedom bring price level . benefit put competit free could achiev green power lower electr price . addit , better danish implement eu direct could trigger develop - return . limit market 's opportun competit free , two key intervent state due . one state reserv area tender . second state restrict so-cal open door scheme . far , scheme allow privat actor appli permiss establish offshor wind project arbitrari size self -select area expens . juli 1 , chang law came forc limit scheme appli small project within 15 kilomet distanc coast . offici argument slam open door scheme within 15 kilomet away coast state would like ensur effect bidder access area , rather distribut first come , -the principl . , howev , speak open door scheme retain within 15 km coast . 's hard see logic appli area . therefor obviou thought closur open door scheme also contain element state see opportun earn well expans offshor wind deep water . 8.5 gw state control problem danish energi agenc awar old open door scheme formul way allow privat actor also use appli even larg project far coast . therefor came back board receiv larg number applic privat actor deadlin scheme 's phase-out . board inform ask attorney gener could refus relat applic larg project , cite scheme intend . answer . sever applic sign invest compani copenhagen infrastructur partner , middl june ask danish energi agenc permiss feasibl studi , among thing . two offshor wind farm total exactli capac energiø bornholm plan . fact project close major challeng . challeng wind turbin project link price zone thu push electr price . posit social economi consum receiv lower electr price . also downsid reduc earn state hope achiev energiø bornholm . cip abl take account declin electr price also ørsted partner busi case two common offshor wind project near energi island , two partner alway awar would establish . state , hand , becom awar cip 's ørsted 's two joint project long box get energi island 's economi go . island 's somewhat dubiou busi case risk deterior two major privat project suddenli came dump sky . engin first media brought problem torv articl economi behind energiø bornholm crumbl . respons stori , michael hannib , partner cip , subsequ told energiwatch never idea ​​bring 3 gw electr grid . point project appli use produc hydrogen via power-to-x . true , cip applic project bornholm basin south east would hardli spent much space discuss possibl connect point project electr grid . uncertainti energi island 's wind farm one prerequisit energi island sensibl busi case energi island would area result high electr price . prerequisit fulfil two privat project establish near , push electr price . low electr price make less attract privat actor offer energiø bornholm 's offshor wind project . like get bidder make lower bid otherwis done . thu , less like state get incom energiø bornholm , receiv thor wind farm , bidder offer pay dkk 2.5 billion . crown join bid round . probabl minim fact bidder expect paid tax join energiø bornholm . overal , mean energiø bornholm 's project economi impair . mean situat state grant subsidi offshor wind , name one specif connect energi island . question whether good solut market player otherwis appear will build market condit without support crown . danish energi agenc chase optim support model cip ørsted 's project near bornholm one challeng state 's plan make money offshor wind . aris place privat actor current tri wedg project state via open door scheme . danish energi agenc process assess total six applic total 8.5 gw extra offshor wind , state expect . live requir open door scheme , danish energi agenc approv . free assign open door project also undermin state 's opportun make money offshor wind futur state tender , also destroy plan expans . although state 's ambit make money way risk tighten leg expans , state still determin make money offshor wind . remain much doubt specif . smell good earn offshor wind prompt ministri ask board detect develop new model best sell electr offshor wind . danish energi agenc current work dilig track model . mani suggest could play : one way go could perhap sell area billion go forward get electr desir price . anoth way state get one ear per produc kwh privat player tender given area . cours also opportun complet drop idea ​​earn someth . tighten fact privat actor state fall battl obtain much room possibl establish offshor wind due state elabor earn opportun . also sign legisl regul area well enough . ministri climat , energi suppli e.g . ask also implement deleg act eu commiss 's direct intend , requir increas electr need alway done help new , support-fre green power . act realli implement home , would hardli possibl state hold hand energiø bornholm ministri 's calcul show hardli profit kept aliv state aid . act enforc denmark , one would abl get situat larg offshor wind farm built close one park eat 's merit .",
,2022-11-17 00:00:00,Transformerstation på Sjælland udløser protester: Området er et beskyttet grundvandsreservoir,Ingeniøren,Link,"convert system hub green wind energi , via cabl energiø bornholm must distribut zealand home . huge amount electr energiø bornholm transport zealand 2030 , cabl must go ashor end transform station . plant must , among thing , includ 25 meter high build , 400 kv gi plant so-cal 'sive island ' . plant 's construct fill 18 hectar , togeth area includ 60 hectar land . built villag solhøj høje-taastrup municip . energinet could virtual chosen wors locat , say hofor , capit 's util compani . area protect drink water area : seven million cubic meter water pump everi year sourc site area . letter , hofor 's constitut suppli director brian hansen energinet critic suffici relat drink water interest : '' transform station histor sourc pollut soil groundwat , larg station type previous test denmark place area ​​drink water interest , '' justifi concern . `` locat energinet 's new plant area conflict exist irreplac infrastructur , '' hofor write letter , call energinet investig altern locat transform station . howev , energinet reject critic . “ plant pollut . measur cut plant groundwat , even accid occur , escap . alreadi transform station area drink water interest , pollut detect , ” say marian kaagh , deputi director electr transmiss energinet , emphas enter dialogu hofor . local feel drum energinet chose locat solhøj due proxim exist high -voltag line 700 -acr area provid space futur expans plant , without exceed nois limit compar neighbor . altern locat hove avedør deselect primarili due lack space , shown note energinet . select area taken place 'wrong term ' , believ mayor two municip høje-taastrup ishøj , meret amdisen ( ) michael ziegler ( k ) , sinc temporarili replac kurt scheelsbeck ( k ) due diseas . octob 1 , receiv letter minist interior hous christian rabjerg madsen , express desir make landslid direct project trump municip ' plan . caus two mayor shout process singl letter . `` base technocratic-econom analysi , energinet ask us trigger municip plan pave way project without real citizen involv . '' critic decis place facil open countri rather exist industri area , call whole process 'state view process ' . view let neighbor : civic meet novemb 7 , peopl gather togeth crowd gymnasium direct sever critic angri call energinet , accord zealand media . citi council member ishøj ole beckmann ( v ) call project `` galimatia , '' skeptic much energinet realli thought project locat chosen . “ basic think hurri case need thought whole . one denmark 's largest groundwat reservoir area ​​natur -histor valu . investig access condit area : right , narrow villag road limit access condit . probabl build new way , affect environ ? ' also fear author thought secur polici situat assess : whether one could prevent groundwat contamin event sabotag . energinet manner rest ole beckmann sever stakehold also express concern possibl power-to-x plant , appear intern present ishøj municip energinet transform station futur may link one . accord marian kaagh , noth afraid either , power-to-x system place area transform station . even come , requir new permit municip separ environment assess , explain . marian kaagh assur process proceed complet book , prove danger environ , energinet take process . `` ministri environ must prepar environment assess project , consider elucid . '' decemb 5 , everyon submit consult respons process project 's environment impact report . base , danish environment protect agenc must prepar environment assess , thu determin whether transform station compat groundwat interest . schedul result mijøt permit end 2024 . 2030 , energiø bornholm complet deliv 3 gigawatt danish intern electr grid .",
,2022-11-17 00:00:00,Han er kemiingeniør og står i spidsen for Danmarks største anlægsprojekt,Ingeniøren,Link,"morten hesselag pedersen work specialist much career . control construct build billion . morten hesselag pedersen call hardcor technic background : chemistri engin mani year employ variou oper engin role maersk oil ga total energi . therefor , noteworthi last year agre forefront vindø project-denmark 's largest construct project date staggeringli larg billion amount-wher establish cooper view submit competit therefor win bid danish energi agenc energiø north sea . vice presid windø consortium auspic invest compani copenhagen infrastructur partner ( cip ) , thu hold far economic-bas leadership role previous . easili spot red thread : “ first ten year career , primarili perform technic function . 2012 , project manag maersk oil ga , thrown negoti qatar 's nation oil compani commerci condit major develop project , ” say morten hesselag pedersen . pave way move field work could use technic skill experi commerci world . 2016 hire head reconstruct denmark 's largest natur ga field , tyrafeltet , involv negoti danish govern among mani task . first generalist goe back manageri job morten hesselag pedersen contest role integr . use commerci technic circumst form unifi risk pictur project translat balanc commerci assess . » abl integr , need basic understand individu build block underli upcom energi island . , cours , draw talent advis includ specialist technic commerci domain , ” say morten hesselag pedersen . integr role fit well . least think , alway tend go true generalist go understand overal principl rather dig narrow technic issu . `` although work specialist role first decad career , knew would never get move deepli , deep specif topic , would greater extent jack trade , master none , 'a say . » left specialist track 2012 , head first leadership role got integr team 100 peopl , becam clear want : add valu establish environ , peopl thrive work well togeth . , realli contest bigger bigger leadership roles. `` addit strong compet financ , engin project manag , relat understand overal risk pictur , current task also call abil set compli schedul budget - forget extrem good commun skill . therefor , also taken number cours project manag commun stanford univers . howev , chang fact feel experi real life count abl lift task . two job hand first time decidedli uncertain need 1996 finish thesi chemic engin . therefor , appli three differ job . offer two : one chemic engin hous princ , wellsit engin maersk oil ga . n't hesit second : becam maersk . “ one thing appeal oil ga industri great profession skill technic well commerci front . alway surround compet peopl , ” say morten hesselag pedersen continu : “ addit , industri gave opportun work realli larg project key success strong technic foundat , also abil work commun across mani interfac technic disciplin . , project natur someth smaller project . `` toward common target ultim manag task seen morten hesselag pedersen 's chair get mani peopl associ project go common goal . `` result proud mani hot call messag got left job manag tyra generet-cal employe express genuin pride joy , '' say : '' peopl ask : morten , spent six year , earth ? good person reason need challeng new way , work new environ squeez comfort zone , import drive forc life. `` possibl becom head establish denmark 's largest construct project , even spoke directli green agenda , tempt . struck . » vindø project gear deliv signific part huge amount green electr denmark need come year . island 's locat also optim compar abl export electr abroad . depend whether succeed reach goal construct . , 'he say .",
,2022-11-29 00:00:00,Energiø Bornholm: Gevinst for milliarder ved at udvide med kabel til Tyskland,Ingeniøren,Link,"energinet prepar new busi case energi island 's infrastructur . danish state rais dkk 25 billion connect upcom energiø bornholm danish electr network . addit , energi island connect german electr grid , achiev gain 20 billion kroner - ie almost doubl . state new busi case energinet . busi case assess socio -econom valu electr infrastructur , make possibl connect power energiø bornholm electr market one countri . relat consequ societi , ie . expens establish oper electr infrastructur , also gain e.g . industri climat . surpris merg gain hann storm edlefsen , director energinet 's work energi island , point busi case basic answer two question : electr infrastructur cost two scenario , best social economi , provid 3 gw offshor wind establish , must transmit via electrastructur . way , energinet 's busi case becom kind 'proof concept ' energi island hybrid electr connect one countri , point . pleas establish electr infrastructur give black number bottom line even connect energi island danish network . also bite pick also connect energi island german independ cabl . `` busi case show clear econom climat advantag energi island , enabl larg -scale offshor wind connect sever countri ' electr grid , '' say hann storm edlefsen . whole idea ​​energi island send power need price highest . surpris connect countri better project . 20 billion immedi larg number merg benefit . surpris larg amount ? `` , surpris energi - therefor use absolut necessari meet govern ( rule guidelin , ed . ) analyz calcul tell good social economi , '' say hann storm edlefsen . emphas signific uncertainti calcul . thu , differ much better danish-german solut , depend scenario energi develop denmark europ use . howev , scenario energinet assess , danish-german solut clearli best . busi case includ facilit part hann storm edlefsen point energinet 's busi case answer question energiø bornholm 's overal profit . includ construct invest , cost revenu link electr infrastructur , must use transport power . cost construct offshor wind farm includ . energinet respons plant oper electrrastructur form cabl plant becom heart energiø bornholm . oper wind farm . busi case construct invest red number bottom line , engin mention sever time . govern longer expect energiø bornholm becom profit . like scenario trigger project econom deficit dkk 10 billion . kroner . busi case show isol climat effect electr infrastructur energiø bornholm greatest european level annual c02 reduct electr gener three million tonn europ 2040 . caus energinet conclud energiø bornholm contribut make europ greener .",
,2022-12-01 00:00:00,Elnettet om igen: Den grønne omstillings skjulte udfordring,Ingeniøren,Link,"new , replac old chang way expand electr grid 100 year . old worn peopl want get predic stapl . nevertheless danish electr network must repeatedli put back . might live still old world , larg central power plant sat like spider solidli branch network deliv electr larg small consum citi countrysid . electr consumpt dictat new capac need electr grid . exampl , could high -voltag connect - buri cabl - reinforc suppli region dedic cabl new industri area citi . point electr compani respond need aros . entir electr infrastructur chang last 5-10 year , instead turn around deliveri year , longer central power plant respons primari electr suppli , offshor wind farm , solar cell foreign connect . district heat requir solid featur cold winter day , role major power plant decim decad . instead , focu charg electr car send energi new heat pump well ensur new produc plant get rid energi wind blow sun shine . possibl danish electr grid equal distribut relat geographi , sever case caus energet solar cell contractor tear hair prospect connect new solar park 4-6 year futur . spring 2021 , consult firm rambol issu report commiss industri organ wind denmark ( part industri organ green power denmark ) , calcul expect increas electr consumpt 2040 , invest net connect need sol plu necessari chang electr grid dkk 42.2 billion . top , almost equal amount come connect energi island new foreign connect , total bill hit dkk 80 billion . larg figur cours distribut beyond far consum kwh today . figur may even turn bottom , new plan figur sinc danish energi agenc , includ , among thing , ptx system land total effect 4.9 gw , must also electr suppli connect . believ ! 'if build , come ' - classic replica deriv well enough movi big challeng stand way someth real world . put anoth way : simpli believ build ( case film basebal stadium middl corn field ) , someon probabl come use . ca n't aforement 'old worn-out ' distribut transmiss network ? reinforc expand readi new owner solar park want get connect entir residenti road choos get electr car heat pump time ? specif , energinet could built 132 kv connect zealand lolland , mw-store solar cell park long draw board connect central transmiss network . wait sever year , mayb park drop . answer lack futur assur must found predict old world . energinet local electr compani , year , struggl fact , accord legisl , invest specif need expand electr grid - first foremost increas consumpt . restrict slightli reliev agreement extens futur -proof electrrastructur june 2021 , mean grid compani afford littl forefront invest . agreement yet implement , public privat compani sound unanim urgent get formal place project get start . climat council previous said `` polit top prioriti electr grid constitut barrier extens renew energi , '' green power denmark energinet jointli propos zone design around denmark possibl quickli reinforc electr grid solar cell wind turbin connect net faster . 2030 electr grid handl electr consumpt almost twice larg , mani system part polit plan , risk shoot white stick reach climat goal .",
,2022-12-03 00:00:00,Ingeniøren til borgermøde: Energinet møder talstærkt op til skeptiske transformer-naboer,Ingeniøren,Link,"20 employe energinet dialogu høje-taastrup citizen 18-hectar transform station built backyard . `` 's ommer ! '' shout man risen , end minor swing aim stage . hall answer clap ointment . howev , also posit vote peopl present among nearli 200 citizen show meet room zleep hotel høje taastrup . energinet hold civic meet wednesday novemb . occas initi environment impact report transform station consult decemb 5th . plant 18 hectar must connect energiø bornholm zealand . develop , energinet , must field area close villag solhøj høje-taastrup municip , includ warehous , tree artifici lake fill 60 hectar . therefor , energinet step less 20 repres three employe danish energi agenc two danish environment protect agenc .",
,2022-12-20 00:00:00,Med 300 millioner kroner i ryggen: Pionercenter skal frigøre PtX af sjældne metaller,Ingeniøren,Link,"accord new center leader , global green transit rest fact new , altern materi avail power-to-x process . today 's electrochem electrolysi process often base rare metal platinum iridium , risk creat bottleneck global roll-out power-to-x ( ptx ) . word , altern materi need technolog spread globe around terawatt scale . altern center brand new research center capex , present recept today dtu . one danish basic research fund 's so-cal pioneer center , total grant dkk 300 million acceler develop new materi ptx process altern today 's use platinum metal catalyst . » materi iridium , platinum ruthenium scalabl global challeng face . therefor , center look sustain scalabl materi , ” say tej vegg , professor dtu energi newli appoint head capex . `` possibl find world 's best solut ptx scale deliv sustain flight fuel . '' ptx expert futur two tej vegg 's research colleagu dtu point comment natur energi three year ago , scale global electrolysi capac tw requir 100 8,000 tonn iridium depend choic electrolysi technolog . comparison , 10 tonn extract year . reason , natur comment also clear call profession worldwid put research altern ptx materi . `` challeng solv singl research , group univers , requir entir new way collabor , '' tej vegg say . capex , wide rang intern expert materi research ptx process gather knowledg . therefor , also obviou center must physic anchor dtu whole floor upcom newli establish build climat challeng laboratori , bring togeth research across comput simul , test bench synthesi analysi facil materi research . , capex spread activ four danish three foreign cooper univers research everyth machin learn chemic synthesi robot gener ptx process . aalborg univers center 's co-host special facil hydrogen product , reliabl power electron robot technolog , util professor frede blaabjerg aau energi forefront . » big focu educ expert futur 'power-to-xpert ' . reason , expect abl educ 50-60 phd similar number postdoc center 's 13-year lifetim , ” say tej vegg , explain , exampl , fellowship program prepar cooper univers stanford univers , univers toronto utrecht univers . fight back ptx-ludo gather expert differ research field , , accord tej vegg , center emphas method develop new materi . explain develop materi today go mani long -term process step , one group new materi laboratori , anoth group test document , one third group must prove upscal . sometim fail step along way , develop start lab level . capex go differ , avoid take 20 year understand commerci new ptx materi devic . `` among thing , creat materi acceler platform part develop process must abl exchang data seamlessli , '' say tej vegg . mean , exampl , take result materi simul use model ' output control autonom synthesi robot stand complet differ laboratori , produc materi test analyz automat mean artifici intellig . way , also chang materi composit condit temperatur pressur put new parallel experi simul . `` develop way avoid sequenti ptx-ludo , follow way , beaten back time , '' say tej vegg . digit coupl atom energi island ensur part develop process talk togeth , platform must includ , among thing , advanc digit twin follow materi laboratori applic scale . includ examin best control , among thing , effect electron . » get digit twin connect whole process . right atom level , also system level . best util energi sun wind futur energi island given materi , ” say tej vegg . part capex co-lead center aau professor frede blaabjerg expert . help digit twin , center abl design , test analyz new materi , electrolysi cell whole ptx system comput simul , virtual univers manufactur . end , center hope abl invit optim sustain , scalabl ptx process use anyth liquid fuel advanc chemic plastic , medicin protein supplement food . center schedul open spring , offici present recept dtu today .",
,2022-12-31 00:00:00,"På vej mod 2023: Enkelte tiltag, men ingen plan for cirkulær økonomi i regeringsgrundlaget","Ingeniøren
Blogindlæg: Michael Søgaard Jørgensen",Link,"regeringsgrundlaget den nye svm-reger fylder mere end 50 sider , og miljøområdet har et særskilt kapitel ” ambitiø klimahandl ” . klimapåvirkn er sålede det miljøaspekt , der fylder relativt mest grundlaget med foku på planer mere vedvarend energi og på energien anvendels til transport og bolig . desuden er der foku på redukt af landbruget klimabelastn . regeringsgrundlaget indehold ikk en plan cirkulær økonomi . ordet ” genanvendels ” er nævnt en enkelt gang regeringsgrundlaget , men hverken orden ” cirkulær økonomi ” , ” affald ” , ” produktlevetid ” eller ” design ” er nævnt . den manglend plan cirkulær økonomi er skuffend , når cirkulær økonomi er et områd med stor opmærksomh eu ’ miljøregul , og der er en klar sammenhæng mellem ressourceforbrug og klimabelastn . samtidig mangler danmark national handlingsplan cirkulær økonomi substan inden især affaldsforebyggels og produktlevetid , sålede regeringsgrundlaget burd indeholdt planer en mere ambitiø forebyggend dansk indsat inden cirkulær økonomi . mulig kobling til cirkulær økonomi regeringsgrundlaget selvom regeringsgrundlaget ikk indehold en plan cirkulær økonomi , er der tiltag regeringsgrundlaget , som aktører inden cirkulær økonomi kan anvend til rejs diskussion om hvordan den dansk indsat cirkulær økonomi kan gøre mere ambitiø . det følgend diskuter følgend planer fra regeringsgrundlaget som del af et fremadrettet blik på cirkulær økonomi 2023 : undersøgels af konsekvensern af opsætt et klimamål dansk forbrug genanvendels af byggematerial som led sikr material til energiø og andr former byggeri invest erhvervsskolern udstyr , lærerkompetenc og foku på arbejdsmarkedet behov , herund forhold til den grønne omstil etabl af partnerskabet ’ sammen om klimaet ’ , der skal understøtt klimahandl på tvær af stat , kommun og region , civilsamfund og erhvervsliv med vægt på det borgerretted diss intention regeringsgrundlaget kan anvend af andr aktører til diskuter , hvordan de pågældend tiltag bør udform , og samtidig hold regeringen op på diss planer regeringsgrundlaget . til sidst artiklen vurder om ønskern til regeringsgrundlaget inden cirkulær økonomi fra et tidliger blogindlæg er blevet opfyldt , . endvider vurder den mulig betydn af regeringsgrundlaget hensigt om ” et mere levend og åbent demokrati ” relat til cirkulær økonomi . planlagt analys : undersøg konsekvens af et mål forbruget klimabelastn et spændend tiltag relat til cirkulær økonomi er regeringsgrundlaget plan om ” … . undersøg konsekvensern af opsætt et mål co2e-aftrykket det dansk forbrug. ” ( s. 29 ) . den kort formul uden nærmere analys er et eksempel på , regeringsgrundlaget flere steder indehold overvejels og planer præsenteret med en sætning eller . diss kort formulering kan skyld , regeringsgrundlaget er blevet til dialog mellem mang politisk partier , som hver især har haft nsker til regeringsgrundlaget – både regeringspartiern og partier , der kun deltog en del af regeringsforhandlingern . når der ikk hidtil har været meget foku på forbruget størrels og produkt levetid den dansk strategi cirkulær økonomi , vil et mål klimabelastningen fra det dansk forbrug være et skridt fremad . formuleringen om ” … . undersøg konsekvensern af opsætt et mål co2e-aftrykket det dansk forbrug. ” er ikk et løfte om udvikl en strategi reducer klimabelastningen fra danskern forbrug , men er dog en anerkendels af , det kunn være relev måle hvordan danskern forbrug påvirker klimaet . inspir fra klimarådet hensigtserklæringen om en analys kan være inspireret af klimarådet notat ” komment af global strategi 2022 . klimarådet kommentar til den global strategi klimaprogram ” , hvor klimarådet efterlys , ” danmark forbrugsbasered klimaaftryk prioriter højere som en del af den global strategi , og der bliver gennemført en mere målrettet indsat reducer det. ” samtidig klimarådet foreslår , ” ….det undersøg , om der kan udarbejd et pejlemærk udviklingen klimaaftrykket fra forbruget samt eventuelt et pejlemærk eksporten ” til suppler af danmark territorial klimamål . nødvendigt med indikator både forbrug og territorial udledning det er ikk nævnt regeringsgrundlaget , man kunn opstil et mål forbruget klimabelastn skal udvikl en indik forbruget klimabelastn , men en sådan vil være nødvendig kunn følge udviklingen forbruget klimaaftryk . en indik forbruget klimabelastn vil sammen med en nation indik klimabelastningen inden landet grænser ( dv . opgjort efter paris-aftalen regler ) give større viden om forskellig aspekt af danmark klimabelastn . det er sålede ikk et spørgsmål om enten måle forbruget klimabelastn eller måle den national klimabelastn ud fra reglern paris-aftalen – begg opgørels er relevant og kan suppler hinanden . opgørelsen af forbruget klimabelastn vil forbrugerprodukt , der producer udlandet , pege på klimabelastn udlandet , som dansk virksomhed og udenlandsk virksomhed danmark kunn medvirk til reducer ved still krav til dere leverandør . derm kan en sådan indik blandt andet blive et vigtigt værktøj virksomhed klimastrategi – ikk mindst strategi , der sigter på forlæng produkt levetid og derm nedbring ressourceforbruget og det klimabelastn ved forbedr produktkvalitet og forbedr reparationsmulighed . miljøøkonomisk vismand lar gårn hansen økonomisk råd har efter offentliggørelsen af regeringsgrundlaget peget på risikoen dobbelttæl , hvi både danmark som forbrugsland og et produktionsland tæller en redukt af klimabelastningen fra produktionen af et produkt med opgørelsen af dere klimabelastn . dobbelttæl syne dog ikk være en relev risiko , da danmark ikk kan medregn en redukt udlandet som følge af redukt af dansk import eller redukt af klimabelastningen fra produktionen af importered produkt opgørelsen af sin territorial opgørels som vedtaget paris-aftalen . det vil være vigtigt offentlig myndighed , virksomhed , forsker , civilsamfundsorganisation m.fl . analyser effekten af strategi nedbring klimabelastningen fra dansker forbrug retn af et nationalt mål – både fra indenlandsk producered produkt som fødevar og fra importered produkt som eksempelvi elektronik . hvi en co2e-indik forbrug suppler med analys af social , økonomisk og teknologisk ændringer , der er årsag til posit eller neg ændringer indikatoren , kan sådann analys og tilhørend indikator skabe et vidensgrundlag både den dansk klimastrategi og den dansk strategi cirkulær økonomi , og hvordan et mål forbruget klimabelastn skal nå . udviklingen af strategiern reducer klimabelastningen fra forbruget vil kræve demokratisk process med deltagels af civilsamfundet og det organisation blandt andet sikr en socialt retfærdig grøn omstil , som fagbevægelsen hovedorganis har formuleret som et krav til grøn omstil på baggrund af en medlemsundersøgels . det vil sålede være vigtigt blandt andet måle på forskel forbruget inden og mellem forskellig indkomstgrupp som led udvikl virkemidl opnå et reduceret ressourceforbrug . strategi forskellig forbrugsområd regeringsgrundlaget hensigt om ” nedbring klimaaftrykket på de offentlig indkøb , herund også indkøb af transport og opførels af offentlig bygninger. ” ( s. 29 ) kan anvend til fremm foku på det offentlig forbrug og fremm offentlig grønne indkøb , om end cirkulær offentlig indkøb ikk er nævnt regeringsgrundlaget . regeringsgrundlaget nævner desuden , ” ….landbruget og fødevaresektoren [ står ] en ambitiø omstil på mang områder ” ( s. 29 ) og nævner blandt andet den plantebasered produkt skal øge . jeg ser selv plantebasered fødevar som del af en cirkulær økonomi strategi landbrug og fødevar , da plantebasered fødevar kan se som del af en ” narrow ” -strategi produkt af fødevar , fordi ressourceforbruget ved produkt af plantebasered fødevar er væsentligt laver end animalsk fødevar . regeringsgrundlaget relater dog ikk plantebasered fødevar til cirkulær økonomi . planlagt initiativ : genanvendels af byggematerial som del af råstofplanlægn som nævnt er ” genanvendels ” nævnt en enkelt gang regeringsgrundlaget . genanvendels nævne forbindels med beskrivelsen af planen udvikl af en dansk råstofplan sand og gru sikr ” råstoffer til energiø og byggeriet ” ( s. 34 ) : '' regeringen vil tage initiativ til en råstofplan , som understøtt en bæredygtig udvind af sand og gru samt mere genanvendels af byggematerial . det skal sikr , vi har tilstrækkelig råstoffer til energiøern og byggeriet – uden vi sætter naturen og havnaturen styr . '' foku er på indtænk genanvendels af byggematerial som led reducer forbruget af jomfruelig ressourc til byggematerial . også forlænget produktlevetid bygning er indirekt del af regeringsgrundlaget , idet der afsnit ” 4.6 øge udbygningen af vedvarend energi og omstil væk fra fossil opvarmn ” kort nævne renov af eksisterend bygning : ” sikr et stærkt foku på energieffektivis af både privat hjem , virksomhed og offentlig bygning ” ( s.31 ) . selvom denn målsætning om energieffektivis af bygning ikk beskriv som en målsætning , der skal sikr bygning længere levetid , må det blive en effekt heraf – og derm kan målsætningen – hvi der sikr flere midler hertil – betyd renov og derm levetidsforlængels af flere bygning . planlagt invest : erhvervsskol udstyr , lærerkompetenc og foku på arbejdsmarkedet behov , herund grøn omstil regeringen skriver regeringsgrundlaget , man ” …vil invester , erhvervsskolern har det rett udstyr , de rett lærerkompetenc og foku på arbejdsmarkedet behov , herund forhold til den grønne omstilling. ” ( s. 20 ) . den foregåend reger havd også som målsætning styrk erhvervsuddannelsern bidrag til grøn omstil . det skull ske ved etabler tre klimaerhvervsskol som præsenteret planen ” danmark kan mere ” forslaget om særskilt klimaerhvervsskol blev kritiseret fra flere sider og stedet foreslog blandt andet foreningen dansk erhvervsskol og gymnasi ( deg ) , all erhvervsskol og all erhvervsuddannels kan og bør bidrag til klimaomstil . regeringsgrundlaget formul syne lyttet til kritikken og ønsket om , all erhvervsskol og all faglært uddannels skal bidrag til klimaomstil . regeringsgrundlaget formulering om investering erhvervsskolern blev blandt andet fulgt op af udtalels fra deg pressen , om planen store investering erhvervsskolern kompenser de foregåend år nedskæring . amu-systemet roll klimaomstil blev også fremhævet af deg : “ regeringen ønsker et øget foku på implementeringen af mang af de klimainitiativ , som allered er vedtaget . har vi brug ikk mindst arbejdsmarkedsuddannelsern ( amu ) , hvor man på 6 uger , kan lave et helt nyt uddannelsestilbud , som kan målrett præci der , hvor behovet er. ” affaldsforebyggend cirkulær økonomi indebær blandt andet , kompetenc inden fejlfind og repar af produkt bør spill en central roll erhvervsuddannels . eksempelvi kan den stigend anvendels af softwar til styre hårde hvidevar være en udfordr ved reparation og kan betyd behov løbend fornyels af uddannels og udvikl af nye efteruddannelsesmulighed . planlagt aktivitet : etabler tværgåend partnerskab accelereret klimahandl regeringsgrundlaget lægger vægt på , der skal ske en hurtiger grøn omstil form af omstil væk fra fossil energiressourc : ” det går langsomt med gøre danmark uafhængig af russisk ga og med udfas andr fossil brændsler . der skal fart på omstillingen af vore varmeforbrug til grønne varmekilder. ” ( s. 6 ) . accelerer denn omstil vil regeringen blandt andet ” etabler partnerskabet ’ sammen om klimaet ’ , der skal understøtt en accelereret klimahandl på tvær af stat , kommun og region , civilsamfund og erhvervsliv med vægt på det borgerrettede. ” ( s. 32 ) . partnerskabet indgår som del af regeringsgrundlaget afsnit 4.6 ” øge udbygningen af vedvarend energi og omstil væk fra fossil opvarmn ” . regeringsgrundlaget lægger vægt på find ud af , hvordan der kan sikr et ” højt tempo udbygningen af vedvarend energi på land ” . afsnit 6.1 om et sammenhængend danmark beskriv endvider , regeringen vil ” undersøg , hvordan naboer og kommun bedst får del økonomisk gevinst ved lægge jord til vedvarend energi på land . eksempelvi ved etabl af energifællesskab eller ved udvid den nuværend ve-bonusordning. ” ( s. 42 ) . det fremgår dog ikk om partnerskabet ” sammen om klimaet ” skal spill en roll udviklingen af sådann omfordelings- og fællesskabsstrategi . der er brug en breder forståels af ” klimahandl ” end regeringsgrundlaget . regeringsgrundlaget kobler sålede ikk partnerskabet om klimahandl til cirkulær økonomi – dv . til ressourceforbruget størrels og det klimabelastn . der kunn være brug netop et sådant partnerskab til udvikl koncept og rammer etabl af national og lokal initiativ inden cirkulær økonomi – f.ek . deleøkonomisk fællesskab og reparationsinitiativ baseret på frivillig eller som socialøkonomisk virksomhed . blev ønskern til regeringsgrundlaget opfyldt ? det følgend gøre statu hvilket omfang regeringsgrundlaget opfyld de ott ønsker til regeringen strategi cirkulær økonomi , der blev beskrevet blogindlægget ” hvad du ønsker skal du ( måske ) få : ønskelist til den nye reger strategi cirkulær økonomi ” . endvider vurder fire andr ønsker , der kom kommentarern til indlægget på linkedin . diss tolv ønsker til regeringen strategi cirkulær økonomi og en vurder af hvorvidt de bliver opfyldt med regeringsgrundlaget se nedenståend tabel . de ønsker ” bedr økonomisk vilkår teknisk skoler og fgu ” og ” lovgivningsmæssig og økonomisk rammer lokal tiltag inden cirkulær økonomi ” er sålede dem , der størst omfang opfyld med regeringsgrundlaget . de tre ønsker om offentlig cirkulær indkøb , cirkulær økonomi byggeriet , bevilling til det grønne nationalregnskab og databas om cirkulær økonomi er der formulering regeringsgrundlaget , som måske kan medvirk til få ønskern opfyldt . de syv resterend ønsker er der ingen kobling regeringsgrundlaget . hensigt : et mere levend og åbent demokrati til sidst en vurder af regeringsgrundlaget formulering om demokrati . jeg har tidliger på denn blog kritiseret den foregåend reger udvikl af strategien cirkulær økonomi affaldssektoren , som ledt til en plan liberalis af affaldssektoren , som et eksempel på det hartmut rosa kalder brug af ” det øjeblikkelig magt ” et accelerationssamfund . dv . en proce hvor der med kort tidsfrist - og uden en breder debat om andr mulig løsninger press en løsning igennem henvisn til , en løsning haster . det er derfor spændend , regeringsgrundlaget har et mål om en forbedr på dett områd , idet regeringen vil skabe ” et mere levend og åbent demokrati ” og vil sikr ” god regeringsførels ” . regeringen vil sålede sikr , ” ….at politisk beslutning ikk fremstår som resultat af en faglig nødvendigh ” . det betyd , ” ….embedsværket ikk må … .. fremstil en politisk besluttet løsning som den enest fagligt velbegrunded , hvi der reelt er flere fagligt velbegrunded løsningsmuligheder. ” ( s. 48 ) . hvi den foregåend reger havd haft sådann målsætninger , kunn forløbet om udvikl af en strategi cirkulær økonomi affaldssektoren være forløbet på en mere demokratisk måde og måske ført til andr og bedr løsninger . regeringsgrundlaget partnerskab ” sammen om klimaet ” kan også se som et ønske om mere demokratisk beslutning om grøn omstil med deltagels af flere aktører samfundet . som tidliger nævnt er det vigtigt , ønsket om acceler af den grønne omstil ikk sker på bekostn af en socialt retfærdig grøn omstil ! ligeled kan regeringsgrundlaget formul om ” … følge op på anbefalingern fra ekspertarbejdsgruppen om demokratisk virksomhed ” ( s. 26 ) se som et ønske om styrk demokratisk virksomhed . inden cirkulær økonomi kan sådann virksomhed spill en vigtig roll – f.ek . inden reparation og deleøkonomi . hvi man skal være optimistisk ved årsskiftet : der er enkelt gode målsætninger og planer regeringsgrundlaget , der kan anvend til fremm cirkulær økonomi og gøre det på en mere demokratisk og mere ambitiø måde . men det kræver , forsker , civilsamfundsorganisation , tænketank m.m . følger op på regeringsgrundlaget målsætninger og holder regeringen fast på den intention og planer !",
,2023-01-06 00:00:00,Energinet har usædvanlig mange kabelfejl: Risikerer skift af over 100 endemuffer,Ingeniøren,Link,"recent year , mani error end muffler risk caus power break energinet may replac 100 . 80 offshor wind turbin horn rev 1 stop begin decemb despit good wind condit , error occur sever meter high end muffler connect cabl offshor wind farm 20 kilomet north sea high -voltag station vard . 11 day larg energi discharg destroy end muffler last wind turbin switch . error cost owner offshor wind farm sever million dollar revenu , green power lost middl energi crisi record high electr price . end muff error mani late . recogn energinet , respons oper danish energi infrastructur , engin gain access note number cabl error . “ 've mani mistak . expect someth break , 2022 significantli higher expect cabl error base histori experi countri . error often end muffler , look especi , ” say ander pallesen jensen , depart head asset emerg jutland energinet . specif , 150 kv 400 kv end muffler , use end cabl , transform station transit cabl air line stretch cabl due beautif . sinc 2014 , energinet total 40 cabl crash . almost half happen 2020 , five error 400 kv connect past two year due error end muffler , rel new 10 year old . ander pallesen jensen call number end muffler error `` startl '' coincid , estim may systemat error . accord , high error rate due sleev sleev neglect . `` tri maintain look best , abl last longer done , '' say ander pallesen jensen . power cut lost earn end muff error thu high voltag cabl limit transport electr energinet thu danish treasuri earn trade neighbor countri electr area cheap electr gener move area expens electr gener . addit lost earn , error also seriou consequ electr suppli secur . `` extrem consequ lead power cut consum , '' say ander pallesen jensen . happen last april . , error 400-kv end muffler import cabl stretch ferslev-ladi , connect high-voltag network central north jutland , put play eight hour . error cost non -calcul million amount repair lost revenu , shorter period `` greatli increas risk extens power break east jutland '' part electr grid time revis , explain ander pallesen jensen . “ caus major socio -econom loss , especi electr price high 2022 - also time error . addit , provid reduc electr suppli secur way would fail much could result power break electr consum jutland , ” say . caus still found reason mani error end muffler yet clarifi . howev , energinet identifi 400 kv end muffler sf6 insul italian supplier prysmian faulti . five nine faulti end sleev sinc 2014 deliv . energinet 's specialist estim error may due insuffici ground due wear due small unwant movement cabl semiconductor chang temperatur long time stress end muffler . systemat problem end muffler prysmian , risk caus mani error . jutland alon , 113 instal , cost dkk 100 million replac besid time -consum result outdoor time . howev , error end muffler cost paramet . energinet current await final assess norwegian research institut sintef , assign task clarifi error precis offer suggest action prevent futur error . “ need make final decis . depend final assess caus error show . show minor repair expect extend life , cours . turn systemat error , may forc replac - - least larg part , ” say ander pallesen jensen . come year , number cabl error , els equal , rise cabl enter danish electr system . last five year , length energinet 's cabl increas 40 percent expect rise 50 percent next five year - without includ cabl vike link energi island .",
,2023-01-12 00:00:00,Verdens største konverterstation og monsterkabler mellem Nordsø-møller og Tyskland,Ingeniøren,Link,"german invest hvdc cabl convert station sea secur green power wind farm land . like denmark , must massiv expand wind power german part north sea . order get green energi ashor , dc cabl need , therefor german author start two project call lanwin1 lanwin3 . cabl north sea connect point lower saxoni north rhine-westphalia 390 kilomet long , way , run parallel wind farm . order abl transport energi direct current , two convert station must built platform 170 km north sea . connect transport capac 2,000 mw dc 525 kv . thu , opportun erect 4,000 mw wind turbin design german area north sea . convert station , 66 kv altern current wind farm convert 525 kv dc , led ashor . techniqu denmark 's energiø contrari previou practic , energi wind farm carri ashor cabl , construct larg convert station offer sea build multit termin hvdc system ( high-voltag direct current ) . subsequ expand sever wind farm . price two convert station dkk 30 billion . platform built shipyard cadiz , spain , siemen respons convert station . convert station must place platform , weigh 34,000 tonn stand readi respect . 2029 2030 . cabl must connect land convert station new high -voltag connect must also built . respect . 2031 2033 first green power expect sent wind farm german consum . german ventur part esbjerg declar last year , denmark , germani , belgium netherland agre expand 65 gw offshor wind 2030 increas capac least 150 gw 2050 . suppli 230 million european household green power .",
,2023-01-18 00:00:00,Energistyrelsen: Danmark frådser muligvis med pladsen til offshore-vind,Ingeniøren,Link,"distanc offshor wind turbin park much larger denmark , exampl , germani netherland . distanc wind turbin danish offshor park larg compar countri . goe distanc park . least assess danish energi agenc , present whose slide 's engin gain access danish condit possibl 'fråt space ' . reason , board begun investig whether gain pack wind turbin park sea closer . increas benefit area avail denmark make easier meet polit target 4 gw extra offshor wind 2030 . jona axelgaard , offic manag danish energi agenc , confirm email low energi densiti danish park current concern board . howev , emphas board yet decid - - work anoth energi densiti upcom offshor wind farm . » true , compar sever countri , denmark use low energi densiti connect suppli offshor wind farm . increas energi densiti may entail better util sea area - convers push cost per produc amount energi , ” jona axelgaard write email . vattenfal : thor twice big present danish energi agenc held month vattenfal 's director develop offshor wind project ane mett lysbech-klei critic danish state set energi outcom offshor park thor 1 gw . vattenfal 's calcul , fact room set 2.2 gw offshor wind area - , doubl effect state set top limit . “ becam clear us process subsequ could room someth area set asid thor . look similar area elsewher around europ , clearli show thor optim , ” ane mett lysbech-klei told exchang . research : take care fall temptat xiaoli guo larsén , senior research dtu vindenergi , submit relev slide board 's present . warn distinguish much abroad headlik pack offshor mill park close . `` tempt stop turbin limit area , turn densiti turbin also achiev smaller distanc wind farm , '' ​​she say . “ problem increas turbin densiti , also automat increas cost . time , effici wind farm reduc mill creat turbul , time steal wind apart - togeth call wake effect , ” xiaoli guo larsén point . danish energi agenc embark increas densiti , consid chair big wake effect much extra energi product achiev higher densiti . » goal harvest potenti wind energi time minim establish oper cost measur paramet 'level cost energi ( lcoe ) ' . depend lot specif situat , close wind turbin park place , ” say . xiaoli guo larsén point offshor suppli mani thing take account sea nation border , sail rout , environment protect , water depth distanc coast . reason , , start point , littl space well establish offshor wind . `` therefor , understand look place turbin wind farm limit space avail , '' say . greater park lower effici senior research xiaoli guo larsén urg danish energi agenc take care put park close . refer review brought scientif journal boundary-lay meteorolog decemb 2022 , show effici park fall size park increas .",
,2023-01-30 00:00:00,Her er Energinets store plan: Sådan ruster nye kabler og ledninger elnettet til fremtiden,Ingeniøren,Link,"400 kv high voltag connect new transform station must expand accommod much higher electr consumpt , new solar park wind turbin . today , energinet publish new plan expans electr grid , prepar strengthen pervas electrif denmark 's product energi consumpt . , danish region review separ relat extens alreadi adopt energi expect necessari handl energi . latest polit agreement cold data danish energi agenc 's latest calcul assumpt energi system call af22 point one way - name , massiv higher electr consumpt year . af22 show denmark 's total electr consumpt increas approxim 80 twh 2030 156 twh 2040 . addit mani new heat pump , data center electr car , consumpt especi power massiv expans ptx system . requir new electr connect , local , especi overal network . use earli 2030 report call 'long -term grid structur electr transmiss network 2022 ' closer benchmark final bid , energinet write . act intermedi station long -term develop plan ( lup ) , releas year draw adequ pictur built 2040 . , may well even new connect map , even though new plan take account past year 's polici , made base old analysi prerequisit ( of21 ) . af21 predict significantli less electr consumpt : consumpt 2040 correspond consumpt alreadi expect 2030 . `` current polit ambit , network structur must thu establish detail around 2030 2040 , '' energinet write report . much electr addit electr consumpt rise sharpli come year , expans also press electr grid . af21 , expect would electr gener capac wind sun 30 gw 2040 . af22 , doubl 60 gw . report 's 'big mark ' set date individu extens . `` initi need aris . '' potenti extens possibl extens divid geograph especi north jutland lolland-falst focu expect mani new solar park . place , exist system expand new wire , place new cabl dug soil , especi 150/132 kv . sever new 400 kv connect must also establish , energinet emphas yet decid whether buri hung electr mast . alway technic possibl dig strong connect . north jutland alreadi decid establish two new 150 kv transform station tylstrup tue kær . addit , two 400 kv transform station must expand pass energi system . djursland , funen central zealand , 150 132-kv connect also expand , connect central zealand south zealand expand four 220 kv cabl . three continu lolland-falst . particular , central zealand prove demand task , larg quantiti electr handl solar cell lolland-falst electr energiø bornholm . energinet also write previou solut base old prerequisit af21 longer work due restrict grid køge roskild .",
,2023-01-31 00:00:00,Mens Danmark bygger energiøer: Tyskland og Holland vælger dem fra i Nordsøen,Ingeniøren,Link,"german network manag prefer platform electr offshor wind turbin must sent ashor . countri around north sea seen golden opportun harvest energi giant wind farm . clear state leader germani , belgium netherland last summer sign 'esbjerg declar ' ensur 65 gw offshor wind 2030 150 gw 2050 . denmark aim build energi island space manpow , spare part , convert station possibl also electrolysi , netherland germani chosen complet differ solut . instead , wind farm connect convert station locat platform . model also known krieger flak offshor wind farm baltic sea , energi sent denmark germani accord market price . two platform 30 billion kroner german network respons compani amprion present contract spanish dragado offshor german siemen energi establish two larg platform locat 170 kilomet north sea . 2030 , two platform hous convert station number upcom german offshor wind farm . platform , 2 gw electr wind turbin convert 525 kv dc , sent ashor convert back ac stream northern germani . also includ amprion 's consider new convert station link nation intern offshor convert system . total price two convert station dkk 30 billion . immedi possibl compar price danish plan energi island . estim cost dkk 10 billion build island . cost convert station like . total price danish energiø equip island offshor wind turbin connect , estim cost around dkk 210 billion . way denmark choic platform , german go differ path denmark . ask amprion focus convert station locat platform instead energi island receiv written respons . `` amprion prefer platform -base connect offshor wind turbin project locat german part nordsø build well -known platform topolog , '' say stefan sennekamp , ​​spokesperson project . one argument amprion two platform get backup option send power ashor , although error occur somewher . platform , accord stefan sennekamp , ​​also offer uniqu opportun continu expand number connect wind farm . necessari build whole energi island get start . `` first system multi-termin dc low number termin potenti benefit island approach count heavili , '' say . mean amprion complet depreci energi island ? `` , gener , energi island interest altern preserv opportun futur interconnect offshor system german part north sea . '' product hydrogen ammonia energi island highlight sever essenti argument . longer possibl platform ? » electr energi alway effici use electr sector . thu , climat perspect , would ineffect use offshor wind energi hydrogen product could instead use within electr sector . excess energi integr electr market use hydrogen product . therefor , need option : abl use offshor wind energi electr sector - requir cabl land - ga sector via electrolysi locat land , ” say stefan sennskamp whether german platform connect danish energiø intern system , accord stefan sennskamp , ​​build assess benefit link relat cost . denmark hold onto “ flexibl ” solut spring 2023 , danish energi agenc send upcom energi island north sea tender , reclaim island number platform around island . ing.dk ask danish energi agenc denmark aim reclaim island instead platform alon . email , deputi director mogen hagelskær write board chosen flexibl island solut island platform erect . » exact design prepar togeth win bidder . build island , secur option term instal technolog possibl innov platform . ' share dutch concern whether done fast enough . `` see platform solut good , need known rel predict , reclaim island provid greater maneuv room life , set least 80 year energiø north sea . '' `` rational done belgium , colleagu elia also process build perman base energi island , '' mogen hagelskær write email . belgium , system -respons compani , alia , announc autumn one aim energi island style danish one .",
,2023-02-03 00:00:00,LEDER Omtanke frem for politisk prestige: Ideen om en energiø må ikke stivne i beton,Ingeniøren,Link,"fulli understand minist , eager secur good aftermath contemporari , seek world 's admir look prestig project put lake . thu , signific point digit meet us presid joe biden danish prime minist mett frederiksen ( ) septemb 2021 `` soon [ ] make world 's first energi island realiti '' . would n't want reap acknowledg nod one power peopl world ? problem aris gaze , nod recognit spin us line world . therefor , need ask complet banal question . come energi island , sever warn light glow call -visit project 's design . agreement energi island june 2020 , two energi island establish . alreadi februari 2021 clear realli one , energiø bornholm longer independ island . fact remain island come 'soon ' becom world 's first - prime minist mention - also look like bright imag realiti . energi island north sea delay least 2030 2033 , current suppli crisi - lack profession compon - real question whether reach . week engin could tell belgian energi island expect complet 2026 fulli connect electr network 2030 . importantli , question whether good idea island . basic idea ​​an energi hub danish seab right : connect offshor wind farm hub rather individu land save expens cabl . allow easier send electr direct need greatest kilowattim price best . blow lot novemb north sea , poor southern europ , send cheap energi . dutch snuffi german alreadi fool , need easili solv old -fashion far cheaper platform steel - well -test construct know product platform oil ga . german also sober look node sea actual use . profession south state electr offshor wind must led ashor exploit electr -base societi , secondari product liquid fuel . home , stick idea ​​the product sustain fuel north sea . thu , argument former climat energi minist dan jørgensen ( ) danish concret island also 'must ' abl accommod technolog product . cours , avoid backyard problem far sea . sever weighti technic argument place ptx energi island . quarter energi born ptx system turn heat electrolysi process plant 's compressor . natur imposs use massiv amount surplu heat district heat produc 80 km land . case transport hydrogen fuel ashor . thu , eco -construct risk becom climat -ineffect loss surplu heat self -creat unnecessari need costli transport . analysi , certainli also count small money stake . eco -construct state cost dkk 38 billion . total , assess total construct sum stagger dkk 210 billion , even project given physic express , economi stab . summer 2020 , clear agreement energi island profit . assess read signific deficit occur . accord danish energi agenc , expect return investor sound four percent . low return professor per nikolaj bukh , aalborg univers , question pension fund put money danish energi island get doubl wind turbin countri . recent , figur danish energi agenc show posit cash flow expect six year . attract investor unknown , suppli energi island postpon fall . good news danish energi agenc gone away bet larger fix island sand -fill concret lower box also consid less reclaim island associ steel platform . step need taken path : indisput need recalcul project explor altern , includ whether market rental area actor power-to-x sea . whether steel platform profit sustain . consult ey design campaign materi board , paint leav anyth want : island 'game chang concept ' 'future-proof'-in addit danish state highlight 'experienc busi partner ' . experi quit right , unfortun good kind come lead way technolog 'game-chang ' . think debt recoveri system efi , properti valuat system , train signal , travel card ic4 purchas , would also firstmov self-develop scratch . histor experi indic shame stop , listen other scale time . even may end recogn glanc minist idea men cut red cord . govern point also room small hotel energi island . even good sea view purchas expens .",
,2023-02-06 00:00:00,Åben dør-ordning kan være EU-stridig: Styrelsen stopper vurdering af VE-ansøgninger,Ingeniøren,Link,"danish energi agenc process case manag 33 applic set offshor wind turbin project . open door scheme , allow develop establish project self-select area , may violat eu law . therefor , case process 33 project put hold , state press releas danish energi agenc . promptli trigger furiou outbreak industri . `` complet unheard , '' say trade associ green power denmark 's director kristian jensen , press releas call `` breach danish energi polici '' . `` pure disast green transit , '' di-chief execut lar sandahl sørensen told di busi , european energi 's oatmeal manag andrea karhula lauridsen energiwatch describ decis complet `` incomprehens surpris . '' `` govern suddenli slam door green transit bang send shock wave throughout green energi industri , '' kristian jensen said press releas . “ compani done great deal prepar readi build green energi , govern pull plug 'open door ' scheme 11 hour . 's simpli okay . breach way histor driven energi polici denmark creat tremend uncertainti green investments. `` intervent occur autumn engin , among thing , uncov copenhagen infrastructur partner ( cip ) ørsted use scheme bid area close upcom state energiø bornholm - close may risk risk project go cannib energi island 's earn - due ambigu rule scheme . would miss billion earn engin find offici ministri climat , energi suppli , ministri busi financ sinc summer look manag justif close 'open door ' scheme completely- appar independ sit minist . state simpli miss larg sum could potenti earn send area question . , particular , skeleton suppli thor havvindmøllepark , trigger dkk 2.5 billion five applic . sever possibl argument turn , could state aid share state 's seab without get compens . argument closer reflect turn hold , offici chose instead bet argument hold scheme base first-com , first-serv principl , mean area expos competit , . argument eu law ask relat . fact danish energi agenc put case handl back industri summer got chamber attorney 's word applic accord rule open door scheme . danish energi agenc believ juli 2022 would gain full control scheme time restrict . chang law scheme came forc close possibl send open door applic offshor wind park , locat 15 km coast . open door scheme suddenli popular howev , month chang law , howev , board receiv larg number applic via open door scheme establish larg project deep water far coast . board first tri reject applic ground scheme intend larg project . attorney gener shot argument , danish energi agenc pass applic assess . bent ole gram mortensen , professor public law univers southern denmark , point one must see board 's intervent light receiv larg number applic larg rik project deep water last summer . `` larg number applic must held fact applic submit scheme , '' say bent ole gram mortensen . know board choos drastic step . one possibl board allow coincid applic via open door scheme plan state energi island nation sea plan . anoth explan could would rather tender procedur open door scheme serious possibl make money offshor wind . “ provid opportun ensur state harvest concess fee project . , motiv board , guess , ” say . listen climat , energi suppli minist lar aagaard ( ) say , seem inform involv decis put open door scheme hold . call decis `` seriou situat green transit '' offshor wind turbin project . `` specif situat rais lot question consequ individu applic scheme clarifi , '' lar aagaard said press releas . `` assur go pursu quick answer behalf applic current left uncertainti futur project . ''",
,2023-02-13 00:00:00,Med statsstøtte til PtX kommer danskerne til at betale for rige nabolandes grønne omstilling,Ingeniøren,Link,"thought think kraka believ politician ' ambit massiv expans ptx 2030 may well becom costli solut climat challeng . violent enterpris take place year come product green hydrogen similar fuel . wide call ptx . gigant facil aalborg , esbjerg , fredericia avedør alreadi draw board , top come lot smaller plant danish provinci citi . frederik læsøe nielsen , senior economist kraka advisori , start emphas basic problem compani want manufactur sell ptx product commerci term . compani get busi public money box deliv product , whether hydrogen , methanol , ammonia one energy-heavi product like e-jetfuel , get start : '' kraka skeptic whether state send support crown product , '' say . “ first foremost ptx product expens way solv climat challeng right . word , fruit sit highest tree mani focu . think money better spent elsewhere. `` energiø coupl ptx kraka publish report 'power-to-x becom futur climat solut , contribut littl danish climat goal ' problem review . report prepar basi grant novo nordisk foundat spar research dtu . “ dig far argument offshor wind energi island north sea entir project link ptx . 's two thing ca n't separ . also sound intrigu ptx turn energi overproduct power act kind batteri day blow . 's almost becom 's prerequisites. `` `` 's stori ? '' ask rhetor . wonder well thoroughli kraka , basi technic financi calcul , conclus probabl fall good ground politician , green organ commerci player . polit ambit , shown new calcul chang danish energi agenc , denmark must 4-6 gw ptx 2030 , frederik læsøe nielsen colleagu believ lot intermedi account skip . » ptx magnitud short term give expens co2 reduct . contradict politician ' desir us take cost -effect technolog first , ” state , point parallel desir get rid russian ga european energi system . electrif better ptx top come electr use ptx could use far effect priorit electrifi place possibl first . kraka point air traffic one obviou exampl . previou govern promis green air transport within short number year , easiest technolog reach goal use liquid green fuel tradit aircraft . » use green electr produc synthet jetfuel expens ineffect . time , want displac oil -base fuel russian ga , otherwis also set light pend energi crisi europ 's depend ga , ” say frederik læsøe nielsen . third point , kraka point larg part ptx product go export domest demand match big ptx ambit . therefor , politician care consid extent want state aid ptx . practic , state aid mean danish tax dollar use reduc co2 emiss custom - probabl germani netherland . “ must emphas commerci player want produc hydrogen product sell market term , fine . hear hydrogen industri infrastructur need built export hydrogen germani , may well apprehens , ” say frederik læsøe nielsen . howev , imagin solut energinet stand build oper pipe network , user pay cost tax . benefit first far , dkk 1.25 billion alloc develop ptx project denmark well number million kroner variou support scheme . kraka calcul reach capac 6 gw 2030 , requir invest dkk 20 billion . sinc product come ptx plant like expens fossil altern , kraka presuppos requir state aid plant erect . number year provid grant product bioga , led huge increas product . n't also hydrogen ? “ big differ bioga hydrogen context . develop bioga get domest secur suppli altern consumpt natur ga . also said electr suppli , must ensur citizen electr outlet . domest demand hydrogen ptx product defend capac 4-6 gw. `` expans ptx denmark lead benefici effect ? exampl , develop new industri thu high -tech job ? “ must probabl separ thing commerci interest social econom . clear commerci compani would like start interest best export rest world . back argument , name expens reduct ptx seiz larg quantiti green electr use elsewhere. `` n't wind power extens 90 , ie gave product grant compani could build market grow ? “ n't think compar wind power extens . alreadi , great deal appetit build ptx . cours legitim polit argument believ must pioneer countri polit point push technolog develop . difficult put crown ear much danish state aid increas likelihood danish technolog compani ' product becom financi attract rest world. `` n't import first other come take market ? “ one argu wind resourc give us competit advantag product ptx product , import whether denmark first produc larg scale . denmark probabl join wagon - state aid . thu , kraka way encourag activ stop mani ptx project current mold around denmark , one must care consid whether right way go activ push develop given situat . , right , ” say frederik læsøe nielsen .",
,2023-02-20 00:00:00,Minister baner vej for 9 GW havvind i år – og møllerne skal måske stå tættere,Ingeniøren,Link,"smoke bare laid miseri open door scheme , minist announc initi state tender 9 gw offshor wind year . minist energi lar aagaard ( ) year start suppli 9 gw offshor wind 2030 , help ensur ambit 12.9 gw offshor wind 2030 fulfil . five -fold denmark 's current capac correspond electr consumpt nine million household . announc ministri climat , energi suppli press releas monday , smoke open door scheme bare settl , danish energi agenc februari 6 paus scheme basi assess scheme may violat eu law . “ need quick clarif open door applic , top prioriti . beyond , must also look turn expans offshor wind state tender , ” say climat , energi suppli minist lar aagaard press releas . mill densiti must examin januari , engin could tell , intern danish energi agenc , concern whether `` space space '' made erect offshor wind turbin , gener locat greater distanc european countri . danish energi agenc start investig whether gain pack wind turbin park closer . press releas , ministri write give set freedom set offshor wind offer area sea . ritzau , minist say densif could potenti lead greater capac nine gigawatt tender year . “ assess . , potenti , make proper model , folket involv , expect also get nine gigawatt , ” lar aagaard told ritzau . howev , engin , senior research dtu wind energi xiaoli guo larsén warn one must care conclud wind turbin necessarili lead greater capac . “ problem increas turbin densiti , also automat increas cost . time , effici wind farm reduc mill creat turbul , time steal wind apart - togeth call wake effect , ” xiaoli guo larsén point . miss power power-to-x green power denmark prais govern start tender , time call open door scheme . “ lack green power today tomorrow . nine gigawatt offshor wind import climat ambit , need offshor wind farm open door scheme denmark becom pioneer countri within power-to-x . wait state offshor wind farm oper 2030 . time , countri long ago sit market green fuel heavi transport , ” say green power denmark ceo kristian jensen . tone also sound dansk industri . “ glad see govern drawn work cloth work find solut challeng face moment . appli open-door scheme larg green project . open-door scheme state tender offshor wind togeth give denmark huge boost , ” say lar sandahl sørensen , ceo dansk industri . 9 gw govern start tender year includ energiø bornholm , hesselø anoth 5 gw offshor wind project , ministri write press releas .",
,2023-02-22 00:00:00,Vindø-konsortiet: En fast energiø er både billigere og bedre end platforme,Ingeniøren,Link,"one consortia expect offer energi island north sea doubt prefer . almost three year sinc idea ​​an energi island 80 kilomet north sea announc connect climat agreement june 22 , 2020 . great visual , discuss island number specif question character debat sinc : big small island ? electrolysi island ? put convert station platform ? energi island part electr market across connect countri ? specif , danish energi agenc say energi island north sea must establish artifici island platform . 2033 , must hub 3-4 gw offshor wind farm . 2040 , island capac 10 gw . attent reader , two thing chang sinc origin plan climat agreement : commiss time push 2030 2033 , 'with platform ' ad . time , denmark nation intend build larg wind turbin capac north sea . 'esbjerg declar ' , govern leader denmark , germani , belgium netherland sign agreement build 65 gw offshor wind 2030 increas capac least 150 gw 2050 . alreadi , seem countri choos differ strategi . german system respons compani amprion chosen solut convert station platform two upcom offshor wind farm . dutch also immedi seem focu platform solut , belgian hold solid energi island . cip bet island sever consortia sign cours offer danish energiø , also ad 'platform ' descript . furthermor , see visual danish energi agenc websit info energi island , show solid energi platform locat around . one consortia expect offer task vindø , cip ( copenhagen infrastructur partner ) forefront . addit , pension compani pensiondanmark pfa electr distribut compani share . stand actual construct energi island , consortium enter agreement compani boskali , deme mt højgaard intern , togeth expertis build artifici island north sea , say thoma dalsgaard , partner cip . hold artifici island , exampl , german decid build platform , among thing get start quickli ? “ spent three year think energi island come crucial point : first , think differ offshor wind farm new scale . expens connect park 'point-to-point ' . fix energi island room electrolysi best solut , ” say interview engin . danish energi agenc 's latest materi , possibl platform ad around island . would n't abl give flexibl need opportun get start quickli ? “ 's 've stare blind regular island ca n't see solut . actual establish platform german part north sea , know cumbersom expens . know partner consortium permit , build island three year . 's hard imagin platform done faster . therefor , think unnecessarili expens complex set platform around energi island . time , 's hard imagin build electrolysi platforms. `` hydrogen product done island , lose possibl util wast heat district heat ? » calcul made , analyz ea energi analysi cowi show save 20 percent cost build electrolysi directli island - even util surplu heat district heat . partli due fact far cheaper put hydrogen tube land electr cabl . time , get flexibl product mix better capac util cabl land constantli choos send electr hydrogen ashore. `` critic recent point product hydrogen energi island may risk drain treasuri reimburs crown product sent denmark , instead sold rich european neighbor countri . think hydrogen brought ashor ? “ hydrogen must first foremost sent market . denmark , also germani netherland , exampl rotterdam . 're go look hydrogen infrastructur construct . hydrogen sent directli central europ , state aid may need production. `` summer 2022 , suppli push 12 month , expect readi danish energi agenc earlier autumn 2023 . expect island readi ? “ seen tender , probabl take 2.5 year final winner appoint . , addit environment permit detail design , expect spend three year build island . challeng one done , 's servic go buy . wind turbin , convert station built cabl , believ conserv timelin , probabl around 2031-2032 . fact , n't think done faster choos platforms. ``",
,2023-03-02 00:00:00,Belgierne er allerede godt i gang med at bygge verdens første energiø,Ingeniøren,Link,"belgian state assign consortium task build artifici energi island nors lake . construct start 2024 take 2.5 year . belgian energi author elia plan instal 3.5 gw wind turbin new area ​​the belgian part north sea . therefor , order collect energi wind turbin send ashor via direct current , energi island must built . consortium consist compani deme jan de zero , expert offshor construct , task build island . island built elia instal electr equip transform convert station . island , name princess elisabeth island , 45 km belgian coast area ​​about 24,000 squar meter . addit electr equip , must room helicopt platform small harbor . thu , prospect island also hous spare part wind farm , ptx plant hous staff . plan energi island connect belgian system countri northern europ , exampl denmark via cabl call tritonlink , plan number year . britain connect via cabl call nautilu . way , belgium part overal plan north sea , 2050 prospect 300 gw wind power . concret lower box sand construct consist outer wreath concret lower box fill sand . expect actual construct island start 2024 complet summer 2026 . , island link upcom offshor wind farm north sea . plan alreadi approv build wind turbin total capac 2.3 gw area belgian part north sea . new energiø built connect new area call princess elisabeth zone . area cover 285 squar kilomet capac expand 3.5 gw . princess elisabeth island expect associ wind farm belgian electr system 2030 . new agreement , belgium denmark come advanc world 's first energi island . danish plan suppli energi island north sea publish septemb year . accord danish energi agenc , expect danish energi north sea readi 2033 .",
,2023-03-06 00:00:00,Storstilede danske PtX-ambitioner kan blive forhalet af mangel på ingeniører,Ingeniøren,Link,"thousand stem compet need realiz mani ambiti ptx project , accord head capex research center . lack announc larg power-to-x project ( ptx ) whole countri . one great ambit paper , anoth make come true . requir , among thing , nice build-up stem compet time alreadi massiv lack engin , say assess capex research center , among other . `` long term , sever thousand expert need help acceler green transit connect ptx denmark , '' say tej vegg , professor dtu energi center manag capex . estim base concoct polit industri announc , technolog scale compet brought play . “ may sound like larg number , 's count broadli . research univers r & engin sit compani develop produc materi , build electrolysi cell stack ultim need test implement technolog , exampl , energi island , ” say tej vegg . 'outdat ' engin get hot preben birr-pedersen , specialist energi technolog especi ptx ccu ( catch , storag use co2 ) , doubt hydrogen commun right door-someth shout last 20 year . estim technolog happen last three year previou 17 . “ voic skill place-and realli whole valu chain . also author deal project . great time actor , includ also danish secur agenc , danish environment protect agenc municip , otherwis permit process take long , ” say . among 'tradit ' engin subject , preben birr-pedersen mention , among thing , strong current engin , process engin oil engin import profil upcom ptx landscap . claim 'the last twenti year ' miss strong current engin , oil engin hang tree . “ need good drill oil stuff co2 underground . modern mani year oil engin , made , ” say , point also need geologist drill expert ccu . import first drop immedi , danish univers abl give birth need look , say preben birr-pedersen . crucial large-scal ptx project . “ everyon abl materi within time horizon wish list . due lack voic skill , also lack compon bottleneck approv process , `` say , note '' resourc need `` . capex pioneer center , receiv grant dkk 300 million next 13 year train ptx expert , tej vegg hope center abl deliv 100-120 new phd postdoc . may seem like drop ocean compar mani thousand expert need , import first drop , say tej vegg , talk 'power x-percert ' contribut whole new set compet . `` abl combin power electron , electrochemistri , materi synthesi , digit twin , robot artifici intellig put togeth exist skill complet new way get level make develop even faster , '' say . much time run present , phd yet employ center , also mean take least three year first 'power-to-xpert ' see light day . “ also hope get number candid bachelor includ project take cours offer . quickli creat skill multipl field provid understand whole process behind develop ptx technolog . ' capex three fellowship program collabor stanford univers , univers toronto utrecht univers , program 10 phd student 10 postdoc spend half whole year intern partner . tej vegg point compet denmark need start educ also target technolog competit 5-6 year . may seem like good time , one sit back well , warn tej vegg . “ must rememb qualifi master 's degre program alon take five year . mani project announc time , lack head alreadi acceler train futur ptx expert , ” say . whole world need ptx forc sever univers compani long time tri shout politician relat ceil foreign univers student well gener studi place field big citi . critic taken govern , accord reform play 'prepar futur ' , present thursday , march 2 . play show , among thing , univers increas number english -languag studi place master 's program 1,100 year 2024 2028 2,500 studi place annual 2029 . tej vegg also point lack student becom slave 's jaw wheel `` new green adventur denmark . '' “ cut food chain , exampl , prevent us educ intern candid danish univers engin voic gener , cut year master 's degre program , may well end situat simpli crew live ambit , 'the warn read . energi expert preben birr-pedersen hard time see reach finish line time without get reinforc abroad . `` far along way , transit hydrogen someth done alon danish resourc . '' reminisc ptx danish phenomenon therefor competit whole world right resourc . `` may well think mani project denmark , realli big project abroad , '' say preben birr-pedersen . accord tej vegg , virtual countri world equal ambiti relat energi island expans wind ptx denmark . “ ptx ecosystem fantast global opportun compar abl recruit right talent . must also take care lose expert drive process link differ part research develop right larg -scale scienc , countries. ``",
,2023-03-11 00:00:00,Rambøll i grøn vækst: »Jeg er stolt af de store transformationsprojekter«,Ingeniøren,Link,"2022 , consult engin compani mani larg project push world sustain direct . still , resourc also use small step group help individu compani take . largest plastic sort plant nordic region esbjerg , new urban neighborhood around stockholm central station , electrif german railway , green infrastructur project storm coast new york climat -neutral offic build manchest . 2022 offer wide rang new task consult engin compani rambol , februari last year launch new strategi target futur partnership project chang world sustain direct . financi statement , publish friday , show strategi born fruit . case , group made turnov 12.6 per cent . greater last year , greatest organ growth 14 year . `` satisfactori result , '' say ceo jens-pet saul , convinc connect result sustain focu . 'of cours , happen thank classic sustain servic lead , e.g . within offshor wind . also new area strateg sustain advic , part manag consult unit , realli start growth , ” say ceo . theoret document manag consult busi take driver 's jersey area greatest growth 2022-of 21.4 per cent . unit part rambol mani year , past year half , group aim advis public privat compani strateg sustain - e.g . navig eu 's taxonomi develop strategi sustain transit effect fewer emiss circular busi model - produc result . manag consult busi part rambol mani year latest year half , group charg advis public privat compani within strateg sustain - e.g . navig eu 's taxonomi far , busi primarili focus denmark germani , jens-pet saul say rambol expand uk , sweden , norway , finland usa . “ custom appreci show way work sustain challeng solv . easili make lot theoret document eject drawer , peopl choos involv full , holist expertis form engin economist help design strategi perform , ' say jens-pet saul . exampl compani danish construct group aarsleff , help screen whether compli requir eu 's new csrd direct . time , rambol 's manag consult aarsleff help analyz whether compani 's financi activ compli eu 's rule econom activ environment social sustain . step count sharpen focu say ye project sustain solut within eg . offshor wind , ptx , climat adapt sustain construct well suit rambol 's core valu , believ ceo , satisfi big project rambol last year . » big lighthous project good show journalist like , cours proud major transform project realli see move societi posit direction-it railway electrif , ptx system energi island . one mistaken project influenc world sustain direct , ” say jens-pet saul , state project , exampl , complet co2-neutr build : “ mani project influenc world daili commit , say everi littl step journey count . also matter help someon reduc co2 emiss 20 per cent. `` sustain tool hand approach rais manag consult busi , character entir group . thu , 4,000 rambol staff last year train sustain compani 's intern sustain academi , sustain train univers , still develop . learn e.g . advis custom reduc co2 emiss materi select , recycl materi , make lca calcul think sustain alreadi design process . `` way , complement gener understand take becom sustain , engin also method tool hand actual implement , '' say ceo . even though engin given sustain method tool hand , mean enough hand fulfil come year 's ambit . manag consult area , energi area grew 13.8 per cent 2022 , jens-pet saul 's state target 2023 first foremost acceler growth . think succeed ? “ question rather fast succeed . much retrain engin take work sector instead current . seem , growth go strong area say custom fulli book . obvious look scale equip peopl move energi advice. ``",
,2023-03-13 00:00:00,SYNSPUNKT Åben dør-ordning: Afpolitisering er vejen ud af krisen for havvind,"Ingeniøren
Otto Brøns-Petersen, analysechef i Cepos",Link,"arous signific stir state far set use so-cal open door scheme offshor wind turbin . stakehold put consider pressur clarifi eu legal problem led govern pull plug . reason revis entir polici renew energi , character harm expens politic . basic problem-also behind eu case-i energi sector steep polit desir control develop , often encourag strong interest group symbol polici manifest . possibl determin us outsid whether stop open door well -found express offici ' overlook . specif , danish energi agenc state aid secretariat ministri busi affair assess risk violat eu 's state aid rule . far , wind energi receiv two form support . one load full cost wind energi inflict rest electr grid energi system . wind energi requir great backup capac , net capac futur also storag option norwegian water magazin hydropow longer reach 'batteri ' . form product support electr . level support determin tender , investor , requir least support , allow build offshor wind farm decid polit . support includ park sent tender . open door scheme , hand , mean one appli permiss erect wind turbin decid polit , without get product support . far , lucr . technolog develop competit led sign tender . got investor will pay build park . willing pay partli reflect benefit indirect support partli windplac sea scarc . way windplac also land investor pay landown right rais mill . develop also made open door-mil interest applic flow . author ' concern whether free access open door constitut illeg state aid winner tender pay . cours , also play role interest particip tender polit prestig project evapor access open door free . basic , need creat good , neutral framework condit renew energi , commerci decis socio -econom consider becom coincident . extens renew energi done market condit without polit govern without state aid favor fossil competitor pay high price deduc co2 . first , import run indirect support complet ensur tariff wind turbin power manufactur contain deriv cost backup capac , net capac , etc . secondli , wind energi decid . ideal , plan tender cancel , includ energi island , least new one plan . third , consist price sea area , reflect scarciti , ensur . exactli land price . far along way , handl scarc oil ga deposit north sea serv inspir . larg ident issu . case , right util scarc space sea gener -call basic rate . far -reach step would simpli abolish suppli allow util drive commerci use open door . tender still maintain , like north sea , tender round organ expans , control product accord polit target ( said polit agreement run north sea product , includ hold tender round ) . north sea , tender round open die side side without conflict state aid rule , uniform payment charg form hydrocarbon taxat . hydrocarbon taxat approxim tax basic rate thu solv price problem underground . realli payment util occurr scarc resourc . noth principl way incorpor offshor wind turbin state 's area hydrocarbon taxat . altern let basic rate accru state let compani util land come first . case , basic rate accru investor question , right translat , also price scarciti . howev , requir basic rate eaten race come first credibl special tax introduc anyway . otherwis , may appropri get tax regim place start possibl claus protect subsequ special tax , also known north sea . case , energi sector import massiv current politic . divis labor politician commerci actor first set neutral framework socio -econom healthi incent , privat oper fill without polit retail control state aid . wind turbin tower rønne harbor way offshor wind farm krieger flak . inaugur 2021 one park creat tender - energi compani vattenfal bid 37.2 øre per year . kwh .",
,2023-03-14 00:00:00,Vandkøling vinder frem i datacentre: Global Connect sænker servere direkte ned i væske,Ingeniøren,Link,"first time , immers cool taken , server lower directli liquid , use danish co-loc data center . `` lower camera liquid , '' call luke davi , data center manag nordic data center giant global connect . larg white space høje taastrup , global connect neighbor room run larg data center . room hundr squar meter larg virtual complet empti , except look like four larg connect bathtub corner , togeth reach 20-25 squar meter . purchas relax spa experi employe . use cool hardwork server use -call immers cool - also known submerg cool sunken cool . liquid mix miner oil ensur liquid conduct heat away electr conduct . get shock stick finger lit server . “ actual drink , 's someth would recommend . textur reminisc babi oil , ” say luke davi . heavi processor graphic card , exampl , artifici intellig emerg , need effici cool increas , immers cool forefront . `` immers cool aim server run intens work task , ai , autocad render major meteorolog analyz , '' explain luke davi . increas comput increas need cool today , cool take place air , either free cool compressor cool . also rest global connect 's data center høje taastrup cool . also futur , rel cheap method . even high effici fluid cool also come higher cost . therefor , far , work -intens task suitabl new type fluid cool . global connect today 17 larg data center site nordic countri larg number small server site . major cool air , either free cool compressor cool depend outdoor temperatur . global connect 's ambit 17 larg site offer immers cool next year . processor heart server regularli upgrad multipl transistor less space , cool technolog follow way automat . howev , peopl agre fluid take air cool . question quick convers go take . “ moor 's law mean comput power continu rise come year , need cool also rise . invest immers cool give clue think next gener cool look , ” say ander frich mathiesen , respons oper global connect 's data center respons . shake bag put new technolog oper , side gain occur . remov move part server , eg fan , electron also worn way . `` expect lifetim 20 percent longer standard system , '' say ander frich mathiesen . » besid blower remov - sure server fail miss fan - much adjust , besid extra neighborhood server need drip lift water bath. `` '' accord global connect , power consumpt cool serv directli liquid 90 percent lower compar convent air cool . cool effici , electron also press maximum without risk overh . `` exampl , overdu server 25 percent , pay financi , '' say ander frich mathiesen . vessel larger smaller server rack . » load electron , perform get higher . need run chat bot chatgpt , today requir larg data center 15,000 squar meter run standard air cool . 10 vessel , ” say luke davi . heat pump end road today , surplu heat mani danish data center disappear air . later year , global connect 's data center høje taastrup connect district heat network . howev , fluid cool better integr directli district heat network temperatur squeez higher . » liquid lead heat better air , cool effici . mean deliv cool water temperatur 40 degre immers cool , get 30 degre air cool , ” say luke davi . requir special hardwar denmark , north jutland data center compani asetek number year suppli water cool solut , surplu heat move district heat network . water pump around around encapsul processor electron come directli contact water . also provid high effici requir special hardwar . “ suppli co-loc data center , mean custom bring server , take care infrastructur . therefor , need abl handl type server special design hardwar , ” say luke davi . although intuit seem complet wrong lower electron liquid turn on-button , actual perfectli legitim way use equip break neither warranti insur polici . global connect , immers cool system purchas , contact number major server manufactur , dell , hp microlog , hear think lower hardwar fluid . “ turn alreadi insur polici includ immers cool . gave us belief solut , 'say luke davi . immers cool solut provid american green revolut cool . global connect first demand redund system , custom built solut høje taastrup . heat exchang goe tub , anoth readi take without server shut due lack cool . radic version water cool , microsoft becom known pack data center contain dump bottom sea scotland . » data center custom want close key fiber connect , data center sea 's bottom obviou . obviou explor possibl connect upcom energi island north sea , ” say luke davi . today , fluid cool solut use larg larg enterpris custom data center , profession cryptomin militari . “ 's new co-loc tri type fluid cool . industri , must constantli one step ahead room complet empti , readi new solut , ” say luke davi . green revolut cool , behind immers cool solut , announc great collabor intel develop fluid cool last year . connect larger save round intel , larg develop center four billion danish kroner loop , therefor current uncertain whether intel futur bet fluid cool .",
,2023-03-28 00:00:00,Svensk energipark skal producere en halv million ton brint om året,Ingeniøren,Link,"coast sweden , earli 2030 , half million tonn hydrogen year must produc earli 2030 50 kilomet southeast coast bleking , earli 2030 , 120 310 wind turbin electrolysi plant must erect . state propos energi island - `` energi hub '' - energi compani ox2 , consult . accord ox2 , energi park , name neptunu , intend effect 4.5 gw produc 17.5 twh power year . part electr gener must subsequ use electrolysi plant , must also instal energi park . accord ox2 , 500,000 tonn hydrogen produc annual . hydrogen product also play sweden role fossil -free societi . 2045 , accord swedish energi author , countri longer net emiss greenhous gase . order achiev goal , energi disput estim 2030 , prerequisit `` 5 gw electrolysi capac , anoth 10 gw 2045 . 1 gw electr produc 164,000 tonn hydrogen oper time 8,400 hour electr crolysi effici 65 percent .",
,2023-04-05 00:00:00,Energiø Nordsøen udvider til 4 GW: Energinet godkender elinfrastrukturen,Ingeniøren,Link,"blue stamp made energinet 's group board serious launch feasibl studi . two busi case upcom electr infrastructur energiø bornholm north sea approv group board energinet , access document show . pleas compani 's deputi director hann storm edlefsen . “ us 's mileston . import thing approv time blue stamp project start . politician want us start project earli matur complet reach polit ambit , ” say hann storm eldlefsen . say two approv push preliminari investig two project . addit , give energinet green light talk citizen affect local area prepar market talk depth belgium need establish upcom connect energiø north sea . line agreement energinet land german author fall . await signatur minist lar aagaard ( ) , minist climat suppli , approv busi case energi bornholm , thu live requir §4 energinet act minist stamp project certain calib . next step get energiø north sea needl eye . » happen energiø north sea . land agreement belgian north sea . right busi case readi signatur insid minist 's desk . first polit treatment , still take time get approv , ” say hann storm eldlefsen . access document show group board also approv applic energinet expand capac energiø north sea 3 gw 4 gw first phase , schedul complet 2033 . energinet appli attempt achiev better social economi previous question . accord materi , expans requir energinet increas capac energi island 's connect jutland well transform plant revs 1.4 gw 2 gw . accord access , plant revs becom slightli larger , chang gross area plan environment impact assess . mani risk great uncertainti permit expand grant condit politician christiansborg approv . yet happen , ministri told engin . probabl happen time ministri initi suppli island . whether realiz depend , among thing . whether social economi two island look reason . ministri current hold card close bodi . “ yet start spend big money made agreement deliveri . later . time , also expect updat decis -make basi turn come big chang busi case , ” say hann storm eldlefsen . chang like . letter juli last year , energinet write ministri `` busi case prepar significantli greater uncertainti risk tradit infrastructur project , energinet updat busi case 's decis basi ongo basi prove necessari . '' busi case manag tool project document busi impact project 's deliveri . addit , busi case contain inform justifi project start finish .",
,2023-07-09 00:00:00,Atomkraft lurer i kulissen: Stort behov for grøn el udfordrer Sverige,Ingeniøren,Link,"close electr gener great distanc present complet differ challeng sweden denmark . stabl electr suppli sweden 's pride . 50 year , ampl approach co2-neutr water nuclear power king . unlik denmark , coal oil special sight come electr gener , primarili use peak reserv load work . neither natur ga particularli widespread , singl natur ga pipelin swedish west coast stood 2020 three percent energi import . hydroelectr , hand , expand throughout 20th centuri , especi mountain rate central sweden , capac stabl 10,000 mw past mani year . late 1960 , nuclear power come field stabl electr suppli 12 reactor four power plant site . total capac fluctuat 1980 11,000 mw . today , six reactor left total capac 6,885 mw . overal , hydropow nuclear power today suppli 60 percent sweden 's electr gener 180 twh , rest come wind power , biomass bit solar cell . fortun , swede still surplu electr annual basi , consumpt today around 140 twh . especi 220 kv high voltag connect hydroelectr move energi toward stockholm area , 400 kv system tie nuclear power southern sweden rest countri . north consumpt spare industri former mine especi base fossil solut . industri provid electr boom wind chang blow . like denmark rest northern europ , sweden face violent electrif . `` total , think come consumpt 290 twh 2045 , '' say tobia edfast , unit manag grid develop swedish energi author svenska kraftnät : “ first foremost industri see huge need electr . larg part consumpt northern sweden , huge impact expand transmiss network futur , ” say , emphas although sweden today net export electr seen annual basi , expect deficit electr gener within rel year . help nuclear reactor close , includ barsebäck power plant , southern sweden . specif northern sweden , problem particularli great . opportun expand hydropow , therefor larg wind farm especi seen mountain . alreadi plan mani thousand mw wind turbin land , uncertain whether turn someth protest alreadi pour . convers energiflow sweden divid four price area north south : se1 se4 . differ product capac need transfer energi price area chang rapidli . “ face major transform energi flow differ area sweden . consumpt chang see wind power come north solar cell south , ” say tobia edfast . northern sweden , compani like northvolt skellefteå produc batteri electr car , h2greensteel booth produc 'green ' steel , mine compani lkab , break iron ore kiruna malmberget , respons increas electr consumpt . energi previous secur stabl product south ( se4 ) , closur barsebäck meant reinforc must also made : “ convers , also see slightli longer term need get energi transport north . top , mani exist 400 kv connect reach lifetim need replac . especi true west coast denmark , ” say tobia edfast . need new cabl precis toward denmark , also new challeng , within number year , cabl jutland zealand must renew transfer capac maintain . connect bornholm constitut special case island given statu 'energiø ' . meanwhil , svenska kraftnät , togeth german system manag , 50hertz , process build 700 mw connect directli germani , readi 2029 . denmark lot talk ptx , realli someth swede spend much time , say tobia edfast : '' right 's mostli get hydrogen steel cement product perhap connect offshor wind farm baltic sea , 's focu today , '' say . hand , discuss begun bubbl new nuclear power basi sweden 's prospect specif deficit electr gener within next 10 year : “ see movement power plant industri societi fact becom ok discuss new nuclear power sweden . especi power plant vattenfal begun look possibl , still earli phase therefor uncertain whether talk lifetim extens exist nuclear power plant , new tradit work smaller smr , ” say . certain , howev , sweden - like northern european countri - face huge challeng come labor implement mani project alreadi start : » appli link process , first environment analyz technic analyz project manag specialist . cours must supplier abl suppli compon equip , ” say tobia edfast . therefor , svenska kraftnät also see prospect price electr fall significantli come time .",
,2023-04-12 00:00:00,Fra næsten ingenting til lidt mere: Metode forbedrer atmosfærisk CO2-fangst,Ingeniøren,Link,"studi scienc advanc present method catch atmospher 's co2 , among thing make sea possibl storag space . accord climat council , still quit uncertain whether catch atmospher 's co2 futur technic financi opportun . large-scal system direct air captur ( dac ) yet avail , largest plant catch 4,000 tonn co2 annual . correspond 533 averag dancer ' annual emiss . word , room improv , exactli research lehigh univers made bid . scientif articl scienc advanc , present new method captur co2 atmospher absorb 5.0 mole co2 per kilogram absorb materi . research base amin-bas materi , often use co2 catch . ad copper materi , made method two three time effect catch exist dac technolog , articl 's summari say . limit comparison basi otherwis , basi comparison larg , explain philip fosbøl , associ professor dtu chemistri techniqu research co2-catch . “ 's compar dac technolog , classic common solut today . exist exampl , 'he say . reason , welcom new approach . “ 's alway inspir new way thing . definit potenti , ” say philip fosbøl . `` said , also number concern . '' return , first must present new method . sea storag space newli develop co2 filter , mention , extens amin-bas catch materi . polyamin cu ( ii ) . therefor , filter use way technolog known today : co2 gaseou form captur releas ga form sight storag commiss . also hybrid materi addit reaction step ad . `` new way catch co2 , immedi base ion exchang , '' say philip fosbøl , know similar electrochem catch method research partner . ad salt water next reaction step , co2 precipit form nahco3 - bake soda everyday speech . lehigh research even demonstr seawat use reaction open possibl use sea storag space co2 direct alkalin bake soda solut ocean . circular perspect lost high catch effici possibl bypass often expens storag underground , research believ new approach long term remov co2 price less dkk 700 per ton . comparison , climat council estim dac subsequ storag cost dkk 2,600-4,400 per ton . philip fosbøl 's concern ? first , recycl absorb requir anoth reaction step format bake soda , polyamine-cu ( ii ) restor . requir suppli caustic soda sodium hydroxid ( naoh ) relationship one one co2 catch . `` , one ton naoh need captur one ton co2 . 's right , realli much . come ? ” say philip fosbøl . caustic soda must dilut factor 100 . thu , 100 time much water per tonn captur co2 , caus larg water consumpt philip fosbøl 's eye . `` n't realli control circular portfolio , '' say . dtu lectur estim still number difficult scale step ahead method lift laboratori level million-ton scale . present , accord , method `` far practic '' . requir whole energi island oper accord climat council , two major uncertainti associ dac : cost energi consumpt . current known technolog , intern energi agenc , iea , estim latter 6-10 gj per year . ton co2 . exampl , denmark catch 5 million tonn mean green electr , energi consumpt approx . upcom energiø bornholm product . base philip fosbøl 's assess , new dac technolog chang imag . rather contrari . “ 's go requir two three time much energi exist method . place great demand product energi , ” say dtu lectur . larg amount air system energi consumpt associ sever stage catch process . exampl , contemporari amin-bas catch method requir heat absorb materi releas co2 catch . , research lehigh univers promis abl keep desorpt process temperatur 90 degre c thermal releas co2 made . altern , co2 releas ambient temperatur done use aforement reaction salt water . anoth signific factor relat high energi consumpt current dac process rel low concentr co2 atmospher . despit co2 concentr 420 ppm , measur may last year , highest measur result histori climat insert small part composit atmospher . `` caught co2 air atmospher , concentr small , larg amount air system , '' say philip fosbøl . `` develop setup requir larg energi -intens fan . '' one know dac futur setup eventu look like , philip fosbøl guess . `` immedi , n't think know today technolog domin futur , '' say . “ difficult predict develop dac technolog , goe one way . forward . '",
,2023-04-17 00:00:00,Synspunkt: Energiøer: Pres ikke danmarkshistoriens største investering igennem,"Ingeniøren
Claus Leth Bak, Professor , AAU Energi
Filipe Miguel Faria da Silva, Lektor, AAU Energi",Link,"wildli impress project gigant step green transit : energiø north sea cost 200 billion kroner suppli enough power cover half current danish consumpt - island even expand tripl . pressur reach project 2033 . requir technolog fulli develop yet expens supplier hardli keep exist need . also , enough qualifi labor , whole , project someth marsmiss research dtu aalborg univers previous describ whitepap . even tool need plan energi island make comput simul challeng . sever part plan base simul model , come supplier technic solut . get technolog purchas thu lock . also case today wind farm transmiss electr via high -voltag connect dc . extra big challeng huge energi island north sea complex much greater , limit learn previou instal new , groundbreak project . messag pull plug . . requir resourc time enough devis optim solut . mistak made , danish societi risk pay dearli . skew 5 per cent . 10 billion kroner ! unknown factor gigant project equival launch whole new form car , new type engin run differ kind road know develop yet . time , run accord new traffic rule start talk . . exampl power-to-x , power wind turbin translat green fuel use heavi industri transport . furiou good idea develop lot . exampl , product sustain flight fuel aalborg begin next year project mesaf , aau energi partner . project like energiø north sea , necessari power-to-x develop faster larg scale suffici fuel produc util surplu flow wind turbin north sea . fuel must set asid vehicl machin driven must readi either built purpos rebuilt engin run sustain fuel . develop happen fast enough , much power electr grid . requir web reinforc alreadi expens . accord report consult firm rambol march 7 year , expans cost dkk 110 billion - 30 billion estim 2020 . signific expans also take long time , doubt whether reach time . time , larg amount surplu current energi island period much wind either go wast sold extrem cheapli . exampl , one expect export germani , even process signific expans offshor wind turbin . anoth exampl labor . lack qualifi hand head everyth heavi construct work extens technolog develop plan , requir , among thing , mani engin . requir social respons taken young peopl made interest creat specif technic solut green transit need - among thing energi island . start primari school go way research program univers . gigant amount electr produc offshor wind farm must go shore connect electr grid . assum make solut work well use today . current electr grid base ac ( ac ) , base old technolog tri decad network expand learn problem aros . time , energi island must abl connect electr grid via multit termin , high -tension dc ( mthvdc ) . one tri shift two termin sever termin hvdc , multit termin high -tension dc today . restrict dare energi island , overal new concept test use way extent electr grid requir . necessit research great deal develop work supplier equip build oper offshor electr grid . also help standard introduc sever area . energi island press quickli , risk lock one supplier . make futur tender difficult make difficult implement new technolog solut develop come year . solut mthvc work properli , economi throughout project wors green energi nearli access . far , develop electr grid taken place step could learn along way . larg system establish , risk shelf life like compon shortest life continu replac tri new system , interact old new equip give problem . definit good idea invest massiv sustain energi creat signific project drive develop forward . work intens aau energi , one research mission directli renew energi energi island . crucial resourc time alloc enough ensur plan develop technolog , giant step forward green transit taken properli .",
,2023-04-25 00:00:00,Ni lande vil fordoble strøm fra havvind i Nordsøen,Ingeniøren,Link,"120 gw offshor wind 2030 least 300 gw offshor wind 2050 . common measur sign nine countri yesterday north summit oostend belgium . capac north sea 's offshor wind must doubl 2030 . becam head state minist denmark eight countri agre yesterday 's north sea summit belgium . sign five agreement statement , particip pave way north sea 's total offshor wind capac 120 gw 2030 least 300 gw offshor wind 2050 . take cover consumpt european household , transform north sea decid power center wind energi , ministri climat , energi suppli ministri note press releas . howev , belgian prime minist alexand de croo rush say repres countri well awar requir someth power effort we-branc , alreadi difficulti live ambit relat produc set requir number mill . therefor , agreement also sign allow pace turn , among thing . increas standard , improv secur strengthen coordin . take care plan reach goal - tri time , industri forc knee , warn cro . connect across go far review individu agreement . sever ( link http : //kefm.dk/aktually/news/2023/apr/danmark-indgaar-en-rarakke- agreements-om-taetter-energi connections-til-europa ) collabor countri possibl connect danish energiø nørsøen foreign energi hub . help ensur danish -produc green power also transport consum industri countri . shortli summit also announc netherland , accord euronew , enter histor agreement uk link dutch offshor wind farm uk 's electr grid . project call lionlink schedul air earli 2030 , write skynew . 100 compani industri also use summit publish statement emphas massiv need great new invest increas product wind turbin support infrastructur form network port . statement refer estim made european organ eurowind . show seven gw offshor wind turbin year , european industri current abl produc set year , suggest tailor hell . need increas pace 20 gw year 2030 abl follow . last month , eu countri member european parliament agre doubl product renew energi end decad . accord agreement , proport renew energi eu 's total energi consumpt must 42.5 % 2030 prefer 2.5 % higher attempt reach 45 % . new rule part fit 55-legisl packag , reduc u-emiss 55 % 2030 . 2021 , accord eurostat , renew energi account 21.8 % energi consumpt eu . wind made 37.5 % total electr produc renew energi sourc . pipelin wait far largest offshor offer one know yet whether agreement enter desir effect . land year small invest wind turbin europ industri home critic danish govern break so-cal open door scheme allow develop bid project one self -select area money . attempt rais pace , danish author promis initi largest offshor wind offer year . suppli kick -start expans nine gw offshor wind end 2030 - number turn 14 gw - mayb even . govern 's propos new marin plan also contain doubl laid area renew energi , ministri write press releas .",
,2023-04-25 00:00:00,Storbritannien og Holland skal forbindes med nyt kabel og havvindmøllepark  ,Ingeniøren,Link,"new cabl uk netherland make possibl send energi direct offshor wind farm north sea . cabl , offshor wind farm convert station complet 2031 . denmark think energi island . next year , belgian grid compani elia construct energi island . germani netherland also previous shown interest build energi island , either regular island platform . british come field collabor dutch . new project call 'lionlink ' must connect two countri hvdc cabl offshor wind farm . project present connect monday 's energi summit belgium , nine northern european countri met discuss energi around north sea . , countri agre doubl target wind power north sea , instead 150 gw , hit 300 gw 2050 . uk alreadi connect abroad total transfer capac 8.4 gw . , 1 gw goe directli netherland via britn connect 2011 . new lionlink connect add 1.4 2 gw new transfer capac two countri . mention , lionlink must connect transform station dutch part north sea , cabl one offshor wind farm . initi , transform station expect transfer capac 2 gw . energi wind turbin must connect platform via 66 kv ac cabl . transform 525 kv dc . order send energi uk netherland , transform station must equip so-cal hvdc multit termin . technolog today known rel instal world . partner uk netherland expect tender project readi 2026 connect readi around 2031 .",
,2023-05-03 00:00:00,Energiø Bornholm kræver over 30 milliarder kroner i statsstøtte,Ingeniøren,Link,"new figur ministri show huge slide energiø project 's economi expect profit dkk 16 billion thunder grow billion deficit . economi energiø bornholm , 2030 collect point 3 gw green electr offshor wind turbin , goe bad even wors . show updat assess project 's profit ministri climat , energi suppli prepar engin come possess . like scenario , design energi island continu adapt upcom climat target , deliv project econom deficit dkk 12 billion , must cover state aid . scenario trigger support requir dkk 1.6 billion annual 20 year - total dkk 31.5 billion . correspond dkk 10.5 billion per gw . deficit grown two billion sinc last estim sent fall . , ministri set project deficit dkk 10 billion . comparison , ministri expect profit dkk 16 billion energi island 's origin busi case , creat climat agreement 2020 . give total manko 28 billion kroner 2020 today . see democrat deficit howev , prospect stand larg bill project came abl deliv plu bottom line make govern drop plan . project continu . great wonder consult firm kraka advisori . » energi island agreement hold prerequisit island profit . therefor , govern agreement parti major problem reach opposit conclus without announc citizen , ” say frederik læsøe nielsen , senior economist kraka advisori . continu : » project exud democrat deficit . project economi get wors , ministri expect , politician owe tell citizen still keep go way . politician owe defend one pull handbrake. `` view share altern climat mayor theresa scaveniu . “ altern take good care citizen ' money . seem govern context . tri go solut build renew energi without unnecessarili expens , ” say theresa scaveniu . new figur nurtur parti 's skeptic project . `` alway skeptic whether good way make renew energi predict realli expens solut , '' say . state aid benefit german calcul base fact two-third electr produc schedul sold germani transfer directli german electr grid via cabl . frederik læsøe nielsen hard time see mean , sinc establish oper island requir massiv state aid denmark . `` strang idea order establish energi island state support , first foremost produc electr german , '' say frederik læsøe nielsen . obviou path outsid state aid , opinion , move part energi island 's plan energi product land . land wind much cheaper establish oper - cheap certainli need state aid , say . addit present economi like scenario , ministri also review sever scenario . common project economi look even wors case . scenario 'frozen polici ' , energi island chang shape regardless happen around , ministri expect project deficit dkk 26 billion . dkk state aid requir dkk 58 billion . addit , figur present -call equilibrium -correct scenario project -econom deficit -16.6 billion . dkk support requir dkk 32.1 billion . final , scenario 'target fill ' , deficit expect dkk 6.5 billion support requir dkk 12.6 billion . govern parti decid whether energiø north sea realiz .",
,2023-05-23 00:00:00,Politisk aftale i hus om transport af brint: 'Så kan vi få lagt rør i jorden',Ingeniøren,Link,"govern parliamentari parti agre network pipe must establish denmark transport hydrogen ptx . denmark hydrogen industri , necessari build network pipe transport hydrogen ptx plant industri use hydrogen denmark europ . major christiansborg appoint state compani energinet evida oper pipelin . evidenc new agreement - come continu ptx offer open april - parti folket except danish democrat new citizen agre . » great ambit expans offshor wind , suppli larg quantiti green power , use , among thing , make hydrogen green fuel replac fossil fuel denmark export german industri . agreement clear stone road put pipe ground make adventur come true , ” say climat , energi suppli minist lar aagaard . share task evida energinet distribut task . evida must , start point , connect domest hydrogen produc consum connect link hydrogen system , energinet basic stand -call `` backbon '' pipe . , connect abroad , connect upcom offshor plant ( energi island ) pipe connect across countri hydrogen stock . energinet also look forward becom system manag hydrogen network . `` today 's agreement , abl take next big step redeem potenti renew energi denmark new danish posit strength ptx , '' say thoma egebo , ceo energinet . agreement also state state fund direct state cost must made pipe network . propos financ extens take place must readi soon possibl 2023 . ceo evida , kim søgård bere kristensen , `` look forward develop [ hydrogen ] infrastructur continu close dialogu market player support busi ambit futur hydrogen economi '' . brint busi prais minist h2 energi one compani demand hydrogen infrastructur . told compani 's director , rasmu bach nielsen , among thing ing.dk fall 2022 . “ logic connect product hydrogen esbjerg hub egtv , export germani avail . triangl area , import thing major consum may aris , refineri , ” said . agreement place , say rasmu bach nielsen : » agreement import step entir green energi sector . know exact distribut role energinet evida , push process get pipe soil , ” say , prais lar aagaard put turbo entir ptx area rel short time . h2energi , howev , look clariti pipe locat . `` cours , understand thing take time polit process , final invest decis depend time pipe esbjerg fredericia readi use , also price use actual pipe . said , agreement document import step . ptx defin whole new industri denmark help promot countri 's green futur , ” rasmu bach nielsen told engin .",
,2023-05-25 00:00:00,"ANALYSE Næste gang staten udbyder havvind, bliver det markant anderledes end før",Ingeniøren,Link,"engin find demand sustain environ upcom suppli new offshor wind turbin . denmark go far countri . offshor wind offer govern number parti current negoti look significantli differ . listen sourc close negoti come principl alway choos cheapest bid step background . provid room make number minimum requir - -call 'threshold ' - relat sustain park , recycl materi spectacular mill relat natur . accord engin 's inform , minimum requir broad support , basic brought field sf , earlier spring made propos use part tender price restor natur biodivers sea . sf propos earmark one percent construct sum restor preserv natur biodivers sea . two -third amount , develop must even dispos natur measur describ tender process . one -third must go fund e.g . invest stone reef eelgrass . although propos meet great sympathi polit corner world , still disagr detail . state co -owner although state wave goodby pure financi found tender round , good day threshold model , see place abroad . germani , belgium netherland , develop provid solut suppli stabl electr suppli seen day , via combi solut ptx . problem , addit requir automat also cut extra slice price would otherwis abl collect give winner tender access area . ministri climat , energi suppli therefor protect opportun make money . recent announc govern look model ensur state collect concess fee tender time 25 percent park offer . call innov offer govern take small step disappoint develop vattenfal , call tender round , focus find innov propos rather cheapest . howev , idea time ground energinet danish energi agenc , nervou tender process open charg gate complaint reject develop . risk litig case thu pull long stretch simpli great . better go faster safer suppli , say intern sourc environ . thu , technic front , govern agreement parti continu negoti rel classic tender model total pool total 9 gw , 6 gw suppli hesselø ( 1 gw ) , ware flak ii/categori ii ( 2 gw ) , nordsø , ( 3 gw ) , energiø bornholm deliv 3 gw . addit , govern allow overpl increas mill densiti allot area ​​anoth 4 gw . howev , 4 gw part tender thu secur e.g . net . therefor , abl use establish ptx . far , energiø bornholm still pool . negoti front got hard slow , new calcul energiø bornholm 's economi recent show state aid requir dkk 31.5 billion . crown like scenario , risk island taken driven parallel track . sluggish result sever rapporteur chop brake economi look bad . rapporteur becom concern whether realli best way spend money , despit fact alreadi drop requir island profit . stand fall electr price howev , drop energiø bornholm , howev , hardli talk . case , would long sinc happen , e.g . govern 's financ committe three month ago assess two set close energiø bornholm somewhat larger project energiø north sea . financ committe chose keep project recognit energi island system import establish connect denmark abroad . latest calcul energiø bornholm , govern civil servant may also come stretch leg . dive materi underli ongo negoti energiø bornholm , govern expect abl earn 26 øre per kwh . legal low ask han henrik lindbo , partner ea energi analysi . assess , electr price 40 øre/kwh unrealist . electr price realli becom crucial red number becom bottom line . also electr price determin whether project need state aid . govern choos take serious consider give island electr price zone , electr price level develop could earn elsewher - develop need compens either need scratch via higher tariff state aid . summa summarum lot unresolv question help make project uncertain - premis govern also repeat . therefor , would strang govern end pull island tender equat .",
,2023-05-30 00:00:00,Det må briste eller bære: Havvinden ved Energiø Bornholm får ingen statsstøtte,Ingeniøren,Link,"govern current negoti put ceil state aid energiø bornholm dkk 17.6 billion . despit estim need dkk 31.5 billion . kroner . support earmark cabl germani zealand thu offshor park . energiø bornholm count state aid establish cabl connect germani zealand . show propos support ceil engin obtain focal point ongo negoti energi island 's upcom suppli offshor wind . propos state 9.6 billion must given . dkk invest oper cabl zealand , 7 , 3 billion dkk invest oper hvdc convert bornholm dkk 0.7 billion . dkk sustain packag goe secur number minimum requir , threshold , materi protect environ . overal , run 17.6 billion kroner . dkk 14 billion less amount ministri financ otherwis calcul real support need energiø bornholm . ministri 's latest calcul show support requir dkk 31.5 billion like scenario . » principl , support made provid support offshor wind energiø bornholm . $ 17.6 billion crown go almost alon make connect . de facto seem direct support offshor wind , ” say carsten chachah , senior manag consult produc ' trade organ green power denmark . realist bidder offshor wind energiø bornholm manag without state aid ? “ hard time answer . depend electr price cost use bid , ” say continu : “ offshor wind develop relat final agreement - market dialogu get final term tender condit place . develop offer see project carry. `` access document document februari ministri financ ask danish energi agenc prepar analysi consequ would drop energiø bornholm replac radial offshor wind place . turn detract economi . compar project radial offshor wind area rather complet differ place ? “ quit limit opportun offshor wind size talk zealand . north sea , great potenti . e.g . make hesselø bigger , physic space , ” say .",
,2023-05-31 00:00:00,Energiø Bornholm hænger i tynd tråd med ny havvindaftale,Ingeniøren,Link,"govern agreement parti offici enter agreement largest expans offshor wind danish histori 9 gw offshor wind , although signific risk energiø bornholm thu one -third agreement 's wind turbin complet drop . sever parti critic new polit agreement govern number parti enter last night , set framework offer least six gw offshor wind plu energiø bornholm , set 3 gw . think agreement rock ground think uncertain whether bidder energiø bornholm . sever agreement parti concern great support requir dkk 31.5 billion . kroner , island , accord latest estim danish energi agenc , seem . state steffen frølund , particip negoti mp liber allianc . “ earli process , made clear would agre provid state aid entir expect cost dkk 30 billion . kroner . therefor , negoti $ 17.6 billion . kroner , correspond cost establish danish part infrastructur form cabl plant , ” say steffen frølund . find new busi model thu , agreement contain support develop want establish oper wind turbin convert wind electr . cope market condit . `` setup must thu somehow abl make cheaper ministri expect abl . may either build cheaper get better busi case afterward , abl sell electr expens , hydrogen worth , ” say . calcul liber allianc parti present suggest improv social economi build cheaper . hand , someth pick develop manag rais money product electr price danish energi agenc chosen base calcul , name region 26 øre per kwh . ask han henrik lindbo , partner ea energi analysi . estim estim electr price low set . find unrealist expect electr price 40 øre /kwh . » social economi energiø bornholm becom sensibl develop expect get product board state . higher electr price , social economi get zero . necessarili good enough develop offer project realiz , ” say steffen frølund . new agreement depriv develop courag bid , could mean project fall apart even start . case , accord steffen frølund , could mean `` energi island built . '' case , 1.2 billion danish tax dollar , far spent make project viabl , lost floor . purpos blow wind agreement text contain explan purpos energiø bornholm . great climat effect hardli go , point steffen frølund . exactli far energiø bornholm concern , parti actual given note prepar danish energi agenc . conclud island climat effect therefor avoid front . 2030 , energi island schedul complet , ellen electr outlet green enough affect climat effect . purpos energiø bornholm origin argument build crumbl ? built 2030 ? » cours would like lot green power exampl . hydrogen product . secur suppli need greater geograph spread util offshor wind . final , negoti also present secur polici argument help make denmark independ russian ga , ” say steffen frølund . hasti process theresa scaveniu ( å ) realli buy argument energi island think new offshor wind agreement taken unemploy - irrespons - basi . feel entir agreement rush without problem properli elucid . “ 'm shock hasti process . came mind govern said friday negoti must close . n't feel readi , still first find 's financi risk , ” say theresa scaveniu . say repeatedli call basic analyz current market situat , countri expand offshor wind happen netherland , consid one front runner area . “ make big decis , investig case thought differ scenario make decis base mani paramet . worri ministri financ , ministri busi , ministri climat done analyz without want share us , ” say . formul hurri one thing wonder agreement word decis 3 gw offshor wind offer auspic energi island must postpon later , unless succe get set asid develop . “ 's unclear mean . formul hurri . time formul anyth make sens , ” say . final , miss agreement text set new agreement previou agreement conclud 18 , 20 22 . “ risk parti agreement sell offshor wind mani time . unclear agreement top previous conclud , ” say theresa scaveniu . also difficulti see new agreement actual move relat new minimum requir sustain bidder must fulfil order offer project . » report requir come relat eu law would thu also place without agreement enter . sinc decid tender criti , tender continu competit price , ” say . vattenfal 's innov director thoma hjort yet abl say whether compani bid project auspic energiø bornholm . `` n't know yet . energiø bornholm complic project , especi electr connect offshor wind , also gener connect denmark germani . look forward becom wiser upcom market dialogue. ``",
,2023-06-01 00:00:00,Forslag: brug 130 mia. kroner over de næste 20 år til et netværk af brintrør,Ingeniøren,Link,"cip foundat sign field indic network hydrogen tube roll denmark export . time , state deliv agil case manag guarante invest , could result export dkk 100 billion . kroner annual . turbo green transit cip foundat must come suggest hydrogen network expand . fund focus hydrogen export right framework , could result total product 216 twh , 200 twh expect export valu dkk 100 billion . kroner annual . 's fund write new report . “ climat wait longer , gener 's choic whether denmark still remain green pioneer countri year . hydrogen go play key role europ 's green transit , denmark except good condit produc green hydrogen north sea baltic sea competit price , ” fund write press releas board member ander eldrup sender . especi export heavi industri germani , netherland belgium draw size network . main point propos follow : denmark must bet hydrogen market invest coher infrastructur expans must focu foreign connect offshor connect , export come north sea baltic sea new hydrogen infrastructur need built dimens need futur establish requir flexibl framework begin support term state , assum part risk hydrogen infrastructur expand stage stand alon depend futur decis decis must made upcom connect organ approv process time wast undu case manag play cip foundat well link polit agreement month may ownership hydrogen network denmark . decid energinet stand `` connect cross -border tube -bottom hydrogen infrastructur danish recipi point , offshor pipe -bottom hydrogen infrastructur cross -border hydrogen tube across countri hydrogen warehous , -call backbon '' , evida must respons “ connect domest hydrogen produc consum ” . cip foundat also propos new pipe transport hydrogen locat , , surpris evida complet 2022 , result 70 regist hydrogen produc plant . propos emphas denmark build pipe network , import right size start . 's charlott b. jepsen , lead partner cip foundat , say : '' roll -out plan , largest construct project danish histori , import size start larg enough match futur need - least export context , '' write . two new hydrogen island someth new , cip foundat assum larg part futur green hydrogen product deliv two dedic hydrogen island north sea , one doggerbank one near plan , upcom state energi island . island must direct connect denmark germani . seem consensu big hydrogen pipe , cip foundat goe desir role state . polit agreement , emphas decis yet made result “ bond relat state co -financ direct state cost ” . cip foundat 's report , plan state , addit smooth case process submit project applic , play activ role relat reduc risk establish hydrogen infrastructur . must done state take risk behalf futur use hydrogen infrastructur , repaid time . , fund write , requir `` rel flexibl uncompl frame start accommod market construct time meet market 's need know long -term framework condit '' . cip foundat call `` kind sandbox regul period later implement specif rule '' point principl form hydrogen market eu propos . howev , point come privat actor , seem capit readi . challeng get money channel specif project . also risk invest hydrogen network . first foremost , cip foundat point resourc , qualifi labor , raw materi rare metal .",
,2023-06-02 00:00:00,Landvind: alt for meget snik-snak og for lidt handling,Ingeniøren,Link,"arm weather sever place fact new agreement framework offshor wind place wide major folket , reason dwell correspond slow setup wind land . exactli profession financi caus stand way onshor wind . rather , matter -call visual pollut said even jysk : one neighbor dirt . new polit agreement must quadrupl product green electr sea lead 600 giant wind turbin , greater impact neither denmark 's 2025 2030 target . suppli offshor wind well develop setup mani mill park heavi affair . contrari set well far cheaper technic uncompl set . rule thumb offshor wind cost 50 percent construct - hand , also produc energi onshor wind . argument appli giant rural wind : war -ridden time , far easier protect energi infrastructur land -fix mill . know russian map grid sea , attack nord stream shown noisi clariti difficult protect type cabl instal sea . time horizon also crucial . ørsted , vattenfal variou mutual fund erect landmil pace crucial denmark reach short -term climat target . climat scientist repeatedli emphas , time decis factor avoid catastroph effect rise temperatur . undeni offshor wind taken place one major prestig project danish green transit . energiø bornholm grown 3gw , energiø nordsøen , polit decis made expand 10 gw end 2040 . addit , number offshor wind farm , among thing . thor offshor wind farm 1 gw , expect open 2028 hesselø park , continu await tender , dimens 800-1200 mw . mani good reason offshor wind thu consum victori stool . minor nuisanc citizen , everyth els easier build big scale . offshor wind expens therefor critic lot quiet revit develop onshor wind . year ago , debat municip rage pickl approv wind farm lay area wind . led agreement june 2022 , promis quadrupl product solar wind energi land 2030 , made possibl faster author work , strengthen local support set-up help state get start local energi park . problem littl happen . fact , capac megawatt danish land windmil stand fall year . mani municip process climat action plan lay area energi park - area mill sun park set . year later , must note still mani municip small number mw wind power . appli e.g . municip north zealand greater copenhagen ballerup , gladsax , helsingør , eged allerød . also jysk funen municip nordfyn , horsen fredericia appear far list municip renew energi . `` case must put seventh gear , '' critic announc dansk industri said recent . organ also emphas municip main respons promot adopt local plan solar cell wind turbin project . industri compani easili chang product away fossil fuel , suffici local suppli , solar cell wind turbin benefit consum corpor electr bill , new analysi industri organ green power denmark show . electr bill danish privat profession consum total dkk 25 billion . dkk higher necessari instal solar cell wind turbin delay around europ , say . let 's listen reason green pave fewer 1000-krone banknot . let 's put turbo construct sever landmil spars popul area . , significantli fun neighbor smelli pig farm hundr thousand pig pesticid destroy drink water .",
,2023-06-07 00:00:00,Ny politisk aftale: Vindmøller og energiøer får knap en tredjedel af Danmarks havareal,Ingeniøren,Link,"addit renew energi area , total natur environment protect must 30 percent danish sea area futur . togeth parti folket , govern reach agreement new danish marin plan focus natur protect biodivers , offshor wind turbin energi island cover much larger area previous announc . state ministri busi press releas . `` 's good day sea , '' say busi minist morten bødskov ( ) . `` agreement denmark 's sea plan proof signific expans renew energi , strengthen protect sea consider fish industri go hand hand , '' add . new marin plan line 2030 object eu 's biodivers strategi sea , claim . futur , total natur environment protect must constitut 30 percent danish sea area , 'an ambit ' so-cal 'heavili protect ' area gradual constitut larger area make 10 percent sea area 2030 . `` signific increas , '' say environ minist magnu heunick ( ) . “ dire need press harbor natur . lobster guinea pig give speci natur sea better conditions. `` addit , minist environ point parliamentari parti agreement want reduc area raw materi recoveri , seab destroy , anim life disappear , among thing , sand coastal protect , concret project upcom artifici island copenhagen , lynetteholm . raw materi recoveri sea must , minist environ consult tomorrow . money fish addit better protect natur , new sea plan aim better util potenti offshor wind , especi danish part north sea . parliament agre doubl outlay sea plan renew energi energi island . mean 30 percent danish sea area laid renew energi . specif , area laid kattegat , skagerrak baltic sea , well western part north sea . minist climat , energi suppli , lar aagaard , say : » attract sea area , denmark must green power plant europ contribut climat goal , secur suppli independ fossil fuel . requir massiv extens offshor wind. `` larger part sea area set asid renew energi natur protect , everyth els often . new sea plan , dkk 75 million set support sustain develop danish fish industri , includ promot new technolog better interact environ natur `` . `` necessari rethink danish fish look danish fish secur futur robust competit profess '' .",
,2023-06-13 00:00:00,Mens vi venter på energiøen: Vores Nordsø-naboer rykker,Ingeniøren,Link,"danish energiø first north sea , economi therefor press , still space market electr product . belgium germani alreadi well process establish energi island north sea , netherland uk follow right . seen idea plan purchas equip . overal , prospect neighbor countri north sea within timefram denmark faster - readi send 11.3 gw electr offshor wind turbin european electr market . meanwhil , start date danish energiø move 2030 2033 , danish actor still wait tender materi danish energi agenc . howev , fact countri come effort establish energi island necessarili becom major problem denmark , say lena kitz , associ professor head research group societi , market polit dtu institut wind energi energi system . last year , colleagu publish articl journal energ , quantifi socio -econom valu offshoret identifi import driver use model europ 's energi system develop 2050 - also offshor wind area . help model , research analyz term decarbon energi system futur , social econom establish 214 gw interconnect energi island north sea-th equival least eight-nin island , order 20 gw . analysi , howev , research expect island larger 24 gw . peopl like littl less - especi begin develop . `` calcul show energi island need north sea - mayb eight piec look toward 2050 . 's one countri stretch leg countri 's plan build energi island hurt build first . north sea countri probabl get energi island futur , ” say lena kitz . never expect danish island one , question whether problem even come number two , like number last ? “ util resourc first get greatest financi advantag . therefor , new energiø offend price imag electr offshor wind turbin gener north sea , ” say carsten chachah , senior chief consult greenpow denmark . howev , consult firm ea energi analysi , press press get start plan : “ know good idea energi island , made suffici analyz determin . 50 year , may abl conclud best layout perhap solut littl cheaper . right , think speed import perfect , ” say partner han henrik lindbo . idea ​​an island energi larg offshor wind farm north sea convert dc distribut electr market price best launch dutch grid compani tennet back 2016 . uk/holland - dutch part north sea : sinc grown grown , last year belgium , netherland , germani denmark agre interconnect system energi island hub north sea , 150 gw wind power could connect . april year , task expand sever countri target least 300 gw offshor wind 2050 . danish energiø 100 km west thorsmind launch 2021 support almost parti folket , goal 'the world 's first ' . connect , climat , energi environ minist dan jørgensen ( ) said `` import denmark pioneer countri . '' way , countri inspir danish solut . must said becom , sever countri around north sea long overtaken danish plan . belgium , tender materi sent contract sign . construct artifici island underway 2024 , island 's energi infrastructur put oper year 2026 2030. . connect , denmark belgium enter agreement connect two upcom energi island via cabl call tritonlink . likelihood , howev , happen year 2033 . belgium - 30 km oost belgian part north sea : belgium denmark , fact , build island hous electr equip possibl also make room spare part , staff build hydrogen product , germani netherland chosen anoth solut . platform larg convert station place . look german solut show first place may 'real ' energi island , convert station connect singl offshor wind farm led ashor . total , german grid compani plan platform german part north sea northwest wilhelmshaven . convert station allow connect fl cabl technic call 'multiterminal-hvdc ' system . system necessari abl send energi price highest . hand , dutch alreadi incorpor solut . 'island ' also platform , expect commiss date link 2030 uk via cabl call lionlink . first stage 2 gw expand modul 2 gw . meanwhil , danish actor still wait tender materi danish island north sea . process made easier latest financi calcul energiø bornholm , show need state aid dkk 31.5 billion like model . need need support high , among thing . result expect electr price set low also includ , expect cost establish interconnector . impact energi island north sea , origin form sit like spider middl cobweb electr connect countri around north sea . danish energiø north sea laid , far complex , possibl futur -proof structur , exampl , german platform , carsten chachah wonder german go solo clean platform . `` thought germani would concern link danish energiø start , danish-german collabor develop energi island , '' say . germani - northwest wilhelmshaven german part north sea : tennet four platform 2x2 gw 2x0.9 gw . put oper 2028 , 2029 2030 . connect cabl germani . ptx platform illustr : tennet . han henrik lindbo , import keep mind island readi 2030 , also accept process complic island polit team establish artifici island connect countri denmark . estim schedul 2030 could reach gradual connect island . accord han henrik lindbo , desir artifici island delay process - desir get intern agreement place start . “ even though think need get start soon possibl , n't problem come other . sometim fine let other take first step learn mistak , ” say . risk wait long , previous mention extra bill energiø bornholm , explain han henrik lindbo : “ right also run thor-vindmølleparken , found state even make money . therefor , could risk politician would rather whole seri 'thor ' park secur incom purchas energi island socio-econom risk els equal , 'he say , emphas would realli bad idea would cut connect wind farm directli neighbor countri . word , would directli counteract 300 gw wind power agreement north sea politician enter april year . part entir discuss energi island versu platform , hydrogen becom crucial economi . platform model add hydrogen product land , also seem intent german solut , cabl go coast , far inland close larg industri center . carsten chachah also found , believ indic technolog economi clearli point hydrogen product rather happen artifici energi island , although also acknowledg may earli conclud . han henrik lindbo , hand , estim hydrogen product like achiev best economi take place island . save expens electr transmiss - industri site artifici island also expens , stand fall compact establish electrolysi plant , say . » hydrogen product must flexibl consum put financi bottom electr market , whether establish island ashor . shame placement question delay develop plan , locat crucial , ” say . lena kitz expect hydrogen product play great financi role . togeth colleagu , done analyz show worthwhil start hydrogen product island , except mayb small nich product . “ calcul show valuabl countri connect electr cabl , model choos , even chosen put hydrogen tube advanc . still establish cabl , idea ​​establish hydrogen product disappear , ” say lena kitz . exactli denmark , also make much sens establish hydrogen product island , lose opportun use excess heat district heat . `` denmark , great advantag certain type electrolysi make onshor hydrogen product , '' say . anoth factor come play extent possibl use exist infrastructur , one succeed , exampl , belgium , opportun denmark . “ countri special consider make difficult compar select solut schedul . denmark belgium say would like build world 's first energi island . end , countri reach goal , light fact project differ , ” say .",
,2023-06-14 00:00:00,Det første skridt er afgørende': DTU opfordrer til at tænke ud af boksen i fremtidige energiøer,Ingeniøren,Link,"especi electr system energi island differ know . therefor , dtu report recommend view energi island new invent . innov solut ensur schedul minim price . tailor simpl , cheap wind turbin energi island rather go exist expens complic product . togeth solut , speed pace cut 20-30 billion kroner 10 gw energi island equival 10 percent total expens . invit group dtu research , , among other , professor jacob østergaard dtu vind energi system forefront releas report denmark energi island pioneer base number interview relev industri organ compani . report illustr technic challeng establish larg plant research innov help solv . » price time horizon establish energi island far estim basi expect use compon system solut alreadi known normal electr grid . strategi optim extrem project . need innov . necessari develop new simpl solut keep price pace , ” say jacob østergaard . add need use energiø bornholm learn develop site . » report deliber written 10 gw energiø rather energiø north sea . reason probabl realist harvest save alreadi energi island north sea . therefor , amount mention appli , futur island size , ” say . isol behind wall one area innov work group 's assess realli move someth design interact mill larg hvdc connect use dc transfer electr energi oppos transmiss network 's altern power line . mill connect network insul behind hvdc convert , decoupl consum . make possibl design web energi island base design criteria use exist electr grid consum , say jacob østergaard . e.g . wind turbin usual use offshor park meet strip grid connect requir ensur mill contribut maintain stabil electr grid , minim risk error disturb maintain voltag qualiti consum . mani requir unnecessari place isol network establish island long hvdc connect live . `` make expens mill , '' say jacob østergaard . report also advis island best integr ptx get best possibl market solut invest setup , also best contribut stabil island 's isol electr grid . specif , combin electrolysi system 's convert incorpor greater flexibl energi island 's electr grid error occur break countri ptx system absorb imbal . 's paradigm shift place ptx plant energi island far sea , abl use oper stabil electr grid insul . ca n't done put ptx system inland . control much surplu energi post ordinari electr grid . time , cheaper transport hydrogen electr land , say . » plan also use ptx system stabil suppli network extrem energi system . 's also need futur electr system base renew energi , ” say jacob østergaard . current electr system base larg , stabil power plant built -in inertia , energi island 's electr system 100 percent base convert thu exclus electron control . mean error imbal propag much faster . “ electr system energi island differ know . 're talk paradigm shift . requir new method manag , cours need sure work safe stabl , ” say jacob østergaard . point need find respect convert react mistak coordin . research must step deliv new solut , say . compon play togeth work group look wind turbin hvdc convert one hat limit much optim effect futur energi island reduc cost time spent look individu compon separ . trick abl think part togeth whole drive larg transform form eu total 400 gw offshor wind energi 2050 . » report give ball think innov energi island , least relat system solut . mani win energi island possibl optim system , individu part thought togeth new way , ” say jacob østergaard . energi island blast framework exist offshor park , need rethink mani previou technolog make work new context . “ correspond mani way time first car built 140 year ago . almost motor -driven hors -drawn carriag , without hors . extent , project alway limit world come , unless conscious think innov , ” say . opinion , especi first step crucial whether one succe develop futur -proof setup . go wrong direct , risk get dead end compar expans entir north sea baltic sea . “ 's 's optim energi island . must seen element overal energi system futur offshor electr hydrogen infrastructur . must secur solut relat expans energi island offshor infrastructur hub north sea baltic sea , ” say jacob østergaard .",
,2023-06-15 00:00:00,Analyse: Energiø Bornholm drukner i ubekendte,Ingeniøren,Link,"polit agreement framework danish histori 's largest expans offshor wind shrink neither state set dare take risk . past month , govern parti busi give energiø bornholm artifici respir . urg tri keep aliv high -profil polit project particularli state engin may abl publish new figur island 's project economi , danish energi agenc calcul basi ministri . figur show project -econom deficit dkk 12 billion like scenario , design energi island continu adapt upcom climat target . scenario trigger support requir dkk 1.6 billion annual 20 year - total dkk 31.5 billion . chang estim energi island profit project project blood -red number bottom line accord board insuffici revenu . electr price low investor high interest -rank requir . day engin brought figur squar , chairman baltic energi island foundat , clau m. andersen , told sever media island , despit alarm account , cours still becom something-it matter find . howev , negoti new offshor wind agreement , govern fail get rapporteur okay spend mani dane ' tax dollar hold hand uncertain project . particular , altern liber allianc refus , point origin intend project abl run around . bound support rapporteur agre give green light give dkk 17.6 billion state aid establish danish part island 's infrastructur form cabl zealand/germani station bornholm . everyth els set whether dare bid upcom tender process . therefor , final offshor wind agreement sound least 9 gw extra offshor wind compar current 2.3 gw , would otherwis govern 's propos negoti . instead , word least 6 gw plu energiø bornholm . latter probabl go suffer suffoc death , dare tie risk lie agreement support develop want establish oper wind turbin convert wind electr . cope market condit . chao backdrop fact , govern also much doubt whether keep life energiø bornholm . access document show late februari march year , govern went concret consider stop project due uncertain economi . februari 8 , employe danish energi agenc sent e.g . email employe board associ ministri project would separ tender framework provid opportun decid support model support ceil discuss `` whether govern want continu support project '' . februari 12 , employe ministri ask board help answer question ministri financ `` whether altern util offshor wind bornholm make better busi energi beer solut . '' ministri even doubt done , danish energi agenc 's socio -econom analysi `` show valu make energi beer solut util offshor wind instead radial offshor wind locat '' . employe also mention previou calcul danish energi agenc prepar year , show hardli possibl improv project 's economi danish state chang mind fail establish cabl germani , offshor wind come dane alon good . `` project economi calcul look fairli compar 3 gw overal 2030 , social economi littl wors , '' notic staff ministri . februari 14 , employe danish energi agenc repli energiø bornholm , know , plan energi island foreign connect . entir project `` conceiv new establish either radial offshor wind farm non -connect sea park ptx connect , requir analysi , concept radial park must fix . '' » basic , differ energiø bornholm compar radial parker power night bornholm small , prepar number larg offshor wind turbin project zealand . foreign connect quit import power even secur project magnitud , ” mail state : '' note radial park plan instead , cost prepar lost , intergovernment agreement conclud germani break , may necessari updat environment survey , '' employe write danish energi agenc ministri . burst bear dialogu illustr govern 's dilemma : close project due poor financ bid farewel 3 gw , establish elsewher , well 1.2 billion kroner far cost run project posit , tri realiz project best best take mani risk ? smell lose case govern tri twist let set decid whether project burst carri . energi compani vattenfal , denmark 's largest oper offshor wind , innov director thoma hjort yet abl say whether compani offer project auspic energiø bornholm . » energiø bornholm complic project , especi electr connect offshor wind , also gener connect denmark germani . look forward becom wiser upcom market dialogue. ``",
,2023-06-15 00:00:00,Britisk offshorebranche skriger på teknikere og ingeniører og skal bruge det tredobbelte om få år,Ingeniøren,Link,"new report call strategi tackl lack , among thing , turbin technician , engin other technic skill . denmark lack labor risk tighten leg green transit . uk current report 'dramat increas ' need number employe british govern 's target 50 gw offshor energi - includ 5 gw fluid - reach 2030 . show new report offshor wind industri council ( owic ) , give snapshot british workforc offshor wind . time , owic look expect futur need labor 2030 . , project seven year expect 104,401 job within offshor wind , provid announc project success . accord report , 32,257 peopl industri begin year . » offshor wind sector need mani peopl short , medium long term move forward . - across industri govern - work even closer togeth develop strong , new strategi attract skill need move forward soon possibl , ” say richard sandford , co -chairman owic media e & - engin technolog . person key area plan approv well high -voltag technician , turbin technician peopl number digit skill particularli demand . report also point done attract young peopl search stem-rel career ( vote cover engin scientif candid ) . offshor wind global challeng howev , uk labor offshor sector high . analysi engin ' associ , ida , danish energi infrastructur project 2030 , estim approxim 205,000 full-tim equival need construct offshor wind farm . addit , number project energi island , roll -out district heat , sever charg station establish new highway bridg . thoma søbi , chief economist ida , state previou interview engin labor provid . therefor call polit point view great prioriti - green invest offshor wind turbin must forefront queue . “ debat 's import . think initi drop highway priorit resourc best benefit social relat climat target , ” say . forecast prepar global wind organ ( gwo ) global wind energi council ( gwec ) earlier year show need 568,800 train wind engin construct , instal , oper maintain global onshor offshor wind turbin fleet 2026 . particular , need offshor grow , estim growth 92 percent total number technician .",
,2023-06-20 00:00:00,Manglen på vindteknikere kan stikke kæp i hjulet på politiske ambitioner,Ingeniøren,Link,"plenti project draw board , hardli mani hand set mill . global wind servic must alreadi refus task today . fredericia , consid equal part enthusiasm concern new major offshor project see light day . headquart global wind servic , one europ 's largest wind turbin set -up provid well servic mainten , biggest challeng current get enough qualifi labor . appli wind engin , project manag engin . “ huge challeng recruit right skill , also make difficult meet ambiti goal politician around europ . enough work chase . challeng enough qualifi experienc labor , ” say lar petersen . chief commerci offic global wind servic , 1,800 employe , approxim 1,500 technician field , current primarili instal offshor mill netherland , franc , uk asia , especi taiwan . accord forecast prepar global wind organ ( gwo ) global wind energi council ( gwec ) , need recruit 142,100 new technician next five year . report conclud 568,800 train wind engin need construct , instal , oper maintain global onshor offshor wind turbin fleet 2026 . particular , need offshor grow . , growth 92 percent estim total number technician . comparison , expect 'onli ' sound 27 percent onshor technician . howev , 2026 , wind technician , accord forecast , work oper mainten onshor wind turbin . “ keep mind lot ambiti goal , also requir someon . challeng becom proport greater expand , ” say lar petersen , add unusu industri go beach . `` press project progress , suddenli lack peopl , easi solut cours go market take apart . '' point cours sustain solut - neither industri project - one run predat . look skill among thing , global wind servic train academi , peopl craftsmanship background mechan , plumber electrician introduc wind industri . : “ obvious , also limit . certain number throughout year , otherwis level experi low project . constantli tri balanc much experi , compar mani green peopl take , ” explain lar petersen . anoth way curb lack skill gain access anoth type labor . among thing , compani tri england , target peopl want leav defens civilian career . “ work defens materi , prerequisit well good mechan electr skill see transfer someth use . 've done lot promot wind previou arm forc , say . although sever altern thought obtain hand , far enough meet need . constantli notic lack wind technician bottleneck . “ unfortun , say task everi month lack experienc peopl . cours , satisfactori deliv queri coming. `` drop motorway - priorit green invest analysi engin ' associ , ida , danish energi infrastructur project 2030 , estim approxim 205,000 full-tim equival need construct offshor wind farm . thoma søbi , chief economist ida , point mani idea pipelin energi island , roll -out district heat , sever charg station establish new highway bridg . `` may find money , never realli anyon ask fa go make , '' say , point labor obtain . “ simpli n't imagin imagin done . pick peopl insid forest idea existed. `` chief economist call polit point view priorit hard - green invest offshor wind turbin must front queue . “ debat 's import . think initi drop highway priorit resourc best benefit social relat climat target , ” say . may 30 , 2023 , govern , togeth number agreement parti , publish framework expans offshor wind 9 gw - potenti 14 gw . lar petersen , howev , big question still : put mani new mill ? » overal , think great denmark increas level ambit build energi island danish water state activ invest new offshor project . give us uniqu opportun promot entir danish cluster compani contribut green transit . make sure also hand enough lift task , ” say .",
,2023-06-26 00:00:00,Ingeniørstuderende vender de 'sorte' teknologier ryggen,Ingeniøren,Link,"de ung vælger bredt : ingeniørstuderend interess afspejl samfundet du finder ikk mang ingeniørstuderend , som har viet livet til aflur forbrændingsmotoren hemmelighed , eller som underhold med dampmaskinen lovend egenskab en fredagsbaj s-huset på dtu . de studerend interess følger nemlig høj grad det , som generelt optag samfundet inden teknologien verden . det fortæller mad pagh nielsen , studieled på institut energiteknik på aalborg universitet . » det er meget tydeligt , de studerend bliver præget af samfundsdebatten . de er enormt orienteret mod den grønne omstil og bæredygtigh og har samtidig vendt de ‘ sort ’ teknologi ryggen , « siger mad pagh nielsen . han bakk op af lar d. christoffersen , dekan på dtu . » jeg oplev høj grad de studerend som mennesk , der ser problem ude samfundet og gern vil bidrag til en løsning , dere tilfæld med foku på teknologisk løsninger , eksempelvi grøn omstil eller sundhedsteknolog , « siger han . farvel forbrænd , goddag brint når man spørger person inden uddannelsesområdet – dekan , institutleder , studerend – hvad der optag de studerend på landet ingeniøruddannels , er det nærmest som spørge , hvad der optag ingeniøren læsere . det er power-to-x , energiø , sundhedsteknolog , automatis , den grønne omstil og bæredygtigh . derimod , fortæller mad pagh nielsen , er de studerend mindr interessered eksempelvi vindmøller og solcel . » det er begrænset , hvor meget længere man kan nå med eksempelvi design af vindmølleving . selvfølgelig kan de optimer , men de store skridt det felt er taget , « siger han og nævner , heller ikk eksempelvi forbrændingsmotor , varmepump eller kraftværksteknologi bliver mødt med særlig interess fra de studerend . » og det er faktisk lidt uheldigt , der er stadig brug innov inden de teknologi , også selvom vi står midt den grønne omstil , « siger mad pagh nielsen . » vi prøver også skabe interess andr områder inden energi , eksempelvi kraftværksteknologi , man skal som ingeniør kunn noget inden forskellig områder , særlig når der er behov sektorkobl energiinfrastrukturen , « siger mad pagh nielsen . had/kærligh vi flytter os lidt fra tunnelsynet på vedvarend energi og den grønne omstil , selvom det er meget aktuel emner diss tider , er det ingenlund det enest , der bliver uddannet ingeniør til . nete sparr hangel er næstforperson polyteknisk foren – de ingeniørstuderend studieorganis – med foku på de uddannelsesmæssig områder – og så læser hun til diplomingeniør produkt på dtu . hun ser , uddannelsesvalget blandt hend medstuderend en grad har været båret af et kompromi mellem interess og udsigten til et meget , meget langt arbejdsliv . du finder ikk mang ingeniørstuderend , som har viet livet til aflur forbrændingsmotoren hemmelighed , eller som underhold med dampmaskinen lovend egenskab en fredagsbaj s-huset på dtu . de studerend interess følger nemlig høj grad det , som generelt optag samfundet inden teknologien verden . artiklen fortsætter efter annoncen det fortæller mad pagh nielsen , studieled på institut energiteknik på aalborg universitet . » det er meget tydeligt , de studerend bliver præget af samfundsdebatten . de er enormt orienteret mod den grønne omstil og bæredygtigh og har samtidig vendt de ‘ sort ’ teknologi ryggen , « siger mad pagh nielsen . han bakk op af lar d. christoffersen , dekan på dtu . » jeg oplev høj grad de studerend som mennesk , der ser problem ude samfundet og gern vil bidrag til en løsning , dere tilfæld med foku på teknologisk løsninger , eksempelvi grøn omstil eller sundhedsteknolog , « siger han . farvel forbrænd , goddag brint når man spørger person inden uddannelsesområdet – dekan , institutleder , studerend – hvad der optag de studerend på landet ingeniøruddannels , er det nærmest som spørge , hvad der optag ingeniøren læsere . artiklen fortsætter efter annoncen ing/jobfinderchevron_right opret jobannonc tilpa sweco danmark a/ projektled søge til byggeri aalborg – byg fremtiden med os ! isc rådgivend ingeniør a/ erfaren maskinmest eller hvac-ingeniør søge til installationsafdel professionshøjskolen absalon adjunkt eller lektor til diplomingeniøruddannelsen bioteknolog viegand maagø a/ mekanisk specialist til fremtiden industriel energisystem aarhu maskinmesterskol aarhu maskinmesterskol søger engagered nye kollega med kompetenc inden håndværk , teknik og autom viegand maagø a/ erfaren elingeniør til implement af industriel energisystem og opbygn af el-team priess a/ technic project manag til energiforsyn sweco danmark a/ projekterend bim kyndig ikt-led aabenraa kommun projektleder til vejanlæg aabenraa kommun sweco danmark a/ oper hse specialist inden anlæg og infrastruktur fluidan ap instrument technologist – uniqu process instrument danmark teknisk universitet dtu associ professor dtu tenur track assist professor water suppli water distribut system - dtu sustain fluidan ap applic specialist / rheolog danmark teknisk universitet dtu associ professor dtu tenur track assist professor sustain assess water infrastructur - dtu sustain trelleborg seal solut denmark a/ qualiti inspector & measur specialist danmark teknisk universitet dtu associ professor dtu tenur track assist professor data aquisit water system - dtu sustain novafo a/ koordinerend dataspecialist – sæt dit præg på fremtiden anlægsdata på afløbsområdet inteka rådgivend ingeniør ap dygtig og engageret ingeniør med specialis inden konstruktion til vore voksend team novafo a/ bi-dataspecialist til analys , rapport og formidl på afløbsområdet man energi solut mechan engin sweco danmark a/ vil du være med til form fremtiden ho sweco esbjerg ? genitor ap nordfyn kommun søger chef klima og infrastruktur region midtjylland medicoteknisk rådgiver med erfar inden laboratorieområdet geopal system a/ er du vore næste elektroingeniør ? hofor assisterend projektled og byggeled til projekt spangen vejdirektoratet projektled til større anlægsprojekt nexel vi søger 4 afdelingsleder til området 10-0,4 kv kundeprojekt banedanmark bliv banedanmark næste generalist inden afvand hofor fagkoordin til team el og teknik banedanmark kontraktbyggeled vejdirektoratet afvandingsingeniør til vejdirektoratet teknologisk institut specialist til vand- og afløbsområdet forsvarsministeriet ejendomsstyrels ( fe ) specialist bæredygtigh ved forsvarsministeriet ejendomsstyrels sweco danmark a/ sweco søger konstruktionsingeniør til vore kompleks og spændend pharmaprojekt develco a/ erfaren elektronik hardwareudvikl gladsax kommun projektled , der vil arbejd med grøn omstil og transform lolland kommun bygningskonstruktør eller ingeniør til team kommunal bygning maribo ibsen photon a/ ingeniør til pilot og ramp vækstvirksomh franck miljø- & geoteknik a/ projektleder/miljørådgiv man energi solut marin engin tender agreement reliabl packag sweco danmark a/ el-ingeniør med foku på forsyn forsvarsministeriet materiel og indkøbsstyrels ( fmi ) ingeniør til maritim netværksløsning forsvarsministeriet materiel- og indkøbsstyrels sweco danmark a/ teamchef til geoteknisk afdel hofor teknisk kunderådgiv eller specialist til fjernvarm sweco danmark a/ geofysik til silkeborg satlab a/ mixed-sign hardwar develop engin sweco danmark a/ oper hse specialist inden anlæg og infrastruktur teknologisk institut konsul inden asbestrådgivn og selektiv nedrivn cadel project engin fou - offshor wind industri forsvarsministeriet ejendomsstyrels ( fe ) miljøsagsbehandler til jordforureningssektionen forsvarsministeriet ejendomsstyrels – din chanc gøre en forskel sweco danmark a/ projektled søge til byggeri aalborg – byg fremtiden med os ! isc rådgivend ingeniør a/ erfaren maskinmest eller hvac-ingeniør søge til installationsafdel professionshøjskolen absalon adjunkt eller lektor til diplomingeniøruddannelsen bioteknolog viegand maagø a/ mekanisk specialist til fremtiden industriel energisystem aarhu maskinmesterskol aarhu maskinmesterskol søger engagered nye kollega med kompetenc inden håndværk , teknik og autom viegand maagø a/ erfaren elingeniør til implement af industriel energisystem og opbygn af el-team priess a/ technic project manag til energiforsyn sweco danmark a/ projekterend bim kyndig ikt-led aabenraa kommun projektleder til vejanlæg aabenraa kommun sweco danmark a/ oper hse specialist inden anlæg og infrastruktur fluidan ap instrument technologist – uniqu process instrument danmark teknisk universitet dtu associ professor dtu tenur track assist professor water suppli water distribut system - dtu sustain fluidan ap applic specialist / rheolog danmark teknisk universitet dtu associ professor dtu tenur track assist professor sustain assess water infrastructur - dtu sustain trelleborg seal solut denmark a/ qualiti inspector & measur specialist danmark teknisk universitet dtu associ professor dtu tenur track assist professor data aquisit water system - dtu sustain novafo a/ koordinerend dataspecialist – sæt dit præg på fremtiden anlægsdata på afløbsområdet inteka rådgivend ingeniør ap dygtig og engageret ingeniør med specialis inden konstruktion til vore voksend team novafo a/ bi-dataspecialist til analys , rapport og formidl på afløbsområdet man energi solut mechan engin sweco danmark a/ vil du være med til form fremtiden ho sweco esbjerg ? genitor ap nordfyn kommun søger chef klima og infrastruktur region midtjylland medicoteknisk rådgiver med erfar inden laboratorieområdet geopal system a/ er du vore næste elektroingeniør ? hofor assisterend projektled og byggeled til projekt spangen vejdirektoratet projektled til større anlægsprojekt nexel vi søger 4 afdelingsleder til området 10-0,4 kv kundeprojekt banedanmark bliv banedanmark næste generalist inden afvand hofor fagkoordin til team el og teknik banedanmark kontraktbyggeled vejdirektoratet afvandingsingeniør til vejdirektoratet teknologisk institut specialist til vand- og afløbsområdet forsvarsministeriet ejendomsstyrels ( fe ) specialist bæredygtigh ved forsvarsministeriet ejendomsstyrels sweco danmark a/ sweco søger konstruktionsingeniør til vore kompleks og spændend pharmaprojekt develco a/ erfaren elektronik hardwareudvikl gladsax kommun projektled , der vil arbejd med grøn omstil og transform lolland kommun bygningskonstruktør eller ingeniør til team kommunal bygning maribo ibsen photon a/ ingeniør til pilot og ramp vækstvirksomh franck miljø- & geoteknik a/ projektleder/miljørådgiv man energi solut marin engin tender agreement reliabl packag sweco danmark a/ el-ingeniør med foku på forsyn forsvarsministeriet materiel og indkøbsstyrels ( fmi ) ingeniør til maritim netværksløsning forsvarsministeriet materiel- og indkøbsstyrels sweco danmark a/ teamchef til geoteknisk afdel hofor teknisk kunderådgiv eller specialist til fjernvarm sweco danmark a/ geofysik til silkeborg satlab a/ mixed-sign hardwar develop engin sweco danmark a/ oper hse specialist inden anlæg og infrastruktur teknologisk institut konsul inden asbestrådgivn og selektiv nedrivn cadel project engin fou - offshor wind industri forsvarsministeriet ejendomsstyrels ( fe ) miljøsagsbehandler til jordforureningssektionen forsvarsministeriet ejendomsstyrels – din chanc gøre en forskel sweco danmark a/ projektled søge til byggeri aalborg – byg fremtiden med os ! isc rådgivend ingeniør a/ erfaren maskinmest eller hvac-ingeniør søge til installationsafdel professionshøjskolen absalon adjunkt eller lektor til diplomingeniøruddannelsen bioteknolog viegand maagø a/ mekanisk specialist til fremtiden industriel energisystem aarhu maskinmesterskol aarhu maskinmesterskol søger engagered nye kollega med kompetenc inden håndværk , teknik og autom viegand maagø a/ erfaren elingeniør til implement af industriel energisystem og opbygn af el-team priess a/ technic project manag til energiforsyn sweco danmark a/ projekterend bim kyndig ikt-led aabenraa kommun projektleder til vejanlæg aabenraa kommun sweco danmark a/ oper hse specialist inden anlæg og infrastruktur fluidan ap instrument technologist – uniqu process instrument danmark teknisk universitet dtu associ professor dtu tenur track assist professor water suppli water distribut system - dtu sustain fluidan ap applic specialist / rheolog danmark teknisk universitet dtu associ professor dtu tenur track assist professor sustain assess water infrastructur - dtu sustain trelleborg seal solut denmark a/ qualiti inspector & measur specialist danmark teknisk universitet dtu associ professor dtu tenur track assist professor data aquisit water system - dtu sustain novafo a/ koordinerend dataspecialist – sæt dit præg på fremtiden anlægsdata på afløbsområdet inteka rådgivend ingeniør ap dygtig og engageret ingeniør med specialis inden konstruktion til vore voksend team novafo a/ bi-dataspecialist til analys , rapport og formidl på afløbsområdet man energi solut mechan engin sweco danmark a/ vil du være med til form fremtiden ho sweco esbjerg ? genitor ap nordfyn kommun søger chef klima og infrastruktur region midtjylland medicoteknisk rådgiver med erfar inden laboratorieområdet geopal system a/ er du vore næste elektroingeniør ? hofor assisterend projektled og byggeled til projekt spangen vejdirektoratet projektled til større anlægsprojekt nexel vi søger 4 afdelingsleder til området 10-0,4 kv kundeprojekt banedanmark bliv banedanmark næste generalist inden afvand hofor fagkoordin til team el og teknik banedanmark kontraktbyggeled vejdirektoratet afvandingsingeniør til vejdirektoratet teknologisk institut specialist til vand- og afløbsområdet forsvarsministeriet ejendomsstyrels ( fe ) specialist bæredygtigh ved forsvarsministeriet ejendomsstyrels sweco danmark a/ sweco søger konstruktionsingeniør til vore kompleks og spændend pharmaprojekt develco a/ erfaren elektronik hardwareudvikl gladsax kommun projektled , der vil arbejd med grøn omstil og transform lolland kommun bygningskonstruktør eller ingeniør til team kommunal bygning maribo ibsen photon a/ ingeniør til pilot og ramp vækstvirksomh franck miljø- & geoteknik a/ projektleder/miljørådgiv man energi solut marin engin tender agreement reliabl packag sweco danmark a/ el-ingeniør med foku på forsyn forsvarsministeriet materiel og indkøbsstyrels ( fmi ) ingeniør til maritim netværksløsning forsvarsministeriet materiel- og indkøbsstyrels sweco danmark a/ teamchef til geoteknisk afdel hofor teknisk kunderådgiv eller specialist til fjernvarm sweco danmark a/ geofysik til silkeborg satlab a/ mixed-sign hardwar develop engin sweco danmark a/ oper hse specialist inden anlæg og infrastruktur teknologisk institut konsul inden asbestrådgivn og selektiv nedrivn cadel project engin fou - offshor wind industri forsvarsministeriet ejendomsstyrels ( fe ) miljøsagsbehandler til jordforureningssektionen forsvarsministeriet ejendomsstyrels – din chanc gøre en forskel navigate_beforenavigate_next det er power-to-x , energiø , sundhedsteknolog , automatis , den grønne omstil og bæredygtigh . derimod , fortæller mad pagh nielsen , er de studerend mindr interessered eksempelvi vindmøller og solcel . » det er begrænset , hvor meget længere man kan nå med eksempelvi design af vindmølleving . selvfølgelig kan de optimer , men de store skridt det felt er taget , « siger han og nævner , heller ikk eksempelvi forbrændingsmotor , varmepump eller kraftværksteknologi bliver mødt med særlig interess fra de studerend . » og det er faktisk lidt uheldigt , der er stadig brug innov inden de teknologi , også selvom vi står midt den grønne omstil , « siger mad pagh nielsen . grønnere bygning skal bygg på fleksibel elstyr sponseret brief grønnere bygning skal bygg på fleksibel elstyr elforsyn » vi prøver også skabe interess andr områder inden energi , eksempelvi kraftværksteknologi , man skal som ingeniør kunn noget inden forskellig områder , særlig når der er behov sektorkobl energiinfrastrukturen , « siger mad pagh nielsen . had/kærligh vi flytter os lidt fra tunnelsynet på vedvarend energi og den grønne omstil , selvom det er meget aktuel emner diss tider , er det ingenlund det enest , der bliver uddannet ingeniør til . nete sparr hangel er næstforperson polyteknisk foren – de ingeniørstuderend studieorganis – med foku på de uddannelsesmæssig områder – og så læser hun til diplomingeniør produkt på dtu . hun ser , uddannelsesvalget blandt hend medstuderend en grad har været båret af et kompromi mellem interess og udsigten til et meget , meget langt arbejdsliv . artiklen fortsætter efter annoncen » samfundet er blevet indrettet på den måde , du skal vælge en uddannels , og helst én uddannels , og på baggrund af den skal du så find en plad på arbejdsmarkedet de næste 60 år , « siger nete sparr hangel . hun vil ikk udtal sig om , hvad der generelt interesser de omkr 13.000 studerend på dtu , men inden hend områd , produkt , har foku de sidst par år stigend grad rettet sig mod automatis og – på baggrund af interess fra både studerend og erhvervslivet – industri 4.0 . inden det felt handler det altså om placer sig på en hyld , som er interess enten forskningsmæssigt eller arbejdsmarkedet , men som også interesser dig som studerend . » du skal find noget , du syne er interess , og som du gider bruge din tid på ; noget , du gider hade dig selv lidt , men som du samtidig elsker lave . det er det , som er vigtigt , når du skal find din retn , « siger nete sparr hangel . bred bachelor vinder frem nete sparr hangel valgt en linj , der allered fra starten har markeret en klar retn ingeniørkunsten . men lar d. christoffersen fortæller , de nye studerend højere grad ønsker et bredt perspektiv , når de søger ind . det kan han hvert fald se på de foreløbig ansøgning , han har modtaget inden ansøgningsfristen juli . er den brede , international linj , gener engin , som er » mere populær end nogensind , « siger han . » det første har den et godt ry og et stort internationalt perspektiv , men jeg kan også høre på de studerend , mang er lidt mere søgend end før tiden og vil helst ikk låse sig fast fra uddannelsen begyndels , « siger lar d. christoffersen . digit power-to-x men modsat den brede indgang til ingeniørfeltet , så har netop de linjer , der handler om den grønne omstil og teknologisk løsninger på klimakrisen , stadig høj interess blandt de ung . derfor har dtu lanceret sin første digital bachelor , hvor studerend placeret hele landet kan gennemfør en bachelor uden skull møde op på dtu kg . lyngbi eller ballerup . og de første digital bachelor fra dtu kommer ud med en høj grad af specialis . de bliver nemlig uddannet power-to-x . » der er enormt mang power-to-x-aktivit ude landet , « siger lar d. christoffersen og nævner blandt andet anlægget esbjerg og de kommend energiø . » samtidig har projektern fået meget nation og region omtal mediern , og det er et felt , hvor der bliver brug ingeniør , hvi vi skal nå den grønne omstil . derfor valgt vi start der , « siger han og understreg , power-to-x formentlig bliver den første af flere mulig specialisering på den digital bachelor . dtu forvent omkr 30 optagn på uddannelsen første semest .",
,2023-06-28 00:00:00,Energinet hyrer Rambøll som bygherrerådgiver til Energiøen i Nordsøen,Ingeniøren,Link,"rambol becom develop advisor entir electr transmiss plant energi island north sea . new effici solut must found transport electr , includ upcom suppli . number pre -qualifi build consortia long time look littl thorough mailbox see tender materi denmark 's upcom energiø north sea dump . origin , materi intend readi 2022 win consortium could assign task march 2023 . last june , date tender materi move septemb 2023 . , accord press releas ministri climat , move anoth year . howev , hold energinet take anoth step process , hire rambol builder consult electr transmiss system energiø . john ammentorp , countri manag rambol 's energi busi denmark , tell ing.dk . » main task assist energinet develop entir electr infrastructur . appli transmiss wind farm , plant island transmiss land . alreadi done concept studi , brought technic data includ upcom tender , ” say , ad rambol subsequ follow tender futur supplier solut . hvdc unknown water sever basic technic question must also answer 2033 , first phase energi island 3 gw must readi suppli electr . exampl , appli use platform convert station , explain jan hagenau , senior project manag energinet , : “ alway idea addit energi island , platform may need - even first phase energi island . wind farm built total capac 10 gw larger larger distanc energi island , may need establish convert platform near wind farm , transfer energi energi island hvdc , ' say . energi land island , electr system must link countri . time , agreement made belgium . order , so-cal 'multitermin hvdc ' plant need . - slightli simplifi - larg coupl system direct current connect . technolog complic brand new compar known wind farm , energi sent ashor via singl cabl . `` new , research develop also need make concept usabl , '' say john ammentorp . hydrogen hydrogen anoth unresolv question product hydrogen optim take place . therefor , also determin much energi sent ashor electr , much use produc hydrogen island . materi energinet issu connect public agreement rambol show sever differ solut thought . jan hagenau emphas someth energinet directli involv . » upcom ppp ( public privat partnership ) build island own respons electr transmiss plant . happen framework energinet 's work , must plan land 2 gw denmark . whether chang possibl commerci actor choos establish plant british product energi storag near island , knowledg , ” say . contract rambol energinet valu dkk 225 million . kroner run next 10 year .",
,2023-06-28 00:00:00,Udbuddet for Energiø Nordsøen udskudt på ubestemt tid,Ingeniøren,Link,"ministri acknowledg current concept energi island trigger excess bill . therefor , send concept back draw board . ( updat ) » hat govern 's clariti . energiø north sea expens dropped. `` consult firm kraka 's twitter commentari today 's announc ministri climat drop send $ 210 billion . expens energiø north sea tender trigger loss 50 billion kroner . expens riski . “ bill taxpay avert . govern minist deserv high prais , ” kraka write twitter . instead send energi island tender find compani build energi island , ministri danish energi agenc start look better cheaper concept . specif specifi . one get much wiser dive 1350 -page larg access island 's busi case , engin recent gain access . complet darken . dane cost money get idea ​​what 's go , roll time backward last summer , ministri drop plan make larg recess energi island favor solut smaller island float platform around island . shift led ministri also pull emerg brake postpon tender put calendar time . climat , energi , suppli minist hide shoe press : “ origin polit agreement rest green ambit ambit get rid putin 's ga . sentenc agreement must cost dane money . figur show fulfil prerequisit , ” say lar aagaard ( ) accord press releas . promis cheaper solut otherwis , plan suppli readi summer holiday . 's go happen . govern concili parti agre spend next six month turn everi stone find way redesign project still connect . whether project even profit , laid requir previou agreement energi island , minist sure . nevertheless , assur govern continu hold ambit energi island north sea . howev , suppli current postpon indefinit .",
,2023-06-29 00:00:00,Energiø Nordsøens ekstreme kompleksitet gav den øgenavnet 'monsteret' på Christiansborg,Ingeniøren,Link,"requir state co -ownership , long foreign connect tower materi price made energiø north sea expens , say expert sourc close govern . well , tender process postpon indefinit , say kraka director . yesterday suppli energiø north sea postpon indefinit . today , 's time reflect exactli made govern take step . brian vad mathiesen , professor energi plan aalborg univers , estim probabl high expens , also struggl tender condit . “ process , also happen quit countri also gain experi differ concept energi island . also debat denmark opportun could make thing simpl modular . light , wise govern stop project current form thu get time think find better solut get price , ” say brian vad mathiesen . “ govern , risk becom expens take longer establish island . postpon also give chanc find simpl modular solut thu build thing faster expect . case , wise incorpor knowledg field get expens reason level. `` disappoint think govern make calcul long ago . imposs project politician fact govern first choos put project hold 11 hour tender , accord kraka director peter mogensen , togeth fact larg project regularli propos , one realli see scope consequ . drive someon shout . `` done especi project auspic green transit , politician join , - use . laid oppon doubter realli green , ” say , continu : '' imposs project politician . new momentum emerg everi four month . mix social economi , oper economi , engin , chemistri , everyth els , plu notion energi island one know use , complet uncertain compon power-to-x nobodi know turn . screw tender - member parliament countri abl overlook problem , ” say peter mogensen . therefor , give climat minist lar aagaard larg number charact book courag stop project may decidedli `` crazi '' , least `` question '' . “ mean anoth time . preced creat stand crazi thing . huge countri recoveri talk , besid stop specif project . 's one wisest thing 've experienc politician make sinc last elect , wisest. `` hurray climat minist peter mogensen say kraka spent past year work economi . given hous 's economist wrinkl forehead , main concern , take risk . thing go well , privat investor reap win , goe bad , taxpay pay mani gener . “ 'm pretti sure lot rapporteur emit sigh relief . read kraka come dawn bill end children 's room . final someon dare say . say new climat minist must larg number charact book , ” say peter mogensen . ministri climat , energi suppli yesterday state explor possibl better cheaper concept . jakob østergaard , dtu professor electr technolog , far draw board comment exactli lie . mention colleagu recent releas report show , concret innov possibl reduc cost 10 gw energiø 20 billion kroner . “ wise find less complex solut energi island make cheaper . get learn energiø bornholm field , ” jakob østergaard write text messag . far belgium serious becom clearer realli go behind ministri 's close door , one listen water pipe littl know someth . report alreadi sever month sinc economist calcul energiø north sea would impos cost 50 billion state . happen govern negoti settlement circl find dkk 17.6 billion realiz energiø bornholm - someth succeed . recogn hardli realist get concili sign withdraw anoth $ 50 billion treasuri , govern decid turn everi stone find way make cheaper . number ministri board bring back must polit belief . otherwis , project turn anyth . one crunch suppli complic mark state 51 percent island - reduc investor ' council across island . divid littl cost establish belgian energi island base current materi price , conclus clear : energiø north sea expens . state pay foreign connect line decid relat energiø bornholm , 17 billion kroner found , least doubl , connect must extend way belgium . one big , unresolv question whether peel foreign connect project island stand , consum go pay tariff . complic thing much project hold current form . perhap , accord sourc , island close polit environ nicknam 'monsteret ' among offici tri get right . must back draw board .",
,2023-07-03 00:00:00,Første grønne brint produceret til havs ud for den franske kyst,Ingeniøren,Link,"french compani produc first kilogram hydrogen float platform . next target 10 mw electrolysi unit platform north sea . european commiss set target repowereu plan , launch may 2022 2030 , dkk 10 million produc . ton green hydrogen eu . top come ambiti plan expand north sea offshor wind turbin . , hydrogen made via electrolysi crucial part project . also appli danish energiø , last week paus , among thing , ground need look technic concept . open question regular basi whether hydrogen produc close wind turbin sea whether electr led ashor hydrogen produc . perhap answer come littl closer french compani lhyfe end june could present first kilogram hydrogen produc float platform 20 kilomet french west coast . `` incred proud first world produc hydrogen sea , '' said matthieu guesné , founder ceo lhyfe , connect news . 400 kg hydrogen per day plant , name sealhyf , consist electrolysi unit 1 mw float platform . connect directli float wind turbin 2 mw instal back end octob 2017 eu-support floatgen project . sealhyf platform area ​​about 200 squar meter abl produc 400 kg hydrogen day . electrolysi system pull sea , test thoroughli port saint-nazair . must work offshor extrem condit therefor design minim need mainten instal sea . entir construct connect land via so-cal umbil cabl , , addit transfer data electr suppli , transport hydrogen ashor . commerci test platform north sea next step develop new project call hope , consortium nine partner select european commiss european clean hydrogen partnership award 20 million euro grant . goal build plant 10 mw north sea goal commerci technolog . plant abl produc four tonn green hydrogen day , export ashor pipelin compress deliv custom .",
,2023-07-11 00:00:00,Sejt træk mod klimaneutral skibsfart: 3 bud på løsninger på kort og lang sigt,Ingeniøren,Link,"world 's 175 flag state succeed adopt common goal climat neutral ship industri `` around , , close '' 2050 , slightli unclear word sound text text . agreement sign un maritim organ , imo , london last week receiv clap . kåre press-kristensen , senior advis council green chang , told engin last friday , jump point industri get . elucid road 2050 goal , engin spoken han otto holmegaard kristensen , independ advisor one countri 's lead expert ship . assess certainli easi way . 1 . electrif short rout obviou green solut would cours electrifi fleet . howev , accord han otto holmegaard kristensen 's calcul , limit much ship industri 's fleet actual candid undergo electrif . » freight vessel sail long rout ocean need huge amount energi . exampl , load contain ship must use batteri weigh 20 percent cargo order sail 1-2 day . , electrif option , ” say han otto holmegaard kristensen . electrif suitabl passeng ferri smaller rout , seen passeng ferri denmark , electr ferri ellen , sail ærø al well latest electr ferri cave sail esbjerg fanø . `` ship rute length 1-2 hour suitabl electrifi , sail longer , look anoth solut , '' say han otto holmegaard kristensen . 2 . streamlin ship design howev , electr rout ferri island south funen archipelago unlik make huge industri climat neutral , energi consumpt low overal . gain pick design ship better . accord han otto holmegaard kristensen , ship '00 built optim back today . built `` chubbi full , '' call . “ see tanker front , notic seem terribl chubbi creat great wave resist . ship design way cargo board , ship fine energi side ship 's technic perform , ” say . thu , short run toward 2050 , correct design `` slimmer '' ship well -design hull shape smaller capac futur , convers far energi effici 3 . long -term , necessari solut long term , howev , ship industri transit e-fuel e-methanol e-ammonia . fuel must made water hydrogen ptx . one hand , look promis . accord calcul maersk center zero carbon ship , cargo ship sail e-ammonia , three percent co2 ship sail bunker oil . hand , ship industri far industri look e-fuel becom climat neutral . therefor , prospect violent bottleneck approach 2050 , mark deadlin set pari agreement . huge amount energi need use produc e-fuel ship industri need . accord maersk center zero carbon ship , ship industri alon need 1,110 gw energi 50 percent fleet use e-fuel oper ship . 2020 , world produc 3,000 gw green energi . energiø bornholm capac 3 gw . maersk center zero carbon ship estim 2050 energi need reach stagger 25,000 gw . “ difficult produc energi ship industri 's green transit need . must overwhelm , ” say han otto holmegaard kristensen , appeal research new energi sourc , exampl nuclear power .",
,2023-08-15 00:00:00,Bekymrede svenske myndigheder: Søkabel syd for Skåne kan forværre havmiljøet,Ingeniøren,Link,"among sweden 's meteorolog hydrolog institut warn cabl energiø bornholm zealand caus seriou damag baltic sea . sea cabl , drawn upcom energiø bornholm zealand , aggrav marin environ alreadi sever need baltic sea . opinion sever swedish author consult respons , sent danish environment protect agenc part espoo convent , write maritim bornholm tidend . cabl suppli zealand green power must carri 209 kilomet underwat bornholm zealand . thu , also directli affect marin environ along swedish coast , give danish author duti ask swedish author view case espoo hear . espoo convent 1991 ensur state inform plan project signific cross-bord environment impact . environment impact still illumin part baltic sea , cabl buri , suppli rest baltic sea 's central , deeper part salin oxygen -rich water marin environ depend . salin baltic sea alreadi boundari wildlif withstand , critic keep track whether project caus less salt flow water . one consult respons come accord ship swedish water author , vattenmandigheterna , concern cabl 's 'cross -border environment impact ' water qualiti , alreadi put pressur environment toxin . anoth come sweden 's meteorolog hydrolog institut , particularli concern place stone set establish protect cabl . espoo hear take place danish environment protect agenc assess environment impact . ship , christina kittner , project manag biologist landscap & skov , say danish environment protect agenc : » project 's impact environ yet elucid . done connect prepar environment impact report project. `` danish environment protect agenc 's assess expect readi end 2024 .",
,2023-09-30 00:00:00,"Bornholm kan levere grønne brændstoffer nok til at dække sit behov til færger, industri og transport",Ingeniøren,Link,"studi indic almost 90,000 tonn green fuel custom around island , energi come energi island baltic sea . 88,000 tonn green fuel produc port ship island , well 60 gwh energi ptx heavi transport land . show result new studi potenti power-to-x product bornholm . `` studi show possibl island , '' say maja felica bendtsen , head bulk rønne havn a/ point goal pass knowledg bornholm potenti develop . specif , report point 50,000 tonn green methanol produc , cover ferri traffic bornholm . 3,000 tonn green fuel also produc transport rønne harbor , , among thing , cover transport wind turbin part . addit , one percent ship market around bornholm equal 35,000 tonn green fuel . 60,000 ship sail past year , one percent potenti cover ptx island . insid island , 9 gwh energi year must use bornholm industri , correspond half consumpt . also lot heavi transport island , ptx must help meet need part transport electrifi . , least 50 gwh energi need cover agricultur machineri truck drive far . correspond third heavi transport island . valu ​​are found , among thing , basi eu rule green fuel ship govern 's climat partnership industri compani , dictat half industri 's consumpt must cover green energi . concret plan yet accord studi , price potenti ptx product bornholm high end , unrealist high . behind studi , digit tool optipl use calcul price potenti ptx product , simul show price green fuel line product elsewher europ . although result mere idea specif action plan , studi also point concret handl wast heat electrolysi system . excess energi bound hydrogen use district heat rocki island . 35 percent energi electrolysi water turn wast heat util bornholm district heat network connect , point studi . `` howev , studi need done , must support popul politician island power-to-x product turn someth , '' say maja felica bendtsen . concret plan yet , present studi simpli map potenti . emphas potenti power-to-x product island must develop wake upcom energi infrastructur baltic sea , play new energi island . excess renew energi energi island must use project .",
,2023-09-25 00:00:00,Hyldevarer skal genoprette økonomien i Energiø Nordsøen,Ingeniøren,Link,"replac reclaim island steel platform convert station top , energinet aim help push price . danish energi agenc recent close depart energiø north sea left project manag ministri energi , energi suppli , signal work artifici island place grave . reign realiz cost choos establish artifici , reclaim island far larg . nevertheless , energinet denmark 's nation transmiss system oper ( tso ) electr ga week submit new bid technic solut energi island ministri order get govern relat whether escap needl eye . done energinet start scratch , abl reus analyz alreadi avail differ scenario configur convert station , cabl , etc. , capac , market condit . goal suppli energi island , like discard predecessor , live polit agreement energi island . state hann storm edlefsen , director energi island energinet , denmark 's nation transmiss system oper ( tso ) electr ga . “ propos plan establish artifici , reclaim island tailor -made technolog . plan replac standard energi island base steel platform expand modularli . expect solut cheaper , ” say hann storm edlefsen . modular solut also make easier continu expand energi island 3 10 gw establish electr trade connect . extra gain system easili burn togeth , although modul put . precis reason standard structur alreadi part trend abroad , engin sister site gridtech previous describ . `` ambit energi island north sea 10 gw connect abroad export , must abl expand , '' say . solut becom simpler cheaper electr infrastructur staff mold , gener see plan establish artifici island . howev , differ electr infrastructur stand platform . “ good thing market alreadi platform steel leg energinet buy order . standard made . 's one thing expect make island simpler cheaper , ” say hann storm eldlefsen . howev , standard technolog usual sens , point , develop enter market . nevertheless , actual order past thu also product . mean produc n't spend lot money time invent deep plate . reason , manufactur also prone call product standard larg -scale . regardless island construct , platform , accord hann storm edlefsen super complex develop electr system ifm . energi island . requir lot develop innov , point . one reason becam uncertain continu develop reclaim island would get unpreced design made imposs sail transform station turn ak current dc vice versa , total compon . therefor , would necessari split equip instal differ way . top , still long prospect control island 's final design . “ reason , produc also ask us definit make thing cumbersom . whether could n't buy standard other bought ? realli need chang product apparatu , money . rather expens convers relat repeat previous deliv . 's one reason project saddl , 'she say . energinet must platform island design electr infrastructur thing simplifi . goe ownership , say hann storm edlefsen . origin intend island own public-priv partnership would collect rent energinet actor want util island 's land industri purpos , island futur state . mean energinet pay rent . “ becom energi island , ie platform 's steel leg , relat transform station upstair . therefor , sinc energinet pay steel leg , total expens slightli larger expens start - return , energinet pay rent , ” say hann storm edlefsen . unlik situat artifici , reclaim island , steel platform station longer separ . therefor , longer make sens split ownership , one place station artifici island . sinc accord eu law , tso charg convert station , arrow automat point energinet upcom sole owner . addit , polit agreement left earli 2021 state energinet must sole owner state critic infrastructur , electrastructur . therefor , energinet must alreadi foreign cabl togeth belgian tso end ) land denmark . » energinet thu skill platform construct energiø . ownership see establish countri work energi island hybrid connect , ” say hann storm edlefsen . add big item budget rent cover cost entir eco -build give profit privat parti state . overal , therefor , expect , , platform solut cheaper artifici island one els know final design price . island 's area rent , plan ptx island ? `` idea ​​make ptx island alreadi drop fall 2021 connect govern agreement parti remov innov area introduc first polit agreement januari 2021 , '' say hann storm elefsen . either-or both-and point energiø north sea initi adopt , provid area innov , exampl . use ptx pay rent . howev , condit remov could see readi offer ptx togeth offshor wind . technolog simpli immatur . advis danish energi agenc even point smaller island would make possibl finish faster time risk compani rent area , plan drop extra innov area . case , area would stand empti lead lost earn . energinet expect new concept mean project overal better busi case . whether becom `` profit '' , agreement text indic , hann storm edlefsen comment , calcul made danish energi agenc ministri financ . reason govern struggl save energi island , accord hann storm edlefsen , use sell electr countri . contrast radial park abl land electr denmark . energi island use move electr current way , optim util cabl rel reduc need extens electr grid land . “ still need build lot radial offshor wind close shore . energi island replac . come play go grab wind far away , ” say . denmark lucki benefit abl util entir jutland back offshor wind . contrast mani countri sea area alreadi fill . exampl , belgium mani . go lack power would like access danish power , ” say .",
,2023-10-05 00:00:00,Belgien løber med æren for verdens første energiø mens Danmark hænger i bremsen,Ingeniøren,Link,"danish energiø plan north sea far put hold , last environment approv hous , belgium clear winner race . port vlissingen , activ belgium 's upcom energiø alreadi built north sea area 45 km belgian coast . concret foundat must cast sail area . week , last environment approv came place work begin . time , belgian energi compani elia final design island , name princess elisabeth island . concret work build island connect electr plant land run march 2024 well two year . area island - princess elisabeth zone - hous wind farm 3.5 gw . mill expect connect energi island 2030 . `` belgium first countri world instal wind turbin protect marin area , pleas elia commit nature-friendli design [ island ] , '' say vincent van quickenborn , belgian deputi prime minist . belgium 's energi minist tinn van der straeten prais elija design take account life sea - water call belgium 'leader offshor wind ' . danish island put hold new permit , also mean belgian energi island come safe number one world . otherwis , idea danish energiø north sea posit . uncertainti econom danish project push project futur . june , suppli put hold recent danish energi agenc close assign ministri . someth els cost fix energi island shot ministri look toward steel platform . solut german focus part north sea .",
,2023-10-18 00:00:00,Nyudviklet materiale fordobler effekten fra varmestråling: 'Vi sætter det foran solcellen',Ingeniøren,Link,"research aalborg univers , collabor tu hamburg , develop metam materi iridium effect convert heat radiat electr energi without much loss . north jutland univers call huge technolog breakthrough , great import green transit . collabor aalborg univers , tu hamburg helmholtz-zentrum hereon , gesthacht , research develop techniqu doubl effici , exampl , solar cell . use techniqu call thermophotovolta ( tpv ) , heat radiat photon directli translat electr energi , research examin effect concentr revenu new metam materi . materi instal compon put front , exampl , solar cell . descript new materi publish research articl journal advanc materi . one hand , absorb incom radiat , heat 1,000 ° c. hand , radiat emit specif wavelength adapt solar cell . heat sun 's ray convert electr . one challeng tpv techniqu today creat materi oper high temperatur without oxid . » normal silicon sun cell limit effici light wavelength infrar area shorter 1,150 nanomet absorb silicon . smoke directli , shorter wavelength absorb gener electron silicon , although photon energi actual enough . get energi util properli , ” say professor kjeld pedersen depart materi product aalborg univers . accord kjeld pedersen colleagu manohar chirumamilla , one drive forc project , light green/blu area ​​the light spectrum gener one electron per photon , although energi photon actual higher one electron get . simpli reach so-cal shockley-queiss limit , effici solar cell limit 30 percent . “ idea us put someth front solar cell , absorb radiat , becom 1,000 degre hot , someth hot , radiat 1,000 degre . side put thermal contact emitt design emit wavelength fit specif solar cell use . theoret effici suddenli 80 percent , ” explain aalborg professor . black gold iridium name , manufactur emitt challeng . 's manohar chirumamilla , kjeld pedersen colleagu design nano -size metam materi , less wavelength light . howev , nanostructur larg surfac rel volum becom fragil heat high temperatur . therefor , stabl materi found . idea new materi origin anoth project collabor sergey bozhevolnyi univers southern denmark , kjeld colleagu fun develop materi call black gold . took gold base structur , dig ion beam creat structur nanoscal . goal creat materi absorb light without escap . “ look afterward thought cave use ? made someth absorb know someth control absorpt , also someth manag emiss two side case . talk fell tpv opportun design materi absorpt emiss , ” explain kjeld pedersen . howev , research team find cheaper materi gold , flatten element iridium , normal temperatur condit becom hard transit metal high densiti . make materi interest retain effici high temperatur inert oxygen . although iridium cheapest materi find , cheaper gold . spread thin layer 100 nanomet , amount materi use quit high , say kjeld pedersen . iridium layer insert two hafnium oxid layer handl high temperatur . “ test week high temperatur 1000 degre celsiu , still work well . hear effect radianc bodi increas effect temperatur fourth . could bring 800 degre , someon made , 1000 degre , doubl effici . last degre realli play role get effici grow sharpli temperature. `` kjeld pedersen compar materi optic filter specif wavelength allow absorb materi . word , surfac materi act filter ensur certain wave convert electr energi . “ say solar cell , sit side face solar cell . heat thermal contact absorb , pure black materi one side , radiat toward solar cell . radiat someth exactli fit solar cell highest possibl effici wavelength , ” explain kjeld pedersen . easi scale materi tailor solar cell , effici increas wave absorb convert energi . kjeld pedersen , howev , think materi work well silicon sun cell , work better solo cell solari cell . also see great potenti scale product materi . colleagu demonstr make materi 100 millimet disc , know equip scale 200 300 millimet . product process also expens , say kjeld pedersen , estim materi could easili hit commerci market within five year startup compani pick technolog . although iridium cheapest materi , easi obtain reach long way . kjeld pedersen estim cost iridium far offset gain come increas energi extract materi long term . signific increas effect , exampl , solar energi open includ technolog futur energi system . could , exampl , larg energi plant connect power-to-x energi island . , larg concentr system built known csp ( concentr solar power ) . addit , technolog also use warehous wind solar energi use heat materi radiat materi later stage tpv gener power . “ think technolog big impact storag , use industri . think mani gigawatt year go wast heat industri process could instead absorb translat power . may well context give 40-50 percent power , mayb 5 percent , energi creat surplu heat , ” conclud kjeld pedersen .",
,2023-11-07 00:00:00,Danske CIP vil bygge GW-energiø ved finske Åland - klos op ad brintrør,Ingeniøren,Link,"togeth two electrolysi compani , danish invest fund start explor possibl establish new energi island gw class finnish åland . bornholm long play becom first energi island baltic sea - risk state project overtaken collabor cip 's subsidiari copenhagen energi island , finnish flexen french lhyfe . trebl clover join forc establish energi island finnish autonom archipelago åland , entranc botnic gulf good distanc outsid denmark 's econom zone . newli releas press releas describ plan overal twist . , accord director cip thoma koopmann , parti still get stuck detail size , timefram , wind turbin type physic locat . “ earli develop phase mani thing need clarifi . talk project gw class term wind electrolysi section , ” say thoma koopmann . 'sefer uncertain ' idea project arisen one day next , ongo dialogu three partner stakehold regul - convers take åland prospect becom metropoli nordic land 's upcom common hydrogen infrastructur . first foremost consist baltic sea hydrogen collector pipe , connect finland , åland sweden germani . pipe get detour gotland may also get detour bornholm baltic countri . » idea use energi island 's manufactur electr electrolysi product hydrogen . hydrogen must sent pipelin destin europ . look offshor wind ptx integr solut - advantag way realiz project , ” say thoma koopmann . experi hydrogen project copenhagen energi island expertis establish offshor wind , two partner must contribut concret experi electrolysi . , sever year , flexen success develop hydrogen project adapt specif region condit , 2021 lhyfe open world 's first industri green hydrogen product plant connect wind farm . follow year , lhyfe open world 's first offshor pilot platform product green hydrogen . `` time come us join partner order kick start next phase develop project , '' say thoma koopmann , list question answer . could potenti prove show stop , exampl , closer examin seab wait ahead . show seab `` absolut terribl soft '' , make construct costli cumbersom affair . “ although seab immedi look nice , may prove soft begin physic examin . also exampl home denmark , . cours around hesselø offshor wind farm . final , busi case must connect , even agre technic detail project . one start look , ” say . 's year ago ørsted cip decid join forc new 50/50-partnership develop number offshor wind project open door scheme denmark-includ bornholm bassin syd ( 1.5 gw ) bornholm basin east ( 1.5 gw ) baltic sea near upcom state energiø bornholm . project put world auspic so-cal open door scheme , sinc shut . made less like cip ørsted realiz bornholm project .",
,2023-11-08 00:00:00,Grøn omstilling bremser op: ‘Kriselignende tilstand i vindsektoren lige nu’,Ingeniøren,Link,"short time , sever offshor wind project denmark cancel , stop postpon . time , lag new tender wind sector crisi . friday last week , citi copenhagen decid withdraw support aflandshag offshor wind farm 300 mw , underway seven year vain cost half billion kroner , project probabl drop . week , danish energi agenc put end offshor wind project 100 mw bornholm , draw board sinc 2019 , suppli energiø north sea ​​at least 3 gw summer postpon indefinit . offshor wind farm north sea north 344 mw soon readi offshor wind project connect electr grid year . although denmark nine eu countri april sign agreement approx . 120 gw offshor wind north sea 2030 , current one concret agreement new danish offshor wind sight . time , urgent knock wind turbin , someth need happen revers develop , explain lena kitz , head societi , market & polici research group dtu 's institut wind energi system . “ huge plan denmark rest europ term set wind energi . expect current capac eu doubl long run , realli need get complet differ gear , ” say . denmark , averag , new offshor wind suppli send everi two year , harmon goal reduc greenhous ga emiss 70 percent 2030 climat neutral 2045 , point . also expans land wind . year , mw land wind turbin expect peel set , much better 2021 2022 . help lena kitz 's word right `` crisi -like state wind sector '' . “ interest rate , price labor raw materi gone . affect produc wind turbin set . result project becom expensive. `` crisi scratch deepli wind energi crisi affect compani , also denmark . vesta struggl revers larg billion deficit price steel import raw materi sky , still struggl normal suppli chain corona . april , wind turbin , amount half cost new park , cost approx . 38 percent two year . also affect vesta ' spanish-german competitor siemens-gamesa , time struggl qualiti problem land windmil compon , hard . wind turbin manufactur alreadi announc last year thousand employe fire worldwid 800 posit close denmark . sinc , one way gone . share fallen 70 percent sinc june , siemens-gamesa approach look like bankruptci unless german govern buy compani . crisi also character tender . exampl , neither ørsted vattenfal - two largest player offshor wind farm - offer number new larg tender germani , project elsewher eu renegoti -offer higher price . `` import time right '' denmark , nation energi crisi , nek , set earlier year , work recommend govern punch wind turbin faster . blue . next must come suggest solv long time horizon approv thing . eu also awar urgent . european commiss therefor play octob 24 wind energi packag get develop gear . order reach climat target , eu 's total wind capac must go current 204 gw 500 gw 2050 . requir doubl annual expans , today 1.2 gw year . therefor , need `` immedi action '' , european commiss note connect engin , engin previous mention . addit inflat access raw materi , shortag labor , complic time -consum tender , also number tender condit need correct . necessari european wind industri stand strong futur . dtu 's lena kitz repeat need action . “ import time right , alreadi seen import player offer tender uncertainti market keep compani invest greatli , exampl , new factori , hard increas product capac level need , 'she say . call current wind energi crisi `` bump road '' , emphas road energi system denmark rest eu , larg base electr wind energi , especi offshor wind , still see : '' politician will extend quit far relat help wind sector , especi offshor wind big part solut climat crisi . ''",
,2023-11-23 00:00:00,"Norge vil droppe elkabler til Danmark: ‘Tiden er løbet fra store, nye udlandskabler’",Ingeniøren,Link,"sinc 1977 electr cabl denmark norway . today , consist four cabl total capac make possibl exchang 1,620 mw jutland norway . norway polit debat around oldest cabl , 2026 reach technic life . question whether cabl replac new one complet scrap . one want renew two cabl parti leader harvest parti , trygv battlevold vedum . ntb news agenc , say . “ hero parti believ need renew permit . clear primari attitud . think time big , new foreign cabl , ” say vedum . center parti 's attitud new , disput export electr denmark go sever year . argument export help drive electr price norway . especi true southern price area . name , lack transfer capac northern norway , give major differ electr price intern countri . becam clear corona crisi subsequ connect energi crisi basi russia 's invas ukrain februari 2022 . april 2022 , howev , stort vote limit electr denmark , among other . decis adopt vote govern parti labor parti center parti . still , hero parti limit number foreign cabl , fear high electr price rest europ get rid norway . norwegian govern set `` power price committe '' , repres industri research , look , among thing , norwegian electr price affect exchang rest europ . head left parti , gener consid eu-friendli , ola elvestuen , emphas power price committe determin electr cabl abroad give norway better secur suppli . right , norway 17 foreign connect , addit denmark goe sweden , uk , netherland germani . » best way ensur stabl low electr price norway drop cabl . ensur norway enough persist electr , ” say . energinet 's norwegian sister organ statnett concess build oper cabl . cabl scotland expos norwegian critic foreign connect new go sever year . appli , exampl , applic connect norway scotland cabl capac 1,400 mw . approv connect , name northconnect , postpon govern 2020 2021 drop . spring 2023 , case resum great annoy sever norwegian politician organ . among thing , energi polici rapporteur progress parti , terj halleland e24 , said govern stop process applic . » norway sponsor europ cheap electr . govern kill cabl , ” said time . also strong resist industri trade union movement . head norwegian lo , peggi hessen semensvik , believ cabl `` buri forev '' industri sound northconnect reject thoroughli final . system respons preserv cabl norwegian politician organ look mad cabl norway rest europ , nordic system -respons compani differ perspect . latest joint report call “ nordic grid develop perspect 2023 ” , write , among thing , skagerrak connect may advantag preserv - even increas - capac norway denmark . price differ norway denmark give high socio -econom benefit countri . therefor , statnett energinet also agre look forward possibl replac skagerrak 1+2 . meanwhil , statnett energi also initi joint project -call `` hybrid electr connect '' . idea link upcom danish energiø danish norwegian offshor wind thu creat anoth electr connect danish norwegian electr market .",
,2023-12-30 00:00:00,"2023 i bakspejlet: En tam superleder, flagermus og vand, vand og vand",Ingeniøren,Link,"2023 blev et år med su i. mest dem ved østvendt kyster , men også it-folk , der med generativ ai nu har fået superkræft . vi fik pfa æg og en tvivlsom superled – og oven alt svæver andrea mogensen . januar : økolog – nu med pfa lige indtil oprydningen efter nytårsmiddagen havd pfa de flest dansker blot været en forkortels en række skadelig stoffer koncentreret omkr brandøvelsesplads . overskueligt og på afstand . men da pfa helt uventet dukked op dansk økoæg en koncentr , hvor børn alderen 4-7 år blot ved indtag den gennemsnitlig mængde økologisk æg vill overskrid den maksimal toler grænse al mad , kunn all se alvoren . forklaringen lå foderet . hvor de ikkeøkologisk høn spist sig mætte fuldfod , som er en bland af soja og forskellig kornsort , blev de økologisk høn fodret med fiskemel . problemet blev løst ved udskift de økologisk høn ’ menu , og snart lagd de igen sund æg . men økolandmænden sålede kunn ånde lettet op , trak ekspertern til gengæld vejret noget tunger og sendt havet et bekymret blik . med en lang række målinger kunn de konstater , havet omkr danmark har det , de kalder en udbredt diffu foruren med pfa . det betyd foruren uden én eller få klare kilder , men nærmere , hvad man kan kald en generel baggrundsforuren . hvor den så kommer fra , kunn ingen forklar . men en ting er sikkert . pfa dukker op lang all vestvendt kyster , fordi stoffern opkoncentrer voldsomt havskummet , inden det blæser ind på stranden og markern . pfa kunn ikk længere ignorer . februar : en ulig luftkamp ballong blev betegnelsen det , der må være den særest luftkamp flyvningen histori . en kinesisk ballon med en diamet på 60 meter nåede bevæg sig ind alaska , vider hen canada og til det nordlig idaho , før præsident biden havd fået nok og beordred den skudt ned . det blev gjort med landet tungest skyt form af et missil fra et f-22 raptor-jagerfli 20 kilomet højde hele verdenspressen og den kinesisk præsident bevågenh . den amerikansk udenrigsminist blev hjemm fra et besøg kina , men restern af ballonen blev fisket op af havet . selv ballonen vist sig være bygget af amerikansk hardwar , men den bar på kinesisk sensor til indsaml af billed og video . dog uden send data hjem til kina . siger usa . det tydeligst indtryk , der står tilbag er en selfi , jagerpiloten tog med ballonen baggrunden , inden han lukked luften ud af den . det dansk hav skull der ikk være ballon . der skull være masser af havvindmøl . troed man . planen var , energiselskab nu skull til bygg offshore-vindmøllepark egn peng og uden om statslig udbud efter den såkaldt åben dør-ordn . selskabern skull byde ind på all de areal , der ikk var øremærket til offentlig udbud . men pludselig fortrød energistyrelsen og lukked muligheden øjnene af en række meget byggeivrig selskab . der lå eller projekt klar til en produkt af vindenergi , der vill kunn dække danskern behov gang . problemet var , styrelsen ikk havd gjort det juridisk klart , ordningen kun var tænkt til små projekt tæt på land . så branchen havd derfor budt ind med meget store projekt 1 gw langt fra kysten . men de areal hører til de lukr . og dem vil staten gern behold sig selv . mart : hønen eller ægget » vi er gang med sætte en ferrarimotor en gammel ford taunus. « så malend beskrev en ekspert elprodukt det ingeniøren , da vi gik på jagt efter en løsning på et snigend og uundgåeligt problem den hastig elektrific af samfundet , vi er midt : tynd og få elkabl . med forslugn datacentr , elbil , varmepump og ikk mindst ptx står vi en fordobl af elforbruget frem mod 2030 og noget , der ligner en femdobl det efterfølgend årti . hvi al den el skal lede sikkert ud til forbruger og produkt , er der brug en udvidels af elnettet til 110 milliard kroner inden 2040 . el har på gansk få år bevæget sig fra være en stabil selvfølg til være modern tid månelandingsprojekt . men det er ikk blot dimensionern , der ændre . selv strategien og vilkåren udbygningen ændre radikalt . førhen har selskabern skullet eftervis et behov , før de kunn spender forbrugern peng på nye kabler . nu skal vi etabler infrastrukturen strategisk . det betyd , vi skal bygg ve-zon områder , hvor der er plad , og hvor vi kan trække kabler hen . men det skal vel mærke ske , inden produktionen overhovedet er flyttet derud . vi skal med andr ord lagt massiv mængder nye kabler ud nu og , inden vi kender placeringen af fremtiden produktionsanlæg . læg dertil et krav om en helt ny måde styre spændingen på , nu hvor den ikk længere er sikret af stabil kraftværker , men tværtimod er påvirkelig af vinden styrk eller en sky solen . der er nok tage sig af det , der nu benævn nationalkritisk infrastruktur . april : en motor med flade dæk med den optimistisk titel ‘ forberedt på fremtiden ’ lancered regeringen en markant reform af de videre­ gåend uddannels , hvor halvdelen af all landet cirka 500 kandidatuddannels kan se frem til blive halveret fra til et år . udvalgt kandidatuddannels skal dog forlæng og lægge op til ekstra fordybels som forsker eller specialist . som oplagt områder nævne nano- og kvanteteknolog . målet var få flere kloge hoved hurtigt ud erhvervslivet . men modtagelsen var ikk så taknemmelig fra den side , som regeringen jo nok havd set frem til . siemen gamesa skrev sålede sammen med en række andr førend virksomhed et åbent brev til regeringen , hvor de peger på , teknisk og naturvidenskabelig områder netop er de områder , der » udgør størstedelen af fundamentet den dansk vækstmotor. « vindmølleproducenten meldt hereft direkt ud , den ikk ønsker ansætt dansk ingeniør med en etårig kandidatuddannels . oppositionen mødte forslaget med udbredt bekymr , forkorted kandidatuddannels kan skabe et a- og et b-hold , og ida formand , laura klitgaard , notered , » det virker , som om man med åbne øjne har piftet dækkene på vore vækstmotor. « da stod det klart , regeringen står meget alen ved reformfronten , når det gælder langvarig uddannels . maj : større klode søge kampen et bedr klima har vi fået en ny modstand : biodiversitet . pludselig er det ikk længere blot menighedsråd og borgerforening , der spænder ben nye vindmøller . nu kan hensynet til en lill fla­ germu stopp de største havvindmølleprojekt . problemet er , vi vore iver efter massiv elektrific har glemt , det der kræver så meget plad , det fremov bliver meget vanskeligt find tilstrækkeligt med områder til beskyttet natur . miljøstyrelsen placer gansk vist 15 procent af danmark areal den kategori ved medregn opdyrked areal som beskyttet natur , når bare de kan find et vandhul ude marken . men biodiversitetsrådet kan kun find 2,3 procent . elselskabern sår blomster striber mellem solcelleparkern panel , men fagfolk kalder det green- eller biowash . et naturligt habitat kan det aldrig blive . så lige nu er vi vidner til en masseudryddels , hvor 48 procent af kloden arter er tilbagegang . hvi hasselmu , stor vandsalamand og springfrø herhjemm skal en chanc , skal vi udlægg 30 procent af vore areal til beskyttet natur , sådan som eu foreskriv . så kan det godt blive svært få plad til de møller og panel . en helt overordnet udfordr er dukket op : mangel på plad , når der skal være plad til landbrug , energiprodukt , vand og all kloden arter . juni : debatten , der ikk vil dø vi har debatt danmark , der bliver ved med spring op igen og igen . den ene handler om ytringsfrih . den anden om a-kraft . 16 førend forsker stod gansk vist 2022 frem samlet fl ok og fraråded dansk politiker tage a-kraft med planlægningen . teknologien kan hverken hjælpe med nå klimamålet 2030 eller betal sig rent økonomisk sammenlignet med vind- og solenergi . heller ikk , hvi den lever fjernvarm som sidegevinst . sådan lød beskeden . og klimarådet var klar sin opbakn : » vore analys viser , atomkraft ikk er nødvendigt sikr elforsyningsikkerheden danmark . de udfordring , der opstår helt særlige vejrtilfæld uden vind og sol , kan vi klare med andr midler og billigere. « klimarådet peger selv på tre løsninger , der kan sikr backup , og som rådet vurder vil være hurtiger opfør og billiger end a-kraft : ellagr , fleksibelt forbrug og regulerbar elkapacitet med gasturbin eller termisk kraftværker . en forsikr , der ifølg klimarådet vil kost hver husstand ca . 100 kroner årligt . alligevel vill flere partier på christiansborg fortsætt diskussionen , men liber allianc forsøger saml flertal bag en ‘ niel bohr-kommiss ’ . så a-kraftdiskussionen kan vent snart komm på besøg igen . juli : øer et oprørt hav med indgangen til det , der skull blive den varmest sommer på kloden 120.000 år med afsvedn marker , skovbrand og oversvømmels , skull der krop på de store ve-plan danmark . hvi ‘ hockeystaven ’ skull vise sin forudset effekt , måtte årtiet klimapolitisk prestigeprojekt – energiøern – sætte værk . men efterhånden som projektet kompleksitet gik op energipolitikern , daled begejstringen , og på borgen fi k øen nordsøen nu øgenavnet monsteret . da det tilm vist sig , øen til en pri på 210 milliard kroner vill end med et underskud på 5o milliard kroner , blev projektet udskudt på ubestemt tid . energiøen ved bornholm har ikk bedr fremtidsudsigt . partiern kunn gansk vist blive enig om statsstøtt på knap 18 milliard kroner til etabler den dansk del af øen infrastruktur form af et kabel til sjælland og tyskland samt en station på bornholm . men øen og møllern måtte klare sig på markedsvilkår . med usikk finansi , lave elpris og høje råstofpris betyd det også en usikk fremtid energiøen ved solskinsøen . august : bevis , tak fagfolk elsker fakta . derfor ser vi dem hold armen tæt til kroppen , når forsker påstår , de har løst et eller andet gammelkendt problem . fagfolk vil se det afgørend bevi . bare ikk når det kommer til superleder . sådan så det hvert fald ud , da en koreansk forskergrupp lagd en video ud med et lill stykk material svævend luften , et tegn ( men ikk bevi ) på superlederegenskab . og hævdede de skabt superlederegenskab ved stuetemperatur , hvor det eller kræver en temperatur tæt på det absolutt nulpunkt . materialet blev døbt lk-99 , er relativt nemt fremstil af bli , kobber , fosfor og ilt , og snart efterprøved forskergrupp forsøget kloden rundt . stor var begejstringen , indtil en erfaren kemik fra univers illinoi lige gjord opmærksom på , det var gammelkendt egenskab ved kobbersulfid , der havd skabt illusionen . verden vil bedrag . eller også skyld det bare , opdagelsen af en superled ved stuetemperatur betyd stensikk nobelpri og et multimilliarddollar-forretningseventyr . men de sydkoreansk forsker trak sig surmulend tilbag , kunn vi til gengæld se en storsmilend andrea mogensen svæve ubesværet ind til mandskabet på iss som en start på sit sek måneder ophold på stationen . vi har læst om , han skal fotografer lyn , afprøv en dansk natlamp og måle kvaliteten af sin nattesøvn . men all er virkeligheden mest spændte på , om andrea får prøvet den rumvandr , han har drømt om , siden han var barn . han fortjen det . septemb : biosfæren er fare fordelen ved et gennemdigitaliseret samfund er , vi ved pulj persondata kan hjælpe den enkelt borger hurtigt og effektivt . rett ekspert har adgang til rett data rett sammenhæng . men . all mulig entligt ansatt kan også bare dykk ned andr persondata efter forgodtbefi ndend . de ligger jo der , lige til snage i. og det har offentligt ansatt de senest par år tilsyneladend benyttet sig flittigt af . de har snaget mødre , fædre , partner og fremmed oplysning , og mang tilfæld har de slået børn op . nogl medarbejder har lavet ét opslag , men andr har slået hundredvi af borger op flere år uden møde modstand fra myndighedern . datatilsynet har andet tage sig til og har sålede inden de sidst år kun reageret på én procent af all sager om snageri . så der er frit slag de nysgerrig , hævngerrig eller jalousiramt . ‘ jorden er langtfra en sikkerhedszon menneskeheden. ’ ikk nogen rar meld fra forsker , der har opgjort tilstanden kloden ni planetær grænser , der tilsammen angiv planeten sundhedstilstand havet , atmosfæren og biosfæren . den nyest opgørels fastslår de , sek af grænsern er risikabel eller højrisikabel tilstand . og det er ikk længere klimaforandring , der bekymr dem mest . nu er det udviklingen biosfæren , der fremkald rynked øjenbryn . det er biodiversiteten . den kan mennesket ikk genoprett . hvi vi først får styr på udledningern af klimagass , er vi en situat , hvor energibalancen på jorden kan vend retur til et holocæn-lignend niveau inden nogl tusind år . men når vi taber en art , er den tabt evigt . vi kan ikk gå tilbag til en biosfær , som ikk har et menneskeligt fingeraftryk . oktob : risikabel havudsigt først var det en diskuss om , hvorvidt vi stod en hundredår eller en tusindårshændels , der fyldt mediern . men så kom stormfloden med mere end meter vandstign lang landet sydøstlig kyster . en situat , der nok ikk vill komm bag på kystboer mod vest . men mod øst var all enten uforberedt eller udstyret med underdimensionered dæmninger og stormport . ikk fordi stormfloden der ikk forelå masser af planer om kystsikr . de var bare aldrig blevet sat værk med dere færdige tegning af sandfodr , diger og pumpestation . tre spørgsmål har stået vejen : hvem skal betal ? hvad med min havudsigt ? og hvordan skal en lill kommun kunn oversku al den lovgivn , der skal overhold , når kysten skal ændre ? sålede blev skibsværftet assen oversvømmet , men sommerhusejer bekymred sig mest om prisfald som følge af forringet havudsigt . og sålede måtte beboer køge evakuer , fordi kommunen havd problem med flett kystplanern sammen med eu ’ oversvømmelsesdirektiv og habitatdirektiv . byen borgmest forklared det maritim termer : » vi oplev skull naviger et lovgivningsmæssigt farvand uden sejlrende. « udsigten til klimaforandring stiller imidlertid krav om et opgør med vore romantisered forhold til dansk kyster . ved en temperaturstign på 1,6 grader celsiu vil danmark komm til oplev stormflod hvert tredj år , og hvi udslippen fortsætter som hidtil , kommer der slutningen af århundredet 39 gang flere stormflod , end vi oplev dag . der røg den havudsigt . novemb : ind , ude , ind igen det er sjældent , man møder ønsket om blive reguleret fra dem , der skal reguler . det sker imidlertid helt åbenlyst fra topfolk ai-branchen , anført af manden bag chatgpt , ceo openai sam altmann . som en tyv natten havd han gjort sin sprogmodel tilgængelig og grati all . skriv dit prompt vinduet , og se magien . men lige så tilgængelig den er , lige så farlig er den , lød advarslen , hvoreft altmann blev sparket ud af af sin egen bestyrels . hereft fulgt et af de særest jobskift set en branch , der eller ikk mangler original . kort efter fyringen ansatt microsoft , der ejer 49 procent af firmaet , manden og tilbød all han 700 ansatt nyt job.inden samm uge var han dog tilbag stolen som ceo openai . et firma , han started som et idealistisk , nonprofit open source-firma , der vill skabe ai til gavn menneskeheden . nu en black box med kolossal kommerciel interess omgivet af mystik og rygter om ligg ind med en generel ai . hele affæren viser den betydn , techgigantern lægger ai-kapløbet . alen microsoft har kunnet se sin akti stige med 50 procent siden openai kom med til firmafrokosten . senest er amazon gået markedet med sin egen chatbot , q , der 20 usd om måneden angivelig kan gøre arbejdsdagen nemmer all . hastigheden udviklingen satt eu-kommissionen grå hår hovedet , fordi målet flytted sig konstant , inden eu-parlamentet omsid kunn vedtag året vigtigst regul – ai act . decemb : varm rekord en kold tid men en usædvanlig kold start og blæsend afslutn på decemb lagd sig landet , lagd grønne initiativ sig til ro bruxel . med udsigt til valg til eu-parlamentet 2024 , hvor meningsmåling på tvær af grænser peger retn af en højredrejn , udvand klima- og miljøforslag , hvi ikk de bare lider en still død på gangen ­bruxel . dog kan medlemslanden blive enig om lægge planer udvind af sjældne råstoffer , der er kritisk den grønne omstil . hvi vi skal tilstrækkeligt med vindmøller og batteri til den grønne omstil , er det bydend nødvendigt slipp fri af kina dominan på området . vi har gansk vist råstoffern jordoverfladen . men igen ramler vi ind et af året hovedtema : pladsmanglen , der hele tiden minder os om , klimakrisen og biodiversitetskrisen risiker blive hinanden værste fjender , hvi ikk vi finder en ny vej tilbag til globaliseringen . selv om måneden started koldt , bliver 2023 det varmest år menneskeheden histori , kunn fn ’ generalsekretær antónio guterr oplys sin åbningstal ved cop28-klimatopmødet dubai . med udsigt til et 2024 , der med hjælp fra el niño kan gå hen og blive endnu varmer , kunn diss ord fra åbningstalen passend stå som udgangsreplik 2023 : » dett år har set samfund rundtom verden ramt af brand , oversvømmels og brændend temperatur . rekorden global opvarmn bør send kuldegysning ned af ryggen på verden leder . og det bør få dem til handle. «",
,2024-11-07 00:00:00,Regeringen udskyder Danmarkshistoriens største havvind-udbud,Ingeniøren,Link,"delay hit denmark 's largest offshor wind expans , suppli power dkk 9 million . household . sever month delay . safe shown . ministri climat , energi suppli would use turn year kick-start danish histori 's largest offshor wind suppli minimum 9 gw plu overpl . engin experienc ministri postpon suppli point spring . reason danish energi agenc investor includ market dialog yet reach agreement framework 6 gw tradit offshor wind 3 gw energiø bornholm . make difficult govern achiev goal least complet 9 gw end 2030 , warn consult compani kraka advisori : “ 's right , 's shit . need green power . question whether reach 2030 , alreadi press . histor taken averag nine year idea ​​establish offshor wind wind turbin establish . seven year end 2030 , ” say frederik læsøe nielsen , senior economist kraka advisori . also annoy mari münster , professor energi system analysi member climat council . even though month , come fact parliamentari elect time delay process prepar market dialogu sever month . mari münster 's assess , mean denmark abl deliv enough consumpt , exampl , import electr , necessarili green . howev , first foremost go beyond european global goal , say , point emiss elimport count directli nation climat goal . `` although postpon immedi influenc nation climat target 2030 , european global - also opportun emerg pioneer countri field climat , target climat act . role model enough cover consumpt , ” say mari münster . uncertainti sustain requir ptx engin ask danish energi agenc state much suppli delay , repli mail `` continu '' expect start suppli spring . howev , answer match fact board expect publish final tender materi around turn year , initi market dialogu june 2023 . confirm tip sourc close govern tender delay . mail state danish energi agenc experienc great interest market via market dialogu - must still progress . background , board final tender materi . listen water pipe , delay due dramat quarrel , rather discuss framework suppli . discuss string sustain requir tender first embrac - other legal question state take care ownership . difficult parti reach agreement extent state sell power e.g . ptx project . element state tender . clock tick .",
,2024-02-23 00:00:00,Luftfartens grønne brændstoffer er nødlandet i stilhed,Ingeniøren,Link,"plan get danish domest flight sustain fuel long prospect . larg -scale project stand still altern wait . octob 2019 , engin 's post bunch journalist meet copenhagen airport . occas new report product sustain flight fuel - also call saf ( sustain aviat fuel ) . behind report stood research univers southern denmark ( sdu ) togeth consult engin compani nira organ nisa ( nordic initi sustain aviat ) , messag saf could produc price 'onli ' three time price fossil fuel . practic , would mean extra cost airlin ticket 30 percent . technolog clear , right decis made , author time believ first product plant make 100 percent green flight fuel could readi earli 2025 . room eman enthusiasm powerpoint shown advanc flow chart thorough schedul . parti behind report prais , undersign difficulti penetr critic question schedul . sure particip project implement time ? erik c. wormslev , develop manag climat , energi resourc nira co -author report , optimist emphas much technolog could alreadi purchas , exampl electrolysi unit . `` n't think problem five year , '' said , believ would possibl `` build demonstr system 50-100 mw enough money back . readi 2025 ? round number , aircraft account three percent global co2 emiss 2023 , may seem gigant . problem aircraft far difficult make climat -friendli , exampl , petrol car , mani place replac rel easili electr car . mani trial process short-fledg batteri , hydrogen engin hydrogen engin and-what plan sdu report-synthet fuel replac fossil 1 : 1 . four year airport meet good question whether end 2025 readi pour home -produc saf tank plane airport amag ? short answer , prospect abl within come year must said highli question . 2019 , ørsted probabl receiv dkk 34.6 million . dkk support construct electrolysi system 2 mw associ hydrogen storag . energi come wind power , alreadi short time cowi warn use fluctuat electr wind turbin electrolysi . challeng , technic manag jepp grue explain get plant run flexibl , play electr heat system absorb variat product wind turbin . 2020 , larg -scale project 'green fuel denmark ' launch ørsted forefront cowi technic advis . goal creat denmark 's ambiti project large-scal product sustain e-fuel base green electr wind turbin . 2030 , total electrolysi capac 1.3 gw potenti avoid emiss one million tonn co2 first ten year oper . 2022 , project receiv grant , time dkk 600 million . dkk danish busi author , particip european ipcei program . program aim support area action european commiss decid leader eu 's futur . appli , among thing , hydrogen e-fuel . today , cowi want comment project pass request ørsted , refer respons fall 2023 engin last wrote project . lar hansen , ørsted 's director ptx denmark , acknowledg `` green fuel denmark challeng , due rise cost , also lack new , green power eastern denmark . '' concess came shortli offshor wind turbin park postpon risk complet drop . better energiø bornholm , suppli 3 gw offshor wind paus . discourag project particip nevertheless , ørsted cancel green fuel denmark . compani state effort made implement despit challeng , ptx director lar hansen write email engin still close dialogu potenti custom saf : '' final timelin product saf depend need custom develop necessari technolog . '' also ask particip time join green fuel . mani respond inquiri , gener reaction seem four year discourag . copenhagen airport , sound director public affair søren rosenkild clausen `` confid project make signific contribut forese futur . '' dfd , custom methanol hydrogen , still support ambit hope `` way rather green fuel denmark found , '' dsv citi copenhagen return engin 's request . piti aviat need green fuel becam clear prime minist mett frederiksen , new year 's speech januari 1 , 2022 , announc 2025 green flight rout denmark domest rout 2030 fli green fuel . mention specif saf , sinc commerci electr aircraft still year futur , saf would obviou choic . therefor , today , director nordic initi sustain aviat , martin porsgaard , sit present sdu project 2019 also annoy longer come . “ unfortun , expans wind turbin , suppli green electr , lag afterward . also uncertainti co2 use fuel , hydrogen product focu export germani product saf denmark , ” say . real green altern aviat fuel today made use cook oil , also call uco ( use cook oil ) . also uco uncertainti resourc limit document actual base use fryer oil often uncertain . “ would think 2025 may rout readi uco , presum import asia . synthet fuel base ptx longer prospect , ” say martin porsgaard . mix passeng tax eu , summer 2023 , decid aircraft fli commerci union must 2 percent green fuel mix 2025 , 6 percent 2030 70 percent 2050 . small part come synthet sourc . critic point first mani year uco avail , import asia . emphas risk cheat use oil great . decemb , danish govern follow eu requir agreement tax airlin ticket . specif , mean tax phase 2025 , air travel 2030 expens 2030 . give proce dkk 900 million . dkk 2025 increas dkk 1.2 billion . dkk 2030 . one might think tax revenu use make air transport green , govern chose spend dkk 600 million . dkk proce increas elderli check . frustrat jepp juul , transport polici chief environment organ council green chang . fear instead green flight fuel , like manufactur green fuel project , import uco question natur . “ want spend third proce passeng tax green transit air transport , think strang . simpli incent invest real synthet fuel denmark , ” say . therefor , trust clean electr aircraft readi 2030 . martin porsgaard also saw entir proce passeng tax spent develop saf . `` would recommend reduc purchas uco-saf asia , instead accumul financi mean acceler ptx-base saf produc denmark . ''",
,2024-02-23 00:00:00,Biomasse eller grøn el: To veje til grøn luftfart,Ingeniøren,Link,"road green fuel aviat pave , ørsted forefront , green fuel denmark chose differ path research recommend . may put project back . end , certifi aircraft fuel . , put anoth way , n't matter fuel come . whether fossil synthet fill aircraft , must live specif requir . differ energi come matur technolog manufactur green flight fuel ( saf ) is-and start point sdu report ' pre-feas studi sustain aviat fuel bioga , hydrogen co2 ' 2019 . basic principl report jetfuel produc base biomethan and/or co2 hydrogen . either tradit steam reform biomethan , therebi form pure synthesi ga ( h2 ) carbon monoxid ( co ) , via so-cal reverse-water-gas-shift reaction co2 hydrogen , therebi also form synthesi ga . subsequ , synthesi ga could use well-known fischer tropsch process make saf . technolog known time peopl commerci avail . although sdu nira respons technic descript calcul project , notic compani financ report . could find copenhagen airport , sa , arc , danish aviat , dansk energi ( green power denmark ) natur energi , produc bioga use . readi 2023 2020 , larg number compani launch green fuel project denmark . forefront ørsted sever particip gangster sdu report . board also dsv , dfd , maersk , topso hydrogen compani nel everfuel . hand , bioga produc natur energi , import point . longer anyon talk use methan bioga hydrogen , extract biomass . , fuel , sea , sea air transport base electrolysi produc use green electr wind turbin co2 biogen sourc . first step project readi 2023 consist 10 mw electrolysi unit could immedi suppli hydrogen buse truck . second step readi 2027 , hydrogen product 250 mw base electr brand new wind farm bornholm , part energiø project . base hydrogen , methanol produc co2 copenhagen point sourc , avedøreværket wast inciner . third step , entir potenti offshor wind bornholm exploit electrolysi capac scale 1.3 gw . total , 250,000 tonn sustain fuel produc use buse , truck , ship aircraft . 2027 , project could potenti replac 5 per cent . fossil fuel use copenhagen airport much 30 per cent . 2030 . complet differ way “ complet differ path one suggest . start green bioga , alreadi ga network , consid hydrogen electrolysi expens part . green fuel denmark chose start electrolysi bet cheap electr would come upcom offshor wind farm , 'say henrik wenzel , professor sdu , head ' life cycl engin 'and one lead author origin propos 2019 . top , henrik wenzel adam road methanol e-kerosen , ie jetfuel , unnecessari extra process step , time still work laboratori scale ultim make product expens . “ deni product methanol subsequ jetfuel longer term profit . gone methan way suggest , sure first test system product jetfuel would readi today , ” say henrik wenzel . mention earlier , topso join green fuel denmark project , might good reason . topso expert process synthesi ga convert methanol . today , topso deni engin compani demand effort made electrolysi methanol would join project . ørsted want comment whether requir topso go methanol way . `` chose focu electr -base solut green fuel denmark natur extens exist activ , '' write lar hansen , ørsted 's director ptx denmark , email . howev , emphas mani differ technolog need decarbon denmark world , includ electr -base solut solut base bioga .",
,2024-03-22 00:00:00,Ørsted og Elia: Nye mølleparker bør være ‘hybrider’ som Kriegers Flak,Ingeniøren,Link,"energi compani ørsted , togeth belgian elia , made four propos creat basi expand wind power sea across border . countri larg energi need countri larg wind resourc . imbal tri come life four new propos , togeth ensur wind power north sea baltic sea expand optim benefit countri . howev , challeng countri mani differ actor , differ legisl opportun invest renew energi . collabor present today windeurop confer bilbao . present present also minist climat , energi suppli lar aagaard , belgian minist energi tinn van der straeten eu 's director gener energi , ditt jørul jørgensen . europ must cooper behind initi energi compani ørsted belgian system oper , elia group . togeth , develop model number recommend believ break barrier make difficult today link offshor wind farm two countri . may seem like two compani differ agenda , ceo elia group , catherin vandenborr , see problem . “ share common percept wind energi believ better exchang energi across border individu countri follow nation interest build wind farm link network . continu , reach goal eu . instead , want gather power find solutions. `` olivia brees , director ørsted europ , see develop wind turbin europ , current balanc knife egg . “ speed rollout road speed essenti - need new solut achiev goal europ . must solut break silo energi system . find solut togeth , bring actor togeth creat opportun , us actor societi gener , ” said press present . therefor , confer bilbao also good opportun get politician industri speak , say olivia brees . `` get polit mandat move forward solut , get start solv technic , organiz financi aspect work . '' say . need 'hybrid solut ' suggest call 'hybrid project ' . type wind farm one world warrior flak denmark germani connect electr grid sinc 2021 . , denmark germani connect via electr cabl connect directli wind farm . thu , possibl send energi price highest . wind blow , cabl use normal transfer electr two countri . extens offshor wind turbin green energi go faster today , mani type project need , write two energi compani new report . howev , challeng build type offshor wind farm mani , emphas . exampl , may differ legisl two countri put obstacl way . also nation interest access invest made difficult wind farm need link two countri . two countri connect , accord two parti , also asymmetri benefit . exampl , may consum , larg small , one countri greater advantag , howev , without contribut invest . two compani tri someth therefor put four propos lake make easier . see fact box . energi must distribut exampl area type plant make extens much effici contemporari accommod sever countri , point north sea , wind farm far built singl park so-cal 'point-to-point ' connect land . energi distribut countri via cabl . also call radial network . countri around north sea benefit larg wind resourc , optim , hybrid network cabl sea bottom connect wind farm send energi ashor need . . way , cabl save land number connect point offshor wind farm land . connect known danish parker horn rev ii , connect via cabl land . hybrid version , mill connect , exampl , convert platform energi island , energi distribut market custom . way , author behind report also emphas , possibl countri larg wind resourc denmark , exampl , particip activ expans . fact north sea best wind resourc world document sever time . area windi , rel low sea depth close larg consumpt area denmark , unit kingdom , germani , belgium netherland . therefor , expans hybrid network must also seen light esbjerg declar , minist denmark , germani , netherland belgium set target expans 150 gw wind power north sea 2050 . calcul pan-european organ transmiss compani entso- show offshor wind farm built hybrid connect land , hybrid park could contribut 80 gw capac 2050 . present , 6 project mold goe concept 'hybrid ' - also includ two danish energi island north sea bornholm respect . project start date , 2030 .",
,2024-04-08 00:00:00,Synspunkt: Politikerne overbyder hinanden på energiområdet,"Ingeniøren
Frederik Læssøe Nielsen, Seniorøkonom, Kraka Advisory",Link,"lem effect steroid politician first greatest climat fight without fund sensibl plan . green agenda becom commonplac , partli challeng climat chang becom clearer tangibl day day partli energi polici becom secur polici russia 's invas ukrain . therefor , cours , good expect among polit parti also broad support ambiti danish reduct target desir make countri independ fossil fuel russia inconveni trade partner . fact , becom almost polit suicid appear relax climat energi issu . may sound good danish voter hungri solut green transit , mani respect exact opposit . fear appear climat patch lead bad , hasti decis make us less green chang money , transit becom unnecessari expens taxpay . outsid , hunt greenest profil look like lem effect steroid , import demonstr power action decis made proper basi . 's longer enough follow . want appear green , constantli overbid afford thought fear confus relax . thoughtless prove expens - sever exampl . perhap obviou exampl politician make poor socio -econom decis least blame climat -lap energiø bornholm . origin decid built -in prerequisit establish profit . came end , project -econom deficit 10 billion . dkk , sinc develop state aid need much dkk 31.5 billion . dkk , tower , premis tacitli ignor , expand project 2 gigawatt 3 gigawatt . politician agre put ceil support dkk 17.6 billion . dkk , one process will rais hand point obviou , name prerequisit agreement progress emphat . time , energi island north sea paus turn requir 50 billion . dkk state aid . instead put final grave , civil servic work cheaper solut . howev , solut hardli profit either . vacant stanc drop expens prestig project none take . therefor , debat fail , gener taxpay earn larg doubl -digit billion bill . politician quadrupl product renew energi land , five-fold product renew energi sea 4-6 gigawatt electrolysi capac split water green hydrogen oxygen-al 2030 . unclear denmark ambit , motiv analyz argument , provid far power hydrogen denmark use forese futur . seem rel harmless politician announc ambiti goal , isol , cost noth great ambit , problem aris afterward . ambit announc , also use other motiv polit action : 'if state financ hydrogen tube germani never reach goal 4-6 gigawatt electrolysi capac ' . way , unmotiv goal suddenli becom argument time someth futur politician also control , matter bad social economi thu opportun actual get much chang money possibl . way , outlin climat paint contemporari futur politician inconveni corner , releg either pursu unpublish polit appear relax . object ambit cours good direct transit , crucial back profession analyz good argument , otherwis end polit agreement bind politician lead inappropri expens climat polici . denmark thu get less green transit money , also risk lose broad support popul .",
,2024-08-15 00:00:00,"Oversvømmelser, kobøvser og lastbiler på biogas: Nu bliver de første grønne milliarder uddelt",Ingeniøren,Link,"togeth green fund 's agreement parti , govern decid first five billion kroner distribut . support district heat owner diesel car pay 50 cent per liter fuel . climat chang threaten shore , citi home , pfa spread environ - anim disappear natur suffer . time , cow buzz larg quantiti methan , car continu run black diesel roll -out district heat slow . therefor , govern parti behind green fund sell first $ 5 billion total dkk 53.5 billion allevi number climat environment problem . two billion go avoid flood , deal pfa pollut improv environ way . `` two environment billion use import initi dane notic , '' say environ minist magnu heunick ( ) press releas news servic via ritzau . dkk 1.2 billion divert 2030 financ denmark 's first plan climat adapt , present last octob , worst storm surg least 10 year hit denmark . money must financ effort sever flood , among thing sand coast invest critic sluic coastal facil , engin previous mention . addit , govern parti agreement ( socialist peopl 's parti , conserv peopl 's parti , uniti list radic left ) allow dkk 625 million rais new forest transform agricultur land forest , counteract nitrogen leach hard -press aquat environ . `` need travel forest get better natur strengthen biodivers , '' say magnu heunick . dkk 200 million also alloc drink water protect , dkk 550 million clean major gener pollut dkk 210 million delay pfa action plan . addit , implement dkk 500 million agre harbor fund ensur natur restor alreadi hard -press marin environ offshor wind turbin erect connect energi island north sea baltic sea . » harbor fund must improv aquat environ exampl . establish stone reef plant eelgrass , ” say magnu heunick , call agreement parti behind . oil ga lighthous go away addit , hand-of-hand-in-law , face upcom co2 tax . new agreement , fund alloc feed cow , reduc anim ' methan emiss somewher 8 30 percent . dkk 500 million reserv feed 2030 . also , half billion kroner alloc district heat pool , district heat compani start roll -out district heat network slow . last year , district heat compani welcom 40,000 new custom , year , 58,000 home includ district heat . new agreement , dkk 20,000 must grant support per oil ga boiler , district heat convert . » support may caus project becom profit district heat compani implement . increas roll -out district heat network new area support convers away ga oil space heat , ” new agreement state . 2030 , dkk 900 million also given make road transport greener , includ dkk 161 million support use truck run bioga . agreement , owner diesel car also come pay 50 cent per liter fuel . mean remov wind turbin larg part agreement meet prais outsid world . exampl , dansk district heat call press releas `` nice deal '' `` solid back '' . “ thousand homeown breath relief . get peac mind expans district heat place district heat compani homeown uncertain whether could retir ga fire , ” say kim mortensen , director danish district heat . dansk erhverv also prais agreement , although time upset part . part agreement 's financ , fund remov energi efficiency busi enterpris test wind turbin sea , interest organ point press releas . `` somewhat surpris fund remov offshor wind energi efficiency financ agreement precis energi effici offshor wind explicitli highlight origin agreement green fund 2022 import area action . reminisc feed dog tail , ” say ulrich bang , deputi director climat , energi environ danish busi .",
,2024-05-07 00:00:00,Minister advarer: Belgisk valg truer energiø til over 200 milliarder kroner,Ingeniøren,Link,"immin belgian choic make difficult realiz energiø north sea . state note climat minist lar aagaard sent folket 's financ committe . four year , danish govern tri persuad belgian govern post money establish energiø north sea , produc , store distribut green electr offshor wind , among thing . belgium . negoti stall press supplier chain , rise interest rate inflat cost project far edg belgian involv . worri climat minist lar aagaard ( ) , note ( download comput ) warn folket 's financ committe agreement given even longer , negoti fall belgian parliamentari elect held june 9 . paus negoti . also make difficult resum current energi minist tinn van der straeten lose elect . long kept project go belgian , mani indic lose elect less green candid harder time see idea ​​the project . note , climat minist warn elect make difficult enter agreement . emphas island realiz denmark succe enter new agreement belgium partner countri . belgium appar countri denmark current lie real negoti . accord memo , govern run parallel trace countri , name germani , netherland , norway uk . refer real negoti , dialogu . email engin , energinet 's director energi island hann storm detlefsen write process pull minist current belgian minist tri get member state pay part larger bill . shadow busi case jan bentzen , associ professor econom aarhu univers , find unlik belgium say ye fund triton link energiø north sea . even though project alreadi draw board sever year , yet seen shadow proper busi case . long certainti project economi energi north sea associ cabl , triton link , belgian govern get peac mind , say . thing seen put public `` brief overview simpli indic socio -econom loss larg number billion '' . august , ministri postpon tender actual plant energiø north sea , danish energi agenc estim result loss dkk 50 billion . kroner build island dkk 210 billion . prompt ministri see project far profit thu live basic requir polit agreement set project . deficit doubl although danish govern tri minim loss year drop origin concept reclaim island favor cheaper solut steel platform , rise materi price long sinc swallow save amount . tell sourc close govern , exampl price increas mention triton link begin negoti 'onli ' cost $ 3.5 billion belgium agre - gap doubl . jan bentzen may well understand belgian energi minist , tinn van der straeten , tell exchang spokesman promis danish govern anyth . bentzen think make good sens condit agreement eu also support project . furthermor , physic distanc two countri , accord jan bentzen , larg belgium `` attract altern requir long transmiss line 1000 km '' . senior economist frederik læsøe nielsen kraka econom hope clear everyon energiø north sea turn anyth . line consult analysi compani even announc sever time past three year . `` sooner patch get torn , better . wast 's time , money polit capac pretend run . offici resourc could use much better elsewher , ” say .",
,2024-05-07 00:00:00,Energiøer på randen af fallit: Afhængig af umulig EU-støtte,Ingeniøren,Link,"govern offici consid fate two energiø project north sea bornholm respect . happen cost establish island grown unmistak larg neither neighbor countri eu afford support . ambiti plan hard let go - especi spent ocean time money realiz . may nevertheless , within reach , suddenli becom expens . precis suppeda govern agreement parti , four year tri vain get number neighbor countri get financ denmark 's largest energi project far . project call energiø bornholm energiø north sea . locat draw board two collect site far 3 gw 4 gw electr offshor wind , decad distribut around needi countri eu via submarin cabl . sinc neighbor countri seem want take , denmark afford pay whole guild , look black project . especi true energiø north sea , sourc close govern say offici ministri financ ministri climat , energi suppli concern economi present updat red number bottom line politician . must done so-cal 'stop go decis ' , politician determin whether project anoth chanc whether time let die . project economi energiø bornholm succeed far politician connect : danish state choos look great demand profit support project dkk 17.6 billion , correspond price cabl bornholm zealand . german agre dilut pay three billion kroner construct cabl bornholm germani plu anoth three billion kroner electr engin equip . nevertheless , dkk 14 billion still miss realiz island . german hardli will increas contribut alreadi paid expect get . even though economi hold , state nevertheless sent electr engin infrastructur tender . wonder state also pay hefti booth bidder govern abandon project . suggest tailor hell higher cost less polit countri , associ professor econom jan bentzen aarhu univers seem look difficult plan realiz energi island - unless `` new eu budget priorit far fund energi infrastructur . '' engin ask ministri climat , energi suppli financ project . ministri inform via mail investig possibl eu fund better framework condit spread cost beyond sever countri . ministri consid energi island `` project benefit europ 's green transit '' , `` therefor candid sever eu support pool govern activ search possibl . '' howev , seem optimist border naiv believ eu cover island ' doubl -digit billion deficit . amount union usual give energi project small money . part eu 's budget earmark adapt world look need suppli chain inflat push price dramat . world low cost interest . world longer exist . one largest amount eu ever given energi project award krieger flak offic bornholm zealand , divid danish german part . , two countri receiv billion kroner support establish cabl link part togeth . cabl give countri opportun send electr miss . accord jan bentzen , two billion kroner incred high amount support eu . two billion kroner propos tailor hell compar abl cover energiø north sea 's expect project deficit 50 billion kroner . still leav larg billion deficit use sole financ cabl triton link , schedul withdrawn 1000 km denmark belgium cost least 15 billion kroner . `` eu ca n't give support , bat , factor 10-20 , money found , '' say jan bentzen . hope light green although support eu appear abl save two energi island today , could actual move someth , danish climat energi minist dan jørgensen ( ) 2020 prick belgian energi minist tinn van der straeten shoulder make enter agreement pay part bill . time energiø north sea tilt profit . $ 3.5 billion convinc belgian good idea . , deficit , danish regul , suppli author , would undoubtedli accept , author public coffer back thu afford look great smaller crunch economi etern struggl achiev danish secur suppli . case complet differ one belgium , whose regul creg independ public bodi form law . among thing , creg must approv cost overwhelm tso elia 's consum via tariff , watch eye cost . therefor , negoti belgium denmark , creg constantli put foot . belgian minist succeed give negoti artifici respir hold crg promis eu would probabl support . howev , hope diminish ukrain war press suppli chain beaten materi price . doubl amount miss make crg satisfi . belgian minist previous spoke warmli possibl danish-belgian energi cooper , busi state `` connect turn someth receiv eu support pay belgian consum '' . although negoti also challeng upcom belgian parliamentari elect june , time danish govern drop belgium possibl partner . mani other go , denmark previous tri vain germani , netherland norway belgium came play . n't realli lead anyth . still , govern tri germani hope save project . last convuls although negoti still underway , lot suggest project end drop . despit fact european commiss wind europ estim eu need 2000-2500 gw renew energi , 400 gw offshor wind 100 gw must suppli energiø-lik project . light , energi island essenti eu reach climat neutral cost -effect way , point nicolai bech kofo , think tank concito 's constitut program manag eu . although economi look difficult energi island , one would probabl abl reach goal everyon agre cooper . problem scale hurt financi individu countri get involv . 's one realli dare say ye . “ seen socio-econom point view , think strang choos build energi island bornholm , requir massiv state aid build offshor project without state aid elsewher countri . realli seem like wast taxpay ' money . look macroeconom point view , difficult ration , ” say peter kjær kruse-andersen .",
,2024-05-14 00:00:00,Grimme og forhadte: Danskere kan se frem til mange flere elmaster og luftledninger,Ingeniøren,Link,"although billion tax dollar spent dig cabl , wind turbin , solar cell rapidli grow electr consumpt forc energi grid build new electr mast overhead line .",
,2024-05-17 00:00:00,Nyhedsbrevet Big Green | Bliv klogere på megatendenser i den grønne omstilling,Ingeniøren,Link,"engin publish newslett big green , cover great tecton movement billion project green transit . engin 's new newslett , big green follow tecton movement time green transit . accord think tank cepo green power denmark , green transit ensur fulfil nation climat target reduc emiss greenhous gase 70 percent cost danish societi dkk 26-30 billion annual ten year . throughout eu , accord european environ agenc , cost € 520 billion year 2021-2030 implement eu green deal . addit , addit 100 billion euro invest nettonul technolog . huge invest . strang larg amount energi polici evolv becom industri polici geopolit . china invest heavili today domin mani area global product climat energi technolog . european solar cell erad countri manufactur two-third world 's solar panel , almost half global wind turbin three-quart lithium-ion batteri need electr vehicl energi storag onlin . , exampl , meant european solar cell industri virtual erad wind turbin industri eu sever pressur . next stroke , among thing . batteri power-to-x technolog . competit unit state also major pressur ball . , focu inflat reduct act ( ira ) particular , presid joe biden complet 2022 . short time , ira given us industri big boost back - seen eu - sever larg european compani leav europ favor unit state . exampl french ai compani hug face , german chemic compani lind , irish build materi manufactur crh british semiconductor compani arm hold . hydrogen , nuclear power offshor wind big green newslett , updat competit condit state aid e.g . china unit state affect european industri , also green polit affect denmark immedi area . addit , case stori individu technolog - e.g . green hydrogen product , offshor wind nuclear power - includ whether develop implement market term call state aid . current , europ face elect member european parliament , larg affect futur climat polici level ambit eu . engin 's big green releas everi friday . sign newslett .",
,2024-05-23 00:00:00,Krisen i den grønne sektor: Ingeniører søgte mod nye brancher »hen over natten«,Ingeniøren,Link,"otherwis , went well green sector , crise , government treatment lack invest make compani stay back hire . mani , came surpris energi compani ørsted februari 7 year announc 800 fire group . otherwis , ørsted forefront green transit denmark last 10-15 year period move danish wind farm beyond countri 's border invest solar cell wind turbin project countri usa , korea , taiwan , sweden , britain germani . messag write -down offshor wind project unit state push economi much cost cut - , layoff . april , lm wind power kold , announc 179 danish employe could look forward guy 's note . messag owner , us gener electr , clear : lm wind power need 'transform ' smaller , lean profit busi . brake although gener figur develop , indic green sector longer roar . emil plaugmann , partner headhunt consult capax recruit , put , green transit stop , gone full speed decid slowdown . “ could alreadi feel fall someth way . began get inquiri employe sever larg compani green sector ask opportun chang job . either activ look career could feel chang road might requir trade chang . almost someth happen overnight , ” say . experi capax sever larg compani discov hire mani green part busi need adapt size depart . `` particular , think larg consult consult compani built larg depart focu green project trim , '' say . green sector grown announc sharp contrast develop recent year . univers train engin voic candid , compani ørsted , vesta , siemen larg number advis hire . fulli line polit framework , especi implement legal bind climat law 2020 , confirm denmark must reduc greenhous ga emiss 70 70 percent compar level 1990 , must climat neutral societi 2050 . 2021 , ida could tell basi calcul labor movement 's busi council ida 's climat respons 2045 fulfil govern 's 70-percent object would creat 415,000 job spread 10 year , equival 41,500 job year . russia invad ukrain februari 2022 , get anoth one . get away fossil fuel next 10 year , also realli quick put district heat pipe sidewalk countri 's residenti neighborhood solar cell park web . 45,000 extra employe need spring 2022 came esbjerg declar , state leader denmark , germani , netherland belgium sign agreement extens offshor wind doubl 2050 . green power denmark also count job green sector , figur report 'more labor green transit ' novemb 2023 show period 2023-2030 averag 45,000 extra employe need year realiz green transit . sinc , industri affect high interest rate , problem suppli chain , defer project offshor wind farm , energi island solar cell connect onlin . time , europ gener fight china east , direct state manag support make life miser , among thing , solar cell produc , west , american bite administr pour huge sum grant green transit . optim fade today , chief economist labor movement 's busi council ( ae ) , sofi holm andersen , figur statist denmark gener sens mood industri feel optim short run fade . `` employ gener grown significantli recent year , gone close green sector quickli , '' say . calcul ida complet , one import conclus new job prefer distribut evenli come year . greater prospect stop-and-go , , accord ae , becom seriou problem product compet . “ employe green sector feel uncertain futur choos appli industri , simpli take time get back . 's bit like n't ridden bike mani year ; may well , take time get routin back , ” say . associ consult engin ( free ) , recognit energi island delay , wind farm shot corner , affect area newli employ within . “ see uniqu strong growth , also green skill . also see challeng polit stop-and-go decis . creat uncertainti thu compani priorit market busi area higher . look unifi nation strategi energi field , ” say ceo henrik garver , refer fri 's latest state nation report . capax recruit , howev , emil plaugmann see area actual goe pretti well . `` look posit direct , exampl , expans electr grid green construct pharmaceut industri , still great demand . ''",
,2024-06-20 00:00:00,Synspunkt: Giv mig bare ét godt argument for at opføre Energiø Bornholm,"Ingeniøren, Frederik Læssøe Nielsen
Seniorøkonom, Kraka Advisory",Link,"must evid anyon interest economi energi island project bornholm extrem challeng : dkk 31.5 billion . dkk bill state ask offici danish energi agenc , 'onli ' dkk 17.6 billion . dkk ask concili parti . politician ad ceil expens project must dane . recent , howev , lar aagaard open door find money ceil exceed . $ 31.5 billion accord govern 's offici danish energi agenc , price energi island dane one hope attract privat investor . concili parti decid find money event danish energi agenc right , unfortun first time politician look big alreadi made agreement lift dane price energiø bornholm . project first adopt , assum establish profit . also refer poor economi danish peopl 's parti recent resign settlement . propon , infanc , - profit analyz yet punctur project 's financ - proclaim danish flagship project great financi perspect treasuri export compani , today complet left narr cling new argument , one fear limit bad economi one accept . problem new argument particularli good either . wind turbin bornholm contribut limit danish secur suppli frequent use argument energi island contribut danish european secur suppli . ye , limit extent , molbo-lik way : improv secur suppli stem fact project connect eastern denmark germani transmiss cabl enabl import export power situat respect . lack excess power . main purpos energi island project ensur greater integr danish german electr market , happen cheapest possibl way . simpli socio -econom best way connect zealand germani cabl zealand , across baltic sea bornholm germani . contribut wind turbin bornholm quit limit , danish energi agenc also made politician awar . alreadi lot offshor wind baltic sea , produc electr time profil mill energi island project , therefor extra wind turbin contribut particularli situat power product low . plenti good reason increas electr market integr north southern europ , cours done properli act excus continu financi disastr project part project justifi could obtain cheaper . bornholm ideal ptx product anoth argument energiø bornholm energi product use product hydrogen ptx product . argument often perform politician actor time argu bornholm futur use ga station pass ship baltic sea . problem , howev , bornholm hardli obviou place ptx production-neith without role baltic sea 's ga station . report dtu , compar product cost bornholm cost western europ , usa china , show expens produc hydrogen process ammonia bornholm . mean ptx product bornholm hardli competit term product cost thu price . even one assum bornholm must baltic sea 's ga station , make sens produc green fuel bornholm . cheap transport liquid fuel ship , therefor green fuel futur like produc cheapest produc hydrogen . probabl sunni countri like spain plenti room solar cell produc cheapest power . still good hear singl good argument establish billion -dollar energiø bornholm . argument , test comment section lump .",
,2024-06-21 00:00:00,"Synspunkt: De færreste tør satse på grøn brint, når ingen går forrest","Ingeniøren, Anne Lyck Smitshuysen
Specialist i brændselsceller og partner, Dynelectro ApS",Link,"year 's peopl 's meet - measur number ferri airlin ticket sold - largest far , one could lure think must also mean co2 imprint peopl 's meet higher year ever . peopl , doubt whether human effect global warm shelf , energi sector extend arm green altern fossil fuel , power-to-x rais attent particular . electrolysi technolog , use electr split water hydrogen oxygen , begun bloom around denmark smaller pilot system long term large-scal system , convert excess renew energi green hydrogen . green hydrogen key compon green transit heavi , non-electrifi industri use hydrogen synthet manufactur fuel reduc co2 imprint . exampl maersk 's new contain vessel dual engin enabl use methanol fuel , reduc greenhous ga emiss 65-95 percent . german , project steel yard thyssenkrupp , prospect base steel product green hydrogen , therefor annual hydrogen estim 2029 143,000 tonn , therebi reduc co2 emiss 3.5 million tonn per year . becom hydrogen brother hope danish renew energi help help heavi industri goal , reach , mani issu need address . first point establish enough renew energi technolog , allow us cover electr consumpt still enough excess green power produc green hydrogen consumpt , present plan also heavi german industri , today hydrogen consumpt 55 twh , exce plan danish green product . product hydrogen , uncertainti take feel . today , green hydrogen factor 3 expens convent produc hydrogen , although brand valu abl call co2-reduc , mark price increas answer long term , consum ultim pay significantli benefit . innov solut underway , includ dynelectro , patent technolog enabl dynam control , extend life electrolysi reduc price green hydrogen 30 percent . even though , accord energinet , approx . 9 gw danish electrolysi 2030 , larg part valu chain need get place hydrogen adventur begin earnest . sure , plan electrolysi plant larg -scale , mani becom realiti , custom , stand transport storag , green hydrogen actual produc - green energi sourc , energi island whole third place , dare take first step decid strategi stick ? industri hold opinion mani , even state hesit come lead way . energi island , hype topic convers green energi back 2020 , paus , announc climat , energi ministri suppli summer 2023 'the decis initi suppli postpon ' . last shot tribe -call jutland backbon , transport excess green hydrogen north jutland germani , benefit transit heavi german industri . howev , hydrogen tube energinet call matur project govern set five condit met state contribut project . one requir custom green hydrogen time undertak financi legal subsid 1.4 gw hydrogen capac per year 10-15 year , total hydrogen capac pipe . signal valu messag chang strategi along way , much say difficult rest valu chain know make bet . consensu start green energi technolog associ infrastructur go slowli . question get start industri wait , one dare take lead .",
,2024-06-26 00:00:00,Datacentre under vandet blev spået en stor fremtid: Nu kasserer Microsoft idéen,Ingeniøren,Link,"futur lower data center sea save cool look question , microsoft silenc given underwat data center . stabl temperatur , oxygen oxid fumbl technician . microsoft , two year , rais underwat data center bottom sea coast scotland , result promis . chew result year , microsoft throw towel ring give futur underwat data center . write media data center dynam . “ build underwat data center anywher world . learn lot work sea level vibrat influenc server . use experi area , ” say noell walsh , head compani 's cloud oper + innov ( co + ) depart , data center dynam . project natick start back 2013 . 855 server enclos insid cylindr contain fill nitrogen lower sea . order compar underwat server , microsoft set 135 similar server standard data center land let two data center perform task microsoft 's azur cloud . fewer server broke water six 855 submarin server broke compar eight 135 land , microsoft point stabl outdoor temperatur factor success . microsoft initi two explan data center underwat done well . first , contain empti oxygen instead fill nitrogen strain metal compon corros . fact , comput hardwar work well regular offic environ air oxid electron , well fluctuat temperatur humid depend season also consum electron . secondli , microsoft believ lack technician visit - nobodi watch data center two year - also posit impact number error server . one encount server rack bottom sea , cabl switch disconnect along way . microsoft time conclud `` underwat data center '' reliabl , practic energi -friendly. `` expens dig bottom ocean howev , solut success , probabl cost instal oper data center underwat high . data center must link exist land -base infrastructur form electr grid fiber infrastructur . pull cabl bottom sea cheap repair costli . microsoft 's vagu announc vibrat influenc server suggest server difficulti deal vibrat movement . anoth challeng secur . nord stream sabotag baltic sea well number over-won cabl norwegian finnish coast shown underwat infrastructur vulner hybrid war . group american japanes secur research show earlier year , easi carri -call acoust attack server lower water . » biggest benefit data center underwat free cool insul chang environ land . two advantag also turn problem densiti water carri acoust signal faster air , isol data center difficult monitor servic compon break , say jahidul islam , professor electro comput technolog univers florida . energi island scrinkl connect design energi island north sea , globalconnect suggest data center establish connect energi island , access electr grid fiber network . howev , project also laid grave . last year , howev , govern decid paus suppli energi island north sea , plan underwat data center neighbor . although hardli go retriev data deep sea level , project may chang setup data center . idea ​​remov technician autom oper data center live microsoft . “ look robot perspect new server heavi . autom instead peopl push thing around , say noell walsh microsoft datacenterdynam . addit microsoft , two compani , one american one chines , work spread idea ​​data center underwat . last year , chines beij highland lower 1.3 ton heavi data center 35 meter depth , us subsea cloud work smaller version underwat data center lower sever kilomet sea bottom . howev , compani still test phase . subsea cloud establish test site uk norway , far chines data center lower .",
,2024-06-28 00:00:00,Leder: Den grønne trepartsaftale er ikke så historisk endda: Hvor blev det grønne udstillingsvindue af?,Ingeniøren,Link,"got agreement co2 tax agricultur part so-cal 'green tripartit ' . minist taxat call `` world histori '' chairman agricultur & food believ countri world learn someth . denmark realli pioneer countri , realli go ahead show possibl econom growth fall co2 emiss green progress ? engin 's articl , exampl , co2-sav solut public grant green technolog find way social media , comment alway appear form : 'denmark small countri mean shit big pictur , spend money ( tax ) reduc co2 emiss ? ' question relev , answer , among thing , ethic moral respons citizen nation undoubtedli one largest climat footprint planet measur per year . per capita-both term domest consumpt co2 emiss deftli includ buy electr car fli thailand . govern 's report ga24 show half dane ' climat imprint 2022 11 tonn per year . inhabit took place abroad . true global imag mean much local effort even less . climat act 2019 actual state denmark moral respons pioneer countri intern climat effort , inspir influenc rest world . promis repeat fall 2023 , govern releas report climat program 2023 : `` rich well -function countri , denmark must take lead green pioneer countri '' . includ , among thing , industri develop export solut whole world benefit . month , howev , critic hit govern due creativ math , snap remov million tonn co2 , 70 percent reduct target within reach . organ dansk industri dansk erhverv state joint press releas energi effici : `` govern 's desk exercis worthi green pioneer . '' stop : previou first place 'environment perform index ' , us univers yale publish annual , exchang tenth place countri uk , sweden norway . director qualiti life eu commiss 's environ director veronica manfredi may copenhagen , express disappoint discharg wastewat alreadi overload marin environ . critic put govern announc denmark technolog showcas green technolog difficult posit . export posit , global impact limit area . also evid ga24 , read almost 60 percent export energi technolog consist wind turbin , come co2-sav effect environment technolog , water sector account 67 percent export . time , danish energi industri face massiv challeng mani area demonstr project export . new wind turbin land dri , ptx plant expos , energi island north sea probabl place grave . howev , bright spot : decad , danish energi agenc collabor larg number countri , includ usa , china , india south africa , aim share danish experi , know -how , technic solut regulatori framework countri maintain econom growth high electr suppli secur . whole new analysi vietnames electr system , govern emphas denmark contribut experi knowledg help vietnam meet countri 's target climat neutral 2050 . gener , experi teach countri lie green gradual far back-when disconnect co2 emiss econom growth 90 00s-and fix green tripartit agreement : think tank concito believ , exampl , co2 tax `` disappointingli low '' suffici promot invest new technolog . conserv politician ander storgaard even believ `` agricultur laugh way slurri tank '' . mayb deal world histor even - least seen green glass . far stronger project need made denmark rather airi plan desk exercis , green showcas whole world promis .",
,2024-08-23 00:00:00,Kraka: Umuligt at få tyskerne til at dække milliardunderskud på energiø,Ingeniøren,Link,"minist energi kick littl along way drop negoti belgium co -financ instead invest germani , critic read . energiø nordsøen complet 2030 . delay due fact govern fail land agreement belgian pay part staggeringli high amount dkk 210 billion , cost establish island . interest belgian fallen much minist find new potenti partner . denmark germani initi negoti , accord ministri , extend come year . state climat , energi suppli minist lar aagaard interview børsen . announc game galleri , say frederik læsøe nielsen , senior economist kraka econom . assess imposs get german cover part expect billion deficit get belgian . return . engin wrote spring , negoti belgian stop press supplier chain , rise interest rate inflat expand project far edg belgian involv . back , jan bentzen , associ professor econom aarhu univers , found unlik belgium say ye fund energiø north sea . even though project alreadi draw board sever year , yet seen shadow proper busi case . danish energi agenc estim result loss dkk 50 billion . crown build island . eu fund big joker long look thing pure structur , unlik germani could interest enter agreement , say assess nicolai bech kofo , senior analyst concito 's eu eu program energi polici . note germani much greater energi consumpt area produc . way quit lot reason denmark use wind help germani implement green transit away oil ga . “ whether polit find fund question . big joker much support energi island get eu , ” say nicolai bech kofo , ad question answer earliest next year , new eu budget final , expect final adopt 2026 . negoti germani start scratch . note sent ministri folket 's financ committe march 1 - also mention engin spring - appear govern previous dialogu process , among thing . germani . dialogu , real negoti . formal loos discuss nicolai bech kofo know far parti come negoti . hardli come tri formal loos discuss parti far everyth energi island 's electr specif help acceler green transit germani channel power-to-x . denmark think like land agreement germani , - take long ? “ think 's uncertainti whether one get eu fund . 's get gap profit taxpay n't pay unnecessarili , ” say nicolai bech kofo . uncertainti also help negoti strand belgium , say frederik læsøe nielsen , senior economist kraka econom . seen chair , denmark hardli go win anyth chang negoti partner . 's game galleri , assess say . hard time see germani get cover big hole busi case yet fictiti energi island proven earn great land area radial wind farm along countri 's coast . connect german offshor wind suppli total 7 gw , totalenenergi offer german state total dkk 15.4 billion . dkk right set 1 gw offshor wind west energiø bornholm . `` wonder politician tri buy time polit capit put project final grave , '' say frederik læsøe nielsen . believ two countri agre agreement minu bottom line dane . continu deficit busi , say . `` question n't put project grave instead make action effect kick empti road , '' say . tender despit billion deficit frederik læsøe nielsen colleagu releas report show situat much better energiø bornholm , schedul collect electr offshor wind park near sunshin lake 2033 . , danish energi agenc estim project requir dkk 31.5 billion . dkk state aid , politician cover dkk 17.6 billion . kroner . cover $ 14 billion kroner , board expect requir state aid build wind turbin . `` report , sharpli critic previou process one look . least case civil servic alreadi start tender project energiø bornholm , despit offici believ project realiz fund alloc , ” say frederik læsøe nielsen . problem model politician get clear pictur whether project realiz last partial suppli complet . one find whether project exce deposit state aid ceil . “ forc politician continu enter contract privat compani perform task , even still uncertain whether happen . contract obvious free tear , ” say . `` critic forward -look process , fact , also politician set us fail like , releas rein let play disast slow motion . ''",
,2024-08-23 00:00:00,Havne udvides uden fakta om miljøpåvirkning: »Det er meget ærgerligt«,Ingeniøren,Link,"danish port get bigger bigger , real environment impact mani port extens uncertain . solut alreadi avail , research point . way around danish coast , danish port rapid develop . ptx adventur , co2 captur import increas requir larger port . port built denmark , often lack illumin consequ . lack illumin environment damag result clap influenc mussel farm point environment assess port extens aarhu , caus project encount land plank complaint board may put thick line need thorough environment assess board reject aarhu municip 's local plan thu slow larg expans port aarhu . municip end becom runway man , precis inadequ environment assess , ultim caus board appeal pull plug project . project subsequ drop . crumpl architectur draw local plan recycl bin citi hall aarhu alon testimoni extens environment impact port expans . accord number research ecotech spoken , fallibl environment assess port aarhu one seri careless environment assess port project . citi smile dream get new , larger waterfront . take expans harbor north zealand coastal town hornbæk , previous describ ecotech . consequ local wildlif becom clear . even though environment assess say construct work increas boat traffic well nois signific annex iv protect guinea pig , critic tell anoth stori . back scientist believ great neg impact local stock guinea pig . alreadi , life beaten surfac danish water oxygen deplet , birth shortag end -catch fish . way , port extens becom anoth violent press factor . list also add odens harbor , natur like two exampl becom stone shoe . kertemind municip close odens , plan process resum , despit mani unansw environment issu . extend list activ port expans project , suddenli becom long . 2017 , dansk industri estim period 2015 2020 , denmark would get five million m2 new port area . big power-to-x adventur north sea must anchor esbjerg , must equip . right north coast , hirtshal harbor must expand significantli abl fill role hotspot ship co2 storag sea level . sever tradit port citi , fredericia , vordingborg frederikshavn , also project approv danish transport agenc . one critic jesper andersen , head research norwegian institut water research oslo , niva . see port aarhu exampl trend consult engin ' calcul , take account sever differ environment factor affect - also call cumul effect . `` made data tool -base eia total effect , look clap raw materi recoveri , whatev els , would get complet differ conclus effect would much , much greater , '' say . despit mani , larg , plan port extens , realli know littl environment impact project , point jon c. svendsen , senior research dtu aqua . “ studi port may go get biolog effect , rel simpl studi . denmark , rare long -term effect port expans document . biolog effect presum occur year port expans construct overlook , exampl relat fish sea , ” say . sea play star role roman tragedi despit lack knowledg base , clear danish water press . port extens largest press factor - one mani . take nutrient , environment hazard substanc , fish , plant , sail , raw materi recoveri plu new press factor microplast , non-resid speci nois put togeth climat chang , realli bad pictur emerg state sea . english , call death thousand cut ( translat : death thousand stab ) , among thing , refer juliu caesar 's death , senat chang stick caesar back . singl senat could held respons emperor 's murder , port extens . still blood hand : “ done danish water . mani give blow punch . danish water get wors wors . even small wind farm small port expans pull condit neg direct , ” note jesper andersen , help investig press factor danish water . appear bleed stop tent : indic show natur environment condit 2030 2050 wors 2020 . accord jesper andersen , partli due insuffici use data tool -base method environment assess report port extens . hide overal environment effect plant . also know exactli - mani - knive mani port extens press back emperor . jon c. svendsen point lack scientif studi biodivers around port port extens newli construct port denmark . `` 's possibl effect pretti bad understand , '' say . instead , suggest thorough long -last post -port extens done result environment impact scientif . `` half year later , colon port wall thing finish . guess exist knowledg , document real world , guesswork , ” say . 'danish style ' prepar environment assess report , exampl , port extens , cumul effect often written 'danish style ' , know school time , explain jesper andersen . consult engin use mani word descript , number calcul . environment assess prepar , data tool suffici use elucid , exampl , nois , raw materi extract increas traffic affect sever year futur - also call cumul effect - point . “ realli assess cumul total effect project . 's unfortun , super good data right tool make calcul , ” say . “ fact make singl port expans artifici island somewher goe big pictur . take sum port extens , bridg connect , energi island wind park like , huge impact come top shit , primarili larg area -intens profess alreadi , ” say jesper andersen refer agricultur press factor . mani tool data consult engin could use alreadi publicli avail , exampl , research project økomar , jesper andersen co -author . use tool -base calcul cumul effect , accord jesper andersen , would also possibl calcul requir size natur restor compens natur damag natur plant . calcul could made half year , believ . monkey live author associ consult engin ( free ) want interview . “ free , noth specif data method member compani use work eia . 's compani , ” associ write respons . time , associ refer debat post zealand news last year , director associ defend qualiti environment assess , exampl , construct lynetteholmen . director henrik garver refer post cours consequ exclud one alway set 'worst-cas scenario ' . end , author need assess approv whether environment assess order . consult engin compani dhi , make environment assess , see opportun environment survey futur strengthen 's infrastructur project tender criteria chang , write engineer/ecotech . » conduct sever studi cumul environment effect germani usa also begin see grow demand among danish custom . doubt case environment studi danish infrastructur project could also strengthen data -support illumin cumul effect . howev , requir tender criteria price , ” say nichola grunnet , vice presid marin & coastal busi - nordic & central europ dhi written respons . life come harbor ? jon c. svendsen , togeth research eu-fund project bring biodivers back port water . must done simpl optim spun wall , understand import spun wall , import understand life cycl differ fish speci . mani fish speci , tini fish need place hide . ideal hide place fish speci mussel reef , stone reef eelgrass shallow area 3-4 meter . eelgrass mussel reef declin mani place . similarli , stone fishermen remov million boulders-and thu stone reefs-from danish sea area least 100-200 year . connect port area , much low tide left , fish one point hit port wall water depth 3-4 meter . `` mean usual everyth els loss habitat build port , '' explain jon c. svendsen . idea ​​the project find design materi spun wall benefici biodivers current concret block . hope easier organ settl special spun wall thu benefit fish crab . preliminari result indic tendenc type 'mangrov seawal ' compar tradit spun wall . “ rel good result indic opportun someth . indic actual design port wall play role , ” say jon svendsen , point , howev , preliminari result .",
,2024-10-24 00:00:00,Synspunkt: Tidligere gasdirektør i Energinet: Brintkrise og udskudt grøn energi – er vi modige nok?,"Ingeniøren, Torben Brabo, President, Gas Infrastructure Europe",Link,"climat crisi push us ten year . , polit focu secur suppli market . situat today - three contemporari crise - requir polit dimens . brave enough ? way energi system futur - less overal energi consumpt - - electr ; also complet convers heat transport sector ; overal industri . ? n't answer ? realli built energi system today ? countri ? recent week ' critic announc delay hydrogen tube denmark , blue hydrogen cancel norway , big major ( oil compani ) renew desir fossil fuel shoot invest , gener lack invest efuel - fall behind , commiss clearli rais desir focu payabl competit industri , etc . etc . made think back ... sinc oil crise 1970s-80 denmark ) `` framework '' `` tool '' `` actor '' ( origin legisl ) , ii ) togeth creat necessari technology/infrastructur secur stabil ; iii ) financ could found ; iv ) product energi happened/chang , v ) consum ( probabl ) chose new solut provid low -paid unit price . given us stabl develop framework past 40 year . cours bump road , let 's look realli : 1975-1985 , denmark : creat danish energi agenc ( legisl energi plan , action plan ) creat privat duc ap møller produc ( togeth global american co -owner ) creat state dong ( ørsted ) built infrastructur platform north sea municip border ( sørør , transmiss stock ) creat five municip distribut network compani ( gave financi framework secur ) made municip heat plan , commun analysi consum district heat ga ; n't secur oblig connect municip could forc industry/citizen new heat sourc within 7 year made subsidi support system succeed ! probabl one overal overview , mani sensibl action ; everyon work good direct support . state 's earn 400-575 billion . dkk 1980-2020 `` adventur nordøsen '' . . brave enough ? person , mean enough desir effect . secondari point conclud enough . least conclud present , seem tool , initi , collabor , polit superstructur , etc. , yet look . 's earli say `` stop '' . week , germani approv hydrogen nucleu ( hydrogen backbon wasserstof kern netz ) . countri compani eu , mean lean german develop . one consid action , like `` old '' polit framework , devis present , could : intergovernment agreement denmark neighbor , ensur overview ( larg part ) valu chain ( risk share ) across border . ensur danish ( green ) molecul pay custom ; denmark seeks/ensur concurr decis across border ; tri scale , time , ; state particip activ either infrastructur ( dong 1980 ) co -ownership ( north sea fund 2005 ) expect co -ownership energiø ( 2021 ) ; parallel clarif hydrogen/efuel can/should use ? ) would make sens defin geograph area natur ga give way electrif , perhap opposit area bioga goe industri provid logic start point continu ga household , b ) includ ga hydrogen use peak load electr gener , product aircraft ship fuel ; infrastructur recycl greater logist exercis chang energi system north sea natur ga ( dk n ) produc sold , bioga volum increas web hydrogen take part infrastructur co2 consid sensibl man convert ensur storag capac . consider northwestern european countri sit . mayb work specif , esbjerg / ostend countri ( countri larg north sea wind potenti ) , sinc boat . similarli , `` relev region '' elsewher eu . one could also expand region energi infrastructur plan electr ga ( hydrogen ) total energi plan energi berri ( plan ) ; could take north sea wind power hub ( holland denmark energinet today ) expand countri . `` silver bulg '' solut one way forward . option decis sever choic . let give addit exampl focu role state : ) state central domin actor ( reminisc 1970-80 ) also role mani eastern european countri given state recent year relat energi suppli ( purchas energi ) secur new/expand infrastructur ( build lng/fsru ) regul ( maximum price introduc ) . also germani . model durabl long run - whole sector - also mani commerci player , money compet - need activ - perhap privat -public partnership . e ) end scale , one imagin state take role ( countri ) eu legisl market follow neighbor , mani commerci player . crise aris problem come caus benefit benefit rise , consumpt decreas , provid incent invest , collect ensur larger suppli vup time disappear crisis/problem . model assess take long ; climat crisi , n't much time give . also polit apparatu eu , covid , energi crise war ukrain , develop disciplin respond much faster problem . also seen unit state ( first support fossil oil/ga ( 2021 ) afterward green ira ( 2022 ) ) . two model e extrem , truth probabl . creat design regul togeth give us ( region ) best valu creation ? like 1990 , went ahead nordic electr market , 2000 among lead ( northwestern european ) market ga ( model c ) , mayb 2025-2035 take driver 's jersey northwestern european neighbor creat framework intern region energi system . fuel energi carrier perceiv parallel , technolog neutral , reliev compliment , ensur scale growth low unit cost energi infrastructur storag . state involv rethought ( academ also ) across border . role state must dose enough risk fall privat actor invest . justifi transform challeng day greater individu countri handl . howev , minor except , cours germani take nation step sinc region european effect . person , mean assess analyz lot , broadli , overal impress chang want - effect measur look - expect risk benefit . part debat today denmark far concret , argu for/against 'wind ' 'energi island ' 'hydrogen tube ' . `` new consum subsid hydrogen ? '' . lose overview context . point part connect ; solut creat valu integr . 's complex . could ask wise peopl help . mayb csei ( cbs/denmark ) fsr ( itali ) form purpos analyz guidanc 'big ' question societi must solv . idea ?",
,2024-11-07 00:00:00,"Energinet har brugt 1,5 mia. kroner på energiøer",Ingeniøren,Link,"despit warn project viabil , dkk 1,494 million alreadi spent . dkk feasibl studi construct project . period 2020 1 octob 2024 , energinet incur cost energi island cross -cut activ total dkk 1,494 million . kroner . includ dkk 623 million . kroner energiø north sea dkk 695 million kroner energiø bornholm . figur appear respons lar aagaard ( ) , minist climat , energi suppli , conserv energi mayor dina raabjerg . despit fact sever expert warn economi project . previous , think tank kraka engin warn imposs cover part expect billion deficit energiø north sea . also associ professor econom jan bentzen aarhu univers previous state look difficult realiz island . preliminari expens distribut feasibl studi energi island , well construct project energiø bornholm total dkk 1,211 million . kroner , minist say . addit , matur cost energiø bornholm energiø north sea total dkk 107 million . kroner , cost cross -cut activ dkk 176 million . kroner . cost financ electr consumpt bariff . figur energiø bornholm surpris hann storm edlefsen , director mega project energinet . “ amount expect . largest project kind denmark , figur also quit larg . also project give valu realli long long life , ” say dr .",
,2024-11-08 00:00:00,Økonomien vakler under milliardprojekt: Kappet forbindelse til Sjælland skal redde Energiø Bornholm,Ingeniøren,Link,"govern consid new solut energiø bornholm light rise cost question economi . scenario without cabl zealand extra connect germani poland tabl , futur project balanc knife egg . hour decis fast approach energiø bornholm , harvest electr offshor wind turbin baltic sea distribut denmark germani . economi serious falter billion -dollar project , decemb 5 , govern decid whether entir enterpris live die . otherwis , state energi compani energinet give bidder island 's electr infrastructur answer whether project turn someth end januari . ministri climat , energi suppli danish energi agenc current busi count whether project pay . fourth time economist expect economi , latest attempt culmin thunder loss $ 31.5 billion . sinc settlement circl will support project dkk 17.6 billion cabl zealand , 14 billion still miss make go zero . new calcul behind close door , sourc close cours tell engin civil servic still difficulti get societi 's gain cost go . make like govern choos drop project . therefor , economist also work invent altern concept energi island . scenario game one scenario build energiø bornholm without fierc expens cabl zealand . cabl solv problem -suppli zealand , ministri hard time go . therefor , scenario therefor put push cabl later stage . anoth scenario save economi also connect island countri poland , probabl said solut past , could friendlier . swedish connect reportedli also talk - swede hard time see idea , sinc lower electr price dane . recent thank thank direct electr cabl germani electr price danish swede . hunt altern fall good ground consult firm kraka econom , alway strongli critic energi island ever sinc first mention 2020 . » project current form far expens compar win . also socio -econom analysi show sage said . therefor , make sens explor opportun recalcul project 's financ new prerequisit , one find make sens settl cabl germani , ” say frederik læsøe nielsen , senior economist kraka econom . urg govern spend wait paus project . also appli ongo tender , everi day goe , make expens drop project author sign contract privat compani entitl compens project end shut . howev , govern drop cabl zealand , must awar energi island clean export project , say . island produc electr europ . argument post danish state aid project disappear . solut make even import run project market condit dane pay german green transit , frederik læsøe nielsen emphas . “ even get rid cabl , might build anoth make cabl germani bigger . obviou use danish support crown , suppli neighbor countri electr , ” say . zealand lack electr make calcul far routin task , lot happen sinc ministri board last look matter . e.g . seem crowd electr suppli expect . plan admittedli cover zealand power offshor wind inland water , sinc seem littl interest area ongo 6 gw larg suppli offshor wind , zealand risk miss power . sinc cabl jutland across great belt suppli power alreadi , electr import sweden also sicken , energiø bornholm suddenli potenti becom rescu plank . addit , grow need electr poland germani , still lot electrifi , german even got difficult suppli close larg number power plant . assess win base assumpt , certain energinet privat bidder littl need lot billion dollar realiz project . anger smash berlin howev , drop project also extrem difficult , say finn lauritzen , chief economist busi think ( et ) , formerli axcelfutur . see , danish govern pressur agreement german abl tap electr island - fund build . “ govern realli explain german mani dane actual skeptic energiø bornholm . therefor , german good faith start prepar cabl everyth els , ” say finn lauritzen , continu : “ sinc cabl equip alreadi mold , german ' anger may well felt felt dane end shut project . , relationship danish govern alreadi bear impress denmark hold promis relat establish hydrogen tube germany. `` radial offshor wind cost fraction say busi think tank ( one ) , govern complet drop project . “ point view taxpay n't pour much money . make sens matter energinet come promis german . money could get much build radial offshor wind elsewher , hesselø krieger flak , ” say finn lauritzen , estim two wind farm abl built 2-3 billion kroner . `` said , govern may well tri soak head see possibl find altern concept cost box - sake european solidar term succeed green transition. ``",
