Date,Title,Outlet,Content
2023,A collaborative communication-less frequency support control for the DRU-HVDC integrated offshore wind farm,"2023 IEEE Sustainable Power and Energy Conference, iSPEC 2023","util diod rectifi unit ( dru ) high voltag direct current ( hvdc ) transmiss system hold signific promis cost-effect solut integr large-scal offshor wind farm ( owf ) . collabor communication-less frequenc support ( fs ) control strategi propos paper owf use dru-hvdc transmiss . onshore-grid frequenc chang introduc hvdc form small sinusoid disturb accur reflect offshor grid frequenc coupl ac dc side dru . basi , wind turbin ( wt ) could realiz fs measur frequenc variat small disturb current offshor grid . final , result pscad/emtdc simul present valid efficaci propos fs strategi . © 2023 ieee ."
2024,Offshore power and hydrogen networks for Europe's North Sea,Applied Energy,"european north sea vast renew energi potenti powerhous europ 's energi transit . howev , current uncertainti much offshor wind energi integr , whether offshor grid mesh extent offshor hydrogen play role . address question , use open-sourc energi system optim model pypsa-eur model european carbon-neutr sector-coupl energi system high spatial tempor resolut . let model endogen decid much offshor wind deploy infrastructur use integr offshor wind . find point-to-point connect like today , 310 gw offshor wind integr north sea . howev , allow mesh network hydrogen , find rais 420 gw cost save 15 bn€/a . furthermor , observ signific amount 75 gw float wind turbin north sea offshor hydrogen product . gener , model opt offshor wind integr mix electr hydrogen infrastructur . howev , bulk offshor energi transport hydrogen , twice much amount transport electr . moreov , find offshor power network mainli use offshor wind integr , small portion use inter-countri transmiss . © 2024 author ( )"
2024,European Green Deal: Satellite Monitoring in the Implementation of the Concept of Agricultural Development in an Urbanized Environment,Sustainability (Switzerland) ,"improv energi environment secur urban environ accord requir eu , task sustain develop agricultur urban agglomer monitor use satellit imag becom relev . aim work develop method mean determin stabl island thermal energi substanti optim locat plant grow practic metropoli . research conduct kyiv , largest metropoli ukrain . data landsat 8 9 satellit use free data better spatial resolut avail archiv observ result . establish temperatur map citi kyiv show differ temperatur differ part citi , probabl due presenc differ sourc heat radiat . obviou standard deviat temperatur plot depend mani factor , particular , season type land use . necessari find altern solut develop crop product area , take account characterist thermal emiss . base softwar product free satellit monitor provid , eo browser , special softwar solut ( web applic ) creat monitor agricultur plantat urban environ . collect landsat 8 satellit imag use . area stabl heat emiss found , due oper modern shop entertain center , non-tradit crop landscap adapt design propos . result research , strong heat emiss record object , temperatur exce surround area 4 °c , minimum standard deviat januari 0.5 °c , maximum juli 2.8 °c , april october—1.7 °c 1.2 °c , respect . © 2024 author ."
2024,Designing high-share 50% and 100% renewable energy scenarios for Ragusa by sustainable energy toolkit application,Sustainable Energy Technologies and Assessments,"increas renew energi product integr current energi system may lead condit solut link context applic well regulatori techno-socioeconom issu . prismi plu toolkit power tool improv entail rural area energi island effect plan variou renew energi system scenario associ urban context . target flagship case studi ragusa , municip locat southern itali , analyz energyplan softwar . simul valid carri homer softwar . input dataset creat jointli collabor municip , updat sustain energi action plan insert prismi plu toolkit , three transit scenario base differ renew energi use consid within post-process stage . baselin scenario , green energi consid whole electr consumpt taken account . scenario two three , 50 % 100 % renew energi share secur optim invest photovolta ( pv ) panel , wind turbin ( wt ) , batteri energi storag ( be ) technolog . econom point view , conclud best scenario second one thank increas technic capac invest ratio compar two scenario , show energi price reduct 10 % . © 2024 author"
2023,Towards positive energy islands – a Danish case study,Journal of Physics: Conference Series,"danish island `` ærø '' ambit becom first danish island self-suffici renew energi co2 neutral 2025 , well fossil fuel free 2030 . work investig feasibl re-design part island ’ energi system becom first danish posit energi island ( pei ) , evalu variou design scenario opportun improv modifi current energi suppli distribut scheme . district model consid build specif characterist energi suppli system use urban scale model tool citi energi analyst ( cea ) . simul base-cas scenario perform calibr perform . differ energi improv strategi target build envelop energi gener suppli system creat implement cea . six improv packag creat simul . demonstr pei could built district consider comprehens energi improv packag envelope-target techniqu , energi system upgrad , expans renew energi system . packag includ led light , heat pump instal , photovoltaic-therm unit . enabl meet annual net need electr produc 20 % excess heat . © 2023 institut physic publish . right reserv ."
2023,A Methodology for Offshore Transmission System Optimization Considering Spacial Constraints,"2023 IEEE Belgrade PowerTech, PowerTech 2023","work present optim method offshor wind transmiss network consid three di-mension spacial represent multipl onshor connect point , bathymetri no-go zone . model account capit expenditur ( capex ) well oper expenditur cabl transform loss , correct mainten ( cm ) expect energi transmit ( eent ) . accur determin oper expenditur , time seri wind gener profil use . methodolog combin origin offshor substat ( oss ) placement algorithm , greedi search algorithm combinatori search space mix integ linear program ( milp ) model . two simplif full three dimension spacial model present increas tractabl larg scale test case . demonstr util approach , model appli belgian exclus econom area ( eea ) . result full three dimension problem two simplifi variat compar term solut qualiti comput time . © 2023 ieee ."
2023,Quasi-Markov Models of Point-Interval Forecasting in Energy Efficiency Management Energy Islands,International Scientific and Technical Conference on Computer Sciences and Information Technologies,"paper present new approach model process dynam energi effici manag energi island base long-term point-interv forecast . purpos work present concept long-term energi effici manag hybrid energi island , complex system consist certain number rel independ object - microgrid . believ period strateg plan point view process-resourc approach long-term ( quarter-season-year ) appropri detail ( exampl , decade-month ) . therefor , effect tool , advis long-term forecast form certain corridor . , exampl , point-interv forecast . obtain forecast , author propos method base quasi-markov model . , simpl markov model , analog autoregress model stationari process 'without delay extend so-cal quasi-markov model , analog autoregress model stationari process 'with delay , decis move next state object made take account sever previou state . illustr exampl explain result present anoth part work given . © 2023 ieee ."
2024,Offshore grid planning considering restricted areas: An evolution game approach,Renewable Energy,"paper , offshor wind farm cluster transmiss network plan examin depth , base finit ration evolutionari game method . actual project , game scenario offshor wind farm develop transmiss system oper respect interest consid , cabl lay exclus zone owe submarin environ fulli taken account . simul experi , signific effect propos method improv grid adapt interfer immun verifi . result demonstr propos finit ration evolutionari game method increas return invest 1.83 % compar tradit method , payoff ratio game particip 12.81 % lower . addit , method excel ensur feasibl project implement success balanc interest owf develop power transmiss system oper . offer new perspect effici plan transmiss network offshor wind farm better cope complex engin environ balanc interest parti . © 2024 elsevi ltd"
2023,Hydro-Pump/Generator-based Hydrogen-Pressure Energy Storage for Power Grid-Forming Support,"2023 3rd New Energy and Energy Storage System Control Summit Forum, NEESSC 2023","paper present method design water-compress hydrogen energi storag system ( wch-ess ) activ regul function power grid . first , propos system architectur water-compress hydrogen ess station . , station oper depend variable-spe constant frequenc ( vscf ) motor/gener core function . station core function , design method activ support function power grid base wch-ess propos . final , layout , function risk avoid design wch-ess base energi island analyz . method take discard wind/photovolta energi surplu electr energi drive motor compress hydrogen load power grid low . high-valu electr energi , system adopt wch-ess gener power , particip frequenc regul power grid stabil power system . also use emerg backup improv consumpt rate wind power photovolta power gener . ©2023 ieee ."
2023,Novel Harmonic Distortion Prediction Methods for Meshed Transmission Grids with Large Amount of Underground Cables †,Energies,"tremend fast green transit denmark initi large-scal grid-integr renew energi sourc , electrif energi consumpt , establish ptx energi island , set goal transmiss grid development—such establish new connections—and grid reconstruction—such extens substitut overhead line ( ohl ) underground cabl ( ugc ) . share ugc danish transmiss grid increas . presenc ugc result reson harmon imped characterist transmiss grid brought within harmon order rang coincid harmon emiss sourc caus systemwid increas harmon voltag distort 400 kv transmiss grid . transform 400 kv transmiss grid given rise need predict harmon voltag distort use simul model secur adequ power qualiti support invest decis harmon mitig grid stage , yet establish differ present grid . paper present experi energinet , transmiss system oper ( tso ) denmark , harmon distort danish transmiss grid due establish 400 kv ugc , develop measurement-valid method harmon distort simul predict . paper also present ongo develop within , research address , predict harmon distort mesh grid ; exampl , explor analyt approach replac observ studi mani numer simul . method shall make possibl predict whether , transmiss grid , harmon order connect yet commiss may caus violat plan level , mitig necessari bring harmon distort plan level respect given margin . © 2023 author ."
2024,DIDACTIC GAME ABOUT RENEWABLE AND SUSTAINABLE ENERGIES,"Proceedings of the International Conferences on Digital Transformation and Innovation Management 2024, DTIM 2024; and ICT, Society and Human Beings 2024, ICT 2024","renew sourc play crucial role address global energi challeng mitig environment impact associ convent energi sourc . respons grow need effect educ tool field , sustain energi center vocat excel ( secov ) issu challeng creat game would teach player sustain energi captur attent . project aim provid enhanc way subject taught student class environ also prepar teach peopl outsid environ subject . achiev goal , multi-phas approach develop , integr research , design , deploy . game similar theme , “ power ” “ siemen energi island ” , studi , along techniqu identifi enhanc game develop . result game design engag player provid relev inform renew energi , advantag , import . report strong teach compon engag gameplay experi , feedback player action fell short expect . nonetheless , game hold potenti develop incorpor report feedback expand exist teach content . summari , research aim introduc novel approach teach renew energi , leverag familiar technolog ( game ) captiv younger audienc . © 2024 digit transform innov manag . right reserv ."
2024,Evaluating the offshore wind business case and green hydrogen production: A case study of a future North Sea Offshore Grid,Electric Power Systems Research,"european union aim increas climat ambit achiev climat neutral 2050 . necessit expand offshor wind energi green hydrogen product , especi hard-to-ab industri sector . studi examin impact green hydrogen offshor wind project , specif focus potenti futur north sea offshor grid . studi util data tyndp 2020 global ambit scenario 2040 , consid sever european countri . aim assess new transmiss gener capac util understand influenc factor . find show incorpor green hydrogen product increas offshor wind util captur price . studi estim 2040 , level cost hydrogen could potenti decreas €1.2-1.6/kg h2 , assum low-cost electr suppli declin capit cost electrolys . result demonstr potenti benefit cost reduct integr green hydrogen product north sea offshor wind project . © 2024 author ( )"
2023,Harmonic suppression and fault ride-through method of diode-rectifier-based hybrid high-voltage direct current system for offshore wind farms integration,"IET Generation, Transmission and Distribution","diode-rectifi ( dr ) -base high-voltag direct current ( hvdc ) transmiss regard low-cost altern hvdc transmiss offshor wind farm ( owf ) integr . howev , dr would gener harmon voltag offshor grid , greatli affect power qualiti . solv problem , paper util parallel-connect small-capac auxiliari convert suppress harmon voltag provid black-start energi owf . addit , submodul branch ( smb ) auxiliari convert use part hvdc chopper . basi , coordin grid fault ride-through ( frt ) strategi propos paper . grid fault occur , hvdc chopper construct auxiliari convert abl constrain dc-link voltag . time , owf control reduc output activ power . result , cost frt significantli reduc . propos harmon voltag suppress frt method verifi simul model simulink . © 2023 author . iet gener , transmiss & distribut publish john wiley & son ltd behalf institut engin technolog ."
2023,Diode rectifier-based hybrid high-voltage direct current converter for offshore wind farms,IET Renewable Power Generation,"paper present diod rectifi ( dr ) -base hybrid convert topolog high-voltag direct current ( hvdc ) transmiss system offshor wind farm ( owf ) . hybrid convert consist dr auxiliari convert . high convers ratio ac/dc convert design auxiliari convert , form offshor grid voltag owf achiev black-start . steadi state , activ power output owf deliv dr . meanwhil , auxiliari convert abl compens reactiv power harmon current system . compar convent modular multilevel convert ( mmc ) , number submodul ( sm ) propos hybrid convert significantli reduc , decreas construct cost size system . topolog oper principl hybrid hvdc convert introduc . correspond control strategi design achiev energi balanc power transmiss . base mathemat model , design method paramet auxiliari convert propos . final , feasibl propos hybrid hvdc convert verifi simul hardware-in-the-loop experi result . © 2022 author . iet renew power gener publish john wiley & son ltd behalf institut engin technolog ."
2023,Model predictive control and protection of MMC-based MTDC power systems,International Journal of Electrical Power and Energy Systems,"mesh offshor grid ( mog ) present viabl option reliabl bulk power transmiss topolog . station-level control mog requir faster dynam along multipl object function , realiz model predict control ( mpc ) . paper provid control , protect design modular multilevel convert ( mmc ) base multi-termin dc ( mtdc ) power system use mpc . mpc defin use quadrat cost function , dqz rotat frame voltag input repres use laguerr orthonorm function . mpc appli control grid form grid follow convert four-termin mtdc setup , implement real-tim electromagnet transient ( emt ) simul . appli numer time-domain simul , advantag mpc deal ac dc side disturb investig . investig highlight mpc 's inher featur fast respons high damp during- post-disturb , compar tradit pi control perform . analysi provid comprehens insight transient behavior mtdc disturb . © 2022 author ( )"
2024,Techno-economic assessment of upgraded pyrolysis bio-oils for future marine fuels,Energy Conversion and Management,"power-to-x plant gener renew power convert hydrogen advanc fuel hard-to-ab sector like maritim industri . use bornholm energi island denmark studi case , studi investig off-grid product e-bio-fuel marin fuel . propos product pathway analysi method oil comparison e-methanol . product cost , optim oper system size deriv use open-sourc techno-econom linear program model . renew power sourc consid combin solar photovolta off-shor wind power . aec soec electrolyz technolog assess hydrogen product . bio-fuel produc slow pyrolysi straw pellet follow upgrad process : hydrodeoxygen combin decarboxyl . due novelti , techno-econom paramet upgrad pyrolyz oil deriv experiment . experiment result highlight upgrad reaction condit 350 °c 2h one step 1h 150 °c , 200 bar could effect provid fuel suffici qualiti meet maritim fuel specif . requir suppli 0.014 kg h2/ kgbiomass . model result show small scale plant constrain local avail co2 biomass produc 71.5 gwh fuel per year ( 13.3 kton methanol 7.9 kton bio-fuel ) , reach product cost 54.2 €2019/gjmethanol 19.3 €2019/gjbio−fuel . larg scale facil , ten time larger , product cost reduc 44.7 €2019/gjmethanol 18.9 €2019/gjbio−fuel ( scale effect methanol pathway ) . result show , sustain biomass avail suffici quantiti , upgrad pyrolysi oil cheapest option less carbon intens ( especi thank biochar co-product ) . pyrolysi unit repres main cost co-product revenu district heat sale biochar co2 credit could decreas cost factor three . © 2024 author ( )"
2023,Small Signal Stability Analysis of MMC-HVDC Grid-connected System and Optimization Control of Zero-sequence Circulating Current Controller,"2023 IEEE International Conference on Power Science and Technology, ICPST 2023","high voltag direct current ( hvdc ) transmiss technolog base modular multilevel convert ( mmc ) wide use offshor grid-connect wind power gener project , small signal stabil problem grid-connect system attract great attent . paper focus influenc zero-sequ circul current ( zscc ) control stabil offshor wind power gener mmc-hvdc grid-connect system . closed-loop frequenc domain model deriv mean complex vector harmon state space firstli . paper develop single-input-single-output ( siso ) imped model mmc consid zscc control . addit , imped model offshor wind farm distribut network establish . base imped model , influenc law mechan zscc control stabil offshor wind power gener mmc-hvdc grid-connect system explor . analysi result show output power wind larg , system prone oscil . applic zscc control equival increas bridg arm resist enhanc system damp , effect suppress reson peak mmc imped island control mode . final , point view enhanc damp system , paramet optim scheme zscc control design , correct theori feasibl scheme verifi simul . © 2023 ieee ."
2024,"A framework to identify offshore spatial trade-offs in different space allocation options for Offshore Wind Farms, as part of the North Sea Offshore Grid",Energy Reports,"effici , well-balanc north sea offshor grid ( nsog ) requir area-bas approach large-scal owf deploy . howev , essenti coordin environment , spatial energi plan basin scale lack . studi offer systemat approach unidirect coupl spatial explicit offshor develop scenario potenti ( km2 ) , integr energi system model , iesa-n . nsog concept , calcul spatial potenti 8 predefin energi hub ( cluster ) . combin potenti spatial avail , deploy energi system cost ( iesa-n ) risk manag option ( owfs/fisheries/marin protect areas-mpa ) , unfold trade-off emerg plan futur nsog . henc , lower-cost nsog , reach north sea 2050 energi target , depend integr , collabor space manag , fast deploy fixed-bottom owf 2030 ( 3.5 time current capac ) multi-us static gear fisheri ( cluster 3 ) mpa ( cluster 7 ) . altern , higher-cost nsog lower impact mpa fisheri , highli depend float owf ( 32.6gw 2030 ) , 2 british nsog cluster . case , float owf essenti , effect use cluster space requir basin-scal collabor ( cluster 7-dogger bank ) , untap potenti cluster 8 ( float owf ) lower pressur nsog cluster . © 2024 author"
2023,"ENERGY TRANSITION IN SHETLAND ISLANDS TOWARDS NET ZERO: DEVELOPMENT, CHALLENGES AND OPPORTUNITIES",IET Conference Proceedings,"radic chang expect energi system global . shetland island special area uk term energi system circumst . current , shetland power system primarili characteris isol gb power system relianc fossil fuel , introduc challeng relat power system manag emiss stress within island . utilis rich wind resourc shetland region , large-scal wind farm develop , high voltag direct current ( hvdc ) system onshor transmiss network instal ; wherea massiv local baseload ( mainli includ oil ga asset electrif massiv hydrogen product ) expect deploy shetland . paper review current system structur circumst shetland power system , present vision expect futur integr energi system , key technic barrier enabl identifi regard system develop oper . besid , major challeng opportun differ system parti outlin , essenti consider system develop and/or oper . © 2023 iet confer proceed . right reserv ."
2023,Virtual Inertial Control Strategy of Islanding DC Microgrid Storage Converter Based on Rate of Change of Voltage,"2023 IEEE PELS Students and Young Professionals Symposium, SYPS 2023","new energi island dc microgrid system characterist high power electron , low inertia weak damp . bu voltag suscept power fluctuat . virtual dc motor ( vdcm ) method effect improv system inertia ensur stabil bu voltag . aim problem long voltag regul time vdcm , virtual inertia control strategi ( vi-rocov ) base rate chang voltag ( rocov ) propos , reduc adjust time dc bu voltag optim transient characterist provid inerti support within stabil margin . virtual inertia control method propos paper realiz virtual inertia control system improv voltag feedback loop , wide applic prospect voltage-control convert differ topolog . © 2023 ieee ."
2023,Well-to-Wheels for Light-Duty Vehicle Powertrains by Segments in Isolated Systems †,Energies,"transport sector highest energi demand worldwid bear primari respons co2 emiss . electromobl emerg feasibl way allevi problem . howev , potenti depend heavili develop renew energi . island region rais addit barrier electromobl due heavi depend fossil fuel . articl address challeng present comprehens well-to-wheel framework assess level effici co2 emiss electromobl option batteri plug-in electr vehicl ( bev phev ) . result compar intern combust engin vehicl ( icev ) . framework propos take account variou factor includ extract , refin , transport oil , differ segment land vehicl , electr system oper . framework demonstr case studi spanish canari archipelago . result show bev improv effici co2 emiss around 30 % compar icev island share renew energi higher 21 % . contrast , limit renew gener may lead bev pollut 15 % icev . phev consid suitabl altern share renew gener higher 35 % . © 2023 author ."
2024,RESEARCH ON STRATEGIC AND TECHNICAL OF HYDROGEN PRODUCTION BY DEEP OFFSHORE IN SITU ELECTROLYSIS OF SEAWATER; [深远海原位电解海水制氢的战略及技术研究],Taiyangneng Xuebao/Acta Energiae Solaris Sinica,context achiev `` dual-carbon '' strategi china，hydrogen energi play bridg support role futur energi transit . promis green energi technology，renew energi electrolysi water produc hydrogen attract widespread attent . china abund offshor wind energi resources；however，ther current challeng grid connection，transmission，and high cost . consid high invest product cost seawat desalin purification，a well complex treatment process involved，th direct electrolysi seawat hydrogen product offer potenti overcom limit large-scal hydrogen product water sourc . also address challeng transmit renew energi deep-sea locat high on-sit hydrogen product costs，result signific econom social benefit . articl review develop seawat electrolysi technology，compar sever exist electrolysi method hydrogen production，discuss current challeng opportunities，and provid outlook futur seawat electrolysi hydrogen product industri . take offshor oil ga compani example，it explor possibl energi enterpris promot integr offshor wind power seawat electrolysi technolog industri scale . also suggest measur reduc costs，avoid homogen competition，and develop distinct technologies，includ improv layout offshor wind power facilities，develop seawat electrolysi technology，enhanc hydrogen transport storag capabilities，and achiev coordin develop offshor green energi island . © 2024 scienc press . right reserv .
2023,User Evaluation of Innovative Megaprojects Induced by Environmental Change Using Primary Data,"Eurasia Proceedings of Science, Technology, Engineering and Mathematics","modern age associ rise live standard achiev cost enorm environment damag . environment degrad today , environment devast previou year , global warm present world new novel challeng experienc previou decad . rise sea level , increas energi demand explos energi price creat new focal point think sphere econom life . environment factor requir new fresh approach futur sustain . new solut energi suppli need solut sea-level rise must sought . articl , undertak examin detail maldiv float citi european energi island project user 's perspect , specif term progress exemplari valu . paper , examin two flagship project result primari research conduct 2022 2023 , formul main messag design futur project . © 2023 publish isr publish : www.isres.org ."
2023,Research on indoor dynamic temperature based on circulating water heating,Energy Reports,"heat season , citi northeast china primarili emphas implement large-scal chp central heat system . howev , heat-electr constraint associ heat unit hinder integr clean energi sourc wind power , photovolta , renew energi . despit effort reduc carbon emiss address concern relat urban haze format , energi conserv , emiss reduct , coal remain predomin energi sourc heat . light challeng , paper aim investig heat transfer characterist build heat season . also examin feasibl implement heat regul provid theoret foundat establish region heat model incorpor low-carbon energi island . propos model combin wind power , photovolta power gener , renew energi sourc supplement coal power . employ concentr heat capac method , studi develop mathemat model simul dynam thermal process involv heat build . model encompass variou compon , includ dynam heat transfer model build 's envelop structur , consid heat storag characterist , well radiat model indoor air heat balanc equat . furthermor , model comprehens account influenc differ indoor outdoor disturb heat transfer process , includ effect solar radiat . valid model , simul program implement use matlab . program capabl hourli calcul determin indoor temperatur . compar simul temperatur valu measur one , ration accuraci model verifi . © 2023 author ( )"
2024,"BRIDGING TOURISM AND ENERGY INDUSTRY DEVELOPMENT IN COASTAL-MARINE PERIPHERIES: THE CASE OF BORNHOLM, DENMARK",Tourism in Marine Environments,"research note explor bridg local tourism content implement larg green energi infrastructur coastal-marin peripheri . topic import one , least given speed industri evolv chang , also mean new challeng opportun aris requir urgent attent . continu knowledg creation share industri among affect peripher commun frame bridg two industri therefor need . particularli case bornholm , danish island baltic sea strong tourism tradit profil challeng new develop turn island one first community-bas “ energi island ” world . base short literatur overview support opinion local tourism energi repres , research note base around knowledg need use situat bornholm confirm exist knowledg topic , also use occas introduc new knowledg aspect yet receiv attent literatur . research note end reflect propos knowledg need , includ attent area futur research . print usa . right reserv . copyright © 2024 cogniz , llc ."
2023,Analyzing the impact of demand response and reserves in islands energy planning,Energy,"small island usual reli fossil fuel energi suppli face common challeng high energi cost carbon dioxid emiss . reason repres interest case analys transit toward clean secur energi system . nevertheless , integr non-dispatch renew energi sourc power grid caus stabil issu particularli true island grid . issu fulli consid long-term energi plan ; inde , import factor consid order ensur reliabl grid reserv . differ type reserv depend reactiveness/respons time durat servic . paper , primari secondari reserv analys order plan long-term energi transit small island favignana , itali mean new version h2re , linear program single-object optimis model abl provid long-term capac invest dispatch optimis . found biomass gener favour photovolta wind turbin abil provid reserv also decreas unpredict suppli . batteri electrolys also use mostli reserv provis . © 2023 elsevi ltd"
2023,How to connect energy islands: Trade-offs between hydrogen and electricity infrastructure,Applied Energy,"light offshor wind expans north baltic sea europ , idea use offshor space renewable-bas energi gener evolv . one concept energi island , entail placement energi convers storag equip near offshor wind farm . offshor placement electrolys caus interdepend avail electr hydrogen product power transmiss shore . paper investig trade-off integr energi island via electr versu hydrogen infrastructur . set combin capac expans electr dispatch model assess role electrolys electr cabl given avail renew energi island . find electr system benefit connect close-to-shor wind farm via power cabl . turn , electrolysi valuabl far-away energi island avoid expens long-dist cabl infrastructur . also find capac invest electrolys sensit hydrogen price less carbon price . onshor network congest caus increas activ close shore influenc size site electrolys . © 2023 author ( )"
2023,Simulating wake losses of the Danish Energy Island wind farm cluster,Journal of Physics: Conference Series,"increas number instal offshor wind farm led cluster , wind farm interact caus energi loss . danish govern plan energi island north sea consist ten 1 gw wind farm . initi wind farm layout design consult compani ( cowi ) report 5 % annual energi product ( aep ) wake loss base low-fidel engin wake model known underestim wind farm interact . present work employ higher-fidel wake model base reynolds-averag navier-stok ( ran ) mesoscal model , predict higher aep loss due wind farm interact ; name , 8.6-10.1 % . addit , investig microscal model ran employ simul larg wind farm cluster effici , compar result mesoscal model simul . © publish licenc iop publish ltd ."
2024,Lithuanian Energy Security Transition: The Evolution of Public Concern and Its Socio-Economic Implications,Energies,"articl analys evolut social dimens energi secur transit lithuania . contribut emerg attempt literatur broaden horizon understand societ transform energi transit . analysi reveal interdepend chang lithuanian societi develop energi secur concern throughout independ period , import materi threat ( ecolog , econom , polit ) post-materi valu ( climat chang concern ) context energi secur . accordingli , energi sector undergo vivid transit total depend “ energi island ” diversifi , interconnect , self-sustain system . journey inevit result highlight social dimens energi secur provok certain socio-econom implic , like chang public awar particip , social equiti justic , socio-econom resili vulner . research base case studi principl ( appli sociolog discours analysi scientif articl ’ qualit content analysi method well energi secur polici analysi review nation strategi throughout independ period ) focus uniqu lithuanian context . © 2024 author ."
2024,Modeling and optimal operation of reversible solid oxide cells considering heat recovery and mode switching dynamics in microgrids,Applied Energy,"revers solid oxid cell ( rsoc ) promis technolog advanc energi decarbon enabl bidirect convers electr hydrogen singl devic . howev , previou studi fulli explor oper flexibl rsoc due inadequ consider heat recoveri potenti dynam oper mode transit . address research gap , paper present model-bas optim oper method manag multi-energi transact rsoc-bas microgrid , aim minim oper cost . method incorpor detail oper model rsoc , includ lump thermal model account heat recoveri capabl model variou oper mode transit . addit , linear process introduc address nonlinear implicit oper constraint , result comput effici mixed-integ linear program ( milp ) formul oper model . compar case studi conduct use modifi energi portfolio danish energi island . result demonstr propos method effect captur oper mode transit within rsoc enhanc profit via wast heat recoveri . notabl , rsoc model contribut enhanc oper flexibl heat recoveri behavior wider temperatur rang , result substanti econom save microgrid . © 2023"
2024,AC Fault Ride-Through Method of HVDC Interconnector for Islanded AC Grid With Offshore Wind Farm and Loads,IEEE Access,"paper propos ac fault ride-through ( frt ) method high-voltag dc ( hvdc ) transmiss system serv interconnector onshor ac grid island offshor ac grid . convent hvdc system offshor wind farm frt realiz consum excess power brake resistor . howev , method appli offshor ac grid includ wind farm also variou load , consid integr multipurpos interconnector energi island . articl , novel frt method base voltag control hvdc interconnector oper bidirect power flow propos . propos method curtail ac voltag form offshor convert accord convert 's dc current voltag . effect propos frt method establish experi mini model . © 2013 ieee ."
2023,"Granite thermal reservoirs in Lingshui area of Hainan Island and their significance to geothermal resources, China",Energy Geoscience,"hainan island locat southernmost tip continent crust south china plate , high terrestri heat-flow valu , widely-distribut hot spring , rich geotherm resourc . intensifi research origin potenti geotherm resourc promot hainan island 's develop clean energi island . determin geolog condit format geotherm resourc southern hainan island , collect core sampl granit baocheng batholith southern hainan island conduct systemat analysi respect petrolog , geochronolog , geochemistri , petrophys properti . result studi follow . baocheng batholith southern hainan island crystal age 98.42 ± 0.56 , make product magmat earli stage late cretac . mainli consist high-k calc-alkalin granit , intrud intermediate-to-maf vein . baocheng batholith high radioact heat gener rate 2.712–6.843 μw/m3 , averag 3.846 μw/m3 , radioact heat-flow valu 30.768 mw/m2 heat-flow contribut rate 38.95 % –43.95 % . shown result thermophys properti analysi , granit high thermal conduct serv high-qual geotherm reservoir . combin previou geolog geophys data , geotherm model lingshui area establish studi . deep structur indic presenc high-conduct low-resist layer basement baocheng batholith . infer therebi asthenospher upwel may occur exist two magma vent depth batholith . therefor , magmat heat depth granit high radioact heat gener rate serv main heat sourc lingshui area . © 2023 sinopec petroleum explor product research institut"
2024,Maritime law enforcement concerning offshore energy platforms: Navigating international law constraints and challenges,Marine Policy,"offshor energi platform ( oep ) serv crucial frontier util renew energi sourc meet energi demand , power essenti maritim oper remot island power suppli , offshor oil ga explor , seawat desalin , marin renew energi harvest . howev , develop oep rais signific legal concern maritim law enforc . employ polici analysi approach , research delv multifacet challeng face current intern legal framework regul enforc activ pertain oep . challeng encompass ambigu oep legal statu , difficulti balanc safeti measur divers maritim interest , obstacl environment assess enforc , heighten enforc challeng area beyond nation jurisdict . studi explor potenti strategi resolut collabor intern scale . investig , studi aim provid valuabl insight promot greater clariti coher maritim law enforc practic concern oep , therebi enhanc safeti , secur , environment sustain oep oper maritim environ global . © 2024 elsevi ltd"
2023,Grid-forming control for the linear-generator-based wave energy converter for the electrification of remote islands,IET Conference Proceedings,"develop wave energi technolog advanc significantli , grid connect power optim stage area research . variou grid connect scheme thoroughli research implement , grid-follow control emerg primari techniqu power transfer grid . energi storag solut batteri supercapacitor incorpor mitig intermitt effect wave energi . howev , increas renew energi grid lead low-inertia power grid , wave energi must equip grid-readi capabl achiev commerci success . studi propos wave-to-wir model wave energi convert array grid-form applic , enabl suppli power remot island . result research propos control mechan requir success integr wave energi form grid transmit continu power suppli . © institut engin & technolog 2023 ."
2023,"Decarbonizing energy islands with flexibility-enabling planning: The case of Santiago, Cape Verde: Decarbonizing Energy Islands with Flexibility-Enabling Planning",Renewable and Sustainable Energy Reviews,"grow interest fulli decarbon worldwid energi system requir abandon tradit gener expans plan favour flexibility-en energi system plan tool allow integr energi storag sector coupl . therefor , paper propos mixed-integ linear program formul focus enabl flexibl provis integr energi system target independ size power energi capac simultan gener storag expans plan . optim problem minim invest , mainten , oper emiss cost 20 year horizon hourli resolut . context , island repres suitabl studi case energi transit due except renew avail , fast-pac develop ; despit region extrem extern depend isol . particular , island santiago , cape verd select studi case given exist target regard reach 50 100 % renew share 2030 2040 , data avail , extrem season variat wind solar resourc . four scenario consid . first second dismiss flexibl : busi usual ( bau ) , anoth one align govern goal ( green ) . , two exploit : one equival green , flexg , last one find optim . addit , three energi demand growth level consid order reduc uncertainti , correspond 1 , 3 5 % . last , sensit analysi three addit scenario perform provid thorough view cape verd 's energi futur . result highlight import flexibl exploit provid 85 % save allow decarbon sector via electrif . © 2023 author ( )"
2024,Review of Grid Code Requirements for Cost Optimization of Offshore Energy Hubs,IET Conference Proceedings,"paper , review grid code requir ( gcr ) applic wind power plant ( wpp ) connect energi island , i.e. , offshor energi hub ( oeh ) , present . main gcr analys base impact may reduct cost associ wpp base recommend optim oeh . oeh current develop plan north baltic sea , ambit reach capac 300 gw 2050 . gcr european transmiss system oper ( tso ) , entso- , nation grid , elia energinet review compar , give particular attent project futur oeh , i.e. , princess elisabeth elia bornholm energinet 50hertz . main gcr analys , among other , voltag rang , post-fault activ power recoveri emerg power control . relax requir may bring posit cost optim wpp connect oeh . furthermor , ancillari servic grid-form capabl inertia provis review , recommend toward addit revenu wpp oper given . overal , relax and/or shift gcr may possibl good compromis tso , wpp oper societi . © energynaut gmbh ."
2023,Installation of Sectionalizers in a Radial Distribution Networks to Create an Emergency Islanded Network Powered by Distributed Generators During Outages,"Proceedings of the 5th International Conference on Modern Electrical and Energy System, MEES 2023","paper consid use section isol damag section medium voltag ( mv ) radial power network 6-10 kv creat energi island network power distribut gener ( dg ) . configur power network one two section differ number dg , separ network zone , consid . avoid use labor-intens discret calcul , author propos simplifi method calcul reduct expect energi not-suppli ( een ) consum due creat energi island network . method suggest replac discret load distribut standard function . calcul come select load distribut function obtain result tabl ( placement section een case ) . tabl easi use design find optim locat instal section power network . © 2023 ieee ."
2023,MPC-VSG Based Control Strategy for Dynamic Stability of Frequency and Voltage in Islanded Microgrid; [基于 MPC-VSG 的孤岛微电网频率和电压动态稳定控制策略],Zhongguo Dianli/Electric Power,"high proport new energi island microgrid , reduct proport convent synchron gener ( sg ) lead gradual decreas overal inertia . convent control strategi effect coregul frequenc voltag microgrid low inertia condit . simultan improv dynam stabil frequenc voltag island microgrid , paper propos model predict control ( mpc ) base frequency-voltag control strategi energi storag virtual synchron gener ( vsg ) . develop predict model vsg , cost function frequenc power design , power refer valu vsg dynam correct calcul requir activ reactiv power increment . consid interact sg vsg reduc transient voltag stabil system , voltag control loop improv reduc angular differ sg vsg transient , reactiv power refer valu adjust . dynam stabil control system frequenc voltag achiev base power refer valu . final , simul result verifi effect strategi superior . © 2023 autom electr power system press . ltd. right reserv ."
2024,A coordination failure between EU climate policies exemplified by the North Sea energy island,Climate Policy,"highlight coordin problem eu emiss trade system ( et ) eu 's offshor renew energi strategi . exemplifi coordin failur analyz carbon leakag effect associ denmark 's plan north sea energi island . danish energi island project start product 2033 , impli long interv project announc product . use dynam model eu et , show larg time gap announc product like result ‘ green paradox ’ , energi island increas aggreg eu et emiss . mechan lead emiss increas complic work market stabil reserv ( msr ) . estim 2050 leakag rate 145 percent main scenario 100 percent altern scenario . discuss improv climat benefit energi island similar large-scal renew energi project . includ possibl revis eu et role power-to-x technolog . © 2023 informa uk limit , trade taylor & franci group ."
2024,Vision of Offshore Energy Hub at Faroe Islands: The Market Equilibrium Impact,International Journal of Sustainable Energy Planning and Management,"studi examin integr offshor wind farm green hydrogen product strategi enhanc faro island ’ energi independ reduc carbon footprint . util energyplan tool market econom simul , includ level cost hydrogen net present valu calcul , research evalu econom viabil environment impact transit renew energi sourc 2030 . analysi explor variou scenario , rang dedic offshor wind in-turbin hydrogen product platform-bas electr hydrogen distribut . result indic integr offshor wind green hydrogen product significantli reduc co2 emiss depend import fossil fuel . howev , financi viabil hing support mechan invest subsidi . studi ’ find suggest achiev econom feasibl requir strateg polici framework . research contribut discours sustain energi plan offer insight dynam system integr , market econom simul , role support mechan facilit green transit . © 2024 , aalborg univers press . right reserv ."
2023,Going offshore or not: Where to generate hydrogen in future integrated energy systems?,Energy Policy,"hydrogen key energi system transit . investig role offshor hydrogen gener futur integr energi system . perform energi system optimis model applic northern-centr european energi system north sea offshor grid toward 2050 , find offshor hydrogen gener may like play limit role , offshor wind energi higher valu sent shore form electr . forc hydrogen gener offshor would lead increas energi system cost . assum scenario condit , result deep decarbonisatiton energi system toward 2050 , hydrogen gener – onshor offshor – follow solar pv gener pattern . combin hydrogen storag , cost-effect solut satisfi futur hydrogen demand . overal , find role futur offshor hydrogen gener simpli deriv minimis cost offshor sub-system , also consid econom valu gener would creat whole integr energi system . find no-regret option enabl promot integr offshor wind onshor energi market via electr connect . © 2023 author"
2023,Developing Offshore Wind Farms - A Comparison and Analysis of the Legal and Governance Frameworks of the North Sea Coastal States,European Journal of Comparative Law and Governance,"high offshor wind ambit , north sea coastal state follow differ path develop legal framework offshor wind develop . articl compar legal framework coastal state three main issu : locat choic , includ select develop ; permit procedur , connect owf s. analysi show legisl govern converg across north sea , also instanc differ choic made . consequ choic discuss analys , recommend coastal state wish develop offshor wind regulatori framework . © 2023 brill nijhoff . right reserv ."
2023,Technological learning potential of offshore wind technology and underlying cost drivers,Sustainable Energy Technologies and Assessments,"detail analysi technolog learn energi technolog scarc . float wind , miss altogeth . studi , appli experi curv bottom-up cost model methodolog assess long-term cost reduct potenti contribut factor fixed-bottom float offshor wind matur market . , emphas role strongli vari site characterist offshor wind farm influenc , grid connect cost separ discuss total technolog cost ( capit expenditur lcoe ) . assess show , exclud grid connect cost , fixed-bottom offshor wind lcoe 40 €/mwh 31 gw cumul capac ( 2023–2024 ) declin 28 ± 3 €/mwh 100 gw . float wind lcoe 123 €/mwh 1 gw cumul capac ( 2027 – 2030 ) declin 33 ± 6 €/mwh 100 gw . moreov , float wind achiev cost pariti ( i.e. , 40 €/mwh , excl . grid connect cost ) deploy 21 gw , requir 44 billion € learn invest form subsidi compens price gap technolog energi system . also conclud grid cost form substanti portion total offshor wind cost , integr offshor grid effici futur wind farm reduc cost . lastli , compar assess literatur found fixed-bottom cost develop commonli underestim near-term develop float wind overestim due limit understand component-level cost develop develop financ condit . © 2023 author ( )"
2023,Conceptual Design of a Floating Modular Energy Island for Energy Independency: A Case Study in Crete,Energies,"paper aim investig develop float artifici sustain energi island conceptu design level would enhanc energi independ island focus case studi island crete . paper provid baselin assess show immens potenti wind solar energi around crete integr third signific renew energi sourc ( re ) ocean wave energi island . select best locat float offshor platform compos energi island address exploit great potenti above-ment re , take consider criteria regard sever signific human activ . end , concept innov float modular energi island ( fmei ) integr differ renew energi resourc propos ; addit , case studi focus energi independ big island illustr concept refer substitut local thermal power plant current oper crete sustain energi power . although focus renew energi resourc around crete , work paper provid basi systemat offshor renew energi assess propos new methodolog could use anywher around globe . © 2023 author ."
2024,Re-thinking Short-Circuit Current Contribution from Type IV Wind Turbines: A Perspective into How Standardization Can Be Improved,IEEE Power and Energy Society General Meeting,"discuss short-circuit current ( scc ) contribut type iv wind turbin inverter-bas resourc ( ibr ) becom relev common power system penetr renew energi sourc . sever work brought attent fact ibr behav entir fix current sourc fault standard propos far . contrast , behav voltage- grid-code-depend current sourc fault steady-st highli non-linear fault transient stage , increas complex estim scc contribut . paper present new perspect improv standard guidelin help establish effect intellectu property-independ approach estim scc contribut type iv gener . base discuss , result field-valid emt model large-scal offshor grid-follow wind turbin shown simul demonstr need standard procedur . © 2024 ieee ."
2023,Benefits from Islanding Hydrogen Production in Renewable Energy Systems,"International Conference on the European Energy Market, EEM","sustain transit net-zero economi may requir larg quantiti low-cost clean hydrogen . fulli renew energi system , coproduct electr green hydrogen may provid synergi ( flexibl demand , reduc renew curtail ) . hand , separ electr hydrogen product could offer advantag ( better renew resourc less oner power qualiti requir power electron ) . quantifi potenti synergi `` integr '' electr hydrogen product versu stand-alon ( `` island '' ) product hydrogen system entir power wind solar . explor trade-off sever countri , includ germani , spain , chile , australia unit kingdom , simpl six-nod model enhanc analyt understand . find show integr hydrogen product lowest cost solut hydrogen demand low ( less 20 % final energi ) . high share hydrogen demand ( 80 % final energi ) , island electrolys result system cost reduct 9 % . result especi relev countri export hydrogen , suggest deploy electrolys primarili island set . © 2023 ieee ."
2024,Relay Protection Settings Verification for Transmission System from Renewable Energy Island to VSC-HVDC,Lecture Notes in Electrical Engineering,"vsc-hvdc technolog nowaday use larg scale renew energi island connect exist power system . ac line transmiss devic renew vsc-hvdc special fault characterist . fault current side control caus sensit current differenti protect drop lot . paper studi relay protect set verif specifi system . oper mode determin rule verif index propos . case studi present . suggest given final . © beij paik cultur commu . co. , ltd. 2024 ."
2023,Optimal planning of energy and water systems of a small island with a hourly OSeMOSYS model,Energy Conversion and Management,"island world face common challeng connect energi cost greenhous ga emiss . thu , island identifi perfect site implement test innov solut boost green energi transit toward sustain clean energi system . suppli clean water major issu affect small island , desalin , particularli revers osmosi , repres valid solut challeng . research , energi system model use analys long-term water energi suppli strategi tourist island favignana , itali . model built open sourc long-term energi model tool osemosi hourli resolut . consid potenti synergi offer revers osmosi desalin use water storag store excess electr need . indirect emiss maritim transport good fuel ( i.e. , water diesel ) island also account . differ energi polici compar understand carbon tax , limit emiss polici would impact long-term energi strategi island . result show carbon tax cover also maritim transport sector would lead lowest overal cumul emiss . addit reveal contribut emiss maritim transport good fuel relev neglect full decarbonis achiev . technolog side , invest desalin plant viabl option case . final , first time , osemosi appli hourli resolut result compar obtain lower time resolut show inaccuraci found overal valu dispatch strategi . © 2022 elsevi ltd"
2023,The Best of both Worlds: Social and Technical Challenges of Creating Energy Islands,"International Conference on Smart Cities and Green ICT Systems, SMARTGREENS - Proceedings","creat so-cal “ energi island ” high level energet self-suffici one strategi fight climat crisi . becom realist goal , concept need trans-disciplinari research defin promis transform path toward reach vision . present paper introduc conceptu framework provid approach technic optim across energi vector , socio-techn optim usag energi demand flexibl , socio-psycholog intervent , replic strategi consid differ aspect . focu lie architectur manag system answer requir also social scienc , engag strategi defin cross-vector , cross-disciplinari design flexibl term demand-respons scheme . copyright © 2023 scitepress – scienc technolog public , lda . cc licens ( cc by-nc-nd 4.0 )"
2023,Optimal Dispatch for the US Virgin Islands to Increase Renewable Rates in Saint Croix,IET Conference Proceedings,"us virgin island , like mani small island nation , face signific challeng relat energi suppli . depend import fossil fuel drive energi cost , also contribut differ environment problem . nevertheless , gener sunni windi climat make archipelago ideal locat renew energi develop . increas use sourc wind , solar help reduc energi depend , lower level cost electr , improv health well-b local commun . paper , optim dispatch employ analyz implic energi secur employ differ technolog option accord plan local system oper . context , short term stabil ensur insert oper constraint energi manag system base stabil analysi develop pscad . result highlight use integr pv batteri system , analysi requir justifi integr wind power . © 2023 iet confer proceed . right reserv ."
2023,A Parameter Design Method for DRU-HVDC Integrated Offshore Wind Farm Concerning System Harmonic and Resonance Characteristics,"PEAS 2023 - 2023 IEEE 2nd International Power Electronics and Application Symposium, Conference Proceedings","diod rectifi unit-bas high voltag direct current ( dru-hvdc ) integr scheme gradual becom popular large-scal offshor wind farm ( owf ) due advantag term low cost lightweight . howev , tradit grid-follow ( gfl ) control strategi wind turbin ( wt ) use sinc dru lack grid-form abil . therefor , current research mainli focus grid-form ( gfm ) control strategi wt establish offshor grid . howev , harmon reson characterist offshor grid receiv rel less attent . accordingli , paper propos paramet design method circuit wt ' control paramet consid system harmon reson characterist . furthermor , simul result base pscad/emtdc provid verifi effect propos design method . © 2023 ieee ."
2023,Wave interactions with a cylinder surrounded by an arc-shaped breakwater,Journal of Fluids and Structures,"inspir energi island use energi storag , convers , transmiss , studi explor water wave interact bottom-stand cylind surround arc-shap breakwat neglig thick . arc-shap breakwat either imperm porou . analyz problem , semi-analyt match eigenfunct expans method develop within framework linear potenti flow theori . fluid domain divid subdomain , veloc potenti subdomain express eigenfunct expans . match condit , ensur continu pressur normal veloc , impos junctur boundari . accuraci develop semi-analyt method verifi comparison result obtain use numerically-bas boundari element method . extens discuss made hydrodynam respons , includ wave excit forc free surfac elev . breakwat imperm , fluid reson occur gap cylind arc-shap breakwat , lead significantli larg respons free surfac elev hydrodynam forc . simpl method develop estim reson frequenc mode shape associ reson . hand , observ presenc porou breakwat consider reduc free surfac respons gap well hydrodynam load cylind . porou breakwat effect mitig occurr fluid reson offer effici mean dampen wave energi , provid valuabl insight wave energi dissip coastal engin applic . © 2023 elsevi ltd"
2023,Analysis of Onshore Synthetic Inertia and Primary Control Reserve Contributions of Alternating Current-Side Meshed Offshore Grids with Voltage-Source Converter and Diode Rectifier Unit High-Voltage Direct Current Connections,Energies,"increas use renew energi sourc place convent gener unit lead reduct onshor inertia develop offshor wind park grid connect multipl high-voltag direct current ( hvdc ) connect onshor altern current ( ac ) grid . ac-sid mesh offshor grid voltage-sourc convert ( vsc ) diod rectifi unit ( dru ) hvdc connect toward onshor grid , studi focus energet feasibl synthet inertia ( si ) primari control reserv ( pcr ) contribut trigger local onshor convert connect type . end , obstacl prevent contribut vsc hvdc connect mechan allow contribut dru hvdc connect identifi first . base find , articl propos enhanc offshor hvdc convert control continu activ allow local trigger onshor contribut onshor hvdc convert connect type without use commun requir minim system knowledg . addit simul confirm , although enhanc continu activ , oper perform offshor hvdc convert control normal offshor grid oper robust offshor ac-sid fault affect . © 2023 author ."
2024,Study on optimal configuration of energy-dissipating resistors in VSC-HVDC system for new energy island; [新能源孤岛柔直送出系统耗能电阻优化配置研究],Zhejiang Electric Power,"vsc-hvdc system new energi island , surplu power consumpt system fault ride-through ( frt ) achiev employ group ac energy-dissip resistor equal capac . howev , presenc excess power resistor group inflict sever impact system . therefor , novel opti⁃ mal configur method energy-dissip resistor differ capac base progress convers switch strategi propos . firstli , oper characterist group ac energy-dissip resistor equal capac analyz . subsequ , multipl group ac energy-dissip resistor vary⁃ ing capac , collect equival total capac vsc-hvdc system , configur , differ combin resistor employ obtain vari dissip power . final , model integr grid construct valid use pscad/emtdc simul platform . simul result demonstr propos method switch strategi enhanc precis resistor switch , mitig system impact , shorten fault recoveri time , precis consum surplu power fault ride-through . © 2024 editori depart zhejiang electr power . right reserv ."
2023,Research on the Offshore Renewable Energy Island System,"2023 3rd International Conference on Energy Engineering and Power Systems, EEPS 2023","case shortag fossil energi , energi island integr renew energi photovolta wind energi attract wide attent countri world . energi island comprehens energi util system , realiz collect util natur energi . mainli includ energi util ( power gener system ) , energi consumpt ( power consumpt system ) energi balanc ( energi storag micro-grid system ) . build energi island energi storag , convers transport center reduc cost land sea energi transmiss . addit transmit energi land form tradit electr , energi island also use base build factori central prepar , transport storag hydrogen . establish energi island conduc develop marin resourc marin experi . combin offshor ranch high sea offshor wind power , take energi suppli main bodi , fisheri tourism auxiliari , explor potenti valu energi island . offshor renew energi island improv overal econom benefit , make contribut ensur energi secur promot energi revolut . © 2023 ieee ."
2024,Protection Design of Multiterminal HVDC Grids Based on Onshore Grid Requirements,IEEE Power and Energy Society General Meeting,"paper propos methodolog conceptu hvdc protect design multitermin hvdc grid use integr offshor wind power onshor ac system . applic hvdc protect strategi discuss grid topolog evalu context differ ac grid code . worst-cas fault impact analys , shown dc protect requir vari significantli accord total dc grid capac ac grid requir . protect design methodolog show hvdc grid low infe capac connect ac grid high loss infe limit make use protect strategi fewer dc circuit breaker , compar larger dc system stricter ac grid requir . © 2024 ieee ."
2023,Standardization of Power-from-Shore Grid Connections for Offshore Oil & Gas Production,Sustainability (Switzerland) ,"offshor oil ga ( & g ) product typic power local diesel engin ga turbin . power-from-shor ( pf ) altern take advantag onshor renew product reduc greenhous emiss limit bespok project tailor characterist site . lack repetit lead increas construct risk , deliveri time , lifecycl cost , therefor limit large-scal deploy . furthermor , absenc standard design also notori matur applic offshor wind farm ( owf ) despit long-stand track record , neg consequ extens cover literatur . research paper address offshor transmiss standard two part . first , provid scientif commun review exist offshor & g product substat secondli , outlin lean option algorithm cost-optim technic feasibl select key design criteria . exercis centr main limit compon transmiss systems—th cabl . , address oper rang cost calcul effect configur term voltag rate power . end goal , base spread connect propos , cluster candid limit set grid connect option , achiev model shown adequ . © 2023 author ."
2023,Correlations between component size green hydrogen demand and breakeven price for energy islands,Renewable and Sustainable Energy Reviews,"topic energi island current focal point push energi transit . ambiti project north sea aim build offshor wind-pow electrolys green hydrogen product . power-to-x ( ptx ) process convert renew electr hydrogen-bas energi carrier , natur ga , liquid fuel chemic . pth2 repres subset ptx , wherein hydrogen result green energi convers process . mani uncertainti surround pth2 plant , affect econom success invest make price hydrogen level cost hydrogen ( lcoh ) technolog uncompetit . sever studi analys pth2 layout identifi hydrogen price without consid compon capac extern input affect breakeven price . unlik previou work , paper investig compon capac depend variabl wind hydrogen demand shape dedicated/non-ded system layout . end , techno-econom analysi find breakeven price , optimis compon reach lowest sell price . result show hydrogen price reach 2.2 €/kg non-ded system certain combin maximum demand electrolys capac . furthermor , lcoh analysi reveal offshor wind electrolys system current uncompetit hydrogen product carbon-bas technolog competit renew technolog . sensit analysi reveal green electr price non-ded case dedic system lower optimum hydrogen price . price limit dedic case 116 €/mwh . © 2023 author"
2024,Hybrid offshore wind projects. Social desirability vs. incentives to invest,Energy,"unlock full potenti offshor wind requir invest integr offshor grid infrastructur combin gener interconnect countri so-cal hybrid project . take perspect social planner , project may result effici alloc scarc resourc . ala , distribut welfar gain may result disagr grid design attract , market connect whether invest . examin dilemma , appli real option theori invest project differ grid design market characterist . compar incent invest ) wind farm b ) wind farm grid infrastructur , assum project valu last altern serv proxi social welfar . solut deriv use simul approach call least squar mont carlo method . find : 1 ) non-stationari stochast price and/or decreas cost may make social optim well commerci benefici postpon even profit invest . 2 ) connect market social desir may reduc offshor wind investor 's project valu . 3 ) connect market differ characterist social desir reduc offshor wind investor ' project valu . © 2024"
2024,The impact of offshore energy hub and hydrogen integration on the Faroe Island's energy system,Smart Energy,"studi explor integr offshor wind energi hydrogen product faro island ’ energi system support decarbonis effort , particularli focus maritim sector . energyplan model use simul impact incorpor green hydrogen , produc via electrolysi , within close energi system . studi evalu differ configur hydrogen product feasibl focus electrolys technolog placement option ( in-turbin , platform-bas , shorelin ) . hydrogen produc intend ammonia product , replac 11 % fossil fuel use maritim transport 2030 . result indic integr hydrogen offshor wind energi reduc fossil fuel relianc carbon dioxid emiss . in-turbin electrolys setup offer cost-effect placement option , platform setup expens . among three electrolys technolog evalu ( alkalin , solid oxid proton exchang membran ) , alkalin electrolys result lowest overal system cost . find provid insight potenti renew energi system small island context contribut broader understand green hydrogen 's role energi transit . © 2024 author"
2023,Demonstration of Protection Strategy for Offshore HVDC Grids,"2023 IEEE Belgrade PowerTech, PowerTech 2023","decarbon target set global , lead decommiss co2 produc gener plant replac renew sourc power gener . utility-scal offshor renew power transmit onshor hvac grid reliabl , qualiti , cost-effici way . paper report develop multi-termin hvdc offshor grid topolog industri technolog deploy . protect strategi differ dc circuit breaker deploy present , analyz , compar . real-tim simul model demonstr hvdc offshor grid result present hardware-in- the-loop protect relay . © 2023 ieee ."
2023,"The complementarity of offshore wind and floating photovoltaics in the Belgian North Sea, an analysis up to 2100",Renewable Energy,"combin offshor wind float photovolta ( pv ) present major opportun scale renew energi offshor . offshor grid develop substanti cost driver marin renew , make optim use grid connect desir . complementar wind solar resourc increas common transmiss load , therebi reduc grid cost per kwh . fulli assess benefit solar-wind hybrid , tempor resourc complementar must evalu differ timescal . work , complementar offshor wind solar energi resourc investig belgian north sea use kendal 's τ . climat chang affect behavior renew energi resourc , analysi extend 2100 climat repres concentr pathway 4.5 8.5 . signific solar-wind complementar found monthli weekli timescal , lesser extent daili , hourli 10-minut timescal . moreov , complementar maintain climat chang . studi therefor identifi solar-wind hybrid sustain option reduc offshor grid cost per kwh . © 2023 elsevi ltd"
2023,Economic and resilient operation of hydrogen-based microgrids: An improved MPC-based optimal scheduling scheme considering security constraints of hydrogen facilities,Applied Energy,"optim schedul alkalin electrolyz ( ael ) hydrogen-bas microgrid ( hbm ) greatli unleash oper flexibl hbm . howev , exist schedul strategi ael mostli util simplifi ael model , ignor nonlinear coupl electric-hydrogen-therm sector , violat ael 's secur constraint therebi make schedul scheme infeas . paper propos improv model predict control ( mpc ) base optim schedul framework incorpor schedul correct algorithm basic mpc structur . framework util implement econom resili schedul hbm normal emerg condit , respect . schedul correct algorithm , framework formul comput effici mixed-integ linear program , meanwhil guarante solut strictli satisfi secur constraint hydrogen facil ( i.e . ael hydrogen tank ) . case studi conduct base real oper data danish energi island bornholm . result demonstr propos schedul scheme normal condit contribut signific comprehens benefit daili oper cost save 68 % , comput time save 98 % , satisfi secur constraint hydrogen facil , compar previou schedul strategi . besid , sharpli reduc load shed emerg condit proactiv alloc distribut energi sourc hbm . © 2023 author ( )"
2023,A Multi-GW Energy Hub for Southern Europe: the Mediterranean Energy Island Proposal,"2023 AEIT HVDC International Conference, AEIT HVDC 2023","offshor energi island get increas attent due european decarbon plan . context , paper propos novel test case mediterranean energi island itali , franc spain exchang power high voltag direct current link . steady-st optim power flow simul perform zonal nodal european-wid model current cost benefit analysi ( cba ) methodolog use evalu impact invest would european power grid term total oper cost co_2 emiss . lastli , possibl develop regard case studi discuss . © 2023 ieee ."
2024,Economic Analysis of Energy Transmission for Energy Island Based on Deep-Sea Offshore Wind Farms; [以深远海风电为核心的能源岛能源外送经济性分析],Zhongguo Dianli/Electric Power,"deep-sea wind power advantag rich resourc , high util hour , occup land onshor , great signific promot realiz `` doubl carbon '' goal . offshor energi island deep-sea wind power core , integr develop model `` offshor wind power + '' , improv comprehens util rate sea area , enhanc overal effici , reduc develop cost . construct offshor energi island involv energi develop technolog float offshor wind power , energi comprehens util technolog awe , energi transmiss technolog vsc-hvdc transmiss hydrogen pipelin transmiss . paper first introduc overal composit energi island deep-sea wind power core , analyz transmiss technolog applic large-scal energi transmiss energi island . cost energi island 1000 mw float offshor wind power vsc-hvdc power transmiss cost hydrogen transmiss pipelin calcul respect , power transmiss cost compar cost hydrogen transport . compar analysi indic , vsc-hvdc technolog hydrogen pipelin transmiss technolog use energi transmiss solut offshor energi island . innov research carri econom energi deliveri energi island . accord calcul , 2023 , 2030 , 2050 , transmiss distanc 100 km 200 km , econom perform vsc-hvdc solut better hydrogen transmiss solut . cost absorpt capac land area need comprehens consid choos power transmiss solut hydrogen transmiss solut . predict 2050 , comprehens cost differ proport mix power hydrogen transmiss distanc 100 km 200 km offshor 0.18 yuan/kw·h 0.27 yuan/kw·h , competit compar cost power transmiss new energi base western northern region eastern region . © 2024 autom electr power system press . right reserv ."
2023,Real-time Risk Assessment and Regulation Strategy of New Energy Islanded Distribution Network Based on Probabilistic Prediction and Stochastic Response Surface Methodology; [基于概率预测与随机响应面法的新能源孤岛配电网实时风险评估与调控策略],Dianwang Jishu/Power System Technology,"uncertainti high proport distribut gener bring great challeng stabl oper island distribut network . paper , short-term predict sourc load base tradit distribut model shortcom sharp peak heavi tail , distribut model sourc load predict error multi-scenario differ time scale construct combin bidirect long short-term memori ( bilstm ) neural network nonparametr kernel densiti method ( kde ) . basi , system oper regul multi-tempor oper control process , take account short-term meteorolog fluctuat uncertainti . , distflow model relax use mix integ second-ord cone program probabilist distflow system obtain stochast respons surfac ( srsm ) . base stochast respons surfac improv sobol ' method , global sensit analysi model isol island distribut network oper risk take account sourc load uncertainti establish . reason , risk real-tim risk assess regul strategi base bilstm-srsm method propos . final , feasibl propos method verifi use radial distribut system ieee33 node . © 2023 power system technolog press . right reserv ."
2023,Research on Generation and Transmission Expansion Planning Method for Large-Scale Islanded Renewable Energy System Connected to Flexible DC,"2023 4th International Conference on Advanced Electrical and Energy Systems, AEES 2023","rapid develop new renew energi gener technolog world , problem wind solar power curtail becom seriou . therefor , improv capac absorb new energi , paper , propos gener transmiss expans plan method scenario new energi island transmiss flexibl dc . first , consid effect number , site select voltag level oper characterist power system , topolog optim scheme propos converg renew energi accommod . second , capac optim method grid structur scheme convert station flexibl hvdc system studi consid transmiss capac , voltag limit capac collect station . final , multi-object multi-constraint network-sourc collabor plan model establish . © 2023 ieee ."
2024,Review of HVDC technologies for weak grid interconnectors,Electrical Engineering,"hvdc experienc substanti growth util global , attribut superior capac transmit larg amount power rel hvac counterpart increasingli competit price . voltag sourc convert technolog , variant hvdc , particularli well suit transfer bulk offshor power , whether point-to-point multitermin configur . exist hvdc connect function interconnect strong ac grid strong weak/island ac grid . howev , expand use distant offshor gener , establish energi island , electr interconnect archipelag nation indonesia , potenti aris hvdc link two weak ac grid even weak weak ac grid . paper provid comprehens review variou hvdc technolog appropri connect , focus convert , cabl , circuit breaker . also offer technolog methodolog assess hvdc reinforc interconnect weak ac grid . furthermor , paper examin hvdc applic concern control strategi optim weak grid interconnect . final , present case studi hvdc implement weak grid interconnect indonesia . © author ( ) 2024 ."
2023,Provision of optimal dispatching scenarios for regional power systems in the face of uncontrollable power shortages,Machinery and Energetics,"2023 , substanti criteria optim load balanc territori energi island face uncontrol power shortag due unpredict failur ( destruct result militari bombard ) upper ( trunk ) level energi infrastructur relev . research aim substanti approach ensur control oper region power system condit power shortag . studi appli theori method mathemat analysi complex multicompon system form mix boolean linear program . mathemat program languag model method neo server base gurobi solver use describ mode oper power grid . proport power distribut method load node post-emerg network configur use determin direct electr transit least loss . algorithm program solv problem address flow power loss multi-nod region power system propos . optimis problem formul form mix boolean linear program model criterion minimis power momentum , consid balanc constraint upper limit power suppli load node . develop transport matrix made possibl find optim power distribut emerg post-emerg mode accord criterion minimum network loss . algorithm scenario respons dispatch servic form , consid capac power grid determin temporari power suppli scheme , configur ensur “ surviv ” energi island . level effici boolean linear program model associ connect cycl transport problem order travers vertic test exampl depend constraint impos compon network structur establish . process track electr flow allow establish rout connect specif electr suppli node load node determin share cover energi island ’ demand condit power shortag . © author ( ) ."
2023,A Power Control Strategy of Offshore Wind Power Based on Unified Power Flow Controller and Topology Adjustment; [基于统一潮流控制器和拓扑调整的海上风电功率控制策略],Modern Electric Power,"allus impact grid-connect large-scal offshor wind power oper onshor power grid consid new trend interconnect offshor wind power onshor power transmiss system gradual form offshor grid , offshor wind power control strategi base unifi power flow control ( abbr . upfc ) topolog adjust propos control power flow distribut offshor power system possess interconnect effect , bi-lay joint optim oper model , control optim power flow onshor power grid control offshor wind power contain upfc topolog adjust includ , construct . result comput exampl show use propos joint control strategi contain upfc topolog adjust , power distribut offshor wind power among grid-connect point well control implement requir onshor power grid power distribut offshor wind power among grid-connect point benefici friendli grid-connect offshor wind power onshor power grid . © 2023 modern electr power . right reserv ."
2024,Maritime Security and the Wind: Threats and Risks to Offshore Renewable Energy Infrastructure,Ocean Yearbook Online,"offshor wind energi product seen signific expans recent year . technolog rapidli improv price drop , one key instrument green energi transit . implic offshor wind farm expans maritim secur ocean govern , far , receiv spars attent literatur . articl offer one first thorough analys secur offshor wind farm relat instal , underwat electr cabl , energi island , hydrogen plant . technic vulner wind farm system review threat terror , crime state hostil , includ physic cyber risk scenario , discuss . expans green offshor energi product must keep pace chang threat landscap follow . prospect solut protect wind farm system , includ surveil , patrol self-protect discuss . current repertoir maritim secur solut mani way capabl deal threat risk effect adjust accordingli . analysi build import new bridg debat energi secur maritim secur , well implic climat chang adapt mitig secur sea . copyright © 2024 christian bueger timothi edmund ."
2023,Onshore And Offshore AC Grids Short-Circuit Analysis of VSC-HVDC Integrated Offshore Wind Power Plants,IET Conference Proceedings,"paper present short-circuit analysi offshor wind power plant ( owpp ) , connect onshor main grid voltag sourc convert base high-voltag direct current ( vsc-hvdc ) link . short-circuit analysi hybrid ac/dc power system popul power electron convert implement differ approach . studi offshor wind power plant model use flexibl formul includ equival model power convert . , solv establish system equat consid variou possibl current-satur state power convert , short-circuit equilibrium point identifi . propos methodolog identifi possibl solut associ differ current-satur oper state vsc . numer case studi includ differ depth fault offshor onshor grid . obtain result indic short-circuit equilibrium point owpp significantli impact vsc oper . addit , paper show variou oper point may exist depend whether grid-form convert offshor grid reach current-satur . © 2023 iet confer proceed . right reserv ."
2023,High-resolution scenario building support for offshore grid development studies in a geographical information system,Energy Strategy Reviews,"roadmap reach climat target , europ commit increas offshor wind power gener substanti today toward 2050 . rais question , infrastructur layout effici integr offshor wind power transmiss grid . commonli address via scenario base optimis studi benchmark arbitrarili defin grid topolog layout radial connect wind farm shore multi termin offshor hub hybrid interconnector . paper propos new workflow improv design calibr topolog scenario offshor grid studi help autom process geograph inform system . backdrop recent adopt maritim spatial plan eu member state , high-resolut larg scale search graph futur offshor grid creat multi-criteria analysi . complex reduct techniqu propos simplifi graph subsequ invest optimis studi . found respect geograph realiti heavili manag sea space reduc uncertainti futur offshor project accur cost estim cabl trajectori . consider design area sea also consolid futur grid plan option common path transmiss facilit identif relev scenario analysi . shown , commonli chosen benchmark “ radial ” connect wind farm shore question choic altern provid . strateg relev exist spatial plan access high-resolut data improv grid develop demonstr exampl baltic north sea . © 2023 author ( )"
2023,Multi-vector optimization scheme for distributed components in energy islands; [Multivektor-Optimierungsschema für verteilte Komponenten in Energieinseln],Elektrotechnik und Informationstechnik,"recent advanc energi system , emerg prosum sector coupl approach , introduc addit flexibl multipl energi sector , heat , electr , mobil . due complex distribut system , optim energi alloc non-trivi task , especi consid constraint limit introduc distribut devic sub-system . addit , varieti devic forc approach highli situat univers applic . paper , two-level optim scheme propos , aim reduc optim complex sector-coupl system . multi-vector optim embed two-level optim scheme formul mixed-integ linear problem , optim energi flow domain , model abstract sector . distribut devic model compon repres abstract devic connect energi domain . optim process evalu base data residenti complex ghent , belgium . show approach capabl minim cost , co 2 emiss , depend extern resourc . © 2023 , author ( ) ."
2024,Energy analysis and environmental impact assessment for self-sufficient non-interconnected islands: The case of Nisyros island,Journal of Cleaner Production,"european contin surround island , even though geograph social divers , share common energi burden regard heavi fossil fuel relianc . specif , non-interconnect island ( nii ) encount uniqu challeng decarbon process , render particularli vulner impact transit . numer studi conduct address emerg issu . howev , research gap exist , propos res-rel grid intervent neglect actual histor data favor theoret , possibl mislead , approach . addit , potenti grid stabil concern aris high level re penetr remain unaddress . end , object present studi focus address mainli electr grid stabil resili consider ( e.g . imbal , frequenc fluctuat , voltag unbal rate , case energi island , case nii greek island nisyro ) . two sustain scenario includ novel technolog ( e.g . flywheel instead convent bess , hybrid transform , vehicle-to-grid charger ) examin energet environment perspect , short- ( 2030 ) mid-term ( 2050 ) implement horizon , reach electr energi self-suffici target 50 % 95 % , respect . energi analysi , capacity-invest optim problem , power flow simul special transient simul conduct , environment impact assess novel in-hous develop tool util . result , propos intervent result signific fossil fuel cost save 88 % , reduc co2 emiss 38 % overal remark financi environment benefit . conclus , studi demonstr nii realist abolish thermal energi bare minimum enhanc self-suffici har local renew energi potenti , time ensur grid stabil . © 2024 elsevi ltd"
2024,Decarbonization Scenarios Assessment under Local Renewable Energy Communities: Ispaster Municipality,"International Conference on the European Energy Market, EEM","work assess futur scenario municip ispast ( spain ) develop renew energi commun ( rec ) forese local resourc flexibl measur support energi decarbon target ( 2030 ) . three scenario explor progress increas renew , electrif , independ nation grid : refer , black-out energi island . result show dh expans integr biomass boiler , biomass chp geotherm heat pump electr price main driver oper system . ev lead futur electr demand . pv batteri expans necessari blackout prevent . expans allow addit flexibl servic grid abl reduc 7 % depend nation electr grid . chp biomass allow becom energi island municip cover electr demand winter season energi storag fundament energi balanc . © 2024 ieee ."
2023,Research on the Influencing Factors of Energy Carbon Emissions in Hainan Province,"11th International Symposium on Project Management, ISPM 2023","research factor affect energi carbon emiss hainan provinc conduc explor path low-carbon develop hainan provinc , also conduc realis china 's “ doubl carbon ” strateg goal . base relev time seri data energi consumpt hainan provinc 2005 2021 , energi carbon emiss hainan provinc sinc 2005 quantit measur carbon emiss factor method . basi , stirpat model system use test influenc factor extent energi carbon emiss hainan provinc . result show : ( 1 ) hainan provinc 's total energi carbon emiss per capita energi carbon emiss fluctuat 2005 2021 , intens energi carbon emiss slowli decreas . hainan provinc still need promot work relat carbon emiss reduct futur ; ( 2 ) popul factor , structur factor , technic factor , financ rich factor trade factor impact energi carbon emiss hainan provinc , influenc factor rank order larg small : carbon emiss intens > per capita gdp > per capita gdp squar item > urbanis rate > tertiari industri output valu proport gdp > year-end resid popul > foreign trade depend > energi structur . basi , follow suggest put forward : ( 1 ) strengthen low-carbon technolog innov reduc carbon emiss intens ; ( 2 ) build clean energi system acceler construct clean energi island ; ( 3 ) improv level foreign trade give full play technolog effect . © 11th intern symposium project manag , ispm 2023 . right reserv ."
2023,An overview of the policies and models of integrated development for solar and wind power generation in China,Research in Cold and Arid Regions,"goal “ carbon emiss peak carbon neutral ” , integr develop variou industri renew energi ( photovolta , wind power ) great signific china . paper summar relev polici , integr scheme typic case integr develop renew energi industri . first , develop statu wind solar gener china introduc . second , summar relev polici issu nation develop reform commiss , nation energi administr depart promot integr develop photovolta wind power gener china . third , eight kind photovolta three-dimension develop model describ , includ “ photovolta + agricultur , industri , environment protect , transport , architectur , commun , hydrogen ecolog ” . fourth , eight kind wind power three-dimension develop model summar , includ “ offshor wind power + marin ranch , marin energi , marin tourism , marin oil ga , hydrogen , commun , energi island ” “ onshor wind power + courtyard ” . futur , promot applic integr develop project acceler . overview aim provid refer design photovolta wind energi system help potenti investor make decis . © 2023 northwest institut eco-environ resourc , ca"
2024,Features of multi-agent evaluation of microgrid systems efficiency in parallel operation with the power system according to the reliability criterion,Machinery and Energetics,"ensur reliabl electr suppli consum face destruct critic energi infrastructur shortag gener capac ukrain requir develop distribut system manag system . purpos studi substanti develop model ensur optim structur electr distribut network condit connect micro-network accord reliabl criterion condit limit invest . paper use method assess structur reliabl complex electr system microgrid structur form ration power distribut structur accord criterion optimis reliabl indic studi electr power system . mathemat optimis model base comput system propos , design solv non-convex problem minimis integr reliabl indic , consid financi constraint invest effici curv . base research , possibl optimis use baron solver avail neo server examin . result model ’ perform demonstr use exampl , consid paramet distribut system object limit network compon . algorithm programm solv problem target power flow microgrid structur multi-nod region power system propos . algorithm scenario respons dispatch servic develop , provid invest limit , ensur surviv power system whole . establish develop ration electr flow microgrid structur minimis under-suppli electr energi specif load node determin share cover demand energi island condit power shortag . find use oper manag power system . © author ( ) ."
2023,PROBABILISTIC ECONOMIC ASSESSMENT OF AN OFFSHORE ENERGY HUB SUPPLYING ELECTRICAL POWER TO A FLOATING PRODUCTION STORAGE AND OFFLOADING UNIT,Proceedings of the International Conference on Offshore Mechanics and Arctic Engineering - OMAE,"paper analyz viabil offshor energi hub consist wind turbin , batteri , fuel cell electrolyz connect , power , oil produc float product storag offload unit . assess compon consid oil product setup strive reduc co2 emiss . problem address probabilist perspect . first , util quasirandom mont carlo approach gener multipl scenario regard uncertainti problem . , evalu estim net present valu total co2 emiss system . highlight , method capabl exploit larger varieti data captur sourc uncertainti compar literatur . open-sourc wind data use simul wind power gener . wind speed model via kernel densiti estim benefit data . obtain result indic renew energi technolog enabl outcom signific reduct co2 emiss . howev , current price technolog , oper low emit field link loss signific share expect profit . copyright © 2023 asm ."
2023,"An assessment of electrolyser portfolio for offshore hydrogen production considering its key properties - Efficiency, ramp rate and capacity",Journal of Physics: Conference Series,"wind-electrolys system produc green hydrogen - includ hydrogen-gener offshor energi hub - receiv lot attent . electrolys capac system arrang differ configur vari locat setup electrolys . setup influenc dynam perform electrolys also system econom . paper analys differ dynam perform electrolys centralis decentralis setup technic econom perspect , target produc much renew hydrogen possibl use today 's electrolys technolog . econom effect scale variou wind turbin differ wind condit incorpor analysi . differ electrolys effici , start-stop , ramp , oper rang scale model , model appli case studi depict offshor energi hub . use repres wind profil fluctuat condit consid ident electrolys ramp effici turbin configur , analysi show singl electrolys solut ( centralis ) , electrolys site substat , give better level cost hydrogen altern setup ( decentralis ) multipl in-turbin electrolys . © publish licenc iop publish ltd ."
2023,Power Routing Strategy for an Offshore-Onshore Bipolar VSC-HVDC Interconnector,"2023 IEEE Belgrade PowerTech, PowerTech 2023","distantly-loc offshor energi hub need connect shore via high voltag direct current ( hvdc ) link allow effici bulk power exchang . bipolar configur hvdc link suitabl point-to-point connect , provid redund , , therefor , larger reliabl , e.g . half rate transfer capac still transfer via one pole case fault occur pole . nevertheless , control strategi convert effect enabl situation-depend power rout two pole constitut research challeng . paper , two control strategi propos offshor modular multi-level convert ( mmc ) bipolar hvdc link connect 2 gw offshor hub shore . strategi , base dc current dc voltag measur , respect , enabl track adjust amount power flow pole link . real-tim digit simul show strategi effect rout power exchang bipolar hvdc link , e.g . oper balanc unbalanc condit . strategi base dc current seem suitabl manag dynam perform hvdc link . © 2023 ieee ."
2024,Assessing fluctuating wind to hydrogen production via long-term testing of solid oxide electrolysis stacks,Applied Energy,"danish govern plan two energi island collect offshor wind power power distribut green fuel product . wind power often critic lack stabil , challeng downstream fuel synthesi process . solid oxid electrolysi cell ( soec ) promis green hydrogen product commerci scale , impact fluctuat power soec remain uncertain . paper explor feasibl wind-soec coupl system conduct 2104-h durabl test state-of-the-art topso tsp-1 stack . three period steadi oper two period dynam oper conduct . wind power fluctuat simul dynam period , two control strategi use handl . constant flow ( cf ) constant convers ( cc ) strategi maintain feedstock flow rate convers ratio steam-to‑hydrogen , respect . compar steadi oper , stack show sign addit degrad dynam oper . thu , tsp-1 stack proven robust flexibl enough handl fluctuat wind power suppli oper strategi . , stack perform dynam period compar analyz remov degrad effect . accordingli , soec stack cc control consum less extern heat cf maintain heat balanc . nevertheless , soec system cf cc control strategi may differ effici hydrogen product cost . tech-econom analys need investig control strategi system level . © 2024 author"
2024,Comparative Analysis of Grid-forming Controls Impact on Stability of Energy Islands,"2024 IEEE 10th International Power Electronics and Motion Control Conference, IPEMC 2024 ECCE Asia","energi island ( ei ) propos solut increas penetr offshor wind energi . fulli converter-bas system , new challeng aris regard stabl oper . paper investig effect two common grid-form ( gfm ) control stabil system . ensur stabl oper ei , minimum requir number convert oper gfm control mode determin . simul perform matlab/simulink use test system replic ei . result show stabil ei vari depend specif gfm control ( whether cascad current control loop use ) . © 2024 ieee ."
2024,Fault Handling Capabilities of Grid-Forming Wind Turbines in Offshore Wind Farms Connected with MMC HVDC System,IEEE Access,"offshor wind power gener equip convent grid follow control challeng power system stabil reduc inertia grid weaken ac offshor grid . overcom vulner promis solut could equip wind turbin grid-form ( gfm ) control scheme . mani methodolog present literatur gfm invert . spite , applic wtg thoroughli explor . paper present studi fault handl capabl wind turbin sever grid-form control strategi . context , four differ control scheme i.e . visynch , p/f droop , q/f droop convent grid follow control consid . perform control strategi assess compar three-phas symmetr fault point common coupl offshor wind farm . case studi consist two wind turbin connect main convert offshor substat equip grid-form control also consid . result indic , fault , four control strategi ( visynch , p/f droop , q/f droop , gfol ) effect limit current restor normal oper . signific advantag q/f droop control reduc sensit variat system fault paramet , adjust frequenc respons , independ exist phase-lock loop ( pll ) . hand , p/f droop control provid greater voltag support fault due voltag control . howev , post-fault oscil result stiff voltag control . visynch control , hand , show lower margin stabil . advantag weak control scheme reveal use simul result . © 2013 ieee ."
2023,Powering Europe’s Energy Transition: Financial Viability of a Full-Scale Meshed HVDC Grid and Hybrid Offshore Assets in the North Sea,IEEE PES Innovative Smart Grid Technologies Conference Europe,"hvdc grid north sea crucial europ ’ energi transit . high invest cost , lack oper experi , regulatori hurdl major roadblock realiz . paper demonstr financi viabil full-scal mesh hvdc grid north sea , consid multipl market scenario incorpor offshor wind power plant ( owpp ) . method base day-ahead market price adopt calcul benefit inter-zon link . stochast optim approach use determin lowest-cost grid topolog consider differ scenario . , benefit strategi consid owpp develop hvdc grid expans unison , form so-cal hybrid offshor asset ( hoa ) , investig . plausibl test case north sea investig financi viabil demonstr grid region . optim differ interconnector termin convert capac . found demo grid incur loss even 5 % interest rate capit make high profit lower interest rate . demonstr plan approach consid hoa may significantli reduc cost develop offshor wind resourc north sea increas interconnect north sea energi market . © 2023 ieee comput societi . right reserv ."
2023,Powering Europe with North Sea offshore wind: The impact of hydrogen investments on grid infrastructure and power prices,Energy,"hydrogen central cross-sector energi carrier decarbon european energi system . paper investig large-scal deploy green hydrogen product affect invest transmiss gener toward 2060 , analyz north sea area main offshor wind project , assess develop offshor energi hub . result indic hydrogen deploy tremend impact grid develop europ north sea . find indic total power gener capac increas around 50 % . offshor energi hub act mainli power transmiss asset , lead reduct total gener capac , central unlock offshor wind potenti north sea . effect hydrogen deploy power price multifacet . region power price typic lower elsewher europ , observ hydrogen increas power price consider . howev , hydrogen flexibl reliev stress high-demand period grid , power price decreas averag countri . suggest deploy green hydrogen lead signific increas power demand , power price necessarili experi larg increas . © 2022 author ( )"
2023,The Legal Framework for Artificial Energy Islands in the Northern Seas,International Journal of Marine and Coastal Law,"belgium , denmark netherland announc interest construct artifici 'energi island ' enabl integr large-scal offshor wind energi energi system . rais sever legal question , develop fit balanc interest requir unit nation convent law sea , european union law applic artifici island belgium , denmark netherland approach construct artifici island . articl provid comprehens overview applic legal framework show varieti approach strateg choic state may develop energi island . © 2023 brill nijhoff . right reserv ."
2024,Spatial Optimization for Energy Island Location and Cable Routing Considering Offshore Zoning,Journal of Physics: Conference Series,"energi hub concept present compel opportun channel electr offshor wind farm grid , facilit cross-bord energi trade convers . howev , one main challeng lie strateg identif suitabl energi island locat establish interconnect cabl rout path . part complex aris need navig offshor zone regul accommod variou spatial use within offshor area . paper exhibit case studi explor spatial optim potenti offshor energi hub north sea . aim find optim spatial configur offshor energi hub , island locat associ cabl rout infring upon keep-out zone strateg posit hub closer high-capac wind farm . achiev goal , detail geograph data incorpor offshor zone inform leverag spatial optim . dijkstra 's algorithm appli identifi optim island locat cabl rout path . effect spatial optim methodolog demonstr case studi involv offshor wind farm site north sea . given real geograph data , simul result underscor efficaci dijkstra 's algorithm determin optim energi hub layout . particular , optim spatial design achiev , base cabl length , asset capac , offshor zone island/platform locat potenti offshor energi hub north sea ensur complianc keep-out zone regul . © publish licenc iop publish ltd ."
2023,Offshore Wind Integration in the North Sea: The Benefits of an Offshore Grid and Floating Wind,"International Conference on the European Energy Market, EEM","wind energi becom increasingli import meet europ 's energi need . onshor wind expans face public accept problem , offshor wind european commiss introduc ambiti goal increas capac 15 gw 300 gw 2050 . incorpor offshor wind electr power grid may offer wide accept way satisfi europ 's energi demand . particular , north sea region larg potenti offshor wind gener . howev , fulli exploit wind potenti north sea , grid integr offshor wind float wind turbin vital , especi onshor wind capac onshor grid expans constrain . grid integr , mesh offshor grid offer viabl altern standard direct connect offshor wind park nearest point land combin point-to-point hvdc connect . paper investig benefit mesh offshor grid north sea consid float wind besid fixed-bottom wind instal . analysi , look eight differ scenario , onshor wind potenti onshor line expans limit , explor effect low public accept . result demonstr presenc offshor grid reduc total system cost 2.6 bnc/a . scenario offshor mesh grid ∼8 % offshor wind capac built compar scenario without mesh grid . furthermor , analysi show onshor wind potenti restrict , float wind turbin play key role compens lack onshor wind capac . © 2023 ieee ."
2024,POWER COUPLING CHARACTERISTICS ANALYSIS OF GRID-FORMING INVERTER CONNECTED WITH DIODE RECTIFIER-BASED HVDC SYSTEM,IET Conference Proceedings,"diod rectifi ( dr ) base high voltag direct current ( dr-hvdc ) system great potenti applic offshor wind energi transmiss due rel low cost high reliabl . support ac-sid voltag dr regul transmiss power , grid form control wide equip grid-sid invert offshor wind turbin ( wt ) . howev , uncontrol commut dynam dr introduc huge coupl effect activ reactiv power dr-hvdc , thu worsen power regul dynam offshor grid-form invert ( gfi ) . paper first propos small-sign model dr-hvdc system intuit analyt character power coupl effect . combin deriv small-sign model decoupl p/v-q/f power-control gfi , power coupl characterist gfi-dr-hvdc system quantit studi base rel gain array ( rga ) theori . reveal increas proport coeffici activ power control droop coeffici reactiv power control reduc power coupl degre , increas activ power control integr coeffici make power coupl degre rise . simul result valid theoret analysi . © institut engin & technolog 2024 ."
2023,Mechanism and Suppression Strategy of High-frequency Oscillation Caused by Integration of Islanded Renewable Energy Station into MMC-HVDC System; [孤 岛 新 能 源 场 站 接 入 柔 性 直 流 高 频 振 荡 机 理 及 抑 制 策 略],Dianli Xitong Zidonghua/Automation of Electric Power Systems,"high-frequ oscil large-scal renew energi island transmiss system modular multilevel convert base high voltag direct current ( mmc-hvdc ) system increasingli promin recent project . paper , mathemat imped model mmc differ frequency-coupl characterist develop consider inner dynam process primari main circuit equip , control link delay , sequenc compon separ link , inner outer loop control link . mathemat model simplifi determin high-frequ oscil mechan caus integr island renew energi station mmc-hvdc system , control link delay , inner loop current feedback voltag feedforward link format high-frequ neg damp mmc-hvdc system . key factor affect high-frequ imped characterist mmc obtain . base key factor , suppress scheme high-frequ oscil caus integr island renew energi station mmc-hvdc system also suggest . correspond solut verifi pscad model high-frequ oscil problem engin site zhangbei rudong renew energi transmiss project china mmc-hvdc system solv . © 2023 autom electr power system press . right reserv ."
2023,Transient Stability Enhancement Strategy for Islanded Microgrids Based on Energy Storage–Virtual Synchronous Machine Control,Energies,"high percentag new energy-island microgrid , overal inertia system gradual decreas , transient stabil requir microgrid frequenc voltag becom demand low-inertia condit . improv transient stabil low-inertia island microgrid frequenc voltag , paper propos transient stabil enhanc strategi island microgrid base energi storag system ( ess ) –virtual synchron gener ( vsg ) control . model predict control ( mpc ) ad within activ control loop vsg achiev dynam correct activ power refer valu vsg ; pi control link ad within reactiv control loop achiev fast dynam respons reactiv power command valu . ess achiev fast accur regul frequenc voltag accord power refer valu vsg activ control loop power command valu reactiv control loop simultan . consid need ensur abil vsg oper stabli transient , comprehens current-limit techniqu combin virtual imped phase limit use limit fault current vsg maintain synchron stabil . final , simul result verifi strategi ’ effect superior transient stabil enhanc effect . © 2023 author ."
2023,Meteorological hazard risk assessment of offshore wind power grids based on CVAR method,Procedia Computer Science,"wind energi clean , renew green energi . compar land-bas wind power , offshor wind power occupi land resourc . meanwhil offshor wind resourc much richer wind direct stabl . meteorolog hazard major impact offshor wind facil . typhoon , lightn , rainstorm meteorolog hazard occur oper caus fatal damag offshor wind facil , often also trigger chain reaction marin hazard , make difficult maintain . paper , analyz impact variou type meteorolog hazard offshor wind facil exampl select import one . comprehens risk assess model cvar offshor wind project develop combin type risk element predict damag offshor wind facil manag respond time manner . addit , nonlinear stepwis regress ( nlsr ) approach use forecast meteorolog element offshor grid facil . © 2023 elsevi b.v .. right reserv ."
2024,Optimal Operation of a Multi-Energy Island Grid Integrated with a Hybrid LNG-Energy Storage System,"Proceedings - 2024 9th Asia Conference on Power and Electrical Engineering, ACPEE 2024","integr energi system play pivot role enhanc energi effici attain dual carbon goal . howev , within integr energi system develop realm , island garner inadequ attent due uniqu geograph posit . improv oper effici island power grid , feasibl connect island integr multi-energi system use liquid natur ga ( lng ) ship explor . novel multi-energi system model lng ship propos minim carbon emiss enhanc stabil . furthermor , oper optim interior point method . verifi propos method , case studi conduct natur condit load scenario yancheng citi jiangsu provinc . numer result indic econom cost carbon emiss significantli reduc lng ship connect integr energi system . © 2024 ieee ."
2023,Modular Multiport Converter Based Offshore Grid Architecture for Integrating Renewables and HVDC Grid,PEDG 2023 - 2023 IEEE 14th International Symposium on Power Electronics for Distributed Generation Systems,"paper propos novel offshor grid architectur interconnect wind turbin , hybrid storag system consist fuel cell , lithium-ion batteri , hvdc onshor grid power subsea electr load . propos system util energi router , base modular structur multiport activ bridg convert , elimin need line frequenc transform common dc bu energi sourc . paper highlight advantag propos architectur present power manag control strategi ensur reliabl oper grid . © 2023 ieee ."
2024,Electrolysis as a flexibility resource on energy islands: The case of the North Sea,Energy Policy,"energi island meant facilit offshor sector integr combin offshor wind energi power-to-x technolog storag . studi , investig oper electrolys energi island , assess potenti contribut flexibl provis , analys differ market integr strategi island . purpos , two-stag stochast optimis model develop determin cost-effici dispatch integr day-ahead balanc electr market . market integr energi island , align approach current debat compar case singl offshor bid zone case energi island integr home market zone . find electrolys energi island run low capac factor provid flexibl 29–36 % run time . addit , offshor electrolys produc hydrogen alloc offshor bid zone , thu earn higher profit . conclud combin offshor wind electrolys energi island reli addit econom incent main role envis deliveri balanc flexibl . © 2023 author ( )"
2023,Towards a comprehensive understanding and assessment of Offshore Energy Hubs with a hydrogen focus: An evolutionary perspective,Journal of Physics: Conference Series,"climat chang necessit reduct co2 emiss , particularli hard-to-ab sector . offshor energi hub ( oeh ) , power renew sourc , propos potenti solut renew build-out cross-sector integr . paper present comprehens literatur review examin technic concept assess mechan oeh multipl perspect , includ chronolog , design , assess principl . review reveal shift technic concept evalu assess , evolv cost-driven econom driven , trend toward harmon assess incorpor econom societ valu , environment impact . import societ assess emphas , address research gap , investig need success implement futur large-scal oeh project . paper highlight need develop comprehens inclus evalu framework ensur sustain implement oeh ongo energi transit . © publish licenc iop publish ltd ."
2024,"Risks, strategies, and benefits of offshore energy hubs: A literature-based survey",Renewable and Sustainable Energy Reviews,"offshor energi hub , also call energi island , intens discuss becom key element process decarbonis energi sector . vision implement offshor energi hub context exploit offshor wind potenti northern europ led industri quickli taken spot polit discuss nation european level . research develop survey scheme inspir multi-criteria analysi assess main driver develop offshor energi hub . propos definit , present scheme , conduct survey base scheme case north sea offshor energi infrastructur . appli suggest survey method context north sea , identifi five trade-off consid . signific environment benefit strongli link choic materi design ; chang current assumpt may flip system 's benefit turn project seri sunk invest ; coordin integr plan key boost project 's effici ; offshor energi infrastructur present technolog solut energi system decarbonis need touch base societ desir behaviour solut ; offshor energi hub current standalon solut competitor , make benefit imposs compar . © 2024 author"
2021,Safety and security impacts on integrated use of Li-On batteries in an energy island,"2021 IEEE PES/IAS PowerAfrica, PowerAfrica 2021","batteri central energi island provid local energi storag enabl reduct overal environment footprint energi consumpt help reach co2 neutral balanc . role batteri e-land project local store green energi , use energi effici , reduc peak load energi storag system . howev , effect instal use batteri requir consider respect safeti secur . paper elabor project 's safeti secur challeng li-on manag system integr system . © 2021 ieee ."
2022,State Space Modeling of an Offshore Wind Power Plant With an MMC-HVDC Connection for an Eigenvalue-Based Stability Analysis,IEEE Access,"larg offshor wind power plant ( owpp ) instal far coastlin emerg benefit strong steadi wind resourc avail locat . high-voltag direct-curr ( hvdc ) transmiss system base modular multilevel convert ( mmc ) appropri solut transmit produc energi onshor grid , way complex power-electronic-bas electr system form owpp . undesir interact occur mmc-base hvdc station , sever wind-turbin ( wt ) convert , passiv element offshor grid . guarante safe reliabl oper owpp , small-sign analysi must perform advanc predict possibl unstabl situat root caus , way take correct measur avoid . paper , state-spac model owpp develop adopt recent propos model multipl dq frame mmc , consid intern dynam convert . develop model , eigenvalue-bas stabil assess carri , particip factor calcul identifi main contributor unstabl mode appear consequ undesir low-frequ interact offshor grid . far author know , eigenvalue-bas stabil assess owpp mmc-hvdc connect topic rare never explor literatur sinc detail time-invari state-spac model mmc avail recent . thu , eigenvalue-bas stabil studi main contribut paper . develop model easili extend complex owpp differ configur futur work . anoth contribut paper propos adapt mmc 's grid-follow state-spac model convert 's dynam grid-form mode repres . final , variou studi present prove adopt mmc 's approxim model accur enough small-sign stabil analys . © 2013 ieee ."
2021,Information system for decision-making in the management of renewable energy sources in the microgrid system,CEUR Workshop Proceedings,"research scenario dynam energi manag local microgrid network , mathemat instrument use realiz algorithm carri . variou element intellig system cost-effect schedul energi island photovolta sourc , well mechan electr price format use differ gener sourc microgrid system analyz . analysi architectur inform system softwar manag renew electr system carri well . algorithm softwar interfac decision-mak inform system manag altern energi sourc develop . design databas softwar calcul effici distribut energi user , forecast effici certain energi sourc , build real-tim graph describ . © 2021 copyright paper author ."
2022,Distributed Generation Power Systems in Wastewater Management †,Energies,"articl concern energi secur wastewat treatment process caus unforeseen situat relat risk electr power outag . case , renew energi sourc base distribut gener power system solv problem wastewat treatment plant . articl highlight e relat challeng propos direct solut regard base czech condit . first part paper deal consequ long-term outag wastewat treatment plant popul environ . sever solut present blackout condit , model calcul made base data czech wastewat treatment plant . diesel engine-gener , bioga cogener sourc heat electr , solar panel storag system combin bioga solar system consid approach provid energi autonomi blackout wastewat treatment plant . special attent paid combin chp unit solar panel batteri . result evalu three differ locat combin . conclud bioga combust chp unit profit option , allow product electr independ grid consumpt possibl oper . last part paper deal transit island oper , must occur blackout . transit difficult solar panel cogener unit suppli electr grid blackout . transit energi island oper could ensur frequenc relay processor devic control circuit breaker . , maintain island oper , would necessari automat load shedding/appl system . © 2022 author ."
2022,Multi-terminal HVDC Grid Topology for large Scale Integration of Offshore Wind on the U.S Atlantic Coast,"2022 7th IEEE Workshop on the Electronic Grid, eGRID 2022","amid rise concern regard dearth fossil fuel global climat chang , differ nation across globe set forth vigor target renew integr correspond power network development/upgrad . one signific renew resourc offshor wind ( osw ) power bear capabl resolv discuss challeng , develop properli . paper dedic toward plan offshor grid develop u.s. atlant coast integr existing/futur osw wind power project onshor grid . propos modular multi-termin hvdc ( mtdc ) network larg scale integr osw power . address associ challeng provid way forward realiz plan offshor grid . paper could provid initi guidelin electr util , regul , govern depart accru maximum benefit enorm osw resourc u.s. © 2022 ieee ."
2022,OTEC and Advanced Deep Ocean Water Use for Kumejima: An Introduction,Oceans Conference Record (IEEE),"interconnect ocean thermal energi convers ( otec ) deep ocean water ( dow ) industri provid coastal island commun opportun econom , social , environment develop . combin exist experi otec oper dow industri 100 % renew energi island outlook , `` kumejima model '' effici use local sustain resourc meet commun need energi , food , water . paper share background progress toward implement light grow need island-typ renew energi . © 2022 ieee ."
2022,Technoeconomic analysis of green energy transitions in isolated grids: The case of Ai Stratis – Green Island,Renewable Energy,"non-interconnect island greec electrifi primarili diesel gener . accord greek nation energi climat plan , sever island schedul connect mainland grid convert green energi island . flagship green energi transit project island agio efstratio project “ ai strati – green island ” . studi model propos design public call ( scenario 1 ) softwar homer pro compar two design respect re penetr mission econom . propos design public call project excel perform respect re penetr 82.8 % . studi propos scenario 2 significantli less expens public call , initi invest €1.45m vs €3.00m public call . addit , scenario 2 lcoe 0.149 €/kwh comparison lcoe 0.271 €/kwh scenario 1 sensit analysi show lcoe scenario 2 small fluctuat . studi provid blueprint expans green energi transit project sinc lower cost initi instal may allow project implement . © 2022 elsevi ltd"
2022,Zero-Inertia Offshore Grids: N-1 Security and Active Power Sharing,IEEE Transactions on Power Systems,"denmark dedic maintain lead posit integr massiv share wind energi , construct new offshor energi island recent approv danish govern . new island zero-inertia system , mean synchron gener instal island power imbal share among convert . end , paper propos methodolog calcul updat frequenc droop gain offshor convert complianc n-1 secur criterion case convert outag . frequenc droop gain calcul solv optim problem take consider power limit convert well stabil system . consequ , propos control ensur safe oper off-shor system event power imbal allow greater loadabl pre-fault state , confirm simul result . © 1969-2012 ieee ."
2022,Editorial-International Journal of Sustainable Energy Planning and Management Vol 33,International Journal of Sustainable Energy Planning and Management,"editori introduc main find 33rd volum intern journal sustain energi plan manag . first madsen favour review verbruggen ’ book price carbon emiss : econom realiti utopia . follow analys role island energi transit take start point samsø , orkney madeira subsequ strateg nich management-bas investig transit nigerian commun . role discount rate explor take exampl power product expans ecuador . lastli , feasibl landfil ga explor ukrainian condit . © 2022 , aalborg univers press . right reserv ."
2022,DESIGN ALGORITHM OF HARMONIC FILTERS IN A MESHED TRANSMISSION GRID WITH DISTRIBUTED HARMONIC EMISSION SOURCES – EASTERN DANISH TRANSMISSION GRID CASE STUDY,IET Conference Proceedings,"transmiss grid denmark undergo tremend reinforc develop due massiv integr renew ptx , stronger market coupl foreign grid connect energi island . polit goal new transmiss line shall , technic feasibl extent , establish underground cabl ( ugc ) part overhead line ( ohl ) substitut ugc . danish experi shown especi 400 kv ugc may caus reson condit , coincid harmon order harmon distort increas harmon voltag distort . establish harmon filter right properti , rate locat transmiss grid among mitig solut excess harmon distort . mesh transmiss grid , new harmon filter may , one hand , dampen specif harmon order given substat , , hand , becom ineffici even increas harmon distort substat . therefor , harmon filter design mesh transmiss grid challeng task . present explain algorithm develop energinet , transmiss system oper denmark , autom design harmon filter mesh transmiss grid simul . algorithm demonstr use valid simul model eastern danish 400 kv transmiss grid harmon assess case studi . © 2022 iet confer proceed . right reserv ."
2022,Operation Mode Analysis and Configuration Optimization of Offshore Wind-Hydrogen System; [海上风电-氢能系统运行模式分析及配置优化],Dianli Xitong Zidonghua/Automation of Electric Power Systems,"order achiev goal `` carbon emiss peak-carbon neutral '' , develop offshor wind power renew energi sourc acceler . hydrogen energi expect becom import part offshor low-carbon energi network , offshor wind-hydrogen system fulli clean energi suppli offshor load great potenti . oper mode , configur mode , economi kind system worth studi . configur optim model offshor wind-hydrogen system establish . differ oper mode system , includ singl power suppli mode , dual power suppli mode , multi-energi island mode , multi-energi grid-connect mode , compar analyz . effect variou sensit factor capac configur economi discuss . simul result show realiz suppli offshor load full clean energi need expens econom reduct , hydrogen price electrolyz price greatest influenc configur incom system . © 2022 autom electr power system press ."
2021,Model Predictive Control based Optimal Dispatch of Wind and Hydrogen Hybrid Systems,"Proceedings - 2021 International Conference on Advanced Technology of Electrical Engineering and Energy, ATEEE 2021","realiz decarbon , green hydrogen boost denmark support power hydrogen ( p2h ) technolog take advantag enorm wind energi . work effici p2h technolog , convert electr renew energi green hydrogen water electrolysi improv recycl wast heat , call power hydrogen heat ( p2hh ) . paper , p2hh appli large-scal alkalin electrolys , work prosum consum electr , produc hydrogen heat simultan . mathemat model wind hydrogen hybrid system p2hh technolog built econom perform hybrid system connect power grid investig appli econom model predict control ( empc ) strategi optim dispatch . use real-lif histor data bornholm energi island denmark , simul result show empc control capabl robust achiev optim electr consumpt , energi cost save , best econom benefit term variou system configur , weight hydrogen price , constraint recycl heat work temperatur . among configur , without constraint recycl heat weight hydrogen price , electrolys work 60-90 °c achiev profit studi case . © 2021 ieee ."
2021,Capacity planning method of energy storage system for micro integrated energy system in environmental friendly islands; [面向绿色海岛微型综合能源系统的储能系统容量规划方法],Dianli Zidonghua Shebei/Electric Power Automation Equipment,"develop micro integr energi system ration alloc energi storag devic import mean achiev goal substanti increas proport clean energi , increas util effici comprehens energi build clean energi island . therefor , base comparison analysi oper characterist differ type energi storag technolog , applic advantag nsf-cae ( non-supplementari fire compress air energi sto-rag ) integr energi system fulli consid . take nsf-cae technolog repres , capac plan method energi storag system micro integr energi system studi . firstli , consid combin heat power storage/gener characterist nsf-cae , oper constraint set nsf-cae system construct optim plan problem . basi , capac plan method nsf-cae system propos micro integr energi system object maxim net benefit brought nsf-cae . , mean equival linear transform , establish plan model transform mix integ linear program model solv easili . final , valid establish model verifi simul exampl . simu-l result show although total invest cost nsf-cae station rel high , instal nsf-cae system bring signific econom benefit micro integr energi system due merit long lifetim uniqu capabl combin heat power storage/gener . © 2021 , electr power autom equip press . right reserv ."
2022,Integration of Pump-Storage Batteries in Offshore Wind Farms: Evaluation of Effects on Power Exchange,"Proceedings of the 11th International Conference on Innovative Smart Grid Technologies - Asia, ISGT-Asia 2022","signific contribut total instal capac , rapid develop offshor wind farm ( owf ) pose technic challeng supply-demand balanc onshor grid capac . variou storag technolog consid integr owf combat issu local offshor grid . paper introduc uniqu concept pump-storag batteri enhanc demand suppli manag owf improv grid util . paper present specif propos batteri model , technolog use control pump-turbin applic , present simul set-up result week-long oper batteri . © 2022 ieee ."
2022,Economic model predictive control for multi-energy system considering hydrogen-thermal-electric dynamics and waste heat recovery of MW-level alkaline electrolyzer,Energy Conversion and Management,"large-scal alkalin electrolyz ( ae ) , convert renew electr green hydrogen recover heat , consequ unlock great flexibl accommod renew power variabl . paper propos econom model predict control ( empc ) base daili optim oper strategi multi-energi system ( me ) unleash cross-sector oper flexibl ae . dynam power-to-hydrogen & heat ( p2h2 ) model ae present , consid heat recoveri effici variat differ load condit . instead incorpor nonlinear p2h2 model oper optim model me , paper develop comput effici algorithm use p2h2 model post-evalu optim schedul deriv mixed-integ linear program ( milp ) -base empc . compar case base real data danish energi island bornholm , demonstr effect , robust propos method potenti valu ae 's oper flexibl mess . result reveal propos method contribut addit oper cost save 59 % 38 % compar tradit rule-bas strategi econom strategi without p2h2 model . © 2022 author ( )"
2022,Transition Potential of Local Energy Communities,Technologies for Integrated Energy Systems and Networks,"chapter , author address role local energi commun ( lec ) transit toward low- even carbon-neutr energi system . lec contextu broader framework energi revolut start pari agreement decemb 2015 led definit 17 “ sustain develop goal ( sdg ) ” unit nation ( un ) establish clean energi packag european commiss 2019 . global level , energi commun play pivot role achiev unit nation sdg 7 ( “ ensur access afford , reliabl , sustain modern energi ” ) 11 ( “ make citi human settlement inclus , safe , resili sustain ” ) , former focus rural commun latter focus urban context . even true think reduc energi poverti , bring clean afford energi rural area hybrid energi system , fundament strategi develop rural context also reduc migrat toward urban area megac . european level , energi commun fundament role consumer-cent energi system consum prosum fulli engag play activ role singl aggreg form also new form citizen particip ( citizen energi commun ) . inde , lec provid right framework increas awar , engag , empower citizen energi sector . moreov , lec consid multi-energi environ differ energi system vector integr order optim exploit synergi among energi non-energi network ( e.g . water distribut network desalin system ) . even true deal “ geograph ” “ energi ” island local energi commun well identifi geograph network boundari . second part chapter , author provid vision technolog system present book , implement local multi-energi commun , support achiev goal transit toward carbon-neutr energi system . final , author present vision futur role lec energi transit , start experi european green deal . © 2022 wiley-vch gmbh , boschstr . 12 , 69469 weinheim , germani . right reserv ."
2022,Development of the Risks from the design of the E-LAND solution to the implementation,"Proceedings of the 32nd European Safety and Reliability Conference, ESREL 2022 - Understanding and Managing Risk and Reliability for a Sustainable Future","e-land project develop set tool allow renew energi actor minim energi product consumpt cost . solut comput optim schedul base user ’ data ( e.g. , consumpt product capac infrastructur ) extern paramet ( forecast market price ) . yet introduct new solut exist infrastructur forc adopt new protocol also introduc new risk new function . e-land solut , futur user must adapt product local store data non-loc data . project start 2019 reach implement phase tool differ pilot site . paper compar risk understood begin project , risk develop project pilot site handl ownership risk . includ difficulti physic interact partner third parti ’ oper pandem . paper also evalu risk process far : risk foreseen pilot site accur , prepar necessari understand handl risk , risk commun project ? risk manag , focu risk awar risk commun receiv good feedback partner . hand , foreseen risk aris along project . © 2022 esrel2022 organ . publish research publish , singapor ."
2022,An adaptive multiagent control system for autonomous economic operation and resilience assurance in a hybrid-energy islanded microgrid,International Journal of Electrical Power and Energy Systems,"multi-ag control wide recogn effect manag system modern microgrid . paper propos hierarch distribut multi-ag control system island microgrid hybrid-energi resourc battery-storag bank . dispatch dispers gener online-control stabil island microgrid minim oper cost . non-dispatch agent assign bu non-dispatch gener load . dispatch agent assign bu dispatch gener . control scheme organ three layer . primari control layer compris agent run fast local voltage/frequ droop-control battery-storag bank . achiev quasi-instantan power balanc disturb maintain frequenc voltag stabil microgrid . secondari control layer form fast control algorithm dispatch agent work 2 ms time step . respons regul island microgrid frequenc voltag minimum particip time battery-storag bank . tertiari control layer made rel slow control algorithm dispatch agent work time step 200 ms . cope econom oper microgrid . agent behav autonom share data other via commun link . architectur control algorithm layer present . besid , coordin protocol differ layer describ . scheme implement parallel matlab-jad comput setup . result case studi island microgrid analys compar literatur . © 2022 elsevi ltd"
2022,The Value of Sector Coupling for the Development of Offshore Power Grids,Energies,"offshor grid play key role transit energi system toward sustain . although requir extens infrastructur invest , allow exploit addit resourc may import provid part increas electr demand driven sector coupl . paper quantifi socioeconom valu offshor grid identifi major driver , perform energi system optim model applic northern–centr european energi system north sea offshor grid toward 2050 . increas wake loss size hub-connect wind farm integr model . find without sector coupl offshor grid may develop , higher level sector coupl , higher valu offshor grid . therefor , strongli state offshor grid infrastructur develop discuss separ polit topic , seen connect sector coupl . © 2022 author . license mdpi , basel , switzerland ."
2021,Using Automated Finite Element Framework to Analyze Offshore Grid Turbine Blades Design,Lecture Notes in Mechanical Engineering,"paper present brief overview implement finit element-bas fluid-structur interact ( fsi ) simul design wind turbin blade offshor wind power grid . although fulli coupl formul incorpor actual problem condit beyond scope paper , rather paper focus give insight potenti advanc framework avail multi-phys simul , thu , simplifi model implement improv upon subsequ . © 2021 , author ( ) , exclus licens springer natur singapor pte ltd ."
2022,Feasibility evaluation of Stand-Alone energy solutions in Energy-Poor Islands using sustainable hydrogen production,International Journal of Energy Research,"current research present techno-econom feasibl analysi stand-alon hydrogen-bas configur electrifi three poor-energi island locat east canada ( pele , wolf , saint pierr island ) . propos procedur explor possibl variou hybrid energi system , includ wind turbin , electrolyz , hydrogen tank , diesel gener , fuel cell , supercapacitor , convert , consid two main scenario ; scenario : diesel scenario ii : without diesel . real-tim field data wind speed , outsid air temperatur , load demand , diesel price 8760 hr year use . optim result favor scenario saint pierr island , util 133 wind turbin , 600 kg hydrogen tank , 600 kw electrolyz , 200 kw diesel gener , 100 kw fuel cell , 363 701 supercapacitor unit , 252 kw convert . combin $ 0.68 ( 16 % ) $ 2 ( 36 % ) lower net present cost ( npc ) , well $ 0.059/kwh ( 19 % ) $ 0.175/kwh ( 36 % ) lower level cost electr scenario pele island wolf island , respect . among solut scenario , cleanest case found saint pierr island four- three-tim lower emiss option wolf island pele island , respect . econom indic highli depend capit cost fluctuat supercapacitor wind turbin compon . sensit analysi highlight lowest valu npc seen inflat rate 2 % within 10 16 m/ wind speed 14 % inflat rate within 12 15 m/ wind speed . effect timestep fluctuat reveal optim solut within sampl interv greater 30 min recommend . © 2022 john wiley & son ltd ."
2021,Smart energy community: A systematic review with metanalysis,Energy Strategy Reviews,"smart energi commun , energi commun mani variant name research sinc 70 gain promin last decad . order better understand concept energi commun analyz main research trend subject , perform systemat literatur review use six databas set care chosen keyword obtain preliminari analysi energi commun concept mani variat . result , literatur review show mani concept overlap definit , creat confus research reader need standard terminolog use . result also highlight need analyz synergist improv multi-purpos energi commun research energi island smart commun way simul , creat implement solut adapt land commun . © 2021 author"
2021,Addressing Risks and challenges for the pilot sites installing the E-LAND solution,"Proceedings of the 31st European Safety and Reliability Conference, ESREL 2021","new technolog access renew energi sourc enabl product electr new actor energi market . one actor energi island , isol commun produc consum part energi need . e-land project develop toolbox use consum data extern data ( weather , energi price ) deliv optim energi schedul , minim cost energi product consumpt . e-land solut support energi island emerg energi market use new technolog , new function , new way think perform oper busi process : chang come new risk . paper present risk understood manag , firstli project regard pilot site , constitut set first user chosen repres differ industri energi technolog ; secondli , pilot site . analysi identifi risk top-down approach , base differ use case , design pilot site . articl focus develop risk half-way complet project , accuraci risk seen pilot site toolbox instal test . © esrel 2021 . publish research publish , singapor ."
2022,Benefits of an integrated power and hydrogen offshore grid in a net-zero North Sea energy system,Advances in Applied Energy,"north sea offshor grid concept envis promis altern : 1 ) eas integr offshor wind onshor energi system , 2 ) increas cross-bord capac north sea region countri low cost . paper explor techno-econom benefit north sea offshor grid use two case studi : power-bas offshor grid , invest power asset allow ( i.e . offshor wind , hvdc/hvac interconnector ) ; power-and-hydrogen offshor grid , invest offshor hydrogen asset also permit ( i.e . offshor electrolys , new hydrogen pipelin retrofit natur ga pipelin ) . paper present novel methodolog , extens offshor spatial data analys defin meaning region via data cluster . region incorpor integr energi system analysi north sea region ( iesa-n ) model . optim model , scenario run without specif technolog ban open optim . scenario result show deploy offshor grid provid relev cost save , rang 1 % 4.1 % rel cost decreas ( 2.3 bn € 8.7 bn € ) power-bas , rang 2.8 % 7 % rel cost decreas ( 6 bn € 14.9 bn € ) power-and-hydrogen base . extrem scenario offshor grid permit integr 283 gw hvdc connect offshor wind 196 gw hvdc mesh interconnector . even conserv scenario offshor grid integr 59 gw hvdc connect offshor wind capac 92 gw hvdc mesh interconnector . allow , deploy offshor electrolysi consider , rang 61 gw 96 gw , capac factor around 30 % . © 2022 author ( )"
2021,EMT real-time simulation model of a 2 GW offshore renewable energy hub integrating electrolysers,Energies,"due weak natur , low inertia , offshor energi hub prone un-preced fast dynam phenomena . lead undesir instabl problem . recent literatur , main focu onshor system , suggest electrolys could attract option support wind gener mitig balanc problem . paper present electromagnet transient ( emt ) model real-tim simul base studi dynam activ power voltag respons offshor hub due wind speed fluctuat . purpos studi ascertain abil electrolys support offshor energi hub differ scenario differ locat electrolys . two locat proton exchang membran ( pem ) electrolys consid : centralis ( ac common bu hub ) distribut ( dc link wind turbin ) . numer simul conduct rscad® 2 gw offshor hub 4 × 500 mw wind power plant 330 600 mw pem electrolys show electrolys effect support mitig sudden wind speed variat , irrespect locat . distribut locat electrolys benefici prevent larg spillag wind power gener isol fault within hub . © 2021 author . license mdpi , basel , switzerland ."
2021,Analysing long-term opportunities for offshore energy system integration in the Danish North Sea,Advances in Applied Energy,"studi analyz futur synergi oil ga ( & g ) renew sector danish context explor exploit synergi could lead econom environment benefit . review highlight relev technolog relat project , synthes state art offshor energi system integr . preliminari result serv input data holist energi system analysi balmorel model framework . timefram 2050 model scope includ north sea neighbour countri , analysi explor total nine futur scenario north sea energi system . main result includ immedi electrif oper danish platform link shore and/or plan danish energi island . measur result cost co2 emiss save compar bau scenario 72 % 85 % respect . platform ceas product , follow repurpos platform hydrogen gener 3.6 gw electrolys develop 5.8 gw float wind . gener hydrogen assum power futur transport sector , deliv shore exist and/or new purpose-built pipelin . contribut & g sector hydrogen product amount around 19 twh , repres 2 % total european hydrogen demand transport 2050 . level cost ( lcoe ) produc hydrogen 2050 around 4 €2020/kg h2 , around twice expect similar studi . account energi polici may incentiv green hydrogen product futur , would serv reduc lcoe level competit sourc . © 2021"
2022,Modelling a highly decarbonised North Sea energy system in 2050: A multinational approach,Advances in Applied Energy,"north sea region , locat northwest europ , expect frontrunn european energi transit . paper aim analys differ optim system configur order meet net-zero emiss target 2050 . overal , paper present two main contribut : first , develop introduc iesa-n model . iesa-n model optim integr energi system model written linear problem . iesa-n model optim long-term invest plan short-term oper seven north sea region countri ( belgium , denmark , germani , netherland , norway , sweden unit kingdom ) . model optim multipl year simultan , account nation ghg emiss includ thorough represent sector energi system . second , run sever decarbonis scenario net-zero emiss target 2050 . relev paramet vari produc scenario includ biomass avail , vre potenti , low social accept onshor vre , ban ccu mitig target intern transport industri feedstock . result show larg use hydrogen intern transport emiss consid target ( 5.6 ej 7.3 ej ) . electrolysi prefer pathway hydrogen product ( 6.4 ej ) , far ahead natur ga reform ( 2.2 ej ) . allow offshor interconnector ( e.g . mesh offshor grid netherland , germani unit kingdom ) permit integr larger amount offshor wind ( 122 gw 191 gw addit capac compar refer scenario ) , substanti increas cross-bord interconnect capac ( 120 gw ) . biomass avail use scenario across multipl end use , includ biofuel product ( 3.5 ej ) , high temperatur heat ( 2.5 ej ) , feedstock industri ( 2 ej ) , residenti heat ( 600 pj ) power gener ( 900 pj ) . gener , result justifi develop multin energi system model , spatial coverag lay nation continent model . © 2021 author ( )"
2022,Grid integration and fault ride-through of fractional frequency offshore wind power system based on Y-connected modular multilevel converter,"IET Generation, Transmission and Distribution","fraction frequenc transmiss promis solut offshor wind power integr . paper propos new grid integr scheme fraction frequenc offshor wind power system ( ffowp ) base y-connect modular multilevel convert ( y-mmc ) . get better power qualiti , novel y-mmc model control method consid frequenc leakag present . besid , order achiev satisfactori fault ride-through ( frt ) perform ffowp , paper propos novel frt strategi . strategi make use onshor grid voltag offshor grid frequenc droop control coordin control power y-mmc wind turbin . strategi achiev power balanc side y-mmc coordin control , therebi suppress increas dc capacitor voltag fault . also abl support grid inject reactiv power voltag sag . addit , new pitch angl control algorithm design keep balanc input mechan power output activ power wind turbin frt , avoid rapid rise rotor speed . simul result matlab/simulink demonstr good perform ffowp wind speed variat valid effect propos frequenc leakag suppress strategi frt strategi . © 2022 author . iet gener , transmiss & distribut publish john wiley & son ltd behalf institut engin technolog ."
2021,"Onshore, offshore or in-turbine electrolysis? Techno-economic overview of alternative integration designs for green hydrogen production into Offshore Wind Power Hubs",Renewable and Sustainable Energy Transition,"massiv invest offshor wind power gener signific challeng electr integr incumb energi system . context , green hydrogen produc offshor wind emerg promis solut remov barrier toward carbon-fre economi europ beyond . motiv recent develop denmark decis construct world 's first artifici offshor energi hub , paper investig lowest cost green hydrogen achiev . model propos integr design hydrogen offshor electr power infrastructur , determin levelis cost hydrogen electr , propos . econom feasibl hydrogen product offshor wind power hub evalu consid combin differ electrolys placement , technolog mode oper . result show cost 2.4 €/kg achiev green hydrogen product offshor , competit hydrogen cost current produc natur ga . moreov , reduct 13 % cost wind electr regist electrolys instal offshor shave peak load . © 2021 author ( )"
2022,Location alternatives generation and elimination of floatovoltaics with virtual power plant designs,Renewable Energy,"float photovolta solar power ( floatovolta ) system ' locat altern gener elimin applic burdur present develop activ propos real-tim robot platform . analyt hierarchi process weight method , weight linear combin decis rule , ordinari krige interpol method appli input layer like global horizont irradi , wind speed , elev , power network . 2 procedur propos present discrimin compound floatovolta suitabl map water bodi . possibilist power output estim virtual floatovolta system burdur lake karacaoren dam reservoir prepar base satellit imag , hill shade , bathymetri , futur drought analys , discret power output estim global solar atla . sensit analys also present investor . capit expenditur estim made possibilist approach . water condit project scari due mani irrevoc water use precipit problem . henc , hybrid invest , energi island ( hydro , photovolta , floatovolta , similar ) safer risk-avers option . recommend focu suffici larg , deep calm water bodi . studi good kick-off preliminari assess new floatovolta . © 2022 elsevi ltd"
2022,"Wave-induced sediment and rhodolith mobility on a narrow insular shelf dominated by wave variability (Fernando de Noronha Archipelago, Brazil)",Continental Shelf Research,"studi combin numer model empir equat defin spatial field wave-induc sediment rhodolith mobil narrow insular shelf subject season wave regim : fernando de noronha insular shelf . analys annual , summer winter wave climat , notic intens direct variabl swell wave come predominantli oppos direct studi season ( northern swell summer southern swell winter ) , reflect higher wave energi north coast summer lower energi winter . longitudin transport northern coast , predominantli orient southwest , also higher summer month lower rest year . describ spatial variat wave-induc mobil summer winter wave condit , consid empir sediment movement equat , base mean grain size densiti valu . carbon bioclast sediment , predomin fernando de noronha shelf , remobil wave throughout entir shelf . howev , nearshor zone , movement occur intens size . depth shelf side affect wave-induc mobil vari accord wave climat variabl determin direct type wave prevail regim . swell wave come north ( summer scenario ) , mobil greater mainli northern shelf ; howev , trade wind wave come southeast swell wave come south ( winter scenario ) , greater movement produc south face . wave-induc sediment mobil occur depth 60 , near shelf break , indic import shelf morpholog . movement rhodolith , present lower densiti larger diamet sediment , eventu occur extrem wave condit depth approxim 30 area vari season around island accord predomin wave direct . characterist favor rhodolith develop . result , hope better understand wave action bottom high-energi island shelv identifi sediment movement pattern attribut wave climat variabl morpholog characterist shelf . © 2022 elsevi ltd"
2021,Techno-economic system analysis of an offshore energy hub with an outlook on electrofuel applications,Smart Energy,"integr cross-sector energi hub large-scal wind farm open exist structur new applic contribut achiev renew energi system climat protect target . offshor energi hub concept consist establish artifici construct energi convers distribut hub address two energy-rel market power suppli public grid potenti enabl convers renew electr hydrogen ammonia suppli ashor . henc , energi hub concept enabl smart integr offshor wind power ga grid . power gener demand store green ga abl cover residu power load low carbon intens . electrofuel product provid also opportun export renew fuel sector tradit high greenhous ga emiss , e.g. , agricultur transport . contribut energi hub system north sea model simul determin product quantiti effici electr , hydrogen ammonia . compar effici product , storag , transport valu 45.1–65 % hydrogen valu 52–52.3 % ammonia determin . re-convers electr fuel cell hydrogen ammonia less effici cost worthli use electrofuel applic . emerg potenti cost reduct sensit analysi perform lower capit cost ( 50 % ) lead cost reduct hydrogen ( 42–45 % ) ammonia product ( 40–42 % ) . result show energi hub becom sustain pillar futur energi system improv cost-competit wind power . © 2021 author"
2022,A Novel Offshore Grid Forming Control Concept for Parallel VSC HVDC Bipoles,CIGRE Science and Engineering,"north sea wind power hub consortium , partnership tennet , energinet gasuni , consid ac coupl hub con gurat use multipl vsc hvdc bipol connect common offshor ac bu transmit wind potenti onshor load center . paper introduc novel grid form control concept achiev tight voltag angle/frequ control offshor hub avoid interact parallel convert . master control distribut power hvdc bipol pole-level control de ne convert ’ intern voltag magnitud angl . uniqu dynam characterist offshor grid challeng oper grid form convert parallel discuss . synchron grid-form control concept consid , due characterist zero inertia offshor grid , pose signi cant challeng avoid interact parallel convert . perform propos grid form control concept demonstr use emt simul . © 2022 , cigr . right reserv ."
2021,Enhancement of a Control Concept for Parallel HVDC Link Operation to Increase Flexibility for Offshore Wind Park Grid Connections,"2021 12th International Renewable Energy Congress, IREC 2021","ongo growth offshor wind park ( wp ) worldwid lead increasingli complex offshor grid structur long term , requir high-voltag direct current ( hvdc ) control concept connect toward onshor . , concept main focu government fund german `` north sea offshor network ii '' ( nson ii ) project , consid offshor wp develop german north sea . paper present accordingli adapt offshor hvdc control concept ac-sid parallel hvdc link oper detail compar behavior differ case direct offshor convert termin coupl coupl across transform . neg impact obtain regard unequ power distribut map individu convert power limit , thu control concept enhanc suggest , assess success test , aim control concept usag complex ac-sid mesh offshor grid studi within nson ii . © 2021 ieee ."
2021,Local distribution network management through optimal flexibility scheduling: The Austrian pilot of the Horizon 2020 MERLON project,ICPS 2021 - 9th IEEE International Conference on Power Systems: Developments towards Inclusive Growth for Sustainable and Resilient Grid,"eu electr system go transit driven increas penetr distribut energi resourc ( der ) new energi marker actor , prosum aggreg . decentr electr gener facilit integr renew energi sourc , increas secur suppli decarbon energi futur . benefit opportun keep pace transform power sector evolv need energi market player , eu horizon 2020 project 'integr modular energi system local flexibl trade neural energi island ( merlon ) ' develop integr local energi manag system ( ilesem ) support local distribut grid oper high-renew energi scenario . ilesem perform multi-level optim use decentr intellig effici coordin der within local distribut grid . way , ilesem use form self-coordin self-balanc energi island offer servic wider electr system . algorithm framework design optim schedul batteri energi storag , local gener , demand side manag offer cost-effici pathway ( comparison high-capex grid upgrad invest ) activ local distribut grid manag presenc high volum variabl renew energi . effect der schedul austrian pilot site demonstr replic solut indian context explor . © 2021 ieee ."
2022,CONSTRUCTABILITY ASSESSMENT FOR A NORTH SEA ENERGY ISLAND,WODCON XXIII Proceedings,"construct assess perform energi island locat doggerbank area north sea . basi studi tent island scope dimens key element use . given harsh condit north sea , construct method , equip logist chosen assess primarili base intrins robust . workabl defin 3 period occur year . summer period 6 month winter period 4 month . statist month decemb januari contain advers condit year therefor consid idl time . construct rubbl mound sea defenc consid possibl without protect . purpos temporari cobbl barrier propos , reloc along construct work front . ultim cobbl re-us cobbl beach propos defenc south island . earli avail work harbour allow optim suppli handl construct materi . reclam work , compris ~150 million m3 , mainli perform number tshd ’ , well within avail market capac . rock grade quarri run ( total ~4 million ton ) stock yard storag equal half year product capac locat nearbi work harbour . concret armour unit ( 24-34 ton x-bloc ~100 ton cube ~10 ton cube underlay ) cast prefab yard north sea port , ship island , store stock yard nearbi work harbour . sea defenc construct simultan marin land-bas equip , total work front ~600 , progress ~50 m/wk . amount equip requir larg , without except amongst largest avail industri . special purpos equip handl place ~100 ton armour cube propos . total construct time ~7.5 year . option reduc limit , given time need prepar earli work , size amount equip alreadi deploy . revers , constraint instanc licens could serious reduc construct possibl , much care attent need prepar licens applic . caisson may consid altern rubbl mound sea defenc . howev , suitabl weather window tow site immers onto foundat bed may frequent , even summer . also construct foundat bed , top layer gravel within tight vertic toler , particularli easi open sea . hydraul geotechn design caisson , associ rock platform berm , consid critic engin challeng , given unforgiv natur concept . irrespect sea defenc concept chosen , alreadi design phase construct ( practic reliabl construct method logist ) must consid well . studi provid exampl method . copyright © 2022 ceda ."
2022,Optimization of offshore grid planning considering onshore network expansions,Renewable Energy,"come year , extens develop offshor wind energi present clear trend cluster offshor wind farm ( owf ) . offshor grid novel concept propos address problem connect owf integr larg offshor wind energi region onshor power system econom reliabl . compar tradit electr system larg owf , connect offshor grid demonstr new featur . paper present tri-level optim strategi optim offshor grid plan consid onshor network expans simultan . propos strategi turn optim two complic electr network three nest optim model : ‘ point common coupl ( pcc ) optim ’ , ‘ offshor substat ( os ) optim ’ , ‘ offshor grid optim ’ . engin case east china sea discuss illustr effect propos methodolog . result show offshor grid demonstr better overal econom effici less marin corridor consumpt . addit , propos methodolog make integr larg owf friendli onshor network . © 2021 elsevi ltd"
2021,Online estimation of dynamic capacity of VSC-HVdc systems - Power system use cases,ETG-Kongress 2021 - Von Komponenten bis zum Gesamtsystem fur die Energiewende,"dynam capac describ capabl high voltag direct current ( hvdc ) system oper temporarili beyond guarante activ reactiv power ( p/q ) limit specif condit . work , dynam capac intend appli variou power system use case ensur effici secur grid oper . contrast previou work , dynam capac consid holist view hvdc system 's compon . moreov , overcom exist limit consid hvdc system design , introduc estim dynam capac base real-tim oper data . principl , dynam capac could help power system use case temporarili addit capac requir . articl detail five use case , includ congest manag , voltag support , frequenc respons , offshor wind overpl grid plan high interest featur . main hvdc applic , embed system , interconnector offshor grid connect , anticip time frame dynam capac highlight power system perspect . also , time-crit remedi action outlin . © vde verlag gmbh . berlin . offenbach"
2021,Entrepreneurial resource construction through collective bricolage on Denmark’s renewable energy Island: an ethnographic study,Entrepreneurship and Regional Development,"entrepreneuri resourc construct bricolag underappreci element grow bodi entrepreneurship organ studi examin bricolag organiz strategi condit resourc scarciti . draw in-depth ethnograph data , studi danish island samsø ’ success transit renew energi argu richer understand posit apprais entrepreneuri bricolag multifacet strategi chang commun level . demonstr construct natur resourc environ identifi samsø , articl argu bricolag , rather revolv around combin alreadi avail resourc creat new entrepreneuri ventur , process involv construct resourc achiev chang . in-depth understand process resourc construct especi relev context local sustain energi transit , bricolag , context , enabl commun work toward share goal without accept constraint resource-scarc local environ . © 2021 informa uk limit , trade taylor & franci group ."
2023,Start-up Control and Frequency Oscillation Control of the 100% Renewable Energy Islanded Grid Fed by MMC-HVDC System,"2023 5th Asia Energy and Electrical Engineering Symposium, AEEES 2023","expans renew energi gener larger scale , especi wind photovolta , power system high share renew energi even 100 % renew energi becom primari direct modern power system develop . main issu endang futur secur stabl function new power system low inertia issu high proport renew energi system current deal . without support synchron power suppli , realiz smooth start reliabl grid connect system good fault travers capabl face disturb becom difficult hot issu futur research . paper , standard system model 100 % renew energi island grid fed mmc-hvdc built base pscad/emtdc . accord model , paper propos start-up control scheme frequenc oscil control scheme standard system model 100 % renew energi island grid fed mmc-hvdc verifi effect simul . © 2023 ieee ."
2022,Forecasting the electricity pricing of energy islands with renewable sources,Machinery and Energetics,"strategi develop local low-pow system involv use sever sourc . effici function system depend purpos reliabl manag base ration hierarch connect structur compon . coordin structur diversifi sourc particip format energi balanc micro-energi system condit dynam develop renew energi actual research task . purpos research develop method reliability-cost optim structur micro-energi system dissimilar sourc , base use reliabl indic cost electr . studi conduct base modern method appli statist analysi , theori reliabl , synthesi complex multi-aggreg system . implement markov model simul model function sourc , obtain condit optim format energi balanc micro-energi system lowest cost electr , consid reliabl indic . comput experi made possibl obtain regular cost evolut electr show depend structur algorithm sourc ’ function . use probabilist model method , prove first time cost electr sensit ratio avail renew sourc primari energi . practic applic result lie increas effici energi island structur algorithm optim diversifi sourc ( tradit renew ) base determin cost electr . © 2022 , nation univers life environment scienc ukrain . right reserv ."
2022,Impedance Stability Analysis and Promotion Strategy of Islanded Microgrid Dominated by Grid-connected and Grid-following Converters; [构网型与跟网型变流器主导孤岛微网阻抗稳定性分析及提升策略],Dianli Xitong Zidonghua/Automation of Electric Power Systems,"100 % renew energi island microgrid system domin power electron convert face sever instabl risk due low inertia , weak damp characterist lack stabl frequenc voltag support larg power grid . first , island microgrid system without grid support domin invert , sequenc imped model establish base harmon linear . besid , influenc reactiv power loop control delay imped characterist analyz . , base sequenc imped network model , nyquist stabil criterion construct . impact system paramet steady-st oper point fulli consid , influenc system steady-st point control paramet stabil microgrid system analyz detail . furthermor , base result system stabil analysi , virtual imped design method adapt chang system oper condit propos , significantli improv system stabil . final , accuraci theoret analysi verifi base rt-lab experi platform . © 2022 autom electr power system press . right reserv ."
2021,"Energy Islands: Metaphors of Power, Extractivism, and Justice in Puerto Rico","Energy Islands: Metaphors of Power, Extractivism, and Justice in Puerto Rico","energi island provid urgent nuanc portrait collect action resist racial capit , coloni , climat disrupt . weav togeth histor ethnograph research , stori challeng master narr puerto rico tourist destin site `` natur '' disast demonstr fossil fuel economi inextric entwin coloni practic local commun group puerto rico struggl energi coloni mobil transform power ground . catalina m. de oní document group work decent continent context deconstruct damag hierarchi devalu exploit rural coastal commun . highlight collabor individu refus cruel logic empir imagin implement energi justic interconnect radic power transform . dive deepli energi , island , power , book engag variou metaphor altern world-mak . © 2021 catalina m. de oní ."
2022,The EPLANoptMAC model to plan the decarbonisation of the maritime transport sector of a small island,Energy,"island identifi live lab implement innov solut boost green energi transit . context , energi model plan key optim design futur energi system identifi appropri technolog power gener energi system manag . research , margin abat cost curv method , mean eplanoptmac model , appli identifi optim energi mix island favignana , itali . optimis use carbon avoid cost object function order consid environment econom aspect . addit standard technolog photovolta batteri energi storag demand respons technolog includ maritim transport heat sector optimis . particularli , decarbonis maritim transport sector utmost import sinc repres biggest energi consumpt sourc carbon dioxid emiss small island . result show photovolta main prioriti , follow batteri energi storag . electr ferri preferr hydrogen one enough renew energi photovolta produc . decarbonis maritim transport prefer heat sector requir reach decarbonis target higher 40 % . © 2022 elsevi ltd"
2022,Mitigation of background harmonic amplification caused by offshore wind farm long AC cable integration,IET Renewable Power Generation,"high voltag altern current transmiss submarin cabl common scheme integr offshor wind farm close land . due capacit effect ac cabl , associ long ac cabl onshor grid caus reson , may amplifi grid background harmon . paper focus mitig background harmon amplif caus offshor wind farm integr . first , background harmon amplif mechan offshor wind farm integr system analys qualit , mitig approach given principl . , take practic project studi case , harmon model method offshor grid onshor grid elabor , includ harmon model wind turbin , transform , cabl , high voltag extra-high voltag transmiss grid , low voltag distribut network . accord establish harmon model , caus background harmon amplif analys . basi , two mitig method instal seri block filter shunt filter compar recommend mitig scheme propos . final , feasibl propos scheme verifi calcul result differ grid oper condit . © 2022 author . iet renew power gener publish john wiley & son ltd behalf institut engin technolog ."
2021,Medium frequency diode rectifier unit based HVDC transmission for offshore wind farm integration,IET Renewable Power Generation,"offshor wind farm main trend wind power develop futur . medium frequenc diod rectifi unit base high voltag direct current transmiss system propos offshor wind farm integr . unlik convent high voltag direct current solut , rate frequenc offshor altern current ( ac ) grid increas 100∼400 hz propos system . besid , grid-form control scheme wind turbin convert also propos paper , machin side convert control direct current ( dc ) voltag grid side convert control output altern current voltag global unifi refer coordin system . result , smaller lighter passiv compon , transform , altern current filter reactiv power ( var ) compens , could adopt offshor grid , benefici achiev higher econom effici . small stabil analysi time domain simul propos system carri base simplifi model power system comput aid design/electromagnet transient includ dc ( pscad/emtdc ) respect , feasibl propos scheme verifi . © 2021 author . iet renew power gener publish john wiley & son ltd behalf institut engin technolog"
2022,"Energy Communities: Technical, Legislative, Organizational, and Planning Features",Energies,"worldwid , use fossil fuel cover almost 80 % entir energi need . european union ( eu ) , 2020 repres watersh : first time , renew main sourc electr . itali , latest survey demonstr increas use altern energi sourc . european legisl framework highlight import new trend encourag ( impos ) use renew . necess becom proactiv energi production–consumpt process achiev sustain target bring peopl creat energi commun ( ec ) manag energi suppli chain . author present overview main legisl framework eu itali relat ec , analyz energi consumpt , electr heat energi product potenti , energi balanc portion italian middle‐s citi milan metropolitan area . moreov , underlin technic , regulatori , plan possibl achiev energi independ , exchang energi among select urban district surplu product . lastli , author underlin strength barrier develop ec . © 2022 author . license mdpi , basel , switzerland ."
2022,Offshore grid topology optimisation with a geographical information system,Journal of Physics: Conference Series,"novel methodolog investig identifi optimis larg scale offshor grid topolog connect multipl wind farm countri . geograph inform system ( gi ) setup cluster wind farm creat permiss graph topolog . purpos propos grid layout potenti hub locat land point bottom-up fulli analyt toolchain , avoid manual scenario build . coupl market model perform invest optimis new line gi creat graph . two-step procedur demonstr exampl baltic sea region target year 2040 . found , futur offshor topolog benefit bundl transmiss path mani cluster wind farm . sensit analysi reveal topolog result sensit wind farm locat assumpt pre-defin interconnector hub . least , capabl onshor grid integr influx offshor wind power level detail model , directli reflect topolog result offshor grid . conclud optimis futur offshor grid quest pan-european scale benefit heavili geo data base pre-process gi . © 2022 institut physic publish . right reserv ."
2022,Impact of the COVID-19 pandemic on energy islands: The case of Cape Verde,Electric Power Systems Research,"covid-19 pandem countermeasur radic affect energi sector . within matter day , whole countri lockdown caus largest energi impact last decad . studi explor pandem effect isol power system cape verd , small island-bas develop state africa . histor data 2013 2021 combin arima-bas forecast estim covid-fre scenario . result show countri 's electr demand suffer 10 % drop distribut among island proport gdp per capita . energi mix unaffect , lower demand motiv 6 % less emiss . reliabl system improv respect previou year , transmiss loss increas 5 % due energi theft caus sever econom crisi suffer archipelago . sens , impact revenu energi sector worker quit limit . furthermor , also studi effect pandem energi relat sector water desalin transport . recoveri start third quarter 2020 mark increas electr demand , also rapid growth passeng good transport sector . © 2022 author ( )"
2021,Offshore Energy Hubs in Sector Coupled European Scenarios: Can Large-scale Wakes Hinder the Development?,IET Conference Proceedings,"offshor energi hub move idea academ studi realiti , denmark go ahead hub island north sea baltic sea . multi-gw instal plan per hub , provid expect electr consumpt increas driven electrif sector coupl . large-scal wake loss signific , get larger hub size increas . hub size impact also variabl hub 's gener . argu impact signific consid energi system optimis . howev , high capac factor achiev far-offshor energi hub still make attract highli sector coupl futur scenario . © 2021 energynaut gmbh ."
2022,An Intelligent and Automatic Control of Renewable Production for Flexible Access of Large Offshore Wind Parks,IET Conference Proceedings,"paper present automat activ power modul control develop implement handl potenti overload appear case loss one export cabl modular offshor grid ( mog ) instal belgian coastal area . automat control , implement energi manag system ( em ) e l send setpoint activ power differ wind park , total instal power gw take account current potenti ñitur topolog ( i.e . potenti addit incid ) forecast ampac calcul real time thermal rate system instal cabl . robust reliabl system enhanc addit dynam alarm , automat detect non-compli control action park local backup protect disconnect automat cabl case prolong unaccept overload . © 2022 iet confer proceed . right reserv ."
2022,From energy islands to energy highlands? Political barriers to sustainability transitions in the Baltic region,Energy Research and Social Science,"european green deal strategi target acceler sustain transit , yet pathway process thereto differ markedli across eu member-st , particularli energi sector . polit institut context larg determin transit dynam . howev , sustain transit scholarship lack concret tool identifi polit barrier transit . paper , therefor , ask : polit barrier sustain transit emerg endur , drive differ transit dynam across countri ? integr concept institut econom sustain transit scholarship ( multi-level perspect ) , paper introduc theoret framework assess polit barrier sustain transit institut context . addit , paper provid empir evid new region sustain transit research : electr sector baltic state lithuania , estonia , latvia . compar case studi reli 25 semi-structur interview senior energi polici stakehold baltic region , triangul content analysi polici document . paper conclud , first , polit barrier transit emerg institut context defin polici object ( lack thereof ) reinforc ( reduc ) transit process . second , polit barrier sustain transit endur lack incent , alongsid misalign rule norm , hinder nich develop across countri . analysi suggest polici chang policymak point futur research avenu . © 2022 author"
2022,Energy governance in Spain,Handbook of Energy Governance in Europe,"spain lag behind transit sustain energi system compar eu member state . uniqu posit energi island , coupl error energi plan inherit previou govern regim , constitut legaci make chang system difficult achiev . current polit instabl add difficulti , govern framework characteris lack coordin supremaci central govern decis make process , environ tradit energi compani still exert lobbi power . continu chang regulatori framework energi sector hinder invest low carbon sourc energi due perceiv uncertainti . small chang right direct observ though , promin role expect local level ofgovern . mani measur still origin requir link eu commit initi nation level need seen . © springer natur switzerland ag 2022 . right reserv ."
2021,Innovative Energy Storage Concept for Saipem Offshore Wind2Sub™ Application,Proceedings of the Annual Offshore Technology Conference,"reduc co2 emiss becom one core target countri pari agreement , set global framework avoid danger climat chang limit global warm 2°c pursu effort limit 1.5°c . meet object also oil ga oper start engag import effort reduc co2 emiss plant facil . perspect saipem develop wind2sub , wind power long subsea tie-back ( lsstb ) concept , pendular float foundat solut , name hexafloat , host wind turbin gener ( wtg ) , util need subsea field develop oper ( power distribut , chemic storag inject , control system ) back-up energi system compens intermitt product due wind persist , current diesel gener ( dg ) . present paper explor new solut ensur continu energi suppli saipem wins2sub , base green technolog . may done collect gener surplu energi renew energi system , case wtg topsid subsea power storag . adopt energi storag system ( ess ) , possibl use energi product wind low null . concept replac diesel gener , carbon fuel , whole system becom green self-sustain , energi island , without co2 emiss . activ perform concept develop articul follow step : select two typic oil field scenario wind2sub solut applic ; screen current technolog store energi select viabl two select scenario ; wind condit wtg power analysi estim amount energi store ; preliminari design ess ; preliminari cost estim . studi carri use digit tool develop moss maritim context proof concept base float energi storag . tool allow evalu feasibl solut model differ renew energi scenario , demand profil , simul oper , pre-siz system cost estim ( lcoe , lco , lcoh ) . ess combin saipem wind2sub describ thoroughli present paper explan result achiev within case studi . © 2021 , offshor technolog confer . right reserv ."
2022,Day-ahead complex power scheduling in a reconfigurable hybrid-energy islanded microgrid with responsive demand considering uncertainty and different load models,Applied Energy,"paper propos new oper manag scheme ( om ) next-day complex power schedul island reconfigur microgrid . energi suppli microgrid come wind turbin photovolta gener renew dispers gener ( rdg ) . meanwhil , two microturbin unit fuel cell unit dispatch distribut gener ( ddg ) . also , batteri bank energi storag system ( bess ) integr . microgrid number control tie-switch chang microgrid configur suppli residenti , commerci , industri load differ electr model . load particip demand control program . om mathemat formul multi-period mixed-integ stochast nonlinear optim . decid hourli power share ddg , state control switch , specif demand respons . om aim minim total oper cost , unmet load , curtail renew power maintain technic constraint . uncertainti renew resourc load analyz om monte-carlo simul scenario-reduct approach use reduc comput burden . besid , new version bat algorithm ( iba ) develop robust optim solver . simul result compar evalu om present use 45-bu case studi system prove merit method . © 2021 elsevi ltd"
2022,Offshore energy hubs: Cost-effectiveness in the Baltic Sea energy system towards 2050,IET Conference Proceedings,"offshor energi hub connect larg amount offshor wind hub gener transmit onshor , potenti link multipl surround countri . benefit hub , relat mesh offshor grid connect , investig north sea . system-wid impact offshor energi hub baltic sea less studi ; howev , region see increas interest offshor wind develop . paper use detail offshor wind gener simul energi system optimis investig cost-effect offshor energi hub baltic sea differ scenario toward 2050 . result show largest deploy offshor energi hub occur energi system highli electrifi . strongest develop offshor energi hub occur southern part baltic sea . © 2022 iet confer proceed . right reserv ."
2022,MODULAR ENERGY ISLANDS FOR SUSTAINABILITY AND RESILIENCE – COST ACTION CA20109 “MODENERLANDS”,CESARE Conference Publications,"paper give overview recent start cost action modenerland , aim merg systemat effort european research develop ( r & ) group work sustain energi relat technolog , particular wind wave energi sourc . cost action pathway propos incorpor promot relev synergi research , educ train enhanc sustain built environ . modenerland revisit safe , smart , modular , cost-effect social valuabl high perform sustain energi island consider plan , design develop futur sustain energi infrastructur . © 2022 , jordan univers scienc technolog . right reserv ."
2022,"Sustainable Development of Energy, Water and Environmental Systems and Smart Energy Systems",International Journal of Sustainable Energy Planning and Management,"34th volum intern journal sustain energi plan manag includ paper 2021 confer sustain develop energi , water environment system ( sdew ) held octob 10-15 , 2021 , dubrovnik , croatia well 7th intern confer smart energi system held septemb 21-22 copenhagen , denmark two normal paper . focu area issu district heat district cool system , articl address resourc district heat cool system , impact individu district heat metr consum approach analys district heat system . anoth focu area stakehold involv two group research focu stakehold energi island perspect well posit energi district perspect . group note import factor stakehold devis transit plan . plan increas penetr renew energi sourc estonian , latvia lithuanian system analys use backbon model , find modest increas system cost . lastli , articl set indic system assess environment perform european union member state rank , e.g. , estonian , latvia lithuanian moder ( estonia latvia ) weak ( lithuania ) term sustain energi perform score , base 2019 data . © 2022 , aalborg univers press . right reserv ."
2022,Energy storage and control for offshore wind,IET Conference Proceedings,"paper describ energi storag onshore-offshor grid boundari use support power system stabil . paper identifi two candid energi storag power convert technolog option assess option base technic capabl , technolog matur potenti regulatori barrier . paper identifi technolog rapidli matur howev demonstr requir establish viabil control hardwar provid full rang grid requir , includ system restor , across relev grid condit . exist regulatori barrier includ system ownership consider consid prohibit roll-out . overal , clear pathway grid form energi storag provid power system stabil servic applic . © 2022 iet confer proceed . right reserv ."
2022,Optimal Secondary Control to Suppress Voltage Fluctuations in an HVDC-Linked Wind Farm Grid,IEEE Transactions on Power Systems,"high-voltag direct-curr ( hvdc ) system use voltag sourc convert ( vsc ) develop suppress voltag fluctuat offshor grid due intermitt power gener offshor wind farm ( owf ) . paper propos new strategi optim secondari voltag control hvdc-link owf . propos strategi , optim coordin control hvdc system owf achiev minim real-tim voltag fluctuat throughout offshor grid . full-ord dynam model hvdc-link owf implement , unobserv uncontrol state variabl elimin use model reduct algorithm . given dynam model , linear quadrat gaussian regul design optim coordin control , eigenvalu analysi conduct focus effect commun time delay stabil propos strategi . simul case studi also carri verifi propos strategi effect improv real-tim regul offshor grid voltag , compar convent strategi , ensur voltag stabil even rel larg delay commun system . © 1969-2012 ieee ."
2022,Techno-economic analysis of biogas production and use scenarios in a small island energy system,Energy,"paper investig econom , energi environment benefit given instal anaerob digest small island . particularli , island procida chosen case studi product organ fraction municip solid wast equal 2477 t/year . three scenario hypothes use local produc bioga , name : ( ) upgrad bioga inject ga grid residenti sector ( replac 21 % natur ga consumpt ) ; ( ii ) upgrad use transport sector ( cover wast truck , non-organ wast ferri shuttl buse consumpt ) ; ( iii ) use bioga combin heat power ( chp ) plant ( cover 4 % electr consumpt ) . scenario analys compar econom , emiss energi term . although bioga cover small part consumpt , still provid relev contribut island energi system diversifi energi mix increas renew energi sourc penetr also increas independ . result show advantag payback time ( 4–5 year ) , mainli due signific save maritim transport partial avoid wast dispos mainland incent . © 2022 elsevi ltd"
2022,50-kW Modular V2G SiC Charger Station in Energy Island Microgrids: a Real Use-Case in Madeira Island,PCIM Europe Conference Proceedings,"inhabit island isol energi microsystem , challeng cost , pollut , robust , extern depend . consequ , new solut need face climat chang penetr electr vehicl . paper describ real use-cas madeira island , modular multi-protocol fully-s 50-kw v2g charg station design develop . one hand , 4-leg ac/dc convert provid time v2g charg point , grid stabil balanc capabl . hand , modular dc/dc reson convert use cover wide rang voltag power possibl , ad high frequenc galvan isol . © vde verlag gmbh , berlin , offenbach ."
2022,Simulation of intergranular fracture behavior inside randomly aggregated LiNixCoyMn1-x-yO2 polycrystalline particle,Engineering Fracture Mechanics,"degrad secondari particl caus intergranular fractur import reason capac fade linixcoymn1-x-yo2 ( ncm ) polycrystallin electrod . studi , chemomechan damag model establish implement simul fractur behavior differ fractur energi , interfaci strength c-rate . cohes element appli along interfac randomli distribut primari particl , gener voronoi algorithm simul separ lithiat . damag dissip energi calcul character propag crack . simul result show fractur energi strength primari particl play import role intergranular fractur behavior . increas c-rate bring two differ aggrav effect fractur secondari particl differ cycl stage . extens propag main crack suppress growth secondari crack high c-rate small fractur energi . island particl hole appear mani experi long-term cycl protocol simul first time . evolut simul crack consist mani publish experiment imag . method result great signific understand fractur behavior ncm cathod . © 2022 elsevi ltd"
2021,Comparison of star and string offshore dc collector grid topologies on the aspect of stability—an impedance approach,Energies,"offshor direct current ( dc ) collector grid promis technolog decreas instal oper cost offshor wind park . nevertheless , stabil properti henc design dc collector grid common standardis . henc , paper describ attempt fill gap analys stabil two differ type dc collector grids—star string—bi consid ident oper condit . approach follow non-parametr formul imped base nyquist stabil criterion . hyperbol π equival formul telegraph equat adopt model submarin cabl due high capacit distribut thu convent 50 hz π-model suffici anymor . furthermor , paper show integr complex dynam wind turbin overal stabil assess imped build algorithm . final , shown stabilis collector grid mean activ control paramet chang observ star configur wind turbin favour account stabil control . © 2021 author . license mdpi , basel , switzerland ."
2022,ENERGY ISLAND IN THE NORTH SEA,WODCON XXIII Proceedings,"danish parliament agre initi realiz artifici island realis 10gw offshor wind potenti north sea . energi island seen begin new era futur develop danish offshor wind cornerston green transit . energi island locat north sea , 100 km west coast denmark . initi , island shall handl 3gw offshor wind power , eventu island shall abl receiv transmit 10 gw offshor wind power . wind energi produc shall use acceler green transit energi island serv hub transmit energi bring valu . compar artifici island around world , challeng island locat water depth 25-30 harsh environ extrem design wave . , even challeng construct point view locat far coast limit weather window marin construct activ . work group investor intend bid construct island becom commerci co-own danish state major ownership . pre-qualif bid plan 2022 2023 . perimet protect island shall abl resist extrem design wave ensur function island . perimet structur like either rock revet protect larg concret unit concret caisson whatev optim consid cost , time risk . island platform form sand like dredg borrow area part north sea . copyright © 2022 ceda ."
2021,Voltage and reactive power correlation in multi-objective optimization of an offshore grid,Automatika,"last year , mani offshor wind power plant instal north sea construct . offshor grid would vital integr futur offshor wind power plant main land grid . , multi-termin dc ac cabl system consider concept futur offshor grid . reactiv power voltag oper point network import optim oper . articl present optim criterion voltag reactiv power control offshor ac grid parallel connect grid-form convert . multi-object optim problem formul consid four reactiv power manag strategi . solut optim algorithm analys compar respect activ power loss network , voltag variat , reactiv power contribut sourc . research present methodolog appli suitabl reactiv power manag strategi achiev best optimum oper point . solut provid optimum oper point offshor wind farm reactiv power , frequenc voltag droop gain valu vsc-hvdc system , reactiv power share factor hvdc transmiss . © 2021 author ( ) . publish informa uk limit , trade taylor & franci group ."
2022,North Sea Energy Islands: Impact on national markets and grids,Energy Policy,"take concret step toward carbon-fre societi , danish parliament recent approv establish world 's first two offshor energi hub bornholm artifici island north sea . two first-of-their-kind project , sever aspect relat inclus “ energi island ” current market setup still discuss . end , paper present first large-scal impact analysi offshor hub whole european power system electr market . studi show energi hub north sea contribut increas social welfar europ . howev , consid impact countri , benefit share equal . help develop project , focu identif challeng aris hub . market perspect , show export countri affect lower electr price point heterogen consequ induc new transmiss capac instal north sea . system point view , show larg amount wind energi stress convent gener , requir becom flexibl , nation grid , alway accommod larg import hub . © 2022"
2022,HARMONIC DISTORTION PREDICTION METHOD FOR A MESHED TRANSMISSION GRID WITH DISTRIBUTED HARMONIC EMISSION SOURCES – EASTERN DANISH TRANSMISSION GRID CASE STUDY,IET Conference Proceedings,"tremend , fast green transit denmark initi large-scal grid-integr renew energi sourc , electrif energi consumpt , establish ptx energi island set goal transmiss grid develop , establish new connect , grid reconstruct extens substitut overhead line ( ohl ) underground cabl ( ugc ) . share ugc danish transmiss grid increas . presenc ugc result reson harmon imped characterist transmiss grid brought within harmon order rang coincid harmon distort caus systemwid increas harmon voltag distort 400 kv mesh transmiss grid . transform 400 kv transmiss grid aris need predict harmon voltag distort use simul model secur adequ power qualiti support invest decis harmon mitig grid stage yet establish differ present grid . paper present method direct simul harmon voltag distort , develop appli energinet , transmiss system oper denmark , use eastern danish 400 kv transmiss grid case studi . main advantag direct simul possibl predict whether , transmiss grid , harmon order , yet commiss connect may caus violat iec plan level mitig necessari bring harmon distort plan level given margin . , paper briefli present direct harmon assess denmark part industri phd project energinet aalborg univers . joint work shall result guidelin predict harmon distort mesh grid analyt approach replac observ studi mani numer simul . © 2022 iet confer proceed . right reserv ."
2021,Unlocking the UK continental shelf electrification potential for offshore oil and gas installations: A power grid architecture perspective,Energies,"uk continent shelf ( ukc ) oil ga ( og ) instal tradit adopt situ power gener , ineffici also gener 70 % offshor co2 emiss . offshor wind energi storag technolog deep water develop fast pace , enabl great opportun og instal locat north sea . paper , pathway ukc offshor og instal electrif introduc . aim provid differ power architectur facilit og instal ’ electrif , benefit exist plan uk offshor wind power . four hypothet case studi ( base real data ) creat , along ukc , correspond power architectur propos . select architectur power compon ( e.g. , transform , convert cabl ) , well transmiss distribut technolog ( e.g. , ac dc ) , also provid justifi . , overview cost estim carri predict architectur capit cost . conclud four architectur mimick along ukc also worldwid , promot ukc potenti world-lead offshor energi hub foster uk offshor wind-energi resourc . © 2021 author . license mdpi , basel , switzerland ."
2022,Energy governance in Latvia,Handbook of Energy Governance in Europe,"chapter provid overview energi govern latvia . import narr context energi govern energi secur thu independ energi import , especi russia . chapter illustr strategi use pursu goal far approach avail futur develop . becom clear latvia , high share renew energi comparison european countri , need catch area . © springer natur switzerland ag 2022 . right reserv ."
2022,Dividing the sea into small bidding zones? The legal challenges of connecting offshore wind farms to multiple countries,Journal of Energy and Natural Resources Law,"massiv deploy offshor wind core build block eu ’ climat energi strategi . so-cal ‘ hybrid asset ’ use connect offshor wind onshor grid . hybrid asset connect least two countri , offshor wind farm also connect . connect transport offshore-gener electr shore , facilit electr trade addit interconnect capac . current eu electr market regul fit purpos , hold back develop hybrid asset . articl discuss legal issu regard hybrid asset , promis solut : offshor bid zone . © 2022 author ( ) . publish informa uk limit , trade taylor & franci group ."
2021,A multi-terminal HVDC demonstration grid in the north-sea: A cost-effective option,SEST 2021 - 4th International Conference on Smart Energy Systems and Technologies,n hvdc grid north-sea consid high potenti aid energi transit europe.n hvdc grid north-sea consid high potenti aid energi transit europe.a high invest cost oper challeng major roadblock realis . paper propos demonstr grid north-sea show financi viabl project . sensit analysi correspond line capac base price perform . recommend construct oper grid made regulatori stand point . © 2021 ieee .
2022,Research on Transmission Scheme of Large-scale Renewable Energy Transmitted Through Series Hybrid DC System,EI2 2022 - 6th IEEE Conference on Energy Internet and Energy System Integration,"order realiz collect long-dist transmiss large-scal renew energi `` three north '' southwest region china , two renew energi transmiss scheme seri hybrid dc system propos , includ renew energi island transmiss grid connect transmiss . seri hybrid dc system adopt hybrid structur line commut convert ( lcc ) modular multilevel convert ( mmc ) , make full use advantag lcc mmc . paper present oper control strategi hybrid dc system two oper mode , design startup strategi hybrid dc system differ oper mode send end . final , simul model establish pscad/emtdc verifi feasibl transmiss scheme effect control strategi . © 2022 ieee ."
2021,Water cycle driven only by wind energy surplus: Towards 100% renewable energy islands,Desalination,"paper studi increas share renew energi use sole stand-alon renew energi drive water cycl . case studi undertaken el hierro ( canari island , spain ) , island alreadi path becom 100 % renew energi island thank princip wind-hydro power plant cover around 60 % annual electr demand 2018 . island 's water cycl includ groundwat extract , seawat desalin water pump distribut , repres altogeth around 35 % annual electr demand island . idea investig possibl drive entir water cycl sole wind energi surplu . purpos , two scenario consid develop : one base exist decentralis water cycl , second altern centralis one , one modular revers osmosi desalin plant centralis water storag system . aim establish model adapt best intermitt energi sourc wind energi without convent backup system . result show scenario lead increas overal renew energi contribut island . moreov , centralis water model , special due centralis water storag system , allow higher contribut renew energi sourc , increas overal annual penetr . © 2021 author"
2021,ORION: Shaping shetland as the UK's first green energy Island,"Society of Petroleum Engineers - SPE Offshore Europe Conference and Exhibition 2021, OE 2021","orion ( opportun renew integr offshor network ) project launch april 2020 shetland island council ( sic ) ogtc form strateg partnership work energi hub concept highland & island enterpris ( hie ) , govern industri . strathclyd univers join may 2021 strateg partner . shetland critic ingredi clean energi provis signific onshor offshor wind tidal resourc ; strateg import hydrocarbon resourc ; establish oil ga infrastructur ; knowledg skill local workforc . aim orion threefold : - • enabl offshor oil ga sector transit net zero electrif , utilis initi onshor offshor wind , sustain thousand job secur suppli . • transform shetland 's current depend fossil fuel afford renew energi address fuel poverti improv commun wealth . • creat green hydrogen export busi shetland industri scale har offshor wind power creat new job . orion set sever ambiti target 2050 . includ abat 8mt/year co2 offshor oil ga product ; suppli 32twh low carbon hydrogen annual - 12 % uk expect requir ; gener 3gw wind . annual revenu gener project 2050 would around £5bn per annum provid sustain employ , local region , 1750 peopl . techno-econom screen current underway , sever individu opportun undergo concept feasibl analysi . orion project transform , local region scale , posit shetland one first green energi island uk . © 2021 , societi petroleum engin"
2022,An Asymmetric Control Strategy for Bipolar VSC-HVDC Connected Islanded New Energy,"Proceedings - 2022 IEEE International Conference on Energy Internet, ICEI 2022","background vigor develop new energi power gener technolog , photovolta , wind power , new energi power gener technolog develop continu . voltag sourc convert base high voltag direct current ( vsc-hvdc ) play import role transmiss technolog wide use large-scal new energi deliveri . reliabl flexibl bipolar structur adopt improv transmiss capac voltag level vsc-hvdc , howev , adopt tradit v/f control strategi bipolar vsc-hvdc system may lead instabl due control target posit neg pole . order realiz stabl oper bipolar vsc-hvdc system new energi island deliveri scenario , asymmetr control strategi v/f control adopt posit convert constant activ neg power ( p/q ) control neg convert propos . addit , power-balanc control approach , necessari balanc activ power posit neg pole propos paper . propos control strategi simul case new energi output power fluctuat ac fault , verifi control strategi keep power balanc posit neg pole show excel dynam characterist . © 2022 ieee ."
2021,Reducing the cost of maintaining the frequency stability using dc grid protection,SEST 2021 - 4th International Conference on Smart Energy Systems and Technologies,"paper quantifi oper cost maintain frequenc stabil scenario largest loss infe origin offshor grid . loss infe consid temporari , take advantag fast dc grid protect . power restor curv use defin impact protect stabil sensit analysi paramet perform . north sea base grid topolog show signific benefit use faster select protect . consequ , fs protect strategi recommend topolog . topolog chang consider impact cost mesh system restor power higher level highli cost effect . © 2021 ieee ."
2021,Techno-economic and environmental assessment of energy vectors in decarbonization of energy islands,Energy Conversion and Management,"decarbon transform power system go beyond integr larg share variabl distribut energi sourc ; impli understand increas flexibl need power system break barrier process transform passiv user activ particip futur low carbon energi system . unlock potenti final user transform distribut flexibl provid requir harmon oper new model associ energi commun . multi-vector energi commun ( mec ) provid flexibl option , enabl integr local energi gener empow energi island increas self-suffici resili extern impact . line , paper develop unifi mixed-integ linear program ( milp ) model mec rigor assess techno-econom perform differ combin energi sourc , vector consum . way , potenti differ mec provid flexibl increas util electr product local renew energi sourc assess . base result milp model , paper propos novel indic estim techno-econom environment potenti differ multi-energi vector decarbon energi island . case studi analysi compris eight scenario differ mec 's setup realist data island ærø denmark island vi croatia , captur also geograph specif . result show signific differ across differ mec set-up well geograph locat , result highlight : demand respons electr heat pump use batteri energi storag system provid stand-out energi potenc ensur self-suffici smallest capac electr product local renew energi sourc , come grow cost increas storag capac ; use import natur ga transit fuel could afford solut lead fulfil self-suffici environment goal ; hydrogen energi vector signific potenti , especi case season energi storag need cost still main barrier ; correl product consumpt pattern island ærø denmark favor wind energi , increas capac product solar plant favor island vi croatia . © 2021 elsevi ltd"
2022,UPCOMING CHALLENGES FOR THE CONSTRUCTION OF ENERGY ISLANDS IN THE NORTH SEA,WODCON XXIII Proceedings,"construct energi island north sea pose sever challeng develop , design marin contractor . paper , three concept consid small energi island . concept compar rel cost , co2 emiss construct construct . three concept judg technic feasibl , especi risk profil construct show signific differ . energi island 8 ha typic design three concept present volum materi involv calcul . volum basi construct analysi concept , associ risk delay due sever weather possibl measur reduc risk . construct challeng associ concept , rel cost co2 emiss construct support author develop select locat prefer concept energi island develop north sea . copyright © 2022 ceda ."
2022,Generation of energetic ions with non-Maxwellian energy distribution from a double-layer target irradiated by an ultra-intense laser pulse,Journal of the Korean Physical Society,"carbon ion proton double-lay target , copper foil coat polym exhibit non-maxwellian spectral shape , ultra-intens laser puls high tempor contrast ratio focus metal side target . spectral shape , show strong reduct low-energi ion , high-energi island , modul structur , differ typic thermal distribut usual obtain pure metal target laser acceler ion . case c6 + ion , high-energi island energi spread 0.5 mev/u observ , separ low-energi spectrum 0.2 mev/u . modul proton energi spectrum observ , lead secondari peak 2.2 mev/u addit peak low energi 1.5 mev/u . maximum energi obtain double-lay target laser intens 3 × 1020 w/cm2 3.4 mev/u c6 + ion 10 mev/u proton , higher obtain singl metal foil factor 1.7 1.3 , respect . spectral shape energi enhanc could account bulk electrostat field form metal-polym interfac multi-speci interact . result show spectral shape ion beam tailor adequ structur micrometer-thick target . © 2022 , korean physic societi ."
2022,Development and analysis of a solar-based offshore energy system for sustainable island communities,International Journal of Energy Research,"studi , solar-bas integr system design analyz thermodynam use first- second-law approach . sustain energi island concept develop meet energi commod demand emerg countri sustain manner . propos system util energi island concept solar energi main sourc provid electr , freshwat , hydrogen integr float photovolta system , parabol collector system , cu-cl cycl , multi-effect desalin unit , fuel cell unit sustain fashion . hydrogen-bas system use store energi chemic form compens time solar radiat avail . transient analysi carri realist determin perform propos system case studi northern cypru consid annual electr demand . propos system averag achiev overal energi effici 14.06 % overal exergi effici 14.61 % produc total 7.1 ton/h hydrogen , total 115.4 ton/h freshwat , total 362.4 mwp electr , respect . © 2022 john wiley & son ltd ."
2021,DRU based low frequency AC transmission scheme for offshore wind farm integration,IEEE Transactions on Sustainable Energy,"low frequenc ac ( lfac ) technolog found competit solut offshor wind farm integr . articl propos lfac system hybrid onshor back-to-back ( btb ) convert , diode-bas rectifi unit ( dru ) modular multilevel convert ( mmc ) base invert adopt . , articl also propos correspond control strategi offshor wind turbin , dc link voltag control implement machin side convert , ac voltag offshor grid control grid side convert base fix refer frame . small signal analysi whole system carri base equival circuit , small-sign stabil proven calcul eigenvalu . system respons typic oper condit investig time-domain simul pscad . thu , feasibl propos scheme verifi . © 2010-2012 ieee ."
2022,Implementation of energy management in hybrid renewable energy island systems using soft computing techniques,International Journal of Power Electronics,"microgrid-bas energi manag system ( em ) design implement paper manag energi balanc renew resourc load , i.e. , supply-demand balanc energi . wind energi gener done pmsg use method vector control synchron gener . , investig model control state charg ( soc ) -base batteri manag system ( bm ) microgrid autonomous/island mode present form aggreg batteri model . sinc bm critic maintain optimum perform batteri henc , batteri system design present work . result compar studi propos mppt techniqu , i.e. , csa , ann , flc convent p & use matlab/simulink term accuraci , electr power effici , duti cycl , dc link voltag , load power propos techniqu present present work . work propos em hybrid pv-wind-batteri system verifi simul result use variou control algorithm . © 2022 indersci publish . right reserv ."
2022,Modelling and analysis of offshore energy hubs,Energy,"clean offshor energi hub may becom pivot effici offshor wind power gener distribut . addit , offshor energi hub may provid decarbonis energi suppli maritim transport , oil ga recoveri , offshor farm , also enabl convers storag liquefi decarbonis energi carrier export . paper , role offshor energi hub investig transit offshor energi system toward zero-emiss energi suppli . mixed-integ linear program model develop invest plan oper optimis achiev decarbonis minimum cost . consid offshor wind , solar , energi hub subsea cabl . sensit analysi conduct co2 tax , co2 budget capac power shore . result show : ( ) hard carbon cap necessari stimul zero-emiss offshor energi system , ( b ) offshor wind integr power shore halv current emiss , offshor energi hub storag may necessari zero-emiss product , ( c ) certain co2 tax level , system offshor energi hub potenti reduc co2 emiss 49 % energi loss 10 % , compar system offshor renew , ga turbin power shore . © 2022 author ( )"
2021,The EPLANopt model for Favignana island's energy transition,Energy Conversion and Management,"energi cost , carbon dioxid emiss , secur suppli system stabil common challeng small island world . european union identifi island perfect site implement innov solut boost energi transit toward sustain , independ , secur low carbon energi system . framework , energi plan indispens tool optim design futur energi system select proper renew energi sourc well optim flexibl strategi electr energi storag sector coupl solut . energi system model repres one use method energi plan ; inde , energi model enabl simul real energi system function well oper cost . nevertheless , mani research use multi-object optimis appli insular case studi . paper , eplanopt model appli case studi favignana island order investig optim configur island energi system 2050 multi-object analysi . order appropri analys case studi non-interconnect island , addit constraint analys preliminari consid system stabil . model use evalu differ energi mix , base high penetr renew , consid sever solut handl excess electr product ( name , electr energi storag , power heat power transport solut ) improv overal energi effici ( i.e . solar collector heat pump ) . result show sector coupl solut would lead much greater impact term carbon avoid econom save manag non-dispatch renew gener maintain critic excess electr product within feasibl valu . result show favignana inde bet photovolta vehicle-to-grid strategi larg adopt need electr storag strongli reduc . © 2021 elsevi ltd"
2021,Research on Flexible Parallel/Off-grid Control Technology of Daily Inverter Power Supply System Based on Ship DC Network,"RASSE 2021 - IEEE International Conference on Recent Advances in Systems Science and Engineering, Proceedings","daili invert power suppli system ship dc network connect ship daili load shore power grid daili load convert . ship dc net daili invert power suppli system connect / disconnect shore power grid , produc impuls current impuls voltag moment connect / disconnect . moreov , ship dc network parallel / complex process multipl oper condit multipl work mode . previou studi taken account . one control strategi use process parallel / off-grid , difficult achiev good result . paper , flexibl parallel / off-grid control technolog daili invert power suppli system studi accord variou work state daili load convert ship dc network . technolog adopt differ control strategi differ period stabil impuls voltag impuls current moment parallel / grid . final , effect control method verifi build simul model . simul result show voltag distort suppress ad synchron control ; introduct grid connect control allevi impact current moment grid connect . accord differ work condit ship dock / offshor grid connect process , synchron control grid connect control adopt time-shar , realiz smooth connect / separ dc network electr propuls ship shore power . © 2021 ieee ."
2022,OFFSHORE ENERGY HUBS IN THE DECARBONISATION OF THE NORWEGIAN CONTINENTAL SHELF,Proceedings of the International Conference on Offshore Mechanics and Arctic Engineering - OMAE,"paper studi invest plan decarbonis norwegian continent shelf energi system consid connect interfac european energi system . multi-horizon stochast mixed-integ linear program model develop problem . consid short-term uncertainti , includ wind solar capac factor , energi load , platform product profil , hydro power product limit . hydrogen base energi hub consid onshor offshor potenti renew power gener , distribut storag . futur hydrogen market demand includ model . result multi-period plan toward 2050 show : ( ) offshor energi hub essenti wind power gener , convers distribut hub , ( b ) combin offshor wind power shore may cost-effici pathway cut emiss norwegian continent shelf , ( c ) total 1.6 gw offshor wind may need achiev near zero emiss norwegian continent shelf energi system , 80 % may ad first invest period ( ) offshor grid design import decarbonis distribut wind power effici ; five offshor platform cluster connect least three cluster 2040 , fulli connect 2050 . copyright © 2022 asm ."
2022,Analysis of Principal Factors on Energy Consumption of Expressway Service Buildings,Energies,"commerci transport complex , expressway servic build larg passeng flow poor energy-sav effect , becom focu energi conserv emiss reduct effort transport field . time , particular function determin within scope municip support facil , render typic energi island-typ build . paper take expressway servic build cold area research object , carri correl partial correl analysi factor influenc oper energi consumpt air-condit system . analysi factor affect energi consumpt expressway servic build oper period , consid servic build form heat cool air condition , paper choos repres “ refriger period ” obviou degre influenc . time , oper period , ontolog characterist determin accord analysi result , outdoor meteorolog characterist main factor affect energi consumpt expressway servic build . includ dri bulb temperatur horizont plane solar irradi index , well indoor comprehens environ paramet : temperatur , co2 concentr index , indoor personnel densiti index . base analysi , low energi consumpt oper strategi air-condit system propos . result articl great signific construct energi consumpt model expressway servic build adopt low energi consumpt strategi . © 2022 author . license mdpi , basel , switzerland ."
2022,Can Frequency Be Used to Achieve Communication-Less Primary Control in Photovoltaic-Storage Islanded Microgrids?,"2022 Workshop on Blockchain for Renewables Integration, BLORIN 2022","new energi scenario renew energi sourc play central role especi energi island concern . particular , energi island without synchron gener , exampl photovolta storag , major interest one aim sustain transit system . microgrid structur grid-form grid-feed invert need properli manag order cope featur usual provid main power grid , i.e . frequenc voltag regul . paper want provid analyt demonstr even no-inertia island , system frequenc still suitabl signal provid frequenc regul thu guarante power balanc primari frequenc regul without need addit commun among gener unit . © 2022 ieee ."
2022,Integrated Control Strategy Supporting the Optimal Management of a 3-kW Vanadium Redox Flow Battery: a Case Study for an Islanded DC Microgrid,"2022 IEEE Energy Conversion Congress and Exposition, ECCE 2022","paper present integr control strategi decarbon island dc microgrid includ one micro ga turbin ( mgt ) , organ photovolta system , wave energi convert vanadium redox flow batteri servic upstream auxiliari load off-shor oil rig . optim energi manag system propos control microgrid power flow object minim co2 emiss support mgt exploit flexibl control specif storag technolog achiev high effici larg energi capac . novelti reli mix use techniqu , typic energi system plan primari control , current grid studi oper 2 mgt provid comprehens solut verifi decarbon servic near futur , along econom . © 2022 ieee ."
2022,Deposition of Co islands on Cu(111) and Cu–Al(111): A comparative study from DFT calculations,Vacuum,"growth behavior , stabil magnet moment co island cu ( 111 ) surfac cu–al ( 111 ) alloy surfac compar mean densiti function theori calcul . similar case pb-precov cu ( 111 ) , found diffus co adatom cu–al ( 111 ) lower cu ( 111 ) , could suppress agglomer co atom cu–al ( 111 ) . behavior could explain differ electron structur surfac atom cu ( 111 ) cu–al ( 111 ) . co adatom deposit one monolay co island descend co edg step substrat terrac via push-out/exchang mechan favor direct hop surfac , push-out/exchang descent favor cu–al ( 111 ) cu ( 111 ) similar “ schwoebel-ehrlich ” barrier larger exotherm reaction energi . island format energi calcul suggest layer-by-lay growth mode favor co island deposit cu–al ( 111 ) cover co film cu ( 111 ) . agreement experi , layer-by-lay growth identifi co island cu–al ( 111 ) , suggest perfect wet cu–al ( 111 ) co. calcul show al impur cu ( 111 ) enhanc stabil magnet moment co island , may shed light co/cu– ( 111 ) potenti applic magnet hyperthermia treatment . © 2021 elsevi ltd"
2022,THE CAPCITY MARKET AS A NEW MECHANISM OF SETTLEMENTS IN THE POWER SYSTEM; [WYDZIELONE STRUKTURY W ZDECENTRALIZOWANYM SYSTEMIE ELEKTROENERGETYCZNYM],Rynek Energii,"one trend observ modern power system gradual decentr , larg result grow role distribut gener evolut consum toward prosumer . role local balanc grow need creation local organiz structur aim separ part power infrastructur . rais technic also organiz , legal econom challeng . separ organiz structur function variou form : small produc system separ energi microsystem ( cooper , cluster energi `` island '' ) . articl describ problem cooper select energi microsystem power system . © 2022 , kaprint . right reserv ."
2021,Overview of sources of microgrids for residential and rural electrification: A panorama in the modern age,Residential Microgrids and Rural Electrifications,"microgrid oper independ primari energi distribut network ( island ) synchron primari energi distribut network . microgrid small-scal electr network often power combin solar , wind , biomass energi provid reliabl green energi , though may use fossil fuel energi resourc . microgrid move energi respons peak trough suppli demand , result interrupt power suppli . microgrid base viabl model microgener distribut renew sourc energi storag energi manag system strateg theme lead break paradigm . technolog meet requir constitut independ electr system configur kind `` energi island . '' gener , storag consumpt work connect distribut network . microgrid design seek integr distribut gener sourc , solar photovolta wind energi , effici electr grid improv energi qualiti avail level . microgrid gener unit local , base renew sourc energi storag unit , allow oper isol , local resourc , connect electr grid compani 's energi concessionair . chapter aim provid updat overview sourc microgrid technolog , show fundament disrupt technolog , incorpor solar energi energi photovolta cell , brief bibliograph background featur potenti technolog . © 2022 elsevi inc. right reserv ."
2018,A mechanism for allocating benefits and costs from transmission interconnections under cooperation: A case study of the North Sea offshore grid,Energy Journal,"propos gener mechan alloc benefit cost result develop intern transmiss interconnect cooper agreement . mechan base plan model consid gener invest respons transmiss develop , shapley valu cooper game theori . method provid uniqu alloc benefit cost consid countri 's averag increment contribut cooper agreement . alloc satisfi axiomat definit fair . demonstr result three plan transmiss interconnect north sea show propos mechan use basi defin set power purchas agreement among countri . achiev desir final distribut econom benefit cost transmiss interconnect countri trade power time . also show , case , propos alloc stabl . copyright © 2018 iaee . right reserv ."
2020,FRT Dynamic Analysis and Stability Enhancement of MMC-HVDC Connected Offshore Wind Farms Employing Voltage Drop Control,IET Conference Proceedings,"voltag drop method gener accept fault ride-through ( frt ) control vsc-hvdc connect offshor wind farm . howev , may lead dc-link voltag fluctuat deterior dynam stabil . paper reveal phenomenon first time analys coupl mechan . instantan power mmc arm phase unit deriv indic dc current compon induc offshor voltag drop lead fundamental-frequ rippl dc-link voltag . two avail intern control scheme present mmc station improv frt dynam stabil suppress dc-link fluctuat . simul result show present energy-bas method suppress fluctuat dc-link voltag effect improv stabil offshor grid frt period . © 2020 institut engin technolog"
2020,Optimal generation and transmission development of the North Sea region: Impact of grid architecture and planning horizon,Energy,"— european union push achiev sustain , competit secur energi suppli europ . translat signific long-term renew energi target toward 2050 , ambit improv european grid . larg share develop expect occur north sea . paper investig transmiss architectur benefici integr larg share renew energi north sea region , consequ plan horizon plan system toward 2050 analys . achiev perform invest optimis gener transmiss differ scenario . found : 1 ) integr offshor grid configur plan long plan horizon lead cost minim ; 2 ) grid topolog like influenc penetr variabl renew energi , affect contribut variabl renew energi type system cost ; 3 ) take futur account develop energi system like lead expens system . result remark import long-term plan horizon energi system grid expans call polit focu plan intern cooper . © 2019 elsevi ltd"
2019,Toward a 100% renewable island: A case study of Ometepe's energy mix,Renewable Energy,"despit gener signific renew energi potenti , island tend depend import fossil fuel volatil price . paper aim provid technic input reorgan energi plan ometep island . result wind solar resourc assess indic wind power densiti 147 w/m2 178 w/m2 elev 80 120 , respect , irradi level 5.3 kwh/m2/day . estim wind lcoe significantli lower current diesel plant oper price . photovolta system probabl becom cost-effect 15 year non-subsid end custom . howev , would necessari store energi phase diesel gener , analys conduct determin possibl pumped-storag hydro plant . annual bioga potenti estim ∼550,000 nm3 , conjunct electr stove , could use replac fuel cook . electr buse option replac current diesel-run public buse , advantag financi condit reorgan bu schedul would requir . also , street light program found cost-effect . renew energi transform island might act role model energi transit nicaragua . © 2018 elsevi ltd"
2018,Tuning of cascaded controllers for robust grid-forming voltage source converter,"20th Power Systems Computation Conference, PSCC 2018","origin grid , energi deliv electr load mainli synchron machin . main rule manag grid base electromechan behavior machin extens studi mani year . due increas hvdc link renew energi sourc wind turbin pv , power convert massiv introduc grid fundament differ dynam behavior . year ago , connect simpl power injector . , ask provid ancillari servic grid , futur , grid form capabl requir . even grid-form convert extens studi microgrid offshor grid , adapt transmiss grid topolog may larg modifi . paper present algorithm calcul control paramet grid-form convert guarante stabl behavior mani differ configur grid . © 2018 power system comput confer ."
2019,"A Methodology for Energy Planning in Small Mediterranean Islands, the Case of the Gozo Region",SyNERGY MED 2019 - 1st International Conference on Energy Transition in the Mediterranean Area,"mediterranean island heavili depend fossil fuel deal specif problem small-scal gener electr , high distribut cost underutil renew energi sourc ( re ) potenti . challeng result high energi cost co2emiss . order promot shift toward cleaner energi system , island invest re smart solut sustain energi suppli . present studi examin feasibl re introduct maltes energi system . research firstli assess island 's re potenti , environment constraint energi consumpt . secondli , analys feasibl increas re penetr local energi grid mean energyplan softwar . outcom simul energi scenario consid differ energi mix layout environment technic constraint . lastli , studi analys possibl achiev ambiti target 100 % re share . © 2019 ieee ."
2019,Kriegers flak combined grid solution - Novel double use of offshore equipment,IET Conference Publications,"krieger flak combin grid solut ( kf cg ) commerci oper earli 2019 . major novelti project combin exist schedul offshor wind power grid-connect system interconnector two countri , germani denmark . project shall use equip offshor wind power transmiss interconnector order util remain transmiss capac electr market fulli util infe wind energi . kf cg compris platform three wind farm ( danish krieger flak german baltic 1 & baltic 2 , total 966 mw product capac ) , respect cabl connect toward shore well connect offshor platform baltic 2 krieger flak wind farm hvdc back-to-back ( hvdc btb ) convert german shore . hvdc btb need establish asynchron interconnect two synchron area continent europ ( germani ) nordic ( denmark east ) . © 2019 institut engin technology.al right reserv ."
2018,North sea offshore grid - Effects of integration towards 2050,"International Conference on the European Energy Market, EEM","purpos eu energi polici provid 'secur , afford sustain energi suppli ' , reli integr electr market , secur suppli , clean energi . practic mean ambiti long term renew energi target eu 2030 2050 ambit improv energi grid across europ . signific share renew energi develop eu expect take place north sea . cope larg share variabl renew energi north sea call ambiti develop transmiss capac interconnect north sea countri . analys kind grid infrastructur support renew gener develop effici : integr approach , convent individu solut . find earli develop transmiss grid integr configur offer cost-effici solut lead decreas electr price countri except norway . © 2018 ieee ."
2019,On the black start of offshore wind power plants with diode rectifier based HVDC transmission,"2019 21st European Conference on Power Electronics and Applications, EPE 2019 ECCE Europe","paper attempt detail comparison solut black start offshor wind power plant diod rectifi base hvdc transmiss . major challeng control requir ensur black start oper explain follow brief review exist capabl wind gener . variou solut survey part studi present along detail comparison . moreov , case studi simul , support calcul highlight power requir offshor grid black start , enabl assess black start solut discuss . © 2019 epe associ ."
2020,'Urban Lab City': Investigating the Role of Built Form on Air Quality and Urban Microclimates- City of London Case Study,"PLEA 2020 - 35th PLEA Conference on Passive and Low Energy Architecture Planning Post Carbon Cities, Proceedings","report preliminari find pilot project titl 'urban lab citi ' . project investig influenc built form air qualiti ( nitrogen dioxid ) daytim air temperatur citi london . studi employ network 80 diffus tube instal along network street form transect complex urban set . street network also part 'urban climat walk ' , use teach urban climatolog previous use measur aspect microclim . result show dimens layout build ( built form ) signific influenc outdoor environ . research present form part seri connect project aspect urban sustain focu build group rather individu build . togeth project demonstr build energy-island dynam relationship wider environ . © 2020 plea 2020 - 35th plea confer passiv low energi architectur plan post carbon citi , proceed . right reserv ."
2018,Design and optimization of a power hub for brazilian off-shore oil production units,"ECOS 2018 - Proceedings of the 31st International Conference on Efficiency, Cost, Optimization, Simulation and Environmental Impact of Energy Systems","worldwid trend reduc greenhous gase emiss encourag research studi effici solut divers sector , includ oil ga industri . offshor unit energ redund equip oper low load , turn energi consumpt ineffici increas environment impact . work aim identifi optim design ga steam turbin combin cycl tailor offshor oil product applic . brazilian pre-salt basin taken case studi improv oper effici reduc co2 emiss float oil product unit . idea concentr power suppli float power plant , compos combin cycl power block . model develop , integr design ga turbin , heat recoveri steam gener ( singl pressur doubl pressur ) , steam turbin condens . genet algorithm appli two optim approach , single-object multi-object . three paramet evalu : equip purchas cost , thermal effici total weight . result multi-object optim indic dual-pressur arrang steam cycl , featur 3 ga turbin , 1 hrsg 1 steam cycl , could attract design solut power hub . arrang low cost weight , thermal effici maintain reason high level ( around 53.2 % ) . moreov , result indic introduc power hub , co2 emiss may reduc 18.7 % 27.2 % compar convent fpso design . © 2018 univers minho . right reserv ."
2021,Point-To-Point Low-Frequency AC Transmission of Offshore Wind Power Using Voltage Source-Based AC/AC Converter,Lecture Notes in Electrical Engineering,"paper approach altern way transmit wind power low-frequ ac ( lfac ) mode offshor grid onshor grid . onshor station , voltag sourc convert ( vsc ) -base ac/ac convert implement studi . replac cyclo-convert connect wind power weak grid even passiv network . wherea cyclo-convert limit connect stiff grid . approach give competit option vsc high voltag dc ( hvdc ) regard multi-termin hvdc network problem transmiss distanc power transfer improv use lfac ( 1/3 nomin frequenc ) approach . also facilit independ control ac voltag activ power requir . requir filter also decreas normal line commut convert ( lcc ) -base cyclo-convert . , wind power lfac interfac type ac network use vsc-base ac/ac convert . © 2021 , springer natur singapor pte ltd ."
2017,Review on DC collection grids for offshore wind farms with high-voltage DC transmission system,IET Power Electronics,"tradit , network composit offshor wind farm consist altern current ( ac ) grid ; output wind-energi convers unit ( wecu ) wind farm aggreg ac bu . wecu includ : wind-turbin ( wt ) , gener power transform . dc collect grid , output wecu aggreg dc bu . transform wecu replac convert compact smaller size compar transform , thu simplifi wind farm structur . use ac offshor grid instead dc offshor grid mainli motiv avail protect devic . effici solut protect dc grid alreadi address . present , oper dc wind-farm , small-scal prototyp investig worldwid . therefor , suitabl configur dc collect grid , practic verifi , avail yet . studi discuss main compon requir dc grid includ : wt-gener model , control protect method , platform structur , feeder configur . key compon dc grid convert ; therefor , studi also review topolog convert suitabl dc-grid applic . © 2017 . institut engin technolog ."
2019,Modeling of multiterminal HVDC offshore grids with renewable energy and storage integration by opensource tools,"2019 Offshore Energy and Storage Summit, OSES 2019","increas offshor wind penetr level , secur flexibl offshor electr transmiss system need ensur secur suppli onshor user . consid long distanc electr power transmiss , hvdc grid base modular multilevel convert ( mmc ) solut present futur larg scale offshor wind integr . hvdc grid develop larg complex system , dynam analys use gain knowledg interact differ compon grid . paper use open sourc tool openmodelica model environ demonstr potenti tool model hvdc system . three-termin hvdc system offshor wind energi storag integr implement openmodelica , dynam system investig four simul case . main focu paper dynam oper relat hvdc system . simul result show mmc improv rapid power fluctuat use intern storag capabl , extern energi storag system provid constant power flow extens period , addit improv oper hvdc system . model use paper made publicli avail anyon purpos , includ futur studi larger hvdc grid . © 2019 ieee ."
2018,A generic framework for power system flexibility analysis using cooperative game theory,Applied Energy,"electr grid infrastructur provid valuabl flexibl power system high share variabl suppli due abil distribut low-cost suppli load center ( spatial ) , addit interlink varieti suppli demand characterist potenti offset other neg impact system balanc ( tempor ) . paper , present framework investig benefit altern flexibl provid , fast-ramp ga turbin , hydropow demand side manag , use gener transmiss capac expans plan model . demonstr find multin case studi north sea offshor grid infrastructur typolog year 2016 oper data year 2030 – consid rang renew capac level span 0 % 100 % . first , show differ flexibl provid alloc geograph model . second , oper cost save quantifi per increment unit flexibl capac . final , present way rank differ flexibl provid consid margin contribut aggreg cost save , reduc co2 emiss , increas util renew energi sourc system . shapley valu cooper game theori allow us assess latter benefit account possibl sequenc technolog deploy , contrast tradit approach . present framework could help gain insight energi polici design risk assess . © 2017 elsevi ltd"
2020,Risk and security practices: Experiences from the e-land project,Proceedings of the 30th European Safety and Reliability Conference and the 15th Probabilistic Safety Assessment and Management Conference,"increas avail renew energi sourc high expect end-us regard energi depend forc re-think full potenti energi suppli releas . e-land european project concept develop servic bu applic enabl energi island optim manag energi product consumpt , focus commun end-us ’ need instead address system oper ’ requir . new organ energi market , risk ownership devic energi cost share energi island , grid owner energi supplier . support energi island new role , e-land final product must add risk manag energi . therebi , risk assess perform ensur concept , solut , applic deliv e-land safe , secur , reliabl . paper describ project risk manag e-land project give exampl futur potenti user , best practic access , commun manag project risk multi-disciplinari intern partner . e-land solut need collect data user , articl also address risk regard privacy/secur , particular risk understood commun mitig ensur final product agreement standard . © esrel2020-psam15 organizers.publish research publish , singapor ."
2019,"Understanding the social dynamics of consumer energy choices - Some lessons learned from two H2020 projects (ECHOES, SMARTEES)",Eceee Summer Study Proceedings,"paper present analys base data two h2020 project coordin author . echo , energi choic consum studi multilevel perspect , includ particularli question , choic frame group choic ( e.g. , choic peopl live particular region , citi countri ) differ choic frame individu choic . result repres multin survey 18,000 respond conduct eu member state plu switzerland , turkey , norway present . survey , onlin experi conduct manipul predictor energi save behavior introduc choic connect peopl region , countri , european union . analys show intent support energi transit energi save behavior impact degre person embrac environment ident , feel moral oblig ( person norm ) , feel individu efficaci , also social norm degre identif peopl respect geograph entiti ( municip , countri , eu ) . citizen differ countri differ strongli degre identifi municip eu relat countri degre strong perceiv social norm individu efficaci municip countri relat eu . wherea identif eu usual rather low countri , social norm save energi experienc stronger eu level lower level . also , efficaci perceiv higher eu level . find supplement preliminari find smarte project , studi diffus five type social innov energi ( inclus mobil plan , energi autonom island , introduc car-fre “ superblock ” citi , citi quarter revit energi effectiv , fight fuel poverti participatori energi effici plan ) . paper , first find ongo social network analys social innov case present , outlin key actor innov case - underlin import function commun , interact decision-mak group . two case select ( danish “ energi island ” samsø swedish eco-neighbourhood augustenborg malmö ) . case , becom obviou success social energi innov requir collabor complex network actor sit key posit social network . long term restructur local societi requir individu abil engag larger fraction divers network differ actor . across project , paper make strong case studi consumer-driven energi choic toward energi suffici innov social system perspect , rather technolog overli individualist perspect . © 2019 european council energi effici economi . right reserv ."
2019,Multi-vector energy optimization tools for energy islands,"2019 IEEE Milan PowerTech, PowerTech 2019","synergi multipl energi vector support decarbon local energi island , time , reliev stress electr grid . multi-vector energi system offer flexibl integr variabl econom local energi gener . howev , implement oper multi-vector energi system face technic , societ business-rel challeng . paper identifi challeng propos differ tool tackl . tool develop e-land project fund european union h2020 scheme . special focu paper develop method optim plan oper multi-vector grid consid robust . anoth novelti technic tool lie make schedul decis long-term short-term storag consid demand respons flexibl resourc . combin technolog , societ busi tool , project expect creat multi-vector energi system accept citizen viabl busi model . © 2019 ieee ."
2019,Towards 100% renewable energy islands: The role of the water cycle,"ECOS 2019 - Proceedings of the 32nd International Conference on Efficiency, Cost, Optimization, Simulation and Environmental Impact of Energy Systems","el hierro island ( canari island , spain ) becom refer 100 % renew energi island . gorona del viento wind-hydro power plant alreadi cover around 60 % annual electr demand ( 2018 ) , often hit peak 100 % . context , energy-wat nexu one pillar becom 100 % renew energi island . water resourc manag , includ groundwat extract , seawat desalin , water pump distribut , repres around 35 % annual electr demand island , clear sign interdepend energi water . context , aim studi propos strategi increas share renew energi suppli water cycl load wind energi . potenti surplu wind energi estim , conclud wind product could theoret increas 28 % ( wind energi current produc ) . therefor , scenario propos suppli whole water cycl ( groundwat extract , seawat desalin , pump distribut ) wind energi propos strategi need guarante water suppli whole year . accord result , coupl wind energi water cycl contribut better integr intermitt renew energi gener also decarbon desalin sector . © 2019 effici , cost , optim , simul environment impact energi systems.al right reserv ."
2019,Coordinated voltage and reactive power control scheme of HVAC meshed offshore grid of offshore wind power plant at Kriegers flak,IET Conference Publications,"krieger flak combin grid solut ( kf cg ) first hybrid-asset project util offshor hvac/hvdc interconnector alreadi establish under-commiss larg offshor wind power plant east denmark germani baltic sea . total , kf cg util 520 km hvac cabl , , danish side , 200 km 220 kv cabl arrang mesh offshor transmiss grid . cabl approach critic length , reactiv power gener depend activ power transfer . danish side , control realiz automat voltag reactiv power control ( avr/rpc ) sever switchabl variabl reactor transform tap-posit control , wind power plant control ( wppc ) . german side , voltag control achiev hvdc back-to-back wppc part optim power flow ( opf ) master control interconnector oper ( mio ) . paper introduc overal control kf cg present propos coordin voltag reactiv power control asset danish side kf cg interconnector . © 2019 institut engin technolog . right reserv ."
2018,Estimation of investment model cost parameters for VSC HVDC transmission infrastructure,Electric Power Systems Research,"invest model cost paramet vsc hvdc transmiss infrastructur continu associ high uncertainti valid remain crucial challeng . thu , key object analysi identifi new cost paramet set provid better invest cost estim current avail cost paramet set . paramet estim base previous conduct review invest model cost paramet includ collect exist cost paramet set project cost refer data . use particl swarm optimis , overal error function review 's evalu methodolog minimis obtain optim paramet set . result show , howev , optimis paramet set far realist use , improv overal error function develop . effect penalis neg near-zero cost paramet coeffici , new overal error function deliv realist well-perform cost paramet set minimis . fact , new paramet set produc better cost estim back-to-back , interconnector , offshor wind connect project exist cost paramet set . therefor , valuabl contribut shall consid futur grid invest analys involv vsc hvdc technolog . © 2018 elsevi b.v ."
2018,Expansion planning of the North Sea offshore grid: Simulation of integrated governance constraints,Energy Economics,"develop offshor transmiss wind power gener north sea europ advanc fast , signific barrier integr offshor grid region . offshor grid multi-level , multi-actor system requir govern decision-mak approach , current proven govern framework , expans plan european power system gener . addit , exist offshor expans plan model endogen includ govern consider , countri veto integr line . develop myopic mixed-integ linear program model offshor gener transmiss expans plan studi effect integr govern constraint . constraint limit invest integr line : non-convent line link offshor wind farm countri farm . constraint affect system ( includ main transmiss corridor ) , transmiss technolog welfar distribut differ . appli model long-term case studi 2030–2050 offshor expans pathway use data e-highway2050 project . result confirm offshor grid benefici societi . integr govern constraint induc modest loss social welfar , chang significantli exist welfar distribut asymmetri countri actor group . strongli affect interact line technolog type ( convent integr ) , impact integr govern constraint visibl grid topolog welfar level distribut . highlight need consid technolog type interact expans plan , especi multitermin hvdc integr transmiss line . also , offshor govern framework address use multitermin hvdc non-integr grid , second-best option compar integr grid . © 2018 author"
2017,Cluster-based DC grid control strategies applied to a European offshore grid scenario,"2017 52nd International Universities Power Engineering Conference, UPEC 2017","paper present novel cluster-bas approach oper control multitermin offshor high-voltag dc ( hvdc ) grid equip voltag sourc convert ( vsc ) technolog . convent optim power flow algorithm ac transmiss system focu minim gener cost , wind forecast uncertainti futur bulk power transfer preset contract transmiss system oper requir new concept control futur offshor multitermin dc ( mtdc ) grid . base alreadi instal futur plan offshor wind farm north sea , power gener wind farm one time step use specif wind power curv includ limit avail , wake effect dynam shut well method alloc wind power plant hvdc offshor convert station outlin . sequenti newton raphson acdc power flow algorithm develop cluster mtdc grid differ zone assur export power wind farm cluster differ control market area . two main control object mtdc grid oper minimum grid transmiss loss fulfil guarante power transfer specif market area . provid proof overal applic , acdc power flow simul carri special develop futur european offshor grid scenario use real forecast offshor wind speed data . © 2017 ieee ."
2019,Planning a meshed HVDC offshore grid in the North Seas,CIGRE Science and Engineering,"mani region world , offshor wind energi expect becom major energi resourc upcom decad . case european north sea , 205 gw instal offshor wind park expect develop 2050 accord ambiti scenario . transfer offshor wind energi shore , dedic network infrastructur requir . signific part wind energi also locat far shore , use hvdc technolog probabl requir . thank ongo develop hvdc breaker technolog relat protect system , mesh hvdc offshor grid link offshor wind park onshor grid differ countri develop . sever studi alreadi demonstr develop grid north sea bring substanti benefit . grid use evacu offshor wind energi , also exchang power differ north sea ’ countri possibl benefit support stabil onshor ac grid . purpos paper present result prefeas studi mesh offshor hvdc grid north sea look econom technic feasibl , carri context european h2020 project “ promot ” . prerequisit prefeas studi definit set technic criteria need fulfil mesh hvdc offshor grid . plan criteria well defin onshor grid ( e.g . n-1 secur criterion ) , case offshor grid : standard guidelin plan grid . paper begin thu draft set plan criteria offshor grid , base review plan criteria onshor grid , connect offshor wind farm hvdc interconnector . furthermor , uniqu way develop european offshor grid . sever strategi develop possibl feasibl , could consequ lead differ offshor grid structur ( topolog ) . challeng depend strategi appli . paper develop possibl “ concept ” futur offshor grid . final , two specif concept analys detail , develop correspond grid structur time period 2020-2030 , analys correspond cost benefit . © 2019 , cigr . right reserv ."
2018,Substations for offshore wind farms: A review from the perspective of the needs of the Polish wind energy sector,Bulletin of the Polish Academy of Sciences: Technical Sciences,"offshor renew energi , particular offshor wind energi sector , still develop mani countri around world . wind offshor project character need build offshor electr power transmiss infrastructur . offshor substat key element submarin electr power transmiss system . due environment condit , offshor substat construct indoor facil locat platform . depend offshor wind farm capac , variou solut platform substructur design use substat . numer econom technic analys indic signific potenti develop offshor wind energi poland . 2030 , potenti set 6 gw instal capac , take account 2.2 gw power includ connect agreement conclud . main object paper present prospect develop offshor wind energi poland , describ variou offshor substat solut differ aspect substat oper . offshor wind energi resourc power capac also present . moreov , solut offshor substat platform , electr equip layout , function offshor substat power system offshor substat design describ . © 2018 de gruyter open ltd. right reserv ."
2020,Steady-state Operation Area of VSC-HVDC Converter Station Connecting Renewable Energy Cluster by Isolated Network,E3S Web of Conferences,"large-scal renew power island connect vsc-hvdc transmiss system , figur steady-st oper area vsc-hvdc convert station . base equival model renew energi island , constraint vsc-hvdc convert station analyz , fast method calcul steady-st oper area convert station present paper . influenc equival line imped renew energi island , transform ratio convert station voltag set valu grid-connect point steady-st oper area convert station analyz . three-dimension view steady-st oper area convert station differ grid-connect voltag depict . © 2020 author , publish edp scienc ."
2018,Economic and environmental benefits from integrated power grid infrastructure designs in the North Sea,Journal of Physics: Conference Series,"north sea offshor grid ( nsog ) consid import contributor toward large-scal integr renew electr market coupl . differ typolog studi multin power grid , rang radial point-to-point connect integr mesh typolog . artifici island enabl high level integr offshor wind power transnat trade due economi scale . paper present multipl case studi power link island ( pli ) vision tennet doggerbank area . result demonstr capabl island could add signific valu system result effici use geograph spread , cost-effici resourc . howev , depend futur level grid integr gener mix , ad valu pli vari e0.15bn e20bn . consequ , could result 18 % effici util renew resourc , primarili offshor wind , signific reduct co2 emiss . © publish licenc iop publish ltd ."
2019,Optimal dispatch of hybrid energy islanded microgrid considering V2G under TOU tariffs,E3S Web of Conferences,"order achiev prospect econom effect renew energi gener vehicl grid ( v2g ) , paper propos optim dispatch method wind-pv-batteri microgrid consid v2g time-of-us ( tou ) tariff isol commun remot island mountain area . cooper dispatch strategi optim dispatch model present total oper cost minim higher util renew energi gener . final , simul result show propos method effect feasibl . © 2019 author , publish edp scienc ."
2019,Impedance-based analysis of harmonic instabilities in HVDC-connected Offshore Wind Power Plants,International Journal of Electrical Power and Energy Systems,"hvdc-connect offshor wind power plant ( owpp ) larg number power convert prone instabl due interact convert control . paper analyz harmon instabl owpp connect hvdc due interact offshor hvdc convert wind turbin convert . impedance-bas model use repres detail owpp fully-r convert base wind turbin , includ offshor hvdc convert , wind turbin convert , submarin cabl transform offshor ac grid . harmon stabil evalu grid connect point offshor hvdc convert wt grid side convert . result , influenc paramet convert control system offshor grid configur harmon reson frequenc stabil condit analyz depth sensit analysi . activ damp implement feed-forward control coordin convert mitig harmon instabl . exampl harmon instabl activ damp applic valid time domain simul pscad/emtdc . © 2018 elsevi ltd"
2019,Fault Ride-Through of Fractional Frequency Offshore Wind Power System Based on Modular Multilevel Matrix Converter,APAP 2019 - 8th IEEE International Conference on Advanced Power System Automation and Protection,"fault ride-through ( frt ) capac becom import grid requir fraction frequenc offshor wind power system ( ffowp ) base modular multilevel matrix convert ( m3c ) . paper , novel joint fault ride-through strategi propos , employ land grid voltag versu offshor grid frequenc droop control m3c . , control system wind turbin adjust gener activ power wind base offshor grid frequenc . differ form previou research , propos joint control method maintain stabil m3c dc capacitor voltag premis satisfi reactiv power support grid fault condit . simul result valid fault ride-through capabl ffowp matlab/simulink . © 2019 ieee ."
2020,Addressing cybersecurity in Energy Islands,"30th European Safety and Reliability Conference, ESREL 2020 and 15th Probabilistic Safety Assessment and Management Conference, PSAM 2020","address cybersecur threat energi island balanc technic infrastructur asset risk busi need protect data unwant unintent inform disclosur . everi organ implement smart grid function address cybersecur issu divers complex organ . especi reli exist legaci system infrastructur interoper new asset connect smart grid . potenti introduc new oper risk oper . paper summar identifi cybersecur risk relev energi island identifi develop phase e-land toolbox . risk includ local energi system oper 's exposur exist legaci oper system infrastructur , secur privaci concern multi-cloud environ , asset harden integr requir , establish common baselin network secur best practic , data ownership manag name . risk discuss detail exemplifi gener use case exampl suggest mitig risk provid . copyright © esrel2020-psam15 organizers.publish research publish , singapor ."
2018,On modeling-based elements of an intelligent system for cost-effective dispatching of energy islands with photovoltaic sourcing,International Scientific and Technical Conference on Computer Sciences and Information Technologies,"paper introduc charact aim construct intellig cost-effect dispatch system busi energi island renew sourc . idea combin cost-effect energy-inform dispatch energi island renew sourc . import emphas energy-inform effici dispatch approach consid on-lin , medium long-term time lag . principl propos approach base induct model method . © 2018 ieee ."
2018,Innovative energy islands: Life-cycle cost-benefit analysis for battery energy storage,Sustainability (Switzerland),"citi concentr econom , social , technic asset , fundament address climat chang challeng . renew energi sourc grow fast citi mitig greenhous ga emiss respons challeng . transit urban decentr energi share technic econom characterist energi island . reflect island energi system essenti oper off-grid modu operandi offer lesson small-scal urban system . expans urban area , commun , especi small-scal one , sometim away main power infrastructur . provid power suppli commun would requir signific invest exist power system , either improv grid infrastructur power suppli facil . energi island time lent energi innov includ smart grid batteri storag applic . research conceptu urban energi commun benefit knowledg transfer energi island sever front . specif put forward life-cycl cost-benefit analysi model evalu econom batteri storag system use small commun life-cycl perspect . research put forward novel cost-benefit analysi model . result show inclus extern improv econom valu batteri system significantli . nevertheless , econom perform still larg depend sever paramet , includ capac cost , discharg price , charg cost . conclud exist electr price structur ( e.g. , use household electr price benchmark ) struggl guarante suffici econom return except favor circumst ; therefor , government support deem necessari . © 2018 author ."
2018,The Lee Rowan School of Power Plant Technology,Power,"williamson colleg trade ' power plant technolog program provid hands-on train learner within student-run power plant , known `` energi island . '' program , student expos innov power technolog , includ combin heat power system , gener electr school 's grid suppli steam distribut network serv sever campu build . specif , student lee rowan school power plant technolog gain valuabl practic experi , prepar posit power util industri oper colleg power plant mainten util . graduat program hire util , industri power facil , refineri , manufactur , consult firm power plant oper , stationari engin , field servic technician , instrument control technician , electrical/mechan mainten technician . student learn nuclear , fossil fuel , hydroelectr , combin cycl , power gener system theori , well basic principl electr , electr power , motor control , wire diagram , engin mechan , mechan electr system ."
2020,Low-Carbon Community Adaptive Energy Management Optimization Toward Smart Services,IEEE Transactions on Industrial Informatics,"rapid develop societi economi increas serious environment problem , renew energi high-qual energi servic low-carbon commun becom popular research topic . howev , larg number volatil distribut gener power system commun connect grid . difficult stabil effici interact fragment isol energi manag system , difficult meet energi manag need term low-carbon emiss , stabil , intellig . therefor , consid oper cost , pollut control cost , energi stabil , plug-in hybrid electr vehicl , articl propos region energi suppli model call commun energi internet build low-carbon commun energi adapt manag model smart servic . , address energi suppli instabl , adapt feedback control mechan develop base model predict control introduc adapt chang environ . final , long short-term memory-recurr neural network-bas tabu search introduc prevent multiobject particl swarm optim algorithm easili fall local optimum . simul result show propos model effect realiz optim alloc energi , solv problem fragment energi island caus distribut power access . method qualiti servic benefit user , cost , time , stabil , realiz wide interconnect , high intellig , low-carbon effici commun energi manag . © 2005-2012 ieee ."
2019,Why not wye-wye transformers?,"2019 IEEE Petroleum and Chemical Industry Committee Conference, PCIC 2019","2013 campu consist 14 build associ wye-wy transform rang 500 1000 kva , experienc first five year , five transform failur one transform fail twice . campu constantli expand . discuss investig failur began type engin design firm , type distribut system , also variou transform avail , analysi servic entranc equip . campu distribut system analyz , comparison made type distribut system along system protect , includ individu transform ' protect . type system ground variou secondari low-voltag ground configur analyz document paper . action taken past five year decreas elimin infant mortal transform document result present . paper also discuss williamson colleg trade ' construct independ energi island interconnect local util involv wye-wy transform . © 2019 ieee ."
2020,Hierarchical Multi-objective Safety Margin Optimization of Renewable Energy Island Collecting Delivery System by VSC-HVDC; [新能源柔直汇集系统的分层多目标安全裕度优化],Dianwang Jishu/Power System Technology,"large-scal renew gener integr dc power grid two hot subject futur power grid . renew gener cluster connect voltag sourc convert ( vsc ) station , control mode vf , form renew energi island collet deliveri system base high voltag direct current vsc ( vsc-hvdc ) . compar ac deliveri mode , mode higher control better adapt , voltag support domin control strategi vsc station coordin reactiv voltag control ac collect network . howev , optim safeti margin vsc station becom key problem affect system secur may chang rapidli work condit caus strong fluctuat renew energi . paper propos multi-object optim method safeti margin vsc station base station-network coordin . voltag point common coupl ( pcc ) use inter layer exchang variabl . voltag pcc determin reactiv voltag safeti margin optim vsc station upper layer , econom optim renew collect network achiev base voltag pcc lower layer . way optim safeti margin realiz satisfi need multipl object , like network loss , reactiv voltag safeti . final , simul verifi propos optim strategi get high stabl safeti margin differ work condit base renew energi deliveri system actual vsc-hvdc project . © 2020 , power system technolog press . right reserv ."
2019,A preliminary techno-economic comparison between a grid-connected and non-grid connected offshore floating wind farm,"2019 Offshore Energy and Storage Summit, OSES 2019","non-grid connect ( ngc ) float offshor wind ( ow ) turbin signifi solut harvest wind energi far offshor , address key issu includ deep water lack grid connect , also exploit higher capac factor . toward direct , on-board energi storag form hydrogen product one promis solut , often cite literatur . studi aim perform preliminari techno-econom analysi assess trade-off , term cost , far offshor grid-connect ( gc ) float wind farm ngc wind farm integr electrolys product hydrogen . end , lifecycl techno-econom model coupl om model develop offshor wind instal employ . model appli hypothet wind farm locat 200km shore . gc system , om cost along cost acquisit electr system ( offshor cabl offshor substat ) appear main contributor levelis cost electr ( lcoe ) . far ngc system concern , conclud higher annual capac factor ( > 60 % ) could potenti achiev viabil invest . © 2019 ieee ."
2020,A New Control Scheme for Fast Frequency Support from HVDC Connected Offshore Wind Farm in Low-Inertia System,IEEE Transactions on Sustainable Energy,"large-scal renew energi integr consequ displac synchron machin result low system inertia . low system inertia lead high rate chang frequenc , higher frequenc nadir , potenti requir higher primari frequenc reserv stabilis system frequenc follow sudden gener shortfal . address frequenc stabil issu wind energi integr system , paper propos new realist control strategi inerti primari frequenc support hvdc connect offshor wind farm ( owf ) . propos control strategi , base offshor ac voltag control address limit high rate frequenc chang offshor grid , also result frequenc deviat offshor grid provid frequenc support main grid . propos control strategi robust frequenc deviat main grid , utilis hvdc convert map onshor frequenc variat voltag variat offshor grid , thu enabl adequ inerti primari frequenc support owf . propos control strategi test two test system result compar convent method demonstr robust , effect reliabl propos frequenc support strategi . © 2010-2012 ieee ."
2019,Modeling and Analysis of a Novel Grid Connection Topology for Offshore Wind Farms using MMC-HVDC Transmission,IEEE Power and Energy Society General Meeting,"meet goal pari agreement , netherland integr larg amount offshor wind energi power system ambiti plan come year . grid topolog transmiss capac 1 gw connect offshor wind farm ( owf ) distanc close 100 km standard , modular , cost-effici manner focu paper . electromagnet transient ( emt ) model built pscad owf connect 66-kv cabl central offshor platform transmiss link capac 1050 mw . 66-kv cabl coupl three convert transform connect valv side 66-kv side . link onshor transmiss network use vsc-hvdc technolog mmc topolog . dynam perform analysi done obtain complet overview understand overal behavior . © 2019 ieee ."
2019,Mathematical harmonic model of VSC HVDC for offshore applications,IET Conference Publications,"hvdc transmiss modular multilevel convert ( mmc ) technolog frequent use connect weak offshor grid . system , advers harmon reson instabl occur due interact differ power electron convert grid . model hvdc convert describ harmon behaviour need hvdc manufactur design stage requir transmiss system oper allow predict interact impact grid . paper describ one model . aim comprehens tool analys predict harmon interact combin control system , normal repres dq frame , power system , normal analys positive-neg sequenc frame . methodolog appli devic connect power system captur key aspect harmon interact includ cross-coupl harmon frequenc . moreov , tool enabl design robust control system . process describ paper appli typic mmc-hvdc convert connect offshor grid . mathemat model valid pscad simul , practic case studi shown . © 2019 institut engin technology.al right reserv ."
2019,Application of point on wave controlled switching on high voltage systems for weak offshore grids,"Society of Petroleum Engineers - Abu Dhabi International Petroleum Exhibition and Conference 2018, ADIPEC 2018","offshor oil ga island , site gener run independ often util . site gener benefit also pose drawback may problem . due instabl weak offshor grid , grid disturb may caus power outag , voltag fluctuat , chang frequenc , blackout …etc . easili felt consum also impact perform servic life electr equip . studi perform examin differ method improv reliabl overal network . circuit breaker design react open close circuit soon command receiv . , circuit breaker go tremend high stress ultim may caus produc arc . phenomenon mitig reduc use control switch . technolog involv pre-defin control strategi open close circuit breaker pole independ . control switch methodolog use minim stress circuit breaker , prevent failur electr equip improv power qualiti without affect overal grid . new cost effect technolog help reduc disturb improv electr reliabl end consum . high voltag shunt reactor , subsea cabl transform energ de-energ caus high inrush current system . power system studi softwar util identifi load provid optimum benefit implement control switch applic . paper address benefit use control switch high voltag circuit breaker weak offshor grid . paper also studi applic advantag control switch 132kv long subsea cabl transform feeder wherein high inrush current expect show outcom research result actual scenario implement . © copyright 2018 , societi petroleum engin ."
2020,North Sea offshore grid development: Combined optimisation of grid and generation investments towards 2050,IET Renewable Power Generation,"north sea region offer larg amount invest offshor wind gener sever interconnect line locat area , plan . optim transmiss gener invest model region toward 2050 . project-bas scenario , offshor wind power plant connect individu , first analys . , integr offshor grid model investig viabil connect futur transmiss offshor wind gener invest . two scenario compar . shown go toward integr solut increas offshor wind invest sever gw , germani see biggest differ two scenario . shown integr solut lead overal cost minimis show somewhat higher variabl renew energi gener 2050 compar project-bas scenario . © institut engin technolog 2019"
2020,Addressing cybersecurity in energy islands,Proceedings of the 30th European Safety and Reliability Conference and the 15th Probabilistic Safety Assessment and Management Conference,"address cybersecur threat energi island balanc technic infrastructur asset risk busi need protect data unwant unintent inform disclosur . everi organ implement smart grid function address cybersecur issu divers complex organ . especi reli exist legaci system infrastructur interoper new asset connect smart grid . potenti introduc new oper risk oper . paper summar identifi cybersecur risk relev energi island identifi develop phase e-land toolbox . risk includ local energi system oper ’ exposur exist legaci oper system infrastructur , secur privaci concern multi-cloud environ , asset harden integr requir , establish common baselin network secur best practic , data ownership manag name . risk discuss detail exemplifi gener use case exampl suggest mitig risk provid . © esrel 2020-psam15 organ . publish research publish , singapor ."
2018,Extended Current Limitation for Unbalanced Faults in MMC-HVDC-Connected Wind Power Plants,IEEE Transactions on Power Delivery,"modular multilevel convert ( mmc ) current use number high-voltag dc ( hvdc ) project connect remot offshor wind power plant shore . applic , offshor hvdc voltage-sourc convert provid refer voltag frequenc , , grid-form oper mode . fault ride situat , howev , convert reactiv current increas limit protect equip . time , inject maximum current offshor grid advantag fault detect isol circuit breaker maintain voltag level . state-of-the-art current limit might underus convert capabl grid-form oper mode specif unbalanc condit . paper propos extend limit method convert current refer condit . demonstr propos method improv voltag current profil . addit , impact intern mmc outlin . dynam simul conduct valid propos extend limit two oper scenario . result demonstr enhanc util mmc capabl , better voltag profil , improv transient behavior mmc propos extend limit compar normal limit specif unbalanc condit . © 1986-2012 ieee ."
2019,Dressing for the Anthropocene*: A future history,Eceee Summer Study Proceedings,"paper present analys base data two h2020 project coordin author . echo , energi choic consum studi multilevel perspect , includ particularli question , choic frame group choic ( e.g. , choic peopl live particular region , citi countri ) differ choic frame individu choic . result repres multin survey 18,000 respond conduct eu member state plu switzerland , turkey , norway present . survey , onlin experi conduct manipul predictor energi save behavior introduc choic connect peopl region , countri , european union . analys show intent support energi transit energi save behavior impact degre person embrac environment ident , feel moral oblig ( person norm ) , feel individu efficaci , also social norm degre identif peopl respect geograph entiti ( municip , countri , eu ) . citizen differ countri differ strongli degre identifi municip eu relat countri degre strong perceiv social norm individu efficaci municip countri relat eu . wherea identif eu usual rather low countri , social norm save energi experienc stronger eu level lower level . also , efficaci perceiv higher eu level . find supplement preliminari find smarte project , studi diffus five type social innov energi ( inclus mobil plan , energi autonom island , introduc car-fre “ superblock ” citi , citi quarter revit energi effectiv , fight fuel poverti participatori energi effici plan ) . paper , first find ongo social network analys social innov case present , outlin key actor innov case – underlin import function commun , interact decision-mak group . two case select ( danish “ energi island ” samsø swedish eco-neighbourhood augustenborg malmö ) . case , becom obviou success social energi innov requir collabor complex network actor sit key posit social network . long term restructur local societi requir individu abil engag larger fraction divers network differ actor . across project , paper make strong case studi consumer-driven energi choic toward energi suffici innov social system perspect , rather technolog overli individualist perspect . © 2019 european council energi effici economi . right reserv ."
2018,The University of Genoa Smart City Demo Site,"2018 110th AEIT International Annual Conference, AEIT 2018","present contribut devot describ detail smart citi sustain energi live lab ( ) univers genoa conceiv posit insid savona campu research teach facil . reli research demonstr activ relat use special infrastructur smart polygener microgrid ( spm ) smart energi build ( seb ) , built fundament contribut italian ministri educ , univers research ministri environ , land sea protect . jointli oper italian dso enel s.p.a. 'open air ' demo site test grid/off grid electr transit ( sustain urban energi island ) potenti new servic strictli relat wide deploy ' e-citi ' technolog solut ( v2g , v2h , e-hom smart applianc ) . present paper mainli focus model develop studi portion spm island configur ; main result analysi report discuss order highlight stabil load share issu . © 2018 aeit ."
2019,Generalized Building Energy Efficiency and New Energy Utilization,E3S Web of Conferences,"develop human societi non-stop gear , way use energi futur . use resourc reason effect pressur face . increas popul problem resourc alloc - insuffici inventori tradit energi sourc . econom develop double-sid blade , ecolog environment protect focu . research develop new energi renew energi way block depend tradit energi sourc . inevit way human be coexist harmoni ecolog futur . develop construct industri also brought greater proport energi consumpt . build heat , ventil , air condit light account one-third total energi consumpt . carbon dioxid emiss construct industri account half total emiss , great impact environ . broad definit build energi conserv propos , signific use new energi build energi conserv expand perspect macro environ , includ use integr energi , solar energi , energi island achiev zero energi consumpt build energi conserv . construct effect promot develop zero energi consumpt term life cycl environment protect . © author , publish edp scienc , 2019 ."
2019,Stakeholder consultation and nature inclusive design of the offshore grid,CIGRE Science and Engineering,"paper , tennet elabor idea relat offshor grid eco-design : cooper environment organis , valu offshor data gather , re-assess offshor grid concept natur inclus design perspect . tennet , sinc start offshor grid develop 2013 , cooper extern stakehold like govern , offshor wind sector environment organis key . sever consult session suggest requir gather appli design ( spatial ) planning/licens phase offshor grid concept . time ( 2014-2016 ) , cost reduct lead factor . amongst other , cooper rijkswaterstaat initi , creat so-cal maritim inform servic point offshor data gather . servic societ benefit coordin data becom publicli avail , e.g . meteo data bird & bat monitor . sinc 2013 , tennet gather insight sever project specif environment impact assess , result requir permit licens offshor grid project . base experi far , tennet re-assess standardis offshor grid concept term opportun natur enhanc ecolog monitor . wherea cost reduct still import driver , addit idea use offshor grid infrastructur realis opportun increas natur divers achiev addit societ benefit evolv . natur inclus design measur identifi topsid ( bird deck ) , jacket ( biocag ) along cabl rout within safeti zone platform ( hard substrat structur ) . expect measur integr earli stage , ad limit cost risk compar project invest . ultim object enhanc natur inclus design increment part technic design ( spatial ) planning/licens phase offshor grid . © 2019 , cigr . right reserv ."
2019,Synergy between smart energy systems simulation tools for greening small Mediterranean islands,Renewable Energy,"sever island around world face common challeng term high energi cost , local co2 emiss , secur suppli system stabil . eu , mani island becom site energi innov , bet renew energi sourc win choic meet energi need . framework , renew energi play key role support transit small island autonom , cleaner low-carbon energi system – line overal eu energi union packag eu2030 goal . studi examin suitabl use hybrid energi system compris photovolta system , wind turbin , biomass diesel gener meet electr demand favignana island , increas penetr renew local electr grid . addit , energi scenario simul aim identifi forese energy-environment improv associ mutual merg energi sector , transport heat sector . consequ , renew capac firm issu strongli mitig integr new energi demand compon . thu , work show system overview outcom relat differ energi mix layout , vari re share valu compat local grid electrotechn constraint . furthermor , paper studi impact introduct electr vehicl island car fleet energi system . smart energi system 's compon size studi energi econom point view mean two differ softwar ( i.e . energyplan homer ) . © 2018 elsevi ltd"
2020,The Insulating Properties of Polypropylene Blends Modified by ULDPE and Graphene for HVDC Cables,Polymer Insulation Applied for HVDC Transmission,"hvdc cabl transmiss play import role urban center power suppli , large-scal util distribut energi , island cross sea power transmiss . thermoplast polypropylen ( pp ) materi excel heat resist insul perform , recycl . howev , suitabl appli pp directli cabl insul low temperatur impact brittl . chapter , polypropylen blend vinyl elastom uldp improv mechan tough . optim proport pp/uldp blend determin melt crystal behavior , mechan tensil properti , trap distribut characterist , space charg , conduct breakdown properti blend . , pp/uldp blend differ amount nano graphen prepar . space charg , electr conduct breakdown strength pp nano graphen modifi composit differ temperatur measur analyz . base isotherm discharg current method , trap distribut characterist pp/uldpe/graphen nanocomposit obtain studi relationship space charg , electr conduct , breakdown strength nano graphenen . © editor ( ) ( applic ) author ( ) , exclus licens springer natur singapor pte ltd. 2021 , correct public 2021 ."
2018,Storifying Samsø’s Renewable Energy Transition,Science as Culture,"joint commun effort denmark ’ renew energi island samsø becam self-suffici renew energi period 10 year 1997 2007 . today , stori samsø ’ success energi transit becom global export wide known model commun build , public particip share ownership renew energi technolog transit process . allow samsø narr travel wide effect ‘ transit stori ’ creat island ’ effort . transit stori , howev , becom fix year assum ideal-typ charact . meanwhil , challeng cost inher complic socio-materi process transit underestim larg forgotten . transit stori inde inspir , ideal-typ narr may stand way develop local energi transit , challeng element process downplay strengthen narr power stori . ethnograph stori samsø complic island ’ transit narr add nuanc samsø stori , highlight discrep problemat effect well-craft transit narr . tendenc toward ‘ storif ’ transit process restrict samsø ; employ tactic environment organ oper global . © 2017 process press ."
2018,North Seas Offshore Network (NSON): Challenges and its way forward,Journal of Physics: Conference Series,"serv twofold purpos , integr offshor grid facilit connect offshor wind gener onshor network well interconnect asynchron market area power trade . grow amount offshor wind gener deploy northern europ , relev north sea offshor network ( nson ) increas , particularli light high cross-sector decarbonis target . investig futur deploy offshor grid north sea , nation nson project germani develop close link model chain involv sever stage : market- technology-bas grid plan , offshor grid valid , onshor grid repercuss . follow introduct nson initi , comprehens overview model stage given . import subject research could identifi work nson-d project discuss afterward . main issu includ flexibl uncertainti futur energi system , market integr , cost-benefit share , well robust grid plan enhanc grid oper method , especi combin ac/dc-network . © publish licenc iop publish ltd ."
2020,Effect of an Electric Vehicle Promotion Policy on China’s Islands: A Case Study of Hainan Island,Frontiers in Energy Research,"despit abund clean energi resourc island , energi suppli island mani countri region still depend high-voltag power grid neighbor contin high-cost fossil energi oil . china , increas demand privat gasolin vehicl call abund gasolin suppli , harm renew energi transform chines island . promot electr vehicl ( ev ) offer potenti solut . howev , larg island larg popul , insuffici electr suppli restrict resid ’ behavior , led difficulti promot clean energi vehicl . solv problem , 2019 , govern formul 11-year plan comprehens promot clean energi vehicl energi suppli side user demand side transform hainan island clean energi island . howev , predict report doubt . result , studi take hainan island china exampl . base data energi ev , greenhous ga emiss electr demand transport industri hainan island polici non-polici scenario calcul use gener substitut account model . base result , studi evalu expect effect hainan provinc ’ 11-year plan develop clean energi vehicl compar result report . polici implic base result also propos . studi combin island ’ energi structur applic ev expand evalu govern polici impact large-scal energi transform perspect energi suppli chain . also provid refer energi transform larg island . © copyright © 2020 xiao , chen , wang nie ."
2019,The integrated offshore grid in Europe: Exploring challenges for regional energy governance,Energy Research and Social Science,"deploy offshor wind power transmiss european north sea acceler . stakehold advoc region govern european grid expans , may evolv pan-european govern key develop integr , hybrid offshor project . howev , project still scarc . thu analyz govern north sea offshor grid expans use dimens level , implement oblig , implement discret . exploratori approach identifi five challeng . challeng relat 1 ) interact european region level ; 2 ) interact nation region level ; 3 ) particip non-european union countri ; 4 ) depend region plan nation develop plan , consid nation interest ; 5 ) interact cost alloc european financ project common interest . recent clean energi packag propos extens reform regul european power system . packag part energi union strategi focus energi climat polici ’ govern power system oper . thu , region govern offshor expans larg unalt , identifi challeng remain unaddress . © 2019 author"
2021,Performance analysis of a novel hybrid power generation system integrated diesel generator with compressed heat energy storage,International Journal of Green Energy,"time-depend energi demand energi island may frequent chang oper condit diesel gener ( dg ) , lead diesel engin oper off-design condit low effici . order make dg oper effici condit balanc mismatch energi suppli demand time , novel hybrid power gener system integr dg compress heat energi storag ( chest ) use sensibl latent thermal energi storag propos studi . overal effici propos system could improv due wast heat recoveri exhaust cool water . firstli , parametr analysi chest unit conduct select optim paramet condit chest unit . compar analysi tradit dg system propos dg-chest coupl system three oper strategi carri . result indic strategi , b , c could save fuel 45.48 kg ( 17.74 % ) , 44.22 kg ( 16.19 % ) , 38.89 kg ( 14.23 % ) day , correspond overal effici 28.02 % , 27.83 % , 26.22 % , respect , 20.89 % convent dg system . compar result among three strategi show discharg power index ( dpi ) discharg fraction ( df ) decreas increas control level load factor . © 2021 taylor & franci group , llc ."
2020,Analytical Small-Signal Modelling of Diode-Rectifier based HVDC Link Based on Physical Switching Actions of Diodes,"2020 IEEE 21st Workshop on Control and Modeling for Power Electronics, COMPEL 2020","diode-rectifi high-voltag direct-curr ( hvdc ) link provid cost-effect energi transport method far-offshor wind farm . howev , reli grid-form wind turbin stabil offshor grid . herein , establish analyt small-sign model diode-rectifi hvdc link , provid theoret base offshor grid control . propos model approach util physic switch action diod relat ac dc variabl diod rectifi , allow fulli preserv dynam passiv compon ac dc side , meanwhil accur captur frequency-coupl effect induc diod ' nonlinear switch action . accuraci propos small- signal model valid frequenc scan electromagnet transient ( emt ) time-domain simul . © 2020 ieee ."
2019,Requirements for interconnection of HVDC links with DC-DC converters,IECON Proceedings (Industrial Electronics Conference),"number high voltag direct current ( hvdc ) link continu increas year , , offshor applic bulk power transmiss long distanc . present paper evalu possibl develop direct current ( dc ) grid europ given present , futur , hvdc link . eight potenti case interconnect close link suggest start scenario multitermin network . need dc-dc convert special requir evalu function suggest interconnect . exampl , case studi chosen evalu behavior interconnect line commut convert ( lcc ) voltag sourc convert ( vsc ) link use front-to-front ( f2f ) isol convert . © 2019 ieee ."
2020,Robust local controllers design for the AC grid voltage control of an offshore wind farm,IFAC-PapersOnLine,"paper deal problem voltag control ac grid offshor wind farm mean sever convert , connect ac offshor grid point common coupl ( pcc ) differ transmiss line . propos control voltag simultan connect convert , i.e. , multipl actuat goal . howev , number oper convert chang wind farm oper dynam chang . thu , necessari assur stabil whole system differ scenario . order achiev global design implement strategi , propos use control paramet convert . kind wind farm topolog , address design control optim problem seek maxim robust uncertainti model transmiss line chang number connect wind turbin guarante stabil whole system differ scenario well given settl time . due propos design strategi necessari commun differ convert control need re-tun number connect convert chang . © 2020 author . open access articl cc by-nc-nd licens ( http : //creativecommons.org/licenses/by-nc-nd/4.0 )"
2018,Comparative study of two control strategies of a Multiterminal VSC-HVDC systems,"2018 7th International Conference on Systems and Control, ICSC 2018","voltag sourc convert high voltag direct current ( vsc-hvdc ) hope technolog futur smart grid offshor applic . use feed weak network kept compact , make appropri build connect offshor wind farm . feasibl applic proven project world . develop renew energi offshor wind energi well multipl hvdc link differ countri union european creat possibl build multi-termin hvdc ( mtdc ) offshor grid superimpos exist hvac network.thi paper focus hvdc transmiss system three termin consid plausibl project futur . main object paper demonstr control vsc-hvdc transmiss discuss exist princip control master slave voltag droop command . simul result show drawback traditionnel master slave control effect voltag droop control method . © 2018 ieee ."
2020,Implications of carbon price paths on energy security in four Baltic region countries,Energy Strategy Reviews,"energi secur one critic prioriti energi polici european union particularli baltic region current transform isol energi island highli interconnect area . paper , comprehens analysi energi secur estonia , finland , latvia , lithuania context energi transit present . paper explor region implic two path carbon price ( gradual delay carbon price increas ) . analysi perform link energi system optimis model probabilist model energi secur . model suit use assess resili plan energi system possibl disrupt . result demonstr carbon price path modest impact energi secur baltic countri energi secur measur implement optim way . research base case studi conduct framework european union 's horizon 2020 project reeem . © 2020"
2019,Study of harmonics created by a power flow controller in a meshed multi-terminal high voltage direct current grid,CIGRE Science and Engineering,"paper focus studi harmon gener power flow control ( pfc ) mesh multi-termin direct current ( mtdc ) grid . main goal identifi import relat switch frequenc pfc studi harmon propag throughout grid . simul model realist offshor grid paramet perform matlab/simulink . result show amplitud harmon creat pfc mtdc grid vari size depend pfc switch frequenc type reson harmon impedance-frequ respons grid . furthermor , amplitud harmon decreas along cabl . case studi consid , necessari choos pfc switch frequenc well includ filter pfc output avoid high-amplitud harmon . © 2019 , cigr . right reserv ."
2020,Network and market-aware bidding to maximize local RES usage and minimize cost in energy Islands with weak grid connections,Energies,"increas renew energi sourc re penetr today ’ energi island rural energi commun weak grid connect expect incur sever distribut network stabil problem ( i.e. , congest , voltag issu ) . tackl problem even challeng sinc re spillag minim energi cost minim local energi commun set major pre-requisit . paper , consid microgrid oper ( mgo ) : ( ) gradual decid optim mix re flexibl asset ’ ( flexasset ) size , site oper , ( ii ) respect physic distribut network constraint high re penetr context , ( iii ) abl bid strateg exist day-ahead energi market . model problem stackelberg game , express mathemat problem equilibrium constraint ( mpec ) , final transform tractabl mix integ linear program ( milp ) . perform evalu result show mgo lower cost bid strateg , coordin plan schedul flexasset result higher re util , well distribut network awar cost-effect re flexasset oper . © 2020 author . license mdpi , basel , switzerland ."
2019,A supra-national TSO to enhance offshore wind power development in the Baltic Sea? A legal and regulatory analysis,Energy Policy,"offshor wind power develop expect play import role meet eu climat target . integr offshor wind power , advanc offshor infrastructur mesh grid suggest optimis grid develop . mesh offshor grid refer integr offshor infrastructur offshor wind power hub interconnect sever countri oppos radial connect link wind farm one singl countri market . howev , develop mesh architectur hinder legal regulatori barrier . earlier research identifi lack cooper misalign nation legal regulatori framework main risk factor integr offshor network invest . purpos articl investig whether supra-n tso could facilit region cooper coordin invest develop mesh offshor grid . sever studi discuss case north sea , baltic sea region less attent despit larg offshor wind develop potenti . paper , multi-disciplinari approach combin legal dogmat regulatori econom use identifi exist barrier possibl solut . baltic sea countri use illustr . suggest legal regulatori recommend compli eu energi polici target sustain , competit reliabl . © 2019 author"
2019,Controlling strategies for meshed offshore DC collector grids,PCIM Europe Conference Proceedings,"grid integr futur wind farm far away shore demand effici energi transmiss system . moreov , growth gener power lead need transmiss line grid huge power transmiss capac . establish reliabl offshor grid low loss , hvdc system propos suitabl solut . direct coupl wind turbin gener system ( wtg ) dc collector grid consid avoid offshor ac collector grid larg reactiv loss . mesh grid lead possibl link differ offshor transmiss line one hand , hand , mesh grid robust disturb within grid singl transmiss line . paper present centralis decentralis method control mesh dc collector grid compar advantag disadvantag simul . © vde verlag gmbh · berlin · offenbach ."
2019,Coordinated start-up control and inter-converter oscillations damping for MMC-HVDC Grid,IEEE Access,"modular multilevel convert ( mmc ) -base high-voltag direct current ( hvdc ) grid promis technolog multipl offshor wind farm ( owf ) form interconnect offshor grid . howev , mmc-hvdc grid , convert termin connect owf could passiv pre-charg one connect activ ac network via dc line start-up process . condit , start-up process hvdc grid passive-sid convert becom significantli complic . paper , consid hvdc grid integr multipl passive-sid convert , investig start-up process three main contribut : 1 ) modifi nearest level modul ( nlm ) method propos passive-sid convert mitig inrush current deblock ; 2 ) base dc-side equival model , inter-convert reson oscil passive-sid convert analyz deblock , ; 3 ) oscil damp control propos provid electr damp inter-convert oscil passive-sid convert . simul result pscad/emtdc four-termin mmc-hvdc grid two termin connect owf verifi effect propos start-up control scheme . © 2013 ieee ."
2019,Design and optimization of power hubs for Brazilian off-shore oil production units,Energy,"worldwid trend reduc greenhous gase emiss encourag research studi effici solut oil ga industri . offshor unit energ equip oper low load , increas environment impact . work aim identifi optim design layout combin cycl float power hub tailor offshor oil product applic . brazilian pre-salt basin forecast high fuel ga product taken case studi . model develop , integr design ga turbin , heat recoveri unit , steam turbin condens . genet algorithm appli two optim approach , single-object multi-object . three paramet evalu : equip purchas cost , thermal effici total weight . result multi-object optim indic dual-pressur arrang , featur 3 ga turbin , 1 heat recoveri steam gener 1 steam cycl , could attract design solut power hub . arrang low cost weight , thermal effici maintain reason high level ( around 53.2 % ) . moreov , result indic co2 emiss may reduc 18.7 % –27.2 % design point 19 % power hub lifetim , compar convent energi suppli scenario . © 2019 elsevi ltd"
2021,A review on energy storage and demand side management solutions in smart energy islands,Renewable and Sustainable Energy Reviews,"european union definit identifi prioriti toward sustain low-carbon energi system recogn key role island describ ideal site develop test innov strategi solut boost transit mainland . nevertheless , integr variabl renew energi sourc ( vre ) electr grid alreadi caus technic problem island grid thu make grid flexibl key topic . past , sinc power plant complet manag load unpredict , grid flexibl suppli tradit power plant ; , due vre , variabl unpredict move gener side opposit shift happen flexibl agent . paper deal solut improv abil grid cope vre unpredict energi storag technolog solut offer sector coupl strategi . particularli , research focu solut deal solut insular context . sever solut present conclud batteri energi system pump hydro energi storag use technolog island . regard sector coupl demand side manag solut , analys solut show relev result term ) reduct excess electr product ii ) increas grid abil host vre . nevertheless , current gap literatur pinpoint futur research challeng opportun suggest . © 2020 elsevi ltd"
2020,North Sea region energy system towards 2050: Integrated offshore grid and sector coupling drive offshore wind power installations,Wind Energy Science,"paper analys sever energi system scenario toward 2050 north sea region . focu offshor wind power , impact mesh offshor grid sector coupl studi . first , project-bas scenario , offshor wind power plant connect individu onshor power system , compar mesh grid scenario . amount offshor wind power instal level curtail assess . , result compar scenario sector coupl includ . result show introduct mesh grid increas amount offshor wind power instal toward 2050 , sector coupl expect import driver increas offshor wind power instal . addit , sector coupl significantli decreas level offshor wind curtail . © 2020 copernicu gmbh . right reserv ."
2020,Optimal management of the energy systems using a Pumping Hydro Energy Storage (PHES),"ECOS 2020 - Proceedings of the 33rd International Conference on Efficiency, Cost, Optimization, Simulation and Environmental Impact of Energy Systems","small-scal energi system like mini-grid energi island reli differ power product technolog aim grant reliabl effici energi suppli . implement proper manag strategi fundament control oper , reduc oper cost , control connect grid , well increas overal system effici . work , mix integ linear program ( milp ) algorithm develop comput optim schedul gener storag energi system investig latter affect energi system effici . algorithm test case studi constitut four intern combust gener ( icg ) fed differ fuel pump hydro energi storag ( phe ) system , equilibr energi product icg limit use . algorithm calcul optim schedul energi produc icg phe , thu minim total cost overal energi system consid two differ case . first case , icg effici consid constant , second case , icg effici curv introduc consid icg effici variabl partial load oper . result show phe system play key role keep icg oper near best effici point . © eco 2020.all right reserv ."
2020,Risk and security practices: Experiences from the E-LAND project,"30th European Safety and Reliability Conference, ESREL 2020 and 15th Probabilistic Safety Assessment and Management Conference, PSAM 2020","increas avail renew energi sourc high expect end-us regard energi depend forc re-think full potenti energi suppli releas . e-land european project concept develop servic bu applic enabl energi island optim manag energi product consumpt , focus commun end-us ' need instead address system oper ' requir . new organ energi market , risk ownership devic energi cost share energi island , grid owner energi supplier . support energi island new role , e-land final product must add risk manag energi . therebi , risk assess perform ensur concept , solut , applic deliv e-land safe , secur , reliabl . paper describ project risk manag e-land project give exampl futur potenti user , best practic access , commun manag project risk multi-disciplinari intern partner . e-land solut need collect data user , articl also address risk regard privacy/secur , particular risk understood commun mitig ensur final product agreement standard . copyright © esrel2020-psam15 organizers.publish research publish , singapor ."
2018,Harmonic stability of VSC connected Low Frequency AC offshore transmission with long HVAC cables,Electric Power Systems Research,low frequenc ac ( lfac ) transmiss propos altern hvdc transmiss integr offshor wind . lfac offshor grid fulli power electron grid long hvac cabl provid signific challeng harmon stabil . paper present imped base stabil analysi determin stabil power electron offshor system across harmon frequenc rang . stabil analysi introduc appli lfac system . impact differ current voltag control bandwidth compon size dynam imped convert examin impact harmon stabil lfac grid determin . found detail knowledg control paramet abil tune bandwidth mitig signific harmon instabl presenc long hvac cabl . three phase simul use valid imped base stabil techniqu . © 2018 elsevi b.v .
2018,Towards a fully integrated North Sea offshore grid: An engineering-economic assessment of a power link island,Wiley Interdisciplinary Reviews: Energy and Environment,"increas share variabl power feed-in expect next decad european power system , particularli high offshor wind potenti north sea region . demand temporal- spatial flexibl system , adequ grid infrastructur provid . studi present engineering-econom approach evalu impact novel infrastructur design toward fulli integr north sea offshor grid , includ tennet ’ vision power link island ( pli ) . pli artifici island transnat power exchang distribut offshor wind resourc . introduc concept evalu econom benefit system implic three differ case studi incorpor 2030 scenario european network transmiss system oper . result demonstr system cost save 15.8 % compar fulli integr pli solut tradit , radial typolog . pli gener result effici system dispatch wind resourc , involv norway , great britain , germani occur frequent term grid reinforc expans . articl categor : wind power > system infrastructur energi infrastructur > system infrastructur energi system econom > system infrastructur . © 2018 wiley period , inc ."
2019,Multipriority Hierarchical Reactive Power and Voltage Optimization Strategy for a Large-scale New Energy Island System Delivered by VSC-HVDC,"Proceedings of 2019 IEEE 3rd International Electrical and Energy Conference, CIEEC 2019","vsc-hvdc play import role transmit large-scal new energi power . fast reactiv power regul convert station uniqu topolog new energi cluster requir special reactiv power voltag control strategi . paper propos multiprior hierarch reactiv power voltag optim strategi large-scal new energi island system deliv vsc-hvdc . strategi take object dynam reactiv power margin convert station , voltag safeti margin pcc point , reactiv power coordin factor new energi station system power loss consider , verifi base plan zhangbei vsc-hvdc project . strategi keep dynam reactiv power margin voltag safeti margin high level accept power loss , improv resolv speed time . © 2019 ieee ."
2018,Power Quality Issues at the Grid Connection Point of HVDC Connected Offshore Wind Farms and Their Influence on the Production,"Proceedings - 2018 IEEE PES Innovative Smart Grid Technologies Conference Europe, ISGT-Europe 2018","instal capac offshor wind turbin germani significantli increas last year . mani offshor wind farm consider distanc shore . large-scal hvdc convert connect wind farm cluster public grid . synthet offshor ac grid , inher properti , provid number challeng wind farm oper . one main risk qualiti grid connect provid transmiss system oper . dynam influenc transmiss system neighbor wind farm origin power qualiti disturb may serious affect product wind farm . aim paper investig power qualiti offshor grid gener influenc product wind farm . © 2018 ieee ."
2018,Reactive power and voltage control interaction and optimization in the Danish largest wind power plant at Kriegers Flak,Journal of Physics: Conference Series,"total 600mw power product capac , krieger flak largest offshor wind power plant ( owpp ) denmark . krieger flak util two unequ section , 400mw 200mw , two offshor platform interconnect via 9 km 200kv cabl connect onshor substat via two 80 km 220kv cabl . onshor 220kv substat , 220kv connect continu two differ 400/220kv substat danish transmiss grid . 400mw offshor platform , connect continu 150kv offshor infrastructur germani . krieger flak grid connect resampl mesh offshor grid ( mog ) increas complex requir overal voltag reactiv power control . present describ overal voltag reactiv power control system propos design optim oper reduct stress effort control equip krieger flak 220kv system . © 2018 web portal iop . right reserv ."
2020,Frequency behavior of an MMC test bench system,"6th IEEE International Energy Conference, ENERGYCon 2020",interact modular multi-level convert ( mmc ) compromis system stabil assess investig frequenc behavior convert . mmc test bench system replic full-scal convert low-voltag level . emul high-voltag direct current system repres mesh offshor grid well influenc wind farm connect mmc . measur mmc test bench 's frequenc behavior allow assess frequenc behavior appli control system avoid simplif electr part mmc . paper present setup measur frequency-depend imped laboratori mmc . imped compar small-scal well full-scal convert model . shown measur imped scale full-scal hvdc studi mean deriv correct factor . result demonstr simplifi time-domain model repres mmc test bench fail repres exact frequenc behavior low high frequenc . © 2020 ieee .
2019,Research on overcurrent suppression strategy of true bipolar MMC-HVDC single pole blocking bridge arm,IET Conference Publications,"due characterist vf control island flexibl dc power grid , single-pol latch fault occur send end dc power grid , convert station connect new energi island system control ac voltag incom new energi power time . healthi pole convert forc transfer activ power faulti pole convert , result over-curr block healthi pole convert . paper , describ dynam process bridg arm current single-pol lock fault occur , mechan over-curr studi , new type addit control propos suppress magnitud over-curr bridg arm control dc voltag . final , pscad/emtdc simul result demonstr effect theoret analysi control strategi . © 2019 institut engin technolog . right reserv ."
2019,Regional coordination in grid expansion with offshore wind: The case of the baltic sea region,"International Conference on the European Energy Market, EEM","develop offshor wind baltic sea region expect contribut renew energi capac , consequ lead expans offshor onshor grid among countri region . establish new hybrid architectur mesh offshor grid , directli connect offshor wind farm interconnector , potenti contribut take full advantag futur grid expans . howev , fact countri design power system decad ago region coordin focu , potenti destabilis joint effort benefit new hybrid infrastructur repres also nation level . paper assess impact wind develop region radial vs. hybrid scenario depend budget avail expans . furthermor , identifi specif challeng rel invest cost distribut analys sever regulatori framework mitig rippl effect invest decis countri . final , formul polici recommend overcom invest barrier suplport coordin joint region grid invest . © 2019 ieee ."
2018,Analysing economic and environmental sustainability related to the use of battery and hydrogen energy storages for increasing the energy independence of small islands,Energy Conversion and Management,"energi cost , carbon dioxid emiss , secur suppli system stabil common challeng small island . mani european island becom pilot site energi innov , green transit goe slowli one usual connect nation grid . studi investig econom environment sustain relat integr hydrogen batteri storag small island , consid time use store hydrogen fuell fuel cell electr vehicl hydrogen compress natur ga vehicl meet electr public transport demand island , increas renew energi sourc penetr level . select island favignana ( itali ) case studi , homer softwar use carri energi analysi differ scenario , order identifi effect energi solut technolog econom point view . use econom environment indic , outcom show implement hybrid storag system batteri electrolys adequ reliabl option increas energi independ small island decarbon transport sector optim econom environment sustain . © 2018 elsevi ltd"
2018,The mid atlantic current hindcast Mach,"Offshore Technology Conference Asia 2018, OTCA 2018","object gener long-term layer ocean current dataset central southern atlant ocean , suitabl qualiti support deep water offshor engin design , marin oper plan oil spill simul . model scheme formul provid refer fine resolut offshor grid cover atlant ocean 30 degre north antarct land mass . fine resolut grid nest model continent shelf slope region princip interest oil ga explor product . variou scheme evalu represent riverin discharg , major import part west africa . addit , optim data assimil scheme formul consid order best repres ocean surfac topographi , registr major dynam featur front eddi , also correct characteris ocean densiti structur . particular attent given equatori region energet kelvin wave propag gener wind forc ; wave contribut significantli sever ocean current speed , spurious misrepres inappropri assimil erron observ data . comput runtim requir undertak long-term ocean reanalysi larg , even use major supercomput facil . therefor , extrem import ensur model configur optimis structur pilot evalu advanc full product run order achiev 'fit purpos ' intend applic result dataset . paper discuss detail process structur model optimis , variou permut setup valid avail in-situ measur . final model complet 20year run use number region metocean studi oil ga client . inclus locat specif process offer signific advantag previous exist model . © 2018 , offshor technolog confer ."
2019,Economical evaluation of an isolated AC offshore grid for pre-salt oil production based on power hub for reducing carbon emissions,"8th International Conference on Renewable Energy Research and Applications, ICRERA 2019","oil ga still play major role suppli global energi demand forese futur . extract energi intens sector high level associ greenhous ga emiss . address climat chang concern carbon constrain economi , altern must sought drive project new direct . ultra-deep water offshor activ like one develop brazilian pre-salt basin , locat 200 km away coast water 2,000 depth , matur altern power shore pose signific engin challeng . one altern avoid weight space restrict offshor environ power hub . power hub consist effici central power plant feed partial total number offshor platform . paper aim complement previou result found technic literatur provid use inform oil compani make full inform decis adopt power hub . step-by-step procedur provid dimens cost estim isol ac offshor grid result power hub concept adopt . result show submarin power cabl respons major invest lower cost achiev use 66 kv transmiss system , among analyz option . © 2019 ieee ."
2017,Performance Analysis of a Medium Frequency Offshore Grid for Identification of Vessels Sailing on High Density Maritime European Routes,Polish Maritime Research,"paper analys perform automat vessel identif system medium frequenc ( avisomef ) , work grid method ( gm ) high densiti maritim european rout use real data uniformli distribut data . compar system , avisomef novelti , satellit system , limit given coverag distanc , contrast automat identif system ( ai ) , though except circumst lean toward . perform analysi , special simul softwar develop . moreov , number maritim rout along traffic densiti data select studi . rout , two simul perform , first base uniform traffic distribut along rout , second one made use real ai data posit vessel sail select rout . obtain result simul made basi formul conclus regard capac select rout support avisomef ."
2020,Optimal planning of a 100% renewable energy island supply system based on the integration of a concentrating solar power plant and desalination units,International Journal of Electrical Power and Energy Systems,"environmental-unfriendli power suppli mode freshwat shortag two main problem isol island . 100 % renew energi suppli system equip local desalin unit effect solut problem . save fuel suppli elimin pollut emiss . firstli , 100 % renew energi suppli system base wind turbin integr concentr solar power ( csp ) plant desalin unit propos paper . flexibl schedul csp plant util complement wind power gener , thermal storag system reduc batteri energi storag configur island . differ convent method seek minimum level cost csp limit capac combin , optim plan model establish achiev minimum overal cost 100 % renew energi system . addit , adjust output characterist csp also consid decis variabl optim oper microgrid . model linear mix integ linear program problem . simul result show propos suppli system improv effici renew energi util capac factor gener unit ; peak load demand cut capac configur gener unit also reduc . comparison state-of-art system show cost-effect propos system better area abund renew energi resourc high fuel cost . © 2019 elsevi ltd"
2019,Capacity Building Itinerary on Sustainable Energy Solutions for Islands and Territories at Risk for the Effects of Climate Change,Climate Change Management,"paper present “ onlin capac build certif program sustain energi solut island territori pacif , caribbean , africa indian ocean ” , itinerari foster access high-qual technic scientif knowledg . program develop ciemat , spanish center research energi , environ technolog initi global network region sustain energi center support unit nation industri develop organ within sustain energi island climat resili initi . program conceiv meet urgent need afford train certif program sustain energi island . train qualifi profession along complet valu chain sustain energi sector crucial deploy sustain energi low-carbon climat technolog . achiev foster develop indigen renew energi solut address econom industri product competit , energi secur , afford energi access neg extern convent energi ( greenhous gase emiss , local pollut ) . educ train project aim meet gener special train need requir establish critic mass personnel broad skill level . includ person gener public public privat stakehold sustain energi sector ( expert , engin , project manag financ , polici maker , etc . ) capabl identifi , design implement effect sustain energi , climat chang issu disast risk manag measur . © 2019 , springer natur switzerland ag ."
2019,Alternative control approach for the offshore grid of wind power plants,Proceedings of the IEEE Conference on Decision and Control,"paper describ problem control electr grid offshor wind farm pour power onshor electr network high voltag direct current link base modular multilevel convert . nowaday , solv similar way would done convent electr network , frequenc variabl must control convent gener great inertia . howev , due use power electron convert kind electr network , new strategi propos frequenc ceas degre freedom shown way , system control linear . propos , possibl develop robust control achiev better perform wind farm . © 2019 ieee ."
2020,Offshore Grid Development as a Particular Case of TEP,Transmission Expansion Planning: The Network Challenges of the Energy Transition,"offshor grid transmiss line differ technolog interconnect onshor power system connect offshor wind farm shore . integr offshor grid , transmiss line realiz function simultan . integr offshor grid may provid addit socio-econom benefit , includ non-monetari one innov , industri develop , reduc environment impact improv cooper countri . howev , integr grid may entail addit cost non-integr one , sever risk may lead suboptim offshor expans plan . nonetheless , research cooper actor develop grid europ , asia north america advanc . chapter survey challeng expans plan offshor grid , structur build block govern , plan , ownership , price financ , oper . solut drawn current research practic develop , especi europ develop advanc , provid option tailor characterist offshor region . © springer natur switzerland ag 2021 ."
2019,Development of HVDC offshore grids in the European system: Long-term transmission expansion analyses,IET Conference Publications,paper provid assess optimis develop hvdc offshor grid north sea 2050 time horizon . carri applic specif approach find global optimum develop offshor onshor corridor north sea region 2050 . © 2019 institut engin technology.al right reserv .
2020,Investing in meshed offshore grids in the baltic sea: Catching up with the regulatory gap,International Journal of Sustainable Energy Planning and Management,"connect cabl offshor wind park interconnect line receiv grow attent europ . although import technic breakthrough enabl transmiss system oper ( tso ) engag hybrid form architectur , substanti regulatori challeng prevent progress . anchor current european legal framework target , paper review nation framework condit treat develop transmiss grid regul asset , focus distribut connect cost , access grid tariff invest incent face tso . paper develop ideal regulatori framework compar current regul countri around baltic sea order assess suitabl support mesh offshor grid ( mog ) . result paper highlight heterogen nation regulatori framework deviat recommend . found germani live recommend best , follow denmark , suggest regulatori potenti pioneer mog project baltic sea region . follow consider two cluster countri defin proxim ideal framework , assum three-step develop mog , follow ever progress regulatori adjust . © 2020 , aalborg univers press . right reserv ."
2019,Active and reactive power control of hybrid offshore AC and DC grids,Automatika,"futur ‘ supergrid ’ may requir benefit offshor ac network multi-termin dc grid . ac cabl limit power transfer capabl larger offshor wind farm , howev , hvdc transmiss system econom viabl larg power wind farm integr grid . anoth approach develop offshor network infrastructur form offshor ac grid connect sever offshor wind farm . , offshor ac network connect differ onshor grid use hvdc system . enhanc trade among countri well provid econom solut wind energi integr . articl , oper control concept voltag sourc convert present integr offshor ac grid offshor dc grid . articl present control principl offshor ac network frequenc voltag respect activ reactiv power distribut ac network . later , principl multi-termin hvdc system discuss respect power distribut use dc voltag droop control . power distribut criteria defin respect oper power-shar requir network stabil . end , hybrid ac/dc offshor grid model simul matlab/simulink valid distribut criteria . © 2019 , © 2019 author ( ) . publish informa uk limit , trade taylor & franci group ."
2018,Stability studies of offshore grids,"2018 Progress in Applied Electrical Engineering, PAEE 2018","current high interest offshor grid , especi mention matter increas power gener offshor wind farm , suppli offshor load cross-bord connect . articl typic element incorpor within offshor grid mention : wind farm , high power load , ga turbin marin current farm . aim articl comment mean model method angl stabil analysi within offshor grid . furthermor , articl dissert exemplari result stabil analysi offshor grid test model . © 2018 ieee ."
2019,Energy Cooperation Ukraine-Poland to Strengthen Energy Security,E3S Web of Conferences,"articl analyz prospect cooper poland ukrain field electr power transmiss . particular , characterist « burshtyn energi island » enlighten , includ burshtyn tpp , kalush chpp tereble-ritsk hpp detach power system ukrain oper parallel european system entso- . island serv import ukrainian electr power european countri hungari slovakia , respect , synchron european network system oper electr transmiss ( entso- ) . main problem intern transmiss electr current ukrain determin , whole energi system ukrain work within intern energi union ci baltic ips/up . time , integr ukrain market western european countri requir break establish connect ips/up system parallel increas commun entso- system poland , slovakia , romania hungari . prospect develop energi bridg project , provid suppli electr power khmelnitsk npp poland khmelnitsk npp-rzeszow , describ . propos stage develop energi secur inform direct introduct smart grid technolog , energi compani abl manag whole network flexibl digit system , end users-to clearli regul electr cost . © 2019 author , publish edp scienc ."
2019,The Baltics: Between Competition and Cooperation,International Political Economy Series,"three baltic countries—lithuania , latvia estonia—hav previous view energi island , face sever energi secur challeng import depend russia need adapt eu regul . although tactic object baltic countri differ , manag reduc energi vulner put end isol recent year . european commiss move baltic toward greater integr energi market eu larg . polici dual effect , encourag develop physic infrastructur put pressur baltic state act singl cohes unit , someth often done energi polici . © 2019 , author ( ) ."
2018,On-Site Acceptance and Diagnostic Testing of Submarine Inter-Array Cables at Offshore Wind Farms using Damped AC,ICHVE 2018 - 2018 IEEE International Conference on High Voltage Engineering and Application,"systemat test diagnosi manufactur , transport , instal oper exclud least reduc possibl risk failur oper . 33 kv offshor grid standard date , slowli 66 kv offshor grid use standard . along develop , voltag class inter-array cabl chang . consid enhanc risk use 66 kv cabl system , advanc qualiti control becom import . main challeng need special team instal advanc test activ , need properli certifi work higher voltag level . intern , test after-instal protocol still consider . current state intern standard base onshor experi therefor oper problemat cover actual seriou problem experienc failur 33 kv inter-array cabl . contribut test experi inter-array cabl offshor wind farm present . applic damp ac concern special discuss combin actual test exampl show find inter-array cabl offshor wind farm . © 2018 ieee ."
2018,Short circuit analysis of an offshore AC network having multiple grid forming VSC-HVDC links,International Journal of Electrical Power and Energy Systems,"articl present short circuit analysi offshor ac network consist wind power plant interconnect use hvac cabl . power gener offshor ac network transmit sever onshor grid use vsc-hvdc system . offshor ac network form vsc-hvdc system use frequenc voltag droop control . coordin control scheme propos wind turbin offshor vsc short circuit condit offshor grid ensur fault ride ( frt ) without compromis system stabil . theoret analysi use develop control scheme allow calcul system limit take consider activ reactiv power capabl . order verifi propos control scheme , three phase symmetr fault appli wind turbin busbar , hvac busbar , ac cabl interconnect vsc-hvdc system . addit , frequenc coordin control scheme without commun wind power gener vsc-hvdc system propos . methodolog control system valid perform nonlinear simul . © 2018 elsevi ltd"
2019,"Techno-economic analysis of HVAC, HVDC and OFAC offshore wind power connections","2019 IEEE Milan PowerTech, PowerTech 2019","work perform econom analysi hvac hvdc transmiss option offshor wind power plant ( owpp ) . primari object produc rang technolog econom option . econom model develop account system loss reliabl . hvac technolog variat includ use mid point compens platform optim frequenc ac ( ofac ) . investig found mid point compens highli benefici , significantli increas econom rang hvac via smaller cabl size reduc expect energi serv ( een ) . opportun optim offshor grid expans requir limit front invest use mid point compens present . viabl rang ofac found limit . furthermor , reduct export cabl size found frequent econom use 2 transform 1 improv reliabl ; warrant . © 2019 ieee ."
2019,Analysis of Coordinated Control Strategy for Large-scale Renewable Energy VSCHVDC Integration,"2019 IEEE PES Innovative Smart Grid Technologies Asia, ISGT 2019","large-scal renew energi sourc connect vsc-hvdc grid vsc-hvdc system use long-dist transmiss , oper characterist renew energi vsc-hvdc grid affect . adapt renew energi vsc-hvdc grid becom import factor affect oper grid . china built nanao three-termin vsc-hvdc project , zhoushan five-termin vsc-hvdc project , two- termin xiamen vsc-hvdc project . breakthrough made impact ac/dc system interconnect key equip technolog vsc-hvdc transmiss system , especi vsc-hvdc convert control protect technolog . paper focus two main problem renew energi island integr . first problem vsc-hvdc grid provid stabl ac voltag renew energi sourc without ac grid support . second issu maintain energi balanc vsc-hvdc system event fault . receiv end fail , power energi sent . send end fail , energi accumul vsc-hvdc grid . result overvoltag overcurr problem requir new control protect technolog introduc paper . © 2019 ieee ."
2020,Multi-objective optimization operation of the green energy island based on Hammersley sequence sampling,Energy Conversion and Management,"green energi island ( gei ) system suppli heat , cool electr energi . system includ variou supply-sid technolog , introduc larg amount degre freedom design oper phase . therefor , optim oper paramet determin ensur continu stabl heat , cool power suppli gei system . paper , ε-constraint method base hammersley sequenc sampl ( hss ) method propos . comparison tradit ε-constraint method show ε-constraint method base hss method save lot time solv multi-object optim problem . moreov , innov multi-object optim framework integr ε-constraint method , hss method topsi approach establish econom , energi environment benefit . optim calcul three typic day , approxim pareto frontier possibl oper paramet present , provid refer decis maker . final , use topsi approach , optim energi dispatch obtain three typic day . result show energi environment benefit gei system signific approxim 5–35 % fuel energi save ratio approxim 10–65 % carbon dioxid emiss reduct ratio . © 2019"
2020,Diode Rectifier Unit Based LFAC Transmission for Offshore Wind Farm Integration; [基于二极管不控整流单元的远海风电低频交流送出方案],Zhongguo Dianli/Electric Power,"offshor wind power , high densiti small fluctuat , focu wind power develop futur . , offshor wind power transmiss project oper mostli adopt vsc-hvdc technolog , wherea capit cost rel high . , paper propos diod uncontrol unit ( dru ) base low frequenc altern current ( lfac ) transmiss scheme offshor wind farm , offshor platform rectifi cancel rectifi tradit ac-dc-ac frequenc convert substitut dru , thu significantli reduc project invest oper cost . sinc dru uncontrol , correspond control strategi offshor wind turbin propos lfac transmiss system , machin side convert ( msc ) control dc voltag grid side convert ( gsc ) implement maximum power point track ( mppt ) ac voltag control togeth global unifi refer coordin system . case simul pscad/emtdc carri end studi system respons typic oper condit includ wind power fluctuat three-phas fault onshor grid offshor grid , feasibl propos scheme verifi . © 2020 autom electr power system press . right reserv ."
2017,Criterion for the Electrical Resonance Stability of Offshore Wind Power Plants Connected Through HVDC Links,IEEE Transactions on Power Systems,"electr reson may compromis stabil hvdc-connect offshor wind power plant ( owpp ) . particular , offshor hvdc convert reduc damp owpp low-frequ seri reson , lead system instabl . interact offshor hvdc convert control electr reson offshor grid analyz paper . impedance-bas represent owpp use analyz effect offshor convert reson frequenc offshor grid system stabil . positive-net-damp criterion , origin propos subsynchron analysi , adapt determin stabil hvdc-connect owpp . reformul criterion enabl net damp electr seri reson evalu establish clear relationship electr reson hvdc-connect owpp stabil . criterion theoret justifi , analyt express low-frequ seri reson obtain stabil condit defin base total damp owpp . exampl use show influenc hvdc convert control paramet owpp configur stabil . root locu analysi time-domain simul pscad/emtdc present verifi stabil condit . © 2012 ieee ."
2017,E&P goes green,Offshore Engineer,"offshor mediterranean confer ( omc ) ravenna discuss effort breath new life old oil ga platform , refit renew energi , also cut co2 emiss cost . italian econom develop minist ivan scalfarotto said facil adriat coast could reus wind solar energi , monitor marin environ , seismic , tourism wireless transmiss . liv hovem , senior vice presid africa europ , dnv gl oil & ga omc , said take variou measur , oil ga firm could reduc co2 footprint cost effect , averag , 29 % . dnv gl produc tool assess opportun , use call margin abat curv ( mac ) . consid cost per ton co2 measur overal co2 emiss reduct . one option use float wind turbin power subsea facil , subsea water inject , specif . dnv gl complet feasibl studi , input exxonmobil , eni statoil , concept , base site north sea . dnv gl target 44,000 b/d concept , would tradit requir 3mw ga turbin platform . ben oudman , dnv gl also highlight project creat offshor energi hub , would involv creat artifici island , support offshor wind , transmiss hub platform , well fish farm , pump hydro-storag , power-to-ga ."
2017,Reactive power management in an offshore AC network having multiple voltage source converters,Applied Energy,"mani offshor wind power plant develop everi year north baltic sea . prospect environ integr european power , combin power transmiss sever offshor wind power plant use vsc-hvdc transmiss system differ onshor grid suitabl instead connect wind power plant individu . offshor ac hub benefici wind power plant far shore close within vicin 20 km . paper present method control reactiv power flow offshor ac grid minim power loss voltag deviat . propos scheme , offshor grid frequenc voltag control one convert . use frequenc voltag droop scheme , activ reactiv power share achiev among convert . furthermor , optim algorithm develop acquir set point wind power plant vsc-hvdc droop gain optimum oper network . © 2017 elsevi ltd"
2014,Impact of Multi-Terminal HVDC grids on AC system stability and operation,CIGRE Session 45 - 45th International Conference on Large High Voltage Electric Systems 2014,"last year , sever plan offshor grid develop europ discuss result need integr larg amount offshor wind power , provid addit transmiss capac build adequ condit singl european electr market . system oper viewpoint , technic constraint justifi need adopt high voltag direct current ( hvdc ) technolog voltag sourc convert ( vsc ) offshor grid develop rather convent ac connect . addit , reliabl flexibl oper push develop multi-termin dc ( mtdc ) grid concept , set offshor wind farm connect set onshor ac node via ( possibl mesh ) dc grid structur . concept line envis plan develop pan-european transmiss system . broad rang aspect relat mtdc grid plan , oper , technolog dealt within twenti european research project ( 2009-2013 ) . particular , paper present result regard impact mtdc system ac system connect : specif focu devot provis advanc ancillari servic ( primari frequenc control , fault ride capabl ac fault , reactiv power support ) , possibl contribut mtdc grid enhanc oper secur ac system restart partial complet blackout . emphas advanc function provid overal system oper , mtdc grid refer paper `` dc grid '' ( dcg ) . simul result illustr potenti benefit ac system deriv describ advanc control function dcg . work carri within twenti work packag 5 . © 2014 cigr . right reserv ."
2017,Offshore wind farm harmonic resonance analysis - Part I: Converter harmonic model,"2017 IEEE Manchester PowerTech, Powertech 2017","offshor wind power technolog matur significantli directli compet convent onshor wind power gener . thank continu technolog develop signific cost reduct , offshor wind power close gap onshor wind power level cost electr ; howev technolog challeng offshor environ still pose threat long-term oper reliabl profit offshor wind farm project . articl focus one threat : harmon reson offshor grid present analyt solut identifi mitig appli advanc harmon model offshor wind turbin . analyt deriv frequenc depend posit neg sequenc imped convert harmon model 8mw gener wind turbin present . conclud compar frequenc domain convert harmon model gener 8mw offshor wind turbin time domain counterpart well ideal current sourc model ( convent solut ) distort grid condit . result obtain confirm convert harmon model demonstr superior accuraci compar ideal current sourc model ( convent solut ) low order harmon reson interact assess . conclud , discrep result obtain time domain frequenc domain model respect deserv investig . particularli frequenc depend imped deriv averag model associ power electron examin detail valid depend strongli phenomena one interest ( typic averag model provid suffici accuraci frequenc interest investig ten time smaller switch frequenc ) . © 2017 ieee ."
2015,A perspective on the potential role of renewable gas in a smart energy island system,Renewable Energy,paper examin potenti role power ga ( p2g ) appli island energi system high level renew electr penetr . p2g system requir suppli green electr sourc co2 . cheap electr essenti financi sustain p2g system . use plexo model determin deploy 50mwe p2g capac 2030 irish electr grid may reduc absolut level curtail wind 5 % compar base case . co2 captur expens . cheapest method sourc co2 p2g system employ methan process wherebi bioga anaerob digest mix hydrogen surplu electr . anaerob digest ireland potenti produc biomethan level 10.2 % energi transport ( 19.2pj/a ) . potenti co2 resourc anaerob digest could allow 8.9 % energi transport ( 16.6pj/a ) p2g product . optim model propos includ co-loc bioga system p2g system . model includ demand-driven bioga concept allow electr grid balanc suppli gaseou transport fuel . biofuel oblig certif allow financi viabl industri . © 2015 elsevi ltd .
2017,Feasibility study on renewable energy use in the island in the Seto Inland Sea,"Proceedings of 33rd PLEA International Conference: Design to Thrive, PLEA 2017","island japan local declin problem due popul decreas age . hand , island seto inland sea rich natur resourc , mild climat , vast farmland , high potenti use renew energi . studi compar suppli potenti renew energi energi demand hous target osakishimojima . suppli side , energi potenti consid local characterist , 4 type energi calcul use gi . demand side , total heat electr calcul estim heat load cool load , light consum electron load hot-wat load use simul tool . base result , energi potenti target area clarifi , feasibl zero energi island ( zei ) evalu . result , follow reveal . 1 ) target island , solar energi high potenti due mild climat mani sunni day . 2 ) compar biomass energi , potenti prune branch higher vast orchard . 3 ) potenti renew energi exceed energi demand combin four type energi target island . ( zei feasibl ) . copyright © nceub 2017 ."
2016,Multi-parameter approach for the selection of preferred offshore power grids for wind energy,"2016 IEEE International Energy Conference, ENERGYCON 2016","western europ heavili invest offshor wind power , cost wind farm remain high . reason , current transmiss grid offshor wind energi predomin radial reduc invest cost . date , select approach offshor grid configur mainli base level reliabl . paper introduc altern select approach comprehens assess net present valu ( npv ) near-shor power grid . assess encompass , among other , load flow analysi , well sensit paramet like failur rate , repair time energi price , differ grid configur ( i.e . radial/ mesh ) . case studi dutch offshor transmiss system show approach help find suitabl tradeoff lowest feasibl npv , also improv reliabl ( term reduc lost energi ) offshor grid . © 2016 ieee ."
2016,Drivers for the development of HVDC grids,HVDC Grids for Transmission of Electrical Energy: Offshore Grids and a Future Supergrid,"chapter describ evolut driver energi polici , result strong move toward develop offshor grid super grid . perceiv drive strongest europ , main focu evolut . specif driver high-voltag dc ( hvdc ) grid liber energi sector increas renew gener energi mix . respect applic grid invest , power-flow-control devic categor two type : flexibl ac transmiss system ( factss ) includ phase-shift transform ( pst ) high-voltag dc ( hvdc ) solut . hvdc transmiss system transmit electr power zero frequenc use power electron convert interfac ac grid dc grid . hvdc offer inher activ power control , make flexibl use easier limit overload system . © 2016 institut electr electron engin , inc. right reserv ."
2017,Local energy planning: Potential and perspectives of transport sector in sustainable energy action plans (SEAPs) of four small Italian islands,"Conference Proceedings - 2017 17th IEEE International Conference on Environment and Electrical Engineering and 2017 1st IEEE Industrial and Commercial Power Systems Europe, EEEIC / I and CPS Europe 2017","nowaday , sustain energi action plan ( seap ) , repres great tool european municip region plan , implement , monitor evalu energi climat action , contribut ghg reduct adapt achiev . studi analys seap four small italian island ( sii ) evalu specif impact transport take account interact local renew energi . assess forecast 2020 2030 scenario , accord european nation law forc , aim paper assess integr flowchart plan transport sector harmon renew energi sourc ( re ) local scale . © 2017 ieee ."
2017,Understanding the Origin of Oscillatory Phenomena Observed between Wind Farms and HVdc Systems,IEEE Journal of Emerging and Selected Topics in Power Electronics,"field experi shown subsynchron oscil harmon reson occur wind farm ( wf ) high voltag dc ( hvdc ) system . oscil appear presenc background harmon due interact wind energi convers system 's ( wec 's ) convert control , hvdc convert control , impact interconnect system imped . howev , root caus oscil observ field entir understood attribut variou sourc within compon control interconnect system . paper explor possibl caus oscil investig impact control compon wf voltage-sourc convert ( vsc ) -base hvdc transmiss system . order understand phenomenon , imped wf hvdc offshor ac collect point analyt deriv identifi potenti reson point . imped frequenc respons wf hvdc convert indic potenti reson low frequenc . origin oscil attribut propag wec reson wec full convert dc link interact wec hvdc system . sourc load imped identifi , impedance-bas stabil method adopt order determin stabil . attempt improv oscillatori phenomena , activ damp scheme implement offshor hvdc rectifi . analysi time-domain simul result respect harmon spectra show implement activ damp effect elimin oscil observ interconnect system . moreov , paper present role ratio bandwidth interconnect area , essenti role root caus instabl . gener rule observ bandwidth hvdc rectifi ( sourc ) faster bandwidth load ( wf invert ) ; system oper stabli . © 2013 ieee ."
2014,Regional cooperation potentials in the European context: Survey and case study evidence from the Alpine Region,Economics of Energy and Environmental Policy,"energiewend ( `` energi turnaround '' ) germani occur within context set europ 's intern electr market . import initi step intensifi region cooper neighbor countri . assert full benefit region cooper realiz integr europ 's market segment , e.g. , real-tim , day ahead , reserv market backup capac , coordin grid expans . paper examin three exist region scheme , pentalater forum , north sea countri offshor grid initi baltic energi market interconnect plan . result two case studi alpin region compris austria , franc , germani , itali switzerland indic cross-bord cooper possibl even involv oper exist asset , necessari capital-intens invest gener , renew transmiss major challeng , also potenti benefit particip countri . conclud expand region cooper essenti element europ 's decarbon initi germani 's energiewend . copyright © 2014 iaee . right reserv ."
2014,Systematic retrofit design methodology for evaluation of integratedforest biorefinery strategies,J-FOR,"north american forest product compani consid transform busi integr biorefineri exist pulp paper facil . howev , biorefineri strategi sustain , impli level risk . assess biorefineri strategi , essenti first identifi potenti integr biorefineri candid exist mill , evalu cost synergi associ potenti integr . articl describ approach retrofit design methodolog . consid uniqu characterist kraft pulp mill studi , four biorefineri technolog identifi potenti transform strategi . main cost save found associ integr potenti energi island wastewat treatment unit . result retrofit design use econom analysi studi use analyz candid biorefineri strategi term sustain perform ."
2015,Nordic hydropower flexibility and transmission expansion to support integration of North European wind power,Wind Energy,"expect increas wind power product north baltic sea substanti increas variabl gener portfolio northern europ . access avail resourc flexibl power product necessari support power system variabl . sinc nordic hydro-bas power system provid resourc , stronger interconnect continent europ nordic region seem benefici . paper assess challeng relat wind power product variabl , especi offshor , north baltic sea . assess transmiss grid need harvest avail wind product locat far away load centr enabl optim use hydropow flexibl studi long-term cost-benefit analysi . special focu devot role offshor grid structur impact onshor grid constraint . analysi includ two interrel simul step . first step focus strateg use hydro energi day-ahead market , detail model water cours hydro product nordic region consid . , second step , flow-bas simul conduct detail grid model whole european system . result show long-term strategi expans offshor onshor grid must defin coordin way ensur optim develop . copyright © 2014 john wiley & son , ltd . copyright © 2014 john wiley & son , ltd ."
2014,Key parameters for the optimization of a Wind Farm: Impact on the offshore substation,CIGRE Session 45 - 45th International Conference on Large High Voltage Electric Systems 2014,"offshor wind farm increas size , locat move away shore deeper water , result signific impact farm 's collect transmiss grid . role grid - includ mv equip wind-turbin , inter-array grid , offshor substat ( ) , transmiss cables- crucial whole farm steadi transient condit . inde , normal condit , energi lost transmiss wind turbin gener onshor substat signific , make mandatori optim system order increas effici minim loss invest cost . furthermor , fault condit , sinc one incid offshor transmiss grid creat substanti loss gener compani design optim , balanc reliabl cost found . use onshor best practic proven equip could consid suitabl solut . paper , describ impact differ determin paramet optim larg wind farm electr equip offshor grid increas inter-array voltag medium voltag ( mv ) high voltag ( hv ) , special focu impact offshor substat . first part deal technic impact high voltag inter-array , focus electr equip , loss , flexibl temporari overvoltag . one drawback mv level restrict limit maximum voltag current , establish limit regard maximum power transmit one wind farm 's intern circuit . power wind farm wt increas , current rate increas mv level power could convey cabl use bigger cabl section increas power loss . increas voltag level increas limit wind farm 's transmit power , well reduc loss section cabl . second part paper focu econom impact increas voltag collect system ; scenario describ base 500 mw wind farm global pictur , given regard impact voltag upgrad . © 2014 cigr . right reserv ."
2014,Considerations in design of an offshore network,CIGRE Session 45 - 45th International Conference on Large High Voltage Electric Systems 2014,"vast potenti offshor wind energi challeng connect onshor ac system possibl distant locat attract interest offshor network base hvdc technolog use voltag sourc convert ( vsc ) . howev , number vision express offshor grid , exampl , north sea europ might look , investor yet commit develop offshor grid number design econom question consid . paper discuss variou engin , regulatori econom issu associ offshor network . particular , compar ac hvdc option simpl connect , consid benefit coordin offshor network develop ask whether , offshor context , convent secur oper customari design oper onshor transmiss network still relev . argu , except loss infe issu would caus onshor grid offshor dc grid connect , lack demand offshor mean rule re-evalu . lead discuss need dc circuit breaker reliabl fault detect select multi-termin dc grid option control dc grid . final , number institut issu describ includ role offshor transiss owner share cost benefit offshor network . © 2014 cigr . right reserv ."
2016,HVDC grids for transmission of electrical energy: Offshore grids and a future supergrid,HVDC Grids for Transmission of Electrical Energy: Offshore Grids and a Future Supergrid,"book discuss hvdc grid base multi-termin voltage-sourc convert ( vsc ) , suitabl connect offshor wind farm possibl solut contin wide overlay grid . hvdc grid : offshor supergrid futur begin introduc analyz motiv energi polici drive develop offshor grid european supergrid . hvdc transmiss technolog offshor equip describ second part book . third part book discuss hvdc grid develop integr exist power system . fourth part book focus hvdc grid integr , studi , differ time domain electr power system . book conclud discuss develop advanc control method control devic enabl dc grid . present technolog futur offshor hvdc grid explain offshor hvdc grid integr exist power system provid requir model analys differ time domain power system studi : steady-st electromagnet transient book intend power system engin academ interest hvdc power system , polici maker . book also provid solid background research work vsc-hvdc technolog , power electron devic , offshor wind farm integr , dc grid protect . © 2016 institut electr electron engin , inc. right reserv ."
2015,Resampling of data for offshore grid design based on kernel density estimation and genetic algorithm,Energy Procedia,"offshor wind power major focu renew energi develop recent year , due better wind speed wind energi avail offshor . sinc develop ( construct grid connect ) offshor windfarm rel expens natur , care plan design need maximis benefit offshor wind project . optimis one oper state suffici grid design state power system stationari due fluctuat wind power power consumpt . eventu lead fluctuat base load power gener . account variabl , optimis done mani oper state . histor data power consumpt load centr simul data wind power use describ system state . ideal , complet set data use describ power system state could also lead unsolv case mani unknown involv calcul . keep number state low possibl reduc comput time , select smaller number sampl repres whole data set carri . involv detail studi statist distribut data . studi therefor dedic develop procedur select set statist sound sampl repres entir data set grid design purpos . © 2015 author . publish elsevi ltd ."
2014,Near zero energy islands in the Mediterranean: Supporting policies and local obstacles,Energy Policy,"base recent technical-econom analysi island pantelleria , polici feasibl studi complet upgrad energi system mediterranean island carri . pantelleria , situat sicili africa , own larg potenti term renew energi resourc , although obstacl turn near zero energi system . start deep energi system audit , studi propos project near zero energi island , effici transform differ exist natur energi resourc electr energi heat : solar , wind-bas geotherm system . way , island turn almost autonom system . main difficulti connect implement project identifi nation energi polici well specif local situat , character strong privat monopol gener distribut electr energi incent support cost connect energi requalif island . hand , local administr , involv project bottom-up european polici , cultur econom tool go implement . © 2013 elsevi ltd ."
2014,Offshore wind delivery system technology assessments and performance evaluation,IEEE Power and Energy Society General Meeting,"connect doe fund nation offshor wind energi grid interconnect studi ( nowegi ) , assess offshor wind deliveri system made differ technolog ( hvac vs. hvdc ) topolog ( radial vs. backbon vs. grid ) . , perform system impact variou option assess steady-st perspect use power flow analys normal system condit conting condit . observ made base find gener knowledg typic system oper . © 2014 ieee ."
2015,Real-time studies on an improved modular stacked transmission and distribution system,"2015 IEEE 16th Workshop on Control and Modeling for Power Electronics, COMPEL 2015","modular stack direct current ( msdc ) transmiss distribut system previous propos feed power distribut offshor oil compressor load . paper present improv msdc system integr sever offshor renew sourc exist one . system cost effect enabl bidirect power flow onshor offshor grid . valid control philosophi improv msdc system , real-tim hardware-in-loop ( hil ) simul perform . , fault mitig strategi sever offshor convert side fault also present . mitig strategi test use real-tim simul support reliabl improv msdc system . © 2015 ieee ."
2017,Coordination and uncertainty in strategic network investment: Case on the North Seas Grid,Energy Economics,"notion develop transnat offshor grid north sea attract consider attent past year due potenti substanti capit save increas scope cross-bord trade , spark european-wid polici debat incentiv integr transmiss solut . howev , one import aspect far receiv limit attent benefit larg depend eventu deploy pattern electr infrastructur current character sever locat , size time uncertainti . given lack coordin gener network develop across europ , real risk over-invest prematur lock-in option exhibit limit adapt . near futur , import choic made concern network topolog amount invest . paper identifi optim , term reduc cost , network invest ( includ topolog ) north sea countri four deploy scenario five distinct polici choic differ level offshor coordin intern market integr . draw comparison studi result , quantifi net benefit enabl differ type coordin scenario . furthermor , showcas novel min–max regret optim model identifi minimum regret first-stag commit could deploy near futur order enhanc strateg option , increas adapt differ futur condit henc reduc potenti sub-optim initi network design . view , put forward specif polici recommend regard adopt flexibl anticipatori expans framework identif attract invest opportun uncertainti . © 2017 elsevi b.v ."
2014,Small-signal stability study of the Cigré DC grid test system with analysis of participation factors and parameter sensitivity of oscillatory modes,"Proceedings - 2014 Power Systems Computation Conference, PSCC 2014","paper present detail case studi small-sign stabil analysi cigré dc-grid test system . present investig intend identifi critic mode interact differ part electr system control multi-termin hvdc ( mtdc ) scheme . oscillatori critic mode system investig modal analysi , includ particip factor analysi studi paramet sensit . potenti unstabl mode investig calcul particip factor system , identifi influenc compon . sensit eigenvalu control paramet also present order reach improv control design mtdc suffici damp enhanc dynam respons . time-domain simul result present order verifi transient perform control system . © 2014 power system comput confer ."
2015,The power of the offshore (super-) grid in advancing marine regionalization,Ocean and Coastal Management,"larg scale transnat electr grid facilit balanc capac across area serv increas potenti energi trade . offshor grid ambiti notion supergrid begin play signific part , especi europ , realiz improv secur domest energi suppli expand renew energi product . , offshor ( super- ) grid develop provid excel exampl move toward marin region . moreov , limit spatial claim environment impact , marin electr system seem well-align rational ecosystem-bas manag , heart european marin govern . outlin histor path envis outlook , articl show offshor ( super- ) grid develop link marin region relat process integr cooper . argu scaling-up grid level region sea unproblemat , face obstacl depend persist practic polici realiti , may relev express marin region . © 2015 elsevi ltd ."
2014,Fixed-reference-frame-control: A novel robust control concept for grid side inverters in HVDC connected weak offshore grids,"2014 16th European Conference on Power Electronics and Applications, EPE-ECCE Europe 2014","offshor wind energi plant built long distanc public ac-grid connect hvdc-transmiss . henc offshor ac-island-grid result , hvdc station gener grid invert wind power plant synchron gird . power hvdc-station signific higher sum wind power plant , grid rel weak . could lead stabil problem wind power plant grid side convert . © 2014 ieee ."
2017,Planning 100% renewable energy islands: the case of the Caribbean island of Montserrat,CIRED - Open Access Proceedings Journal,"diesel grid cost pariti strong driver new renew energi invest small island develop state . case montserrat caribbean island analys promis start point develop replic busi model renew energi utilis caribbean island . joint project govern montserrat , caricom , giz , siemen ag found energi transit base photovolta , geotherm energi , energi storag system attract feasibl path toward independ sustain . © 2017 institut engin technolog . right reserv ."
2016,Frequency control during transients in offshore wind parks using battery energy storage systems,Journal of Marine Engineering and Technology,"main object paper studi implement batteri energi storag system ( bess ) order improv dynam behaviour offshor wind farm . special attent given frequenc excurs limit sequenc fault onshor grid . goal accomplish set case studi offshor wind farm connect onshor grid high voltag direct current line commut convert ( hvdc-lcc ) link . power system simul engin ( pss/e ) simul tool use implement whole system , includ onshor offshor grid load flow dynam model convent gener , wind turbin gener ( wtg ) , hvdc-lcc link bess . bess servic , protect action dc link lead uncontrol frequenc increas wtg , consequ trip . bess prove essenti , allow offshor wind farm keep run maintain frequenc wtg accept level therefor bring entir system steadi state oper point . © 2016 institut marin engin , scienc & technolog ."
2017,Integrating Offshore Wind Power Via Fractional Frequency Transmission System,IEEE Transactions on Power Delivery,"novel solut integr offshor wind power via fraction frequenc transmiss system ( fft ) introduc paper . basic idea fft improv technic econom perform ac transmiss system lower grid frequenc . fft especi suitabl transmit offshor wind power low frequenc dramat reduc charg current cabl . addit , novel ac transmiss system , fft perform much better hvdc construct multitermin ( mt ) grid . basic structur characterist typic pmsg-base fft offshor wind power system mt-fft offshor grid describ first . two offshor wind power case use compar technic econom pro con fft solut convent solut : hvac hvdc . feasibl studi show perform fft offshor wind power system superior hvac hvdc point-to-point ( pp ) multitermin case . uniform annual valu pp-fft mt-fft 5.01 % 5.07 % cheaper pp-hvdc mt-hvdc . therefor , fft promis solut offshor wind power integr build offshor grid . © 1986-2012 ieee ."
2017,"Integrated North Sea grids: The costs, the benefits and their distribution between countries",Energy Policy,"larg number offshor wind farm interconnector expect construct north sea region come decad , creat substanti opportun deploy integr network solut . creat interconnect offshor grid combin cross-bord link connect offshor plant shore offer multipl econom environment advantag europ 's energi system . howev , despit evid integr solut benefici tradit radial connect practic , project deploy yet . paper quantifi cost benefit integr project investig extent cost-benefit share mechan particip countri imped encourag develop integr project . three concret interconnect case studi north sea area analys detail use national-level power system model . model output use comput net benefit involv stakehold differ alloc scheme . given asymmetr distribut cost benefit , recommend consist appli posit net benefit differenti mechan start point negoti financi closur invest integr offshor infrastructur . © 2016 elsevi ltd"
2016,The Harmonic Stability Problem in Offshore Wind Farms and Targeted Extension of the HVDC Link Control for its Mitigation,IFAC-PapersOnLine,"paper analys effect hvdc control harmon stabil offshor wind farm . due hvdc filters/ transform long cabl wind farm natur reson normal damp grid howev , improperli design control could excit reson may result equip damag . overcom problem , hvdc control extend reson suppress control base main idea disturb reject techniqu . effect propos method analyz differ oper condit network . also observ gain pi voltag control play signific role harmon stabil offshor grid . © 2016"
2017,Self-Synchronization of Wind Farm in an MMC-Based HVDC System: A Stability Investigation,IEEE Transactions on Energy Conversion,"stabil offshor wind power network connect high-voltag dc ( hvdc ) transmiss line challeng sinc strong ac collect ( acc ) bu might avail , rotat machin connect bu . addit , synchron unit ( phase-lock loop , pll ) shown signific impact achiev satisfactori perform . tackl problem , paper propos wind energi convers system ( wec ) control acc bu base synchronvert concept . synchronvert - invert without pll mimic synchron mechan inher synchron gener - introduc grid side wec voltage-sourc convert ( vsc ) , wind farm connect ac network modular multilevel convert ( mmc ) -base hvdc system . order determin stabil interconnect system , impedance-bas stabil method adopt . imped wind power invert mmc-hvdc convert analyt deriv , analyt model verifi compar frequenc respons obtain numer simul . detail analysi result present show benefit control potenti stabil . result highlight synchronvert 's abil keep better perform compar pll-base dq-domain control point stabil control integr offshor wind farm mmc-base hvdc system , sinc imped synchronvert reflect simpl rl characterist . hand , imped pll-base dq-domain control imped induct 2 khz reflect composit characterist 2 khz differ reson point higher imped magnitud low frequenc , make vulner voltag instabl . final , time-domain simul result present valid theoret analysi show self-synchron impact system perform . © 2017 ieee ."
2016,Investigation on Fault-ride through Methods for VSC-HVDC Connected Offshore Wind Farms,Energy Procedia,"paper propos novel fault-rid method offshor wind farm connect grid voltag sourc convert ( vsc ) -base high voltag direct current ( hvdc ) transmiss . propos method introduc control voltag drop offshor grid onshor fault occur . idea behind achiev fast power reduct . addit propos idea , everi individu wind turbin detect voltag drop offshor grid almost simultan , control decreas power set-point reduc power output wind turbin . effect method verifi numer simul perform pscad . © 2016 author ."
2015,Current source converter series tapping of a LCC-HVDC transmission system for integration of offshore wind power plants,IET Seminar Digest,"use hvdc two avail commerci possibl : transmiss base line commut convert ( lcc ) base voltag sourc convert ( vsc ) . vsc-hvdc suitabl creat offshor grid . despit fact , mani lcc transmiss system oper across sea interconnect mainland island . work address concept connect wind power plant seri lcc-hvdc transmiss link alreadi built mean self-commut current sourc convert ( csc ) . idea similar seri tap station extract power form hvdc link . nevertheless , csc act rectifi invert , power revers avail advantag vsc . coupl lcc station csc straightforward sinc topolog current sourc convert . control oper system normal condit present verifi mean simul use matlab simulink ."
2014,Analysis of north sea offshore wind power variability,Resources,"paper evalu , 2030 scenario , impact onshor power system term variabl power gener 81 gw offshor wind farm instal north sea . meso-scal reanalysi data use input comput hourli power product offshor wind farm , total product analyz identifi largest aggreg hourli power variat . base publicli avail inform , simplifi represent coastal power grid built countri border north sea . wind farm less 60 km shore connect radial mainland , rest connect hypothet offshor hvdc ( high-voltag direct current ) power grid , design wind curtail exceed 1 % product . load convent power plant technolog associ cost curv comput variou nation power system , base 2030 project . use matlab-bas matpow toolbox , hourli optim power flow region hybrid ac/dc grid comput high , low medium year meso-scal databas . largest net load variat evalu per market area relat extra load-follow reserv may need convent gener . © 2014 author ; license mdpi , basel , switzerland ."
2017,About the intelligent decision making system for dynamic electricity pricing on renewable microgrids,"Proceedings of the 12th International Scientific and Technical Conference on Computer Sciences and Information Technologies, CSIT 2017","new approach solv problem interact main supplier electr privat gener station differ natur island renew energi micro-grid . approach use small power island differ natur condit , stipul use solar , wind energi sourc order evalu dynam electr price . © 2017 ieee ."
2017,Assessing the impact of sampling and clustering techniques on offshore grid expansion planning,Energy Procedia,"due ongo large-scal connect non-dispatch renew energi sourc power system , short- long-term plan model challeng increas level variabl uncertainti . key contribut articl explor assess implic differ dimens reduct approach long-term transmiss expans plan ( tep ) model . purpos studi , select sampl cluster techniqu introduc compar result sampl error varieti sampl size two differ scale option origin data set . base gener sampl , rang tep model run carri investig impact invest strategi market oper case studi reflect offshor grid expans north sea region 2030 scenario . evalu show dimens reduct techniqu perform well sampl cluster process necessarili produc reliabl result large-scal tep model . futur work includ way incorpor inter-tempor constraint better captur medium-term dynam oper flexibl power system model . © 2017 author ( ) ."
2017,AC offshore grid forming of a collection network for wind park by considering storage and hybrid power electronic systems,"Proceedings of 2016 International Conference on Electrical Sciences and Technologies in Maghreb, CISTEM 2016","new applic storag system consid order contribut secur reliabl oper ac offshor network . manag offshor ac collect network care studi variou possibl implement vital oper function storag system develop . issu control design storag system , impact analysi exist ac/dc offshor vsc power convert , assess reliabl , offer repow facil case hvdc transmiss fault particip control frequenc , ac voltag reactiv power compens normal oper . © 2016 ieee ."
2016,Reshaping Equilibria: Renewable Energy Mega-Projects and Energy Security,Low-Carbon Energy Security from a European Perspective,"renew energi mega-project potenti play signific role europ 's transit low-carbon energi system . howev , question remain whether expans undertak contribut energi secur . four mega-project variou stage plan , construct implement examin chapter . two project middl east north africa ( mena ) region , noor desertec , interpret idea interdepend energi system contrast way , latter reli exist paradigm physic connected former build new bridg econom scientif cooper . first interconnect offshor site , krieger flak , north sea countri offshor grid initi ( nscogi ) exemplifi differ approach balanc issu capac system effici . result analysi show reshap equilibria low-carbon energi secur help large-scal renew energi project lead much deeper question prevail energi polici paradigm . © 2016 elsevi ltd right reserv .."
2015,Simulation study of renewable energy driven microgrid,Journal of Electrical Engineering,"ever-increas demand energi increas concern manmad climat chang call chang way electr gener distribut delivered.micro grid peer-to-p self-sustain commun manag local gener , storag , load , exclus grid connect . mg consid much abil creat energi island protect broad power outag . work highlight architectur mg driven renew sourc conceptu solut power outag . work begin model follow studi like , simul studi tneb distribut network , optim placement distribut sourc ( dg 's ) , remodel solar pv wind turbin , mg integr reactiv power compat differ dg 's voltag regul low voltag mg network . low voltag distribut system convert mg , distribut gener sourc ( dg 's ) , identifi sensit analysi . model system test feasibl sever case studi ."
2017,Smart load management of water injection systems in offshore oil and gas platforms integrating wind power,IET Renewable Power Generation,"pollut come use ga turbin ( gt ) oil ga ( & g ) platform requir greener solut . one option use wind turbin ( wt ) suppli water inject system ( wiss ) explor smart energi manag make & g sector sustain . effect wt integr , coordin local gt , need care analys sinc intermitt wind jeopardis stabil offshor grid . exist flexibl load ( flex ) interfac variabl speed drive ( vsd ) , wiss , help overcom challeng relat wind intermitt rotor angl stabil : suitabl control non-essenti load implement reduc effect wind power fluctuat , balanc power gener consumpt contribut optim effici gt adjust load condit . work investig system dynam short-term wind-induc power fluctuat , analys evolut electr variabl , activ power gener rotor speed , evalu possibl aris low frequenc oscil . impact adequ wi load control increas system damp also explor algorithm system damp estim propos . © institut engin technolog 2017 ."
2015,Oscillatory phenomena between wind farms and HVDC systems: The impact of control,"2015 IEEE 16th Workshop on Control and Modeling for Power Electronics, COMPEL 2015","field experi shown sub-synchron oscil ( sso ) harmon reson happen due interact wind energi convers system 's ( wec ) convert control , hvdc convert control impact system imped . paper investig oper control wec employ full-scal convert connect electr network voltag sourc convert ( vsc ) -base high voltag dc ( hvdc ) transmiss system . sso harmon reson observ depend control implement ac collect bu side hvdc convert . origin oscil attribut propag wec 15 hz reson wec full convert dc link interact wec dc link dynam hvdc system . activ damp scheme propos improv system perform . activ damp implement offshor hvdc system instal purpos integr two wind farm . analysi time domain simul result spectral analysi present show effect applic propos activ damp . © 2015 ieee ."
2017,A case study of a successful industrial microgrid operation,"2017 4th International Conference on Electrical and Electronics Engineering, ICEEE 2017",energi structur undergo seriou chang connect renew distribut level . one import chang ensur sustain energi success implement microgrid . import microgrid structur recov sever system fault also microgrid structur maintain balanc becom energi island . decoupl balanc procedur sometim critic load toler energi interrupt . paper success microgrid structur refineri perform studi introduc . © 2017 ieee .
2014,Life cycle assessment of an offshore grid interconnecting wind farms and customers across the North Sea,International Journal of Life Cycle Assessment,"purpos : studi aim contribut improv understand environment implic offshor power grid wind power develop pathway . achiev aim , present two assess . first , investig impact north sea power grid enabl enhanc trade integr offshor wind power . second , assess benefit north sea grid wind power comparison scenario power gener affect countri . method : grid scenario explor first assess ambiti scenario windspe project result cost minim analysi use transmission-expansion-plan model . develop hybrid life cycl inventori array cabl ; high voltag , direct current ( hvdc ) link ; substat . function unit 1 kwh electr transmit . second assess compar two differ energi scenario windspe north sea surround countri . , util life cycl inventori offshor grid compon togeth inventori catalog power gener technolog ecoinv coupl inventori grid configur electr mix determin optim procedur windspe . result discuss : develop , oper , dismantl grid caus emiss 2.5 g co2-eq per kwh electr transmiss 36 mt co2-eq total . hvdc cabl major caus environment damag , caus , exampl , half total climat chang effect . next import contributor substat array cabl use offshor wind park . toxic eutroph effect stem larg leakag dispos copper iron mine tail overburden . result comparison two scenario demonstr substanti environment benefit north sea grid extens associ wind power develop compar altern gener electr fossil fuel . offshor grid wind power , howev , entail increas use metal , henc , higher metal deplet indic . conclus : present first life cycl assess larg offshor power grid , use result energi plan model input . hvdc link major caus environment damag . differ across impact categori respect compon type activ respons damag . north sea grid wind power environment benefici array criteria displac fossil fuel , caus substanti metal use . © 2014 springer-verlag berlin heidelberg ."
2015,Offshore grids for renewables: Do we need a particular regulatory framework?,Economics of Energy and Environmental Policy,"onshor , gener connect transmiss grid tso . regulatori model could simpli extend offshor ( i.e . germani ) , connect offshor wind farm shore also opportun test altern , i.e . third parti model ( i.e . uk ) gener model ( i.e . sweden ) . paper , argu third parti gener model inde better suit support evolut toward larger scale offshor wind farm increasingli develop farther sea , tso model better suit support evolut toward cross-bord offshor grid project . word , import trade-off need made none exist regulatori model fulfil expect current context europ . , trade-off made region eu level differ nation regulatori framework incompat appli cross-bord offshor grid project . copyright © 2015 iaee . right reserv ."
2017,DC protection of a multi-terminal HVDC network featuring offshore wind farms,Energy Procedia,"protect scheme dc fault design multi-termin hvdc network use transfer energi three larg offshor wind farm shore . system use open access model creat eu-fund best-path project , includ manufacturer-suppli wind farm model . trip condit dc circuit breaker found simul , along current limit inductor size , base use hybrid circuit breaker . simul fault hvdc network show abil protect scheme isol fault , convert station wind turbin abl ride-through fault without trip base 5m switch time circuit breaker longer switch time caus signific rise offshor grid frequenc , could caus turbin trip ."
2014,Coordinated control of wind farm and VSC-HVDC system using capacitor energy and kinetic energy to improve inertia level of power systems,International Journal of Electrical Power and Energy Systems,"large-scal offshor wind power integr main grid long distanc , vsc-hvdc transmiss typic way . howev , asynchron characterist hvdc link lead frequenc decoupl offshor grid main grid , i.e. , offshor grid littl inertia support main grid . high level penetr wind energi make main grid `` inertia-less '' system impair overal stabil system . paper propos new coordin control strategi use electr energi store dc capacitor kinet energi store wind turbin rotor emul inertia synchron gener . control strategi , dc link capacitor releas absorb energi follow droop dc voltag control grid side vsc ( gsvsc ) , wind farm vsc ( wfvsc ) chang output frequenc accord dc voltag . thu , artifici coupl frequenc two-sid ac system obtain without remot commun . accord wfvsc 's output frequenc , wind turbin power control alter power refer , wind turbin speed chang . thu , kinet energi store wind turbin rotor absorb releas . result , wind turbin util keep main grid frequenc stabl . base doubli fed induct gener ( dfig ) wind turbin , paper analyz influenc differ addit power control differ control paramet propos control strategi inertia time constant . within permiss rang dc voltag variat , propos control strategi provid wide rang inertia time constant , improv overal stabil main grid system . simul result three oper condit , i.e. , sudden load chang , variat wind speed , ac system fault , valid effect propos coordin control strategi . © 2014 elsevi ltd. right reserv ."
2014,Regulating offshore energy sources in the North Sea - Reinventing the wheel or a need for more coordination?,International Journal of Marine and Coastal Law,"articl examin legal framework develop oil , ga wind energi north sea . discuss whether parallel seen lesson learn differ sector suggest experi offshor petroleum sector could use improv evolv legal regim offshor wind energi . purpos , first examin legal basi offshor activ intern law sea . subsequ , discuss regul oil ga exploit regul offshor wind energi . focu particular way energi sourc transport shore via pipelin cabl . consid whether compar decis made establish legal regim offshor wind whether lesson could still learn . particularli relev futur product offshor wind energi product petroleum need coordin , sizabl amount offshor wind energi integr ( offshor ) transmiss grid . © 2014 koninklijk brill nv , leiden ."
2017,Optimization-based reactive power control in HVDC-connected wind power plants,Renewable Energy,"one applic high–voltag dc ( hvdc ) system connect remot locat offshor wind power plant ( wpp ) . system , offshor wpp grid synchron main grid oper decoupl mode , onshor hvdc convert fulfil grid code requir main grid . thu , offshor grid oper independ normal condit offshor hvdc convert connect wind turbin . gener , well known optim reactiv power alloc might lower compon load power loss . paper aim propos assess reactiv power alloc optim within hvdc–connect wpp . system , offshor convert oper adjoin grid impos frequenc voltag . refer voltag magnitud use addit control variabl optim algorithm . loss function incorpor collect grid convert loss . use propos strategi result effect reduct loss compar convent reactiv power dispatch strategi alongsid improv voltag profil . case studi 500 mw–size wpp demonstr addit annual energi product 6819 mwh econom benefit 886 kyr−1 use propos strategi . © 2017 elsevi ltd"
2016,Marine wind energy and the North Sea Offshore Grid Initiative: A Multi-Level Perspective on a stalled technology transition?,Energy Research and Social Science,"build electr grid sea impli radic transform grid topolog . time , marin super-grid conceiv . grow number subsea electr cabl mesh marin renew , ‘ green ’ grid also possibl . base interview research , paper examin one ambiti propos : northern sea countri offshor grid initi ( nscogi ) . multi-level perspect ( mlp ) technolog transit use evalu progress date . obstacl uncov includ compet still immatur grid technolog nich . equivoc support key actor within relev socio-techn electr regim . nation grid transmiss system oper ( tso ) appear interest subsea cabl trade electr rather enhanc marin renew . eu might assum vital actor support north sea grid , limit influenc . nation polici insid decis matter . paper stress residu import nation level offshor wind electr grid . marin super-grid wire offshor wind-farm throughout north sea , tent emerg , also ambigu support offshor wind . © 2016 elsevi ltd"
2016,Management through hope: an ethnography of Denmark’s Renewable Energy Island,Journal of Organizational Ethnography,"purpos – purpos paper analys process social technic chang took place 1997 2007 samsø , rural island 4,000 inhabit , becam denmark ’ renew energi island ( rei ) . design/methodology/approach – build ethnograph fieldwork conduct samsø 2013 2014 , paper take start point citizen ’ meet new renew energi project propos municip coordin . meet , municip coordin exhibit “ chang manag ” attitud , fail win citizen ’ support becom entri point investig rei project develop manag get island commun activ support project . gateway past , meet allow author ethnograph describ unobserv event 1997-2007 . find – argument rei project develop practis manag hope “ hope manag ” , contrast “ chang manag ” , creat project succeed accomplish goal chang island due open , rooted island commun ’ past , project develop ’ abil speak down-to-earth varieti hope . originality/valu – paper make use ethnograph studi present investig unobserv past rei built . take “ hope debat ” anthropolog scienc technolog studi ( stenger , 2002 ; miyazaki , 2004 ; jensen , 2014 ) , paper contribut empir analysi role hope manag chang process . © 2016 , © emerald group publish limit ."
2016,DolWin1 - Challenges of connecting offshore wind farms,"2016 IEEE International Energy Conference, ENERGYCON 2016",inher properti offshor ac grid high penetr wind gener present number challeng connect wind turbin gener main onshor grid via hvdc . paper focus discuss challeng base experi gain abb execut dolwin1 project previou offshor project . © 2016 ieee .
2014,Solar photo voltaic power generation in union territory of Lakshadweep Island: Projected level dissemination using technology diffusion models,"Proceedings of the International Conference on Innovative Applications of Computational Intelligence on Power, Energy and Controls with Their Impact on Humanity, CIPECH 2014","lakshadweep island one union territori india . main sourc electr lakshadweep island diesel gener , diesel transport main land . due high energi cost , island prove excel test bed introduct new technolog , becom so-cal renew energi island satisfi energi demand mainli indigen renew energi sourc . fragil locat , geograph environment limit desir explor possibl strategi util maximum avail potenti non-pollut renew energi sourc ecolog sensit island . paper examin penetr renew energi sourc gener dissemin solar photo voltaic ( spv ) base power gener electr particular balanc solut energi problem lakshadweep island use technolog diffus model . found differ diffus model , futur time frame spv base power gener like reach maximum estim potenti anoth 40 year . © 2014 ieee ."
2017,"Expansion of offshore HVDC grids: An overview of contributions, status, challenges and perspectives","58th Annual International Scientific Confererence on Power and Electrical Engineering of Riga Technical University, RTUCON 2017 - Proceedings","goal paper review , systemat critic discuss approach propos far grid transmiss expans hvdc system . particular , paper focu special plan requir offshor hvdc grid , seldom address avail literatur . contribut first highlight tradit expans plan approach commonli appli ac system need modifi properli includ hvdc technolog ; outlin strategi tool adapt deal larg offshor hvdc system , forthcom north sea offshor grid . respect , updat overview exist plan hvdc link north sea provid . final , discuss specif challeng need properli address expans problem offshor hvdc network present , particular emphasi renew energi integr control issu . © 2017 ieee ."
2016,Active power flow direction effect on stability in multi-terminal VSC-HVDC transmission system in integrating wind farm,"2016 IEEE 17th Workshop on Control and Modeling for Power Electronics, COMPEL 2016","variat wind power affect stabil multi-termin hvdc ( mt-hvdc ) system instal purpos integr offshor wind farm suppli offshor constant power load oil ga plat form . paper investig stabil mt-hvdc system . order determin stabil , impedance-bas stabil method adopt . stabil determin check nyquist plot minor loop gain . observ high control bandwidth dc voltag control loop better system perform ; howev stabil margin poor vice versa . moreov , dc voltag controlled-convert need oper invert rectifi provid flexibl power flow direct high control bandwidth dc voltag control loop , convert oper stabli rectifi mode , hand low control bandwidth , convert oper stabli invert rectifi ; howev system perform poor . order improv system perform , droop control introduc perform droop valid simul . detail analysi present differ power level wind farm shown affect stabil interconnect system . © 2016 ieee ."
2016,Introducing system flexibility to a multinational transmission expansion planning model,"19th Power Systems Computation Conference, PSCC 2016","grid invest consid sunk cost long lifetim , particularli offshor grid context . market mechan cost recoveri invest expos increas share variabl power gener suppli side , demand flexibl system . henc , great interest account chang tool use decis support . paper present extens alreadi exist mix integ linear program ( milp ) transmiss expans plan ( tep ) , includ system flexibl form energi storag demand-sid manag . moreov , enhanc descript variabl power gener use construct product profil higher level detail . latter achiev simul weather data wind solar incorpor higher tempor spatial resolut previou studi . impact use new time seri variabl power gener , introduct system flexibl , present separ use north sea area compar case studi 2030 scenario provid entso- . consequ result interest includ lifetim oper cost ( opex ) , invest cost ( capex ) , offshor wind power curtail . © 2016 power system comput confer ."
2016,Offshore AC grid management for an AC integrated VSC-HVDC scheme with large WPPs,IEEE Power and Energy Society General Meeting,"point-to-point vsc-hvdc wind power plant ( wpp ) link connect offshor ac cabl call ac integr vsc-hvdc scheme virtual multi-termin dc ( mtdc ) grid . sinc , ac integr vsc-hvdc scheme form offshor ac grid , parallel oper offshor vsc-hvdc convert requir . paper compar three offshor convert control topolog : ( ) feedforward control ac voltag frequenc , ( ii ) feedback control ac voltag , ( iii ) feedback control ac voltag frequenc inner current loop . perform power current base droop assess parallel offshor convert . simul carri digsil power factori present illustr effect offshor convert control strategi dynam ac system follow offshor grid disturb . © 2016 ieee ."
2015,The Effect of Welfare Distribution and Cost Allocation on Offshore Grid Design,IEEE Transactions on Sustainable Energy,"innov offshor grid design integr offshor wind farm ( owf ) interconnector gain popular . adequ invest design requir align interest stakehold appropri cost alloc method . aim paper twofold . first , show welfar distribut influenc stakehold offshor grid design choic . second , evalu effect variou cost alloc scheme align divers stakehold interest toward effici grid design . result confirm invest effici offshor grid design may guarante long chosen cost alloc method ignor welfar distribut effect . method fail regard . even provid cost incent , alway ensur cooper . cogniz limit , studi propos method alloc cost proport increment net benefit ( pinb ) stakehold . method reflect distribut welfar cost save . © 2010-2012 ieee ."
2016,A reliability evaluation of offshore HVDC grid configuration options,IEEE Transactions on Power Delivery,"paper detail methodolog investig reliabl differ offshor grid design option connect offshor wind power shore . methodolog use sequenti mont carlo-bas techniqu enabl investig realist offshor phenomena , weather depend compon repair time . number case studi examin connect shore cluster far offshor wind farm cost benefit analysi perform compar capit cost , electr loss , reliabl . found clear valu option inher redund altern protect strategi , avoid use expens dc circuit breaker , shown potenti viabl . also found low probabl , high impact fault , transmiss branch failur , key driver behind overal grid reliabl . © 1986-2012 ieee ."
2017,Characterisation of interaction in an offshore AC grid with large WPPs and VSC-HVDCs,IET Renewable Power Generation,"exploit full flexibl capabl offshor voltage-sourc convert high-voltag dc ( vsc-hvdc ) line , interact studi offshor ac grid requir well understood report . studi examin interact dynam offshor ac grid interconnect larg wind power plant ( wpp ) . convent eigenvalu analysi method limit make interact analysi system difficult . henc , studi , impedance-bas analyt approach employ investig interact phenomena . imped model vschvdc convert direct vector control outer droop control deriv along imped model full-convert wind gener . interact dynam offshor grid predict well-establish nyquist criteria valid use time-domain simul . analysi show system stabil decidedli influenc control configur tune vsc-hvdc line . © 2017 institut engin technolog ."
2015,Stochastic optimal power flow incorporating offshore wind farm and electric vehicles,International Journal of Electrical Power and Energy Systems,"paper , optim power flow model power system , includ offshor wind farm plug-in electr vehicl ( pev ) connect grid , present . stochast natur wind power uncertainti ev owner 's behavior suitabl model statist model avail recent literatur . offshor wind farm assum compos doubli fed induct gener ( dfig ) reactiv power control capabl connect offshor grid hvdc link . order obtain optim activ power schedul differ energi sourc , optim problem solv appli recent introduc gbest guid artifici bee coloni algorithm ( gabc ) . accuraci propos approach test implement ac-dc optim power flow modifi ieee 5-bu , ieee 9-bu , ieee 39-bu system . result obtain gabc algorithm compar result avail literatur . paper also includ ac-dc optim power flow model , implement modifi ieee-30 bu test system includ wind farm power v2g sourc . shown uncertainti associ avail power wind farm pev affect overal cost oper system . © 2014 elsevi ltd ."
2016,Electrical resonance instability study in HVDC-connected Offshore Wind Power Plants,IEEE Power and Energy Society General Meeting,"stabil hvdc-connect offshor wind power plant ( owpp ) compromis interact power convert reson offshor grid . paper analys voltag stabil offshor hvdc convert due low frequenc electr reson . impedance-bas represent use identifi reson studi stabil . effect offshor convert control owpp paramet analys root locu system . positive-net-damp criterion use determin stabil condit due electr reson . also , time-domain simul pscad/emtdc present verifi stabil condit . © 2016 ieee ."
2014,Animated operational scenarios for microgrid systems using scenario visualization and simulation tools,"2014 IEEE Global Humanitarian Technology Conference - South Asia Satellite, GHTC-SAS 2014","modern energi infrastructur otherwis call power grid , integr renew energi sourc like solar , wind emerg key focu area across world . 1.2 billion peopl access electr incud 550 million peopl africa 300 million india . situat , report intern energi agenc forecast power gener renew energi sourc nearli tripl year 2010 2035 reach 31 % . microgrid distribut energi island system play vital role overcom challeng . microgrid , compris distribut energi resourc ( der ) serv commun load , key enabl renew integr . system also play signific role rural electrif . system oper semiautonom manner autonomous/island mode . oper scenario system relat modern power system henc explor . leav huge potenti industri academia collabor approach . purpos studi analyz oper scenario exist new visual tool ecosystem play major role direct collabor optim lead benefit commun futur . © 2014 ieee ."
2017,Sensitivity analysis of sampling and clustering techniques in expansion planning models,"Conference Proceedings - 2017 17th IEEE International Conference on Environment and Electrical Engineering and 2017 1st IEEE Industrial and Commercial Power Systems Europe, EEEIC / I and CPS Europe 2017","short long-term power system plan model becom complex order captur current futur market characterist compris variabl , uncertainti , integr geograph spread market area . dimens reduct method use keep plan model tractabl , e.g . time seri sampl cluster , repres trade-off model complex level detail . accuraci dimens reduct method measur term raw data process model output metric , latter reveal well sampl techniqu fit particular model instanc . studi , robust sever sampl cluster techniqu quantifi differ model instanc independ vari model paramet , e.g . margin cost gener . obtain find indic perform consid techniqu , inde , model-depend , insight perform common dimens reduct techniqu power system plan applic provid . result illustr case studi north sea offshor grid ( nsog ) scenario year 2030 , use bi-level mixed-integ linear optim program . thing consid , systemat sampl moment match shown give robust result sensit analysi . © 2017 ieee ."
2017,Investigation of a 5-port LCL DC hub connecting 7 HVDC terminals in the North of Scotland,IET Conference Publications,"reliabl cost effect power transmiss north scotland offshor wind farm toward scotland , england norway use 7-termin mmc dc grid studi . propos dc grid employ 5-port inductor-capacitorinductor ( lcl ) fault toler mmc dc hub interconnect sever hvdc cabl . hub achiev power flow control differ termin , dc voltag step use intern ac transform , importantli enabl dc fault isol port . faulti port isol form healthi port system use intern ac circuit breaker fault persist . advanc control architectur propos mmc termin dc hub mmc vsc guarante stabl grid behaviour normal oper sever dc fault . whole system model pscad simul result present confirm accept perform propos dc grid ."
2014,The impact of energy storage on long term transmission planning in the North Sea region,"2014 North American Power Symposium, NAPS 2014","paper present plan framework investig impact differ level integr large-scal energi storag develop plan mesh hvdc grid power system large-scal offshor wind . problem formul , charge/discharg schedul energi storag model way market condit succeed hour taken account power dispatch present . unlimit limit energi storag capac scenario consid , compar no-storag refer case . optim plan includ grid topolog , transmiss capac , energi storag capac optim energi storag schedul . optim model set transmiss capac way transmiss congest revenu collect throughout lifetim infrastructur pay invest cost build grid . propos model appli studi futur develop offshor grid north sea . simul result assess accord variou econom indic . invest energi storag shown econom effect windi offshor region . © 2014 ieee ."
2015,Regulating offshore energy sources in the North Sea-reinventing the wheel or a need for more coordination?,Energy from the Sea: An International Law Perspective on Ocean Energy,"chapter examin legal framework develop oil , ga wind energi north sea . discuss whether parallel seen lesson learn differ sector suggest experi offshor petroleum sector could use improv evolv legal regim offshor wind energi . purpos , first examin legal basi offshor activ intern law sea . subsequ , discuss regul oil ga exploit regul offshor wind energi . focu particular way energi sourc transport shore via pipelin cabl . consid whether compar decis made establish legal regim offshor wind whether lesson could still learn . particularli relev futur product offshor wind energi product petroleum need coordin , sizabl amount offshor wind energi integr ( offshor ) transmiss grid . © 2015 koninklijk brill nv , leiden , netherland . right reserv ."
2017,Nearshore wind resistance on Denmark's renewable energy island: Not another NIMBY story,Science and Technology Studies,"danish island samsø world-fam denmark 's renew energi island . 21 wind turbin suppli island 's electr . today , public hostil toward project nearshor wind farm island 's preserv northern coast grow . paper take main theoret cue gomart hajer 's ( 2003 ) call open polit question empir inquiri pay attent materi set polit question unfold . paper seek make sens island ' unexpect opposit new wind farm , critiqu unexperiment depolitic attitud - found empir case well academ scholarship - nimbi ( backyard ) logic . replac nimbi logic close deliber empir 'cosmopolit ' ( stenger , 2005 ) approach open space polit close investig , paper focus empir set give controversi specifi c shape ask project wind farm interrog , negoti recast travel socio-materi polit wind controversi ."
2017,Analysis of reactive power strategies in HVDC-connected wind power plant clusters,Wind Energy,"offshor wind power plant ( wpp ) built near far shore usual connect main grid common high-voltag dc ( hvdc ) transmiss system . result decoupl offshor grid , wind turbin convert high-voltag dc voltage-sourc convert share abil inject absorb reactiv power . overal reactiv power control dispatch influenc power flow grid henc associ power loss . paper evalu respect power loss hvdc-connect wpp cluster appli 5 differ reactiv power control strategi . case studi made 1.2-gw–rate cluster compris 3 wpp implement combin load flow convert loss model . larg set feasibl oper point system analyz strategi . result show select simul equal wind speed suffici annual energi product comparison . found continu oper wpp uniti power factor superior perform low commun requir compar convent strategi . optimization-bas strategi , develop articl , allow reduct loss mainli higher offshor grid voltag level impos high-voltag dc voltage-sourc convert . reactiv power control hvdc-connect wpp cluster chang significantli overal power loss system , depend rather total sum inject activ power varianc wind speed insid cluster . copyright © 2017 john wiley & son , ltd ."
2014,Impact of DC voltage control parameters on AC/DC system dynamics under faulted conditions,IEEE Power and Energy Society General Meeting,"paper discuss influenc dynam within multi-termin offshor dc grid ( mtdc ) onshor ac power system stabil fault condit . ac-fault occur hvdc convert station termin may propag via offshor mtdc grid undisturb asynchron connect ac power system . disturb manifest addit activ power overshoot remot connect convert . shown sever disturb propag sensit paramet dc voltag droop control employ voltag regul mtdc scheme . furthermor , effect mtdc grid topolog dynam interact illustr compar mesh radial topolog . analysi perform phasor-mod time domain simul , augment user-defin state-spac model mtdc grid . ac system dynam base avail model benchmark power system stabil simul softwar pss®e . © 2014 ieee ."
2016,Price regimes in an energy island: Tacit collusion vs. cost and network explanations,Energy Economics,"paper , explor determin wholesal electr price energi island sicili , estim regim switch model fix time-vari transit probabl daili data 2012-2014 period . explanatori variabl use altern price equat switch equat includ power demand , suppli intermitt renew , residu suppli index , congest indic . four compet hypothes determin price regim test ( arbitrari market power , cost profil , tacit collus , congest ) order understand , despit gener trend declin price induc renew southern itali , sicilian price stood high . pattern estim coeffici consist tacit collus stori . © 2016 ."
2016,Process electrification and offshore grid systems,Proceedings of the Annual Offshore Technology Conference,"objectives/scop : oil ga process electrif recogn reduc oper cost , improv energi effici improv environment factor . offshor electrif limit distanc cost . extend reach ac system , improv hvdc system , emerg avail offshor grid system includ multipl power sourc consum provid improv econom . method , procedur , process : full econom technic analysi complex . examin technic factor power requir , distanc , loss , mainten oper cost combin key econom criteria capit , oper energi cost , depreci . discuss model overal avail oper stabil affect energi mix qualiti power manag microgrid . factor hse environment impact also affect invest decis . result , observ , conclus : earlier model present , spe-162504 , consid mainli point point connect . demonstr grid system , includ long distanc hvdc connect , combin local ac grid integr multipl offshor facil power sourc . paper base experi ongo project north sea current studi persian gulf caspian sea , integr across multipl facil consum network dynam multipl sourc power shore , local gener offshor wind microgrid studi . ( includ actual data conclud studi , anonym data subject client permiss . ) novel/addit inform : studi focus larg offshor electrif system meet energi , stabil econom requir larg offshor grid . new inform includ effect chang point-to-point connect grid mani node , includ effect renew power grid effect batteri energi storage/hybrid . copyright 2016 , offshor technolog confer ."
2017,Transmission expansion simulation for the European Northern Seas offshore grid,Energy,"hvdc innov integr power market renew drive develop european northern sea offshor grid . power transmiss system perform two function : interconnect northern european onshor power system , connect offshor wind farm . despit benefit , develop integr offshor grid combin two function slow . main reason lack cooper govern framework overcom region differ distribut cost benefit . barrier studi far qualit perfect foresight optim model . complement studi transmiss expans pathway grid , non-optim path depend , use novel open-sourc simul model offshor transmiss invest . differ expans typolog consid , find perform grid function differ level integr transmiss capac . besid typolog factor , model simul factor also affect expans select . typolog , model simul factor interact result radic differ offshor grid pathway , exhibit strong path depend . thu , avoid locking-out benefici expans northern sea offshor grid , plan region consid hvdc innov . individu project implement base merit . © 2017 author"
2017,Preliminary regulations of ESS connected to Korean isolated island power system to minimise the capacity of ESS,CIRED - Open Access Proceedings Journal,"island microgrid , problem occur energi storag system ( ess ) oper constant voltag constant frequenc ( cvcf ) mode . order oper ess cvcf , enough capac ensur total demand requir grid . energi unbal suppli demand capac ess enough suppli power requir load , distribut gener ( dg ) instead ess requir support necessari power maintain grid frequenc constant . howev , dg respond frequenc chang due constant frequenc oper ess even frequency-pow support function . make microgrid power system reduc effici requir enough capac ess , ensur total demand grid . caus lower econom problem . order help dg renew respond grid frequenc chang even cvcf oper mode ess , ess special function name 'indirect voltag regul ' present studi . studi briefli introduc grid code distribut energi resourc connect 'stand-alon energi island ' kepco recent carri present necess indirect voltag control ess . © 2017 institut engin technolog . right reserv ."
2015,North Sea offshore network and energy storage for large scale integration of renewables,Sustainable Energy Technologies and Assessments,"review investig differ aspect realiz north sea offshor grid . north sea region sever characterist make large-scal integr renew energi sourc attract , larg wind resourc huge hydro reservoir north . mesh offshor grid underwat storag contribut facilit suffici flexibl system . technic review reveal aspect need research , particularli regard protect scheme . furthermor , offshor storag solut develop . howev , aspect cover readili avail solut . greatest challeng seem lie within standard , cost-benefit share harmon regulatori regim surround countri . nevertheless , sever studi shown highli promis econom benefit establish offshor grid north sea compar tradit plan point-to-point connect . © 2014 elsevi ltd ."
2017,Measurement system requirements to evaluate the quality of grid connections for offshore wind farms,"I2MTC 2017 - 2017 IEEE International Instrumentation and Measurement Technology Conference, Proceedings","number offshor wind farm germani significantli increas sinc 2008 . econom reason wind farm cluster connect public grid via larg scale hvdc convert . one main risk offshor wind farm oper qualiti grid connect provid tso . dynam influenc tso neighbor wind farm , origin power qualiti disturb may serious impact product wind farm . investig influenc power qualiti offshor grid product wind farm , power qualiti must measur . paper placement requir measur devic determin . afterward differ devic categori compar benefit continu record high resolut measur devic present exemplari power qualiti event . © 2017 ieee ."
2015,Impact of state-space modelling fidelity on the small-signal dynamics of VSC-HVDC systems,IET Seminar Digest,"main purpos paper investig effect state-spac model fidel small signal stabil characterist hvdc system base voltag sourc convert ( vsc ) . purpos , small-sign state-spac model point-to-point vsc-base hvdc connect , includ dynam ac network convert control loop develop , verifi comparison time respons detail model includ nonlinear effect . critic mode system worst case oper condit investig particip factor analysi show influenc differ state identifi physic effect associ variou eigenvalu . testcas investig use digsil power factori ( p.f . ) , exampl commerci power system simul tool , assess small-sign stabil dynam behaviour system . thu , effect commonli use simplif large-scal power system studi stabil assess vsc-base hvdc transmiss scheme identifi , influenc locat critic pole system analys . result use basi toward gener guidelin assess result tradit power system stabil studi network contain vsc-base transmiss scheme shed light impact simplif stabil estim ."
2017,Handling of unbalanced faults in HVDC-connected wind power plants,Electric Power Systems Research,"high-voltag dc ( hvdc ) connect enabl integr wind power plant locat far shore . decoupl ac offshor grid compris multipl wt convert , voltag magnitud frequenc primarili control offshor high-voltag dc voltage-sourc convert ( vsc-hvdc ) . fault offshor grid challeng connect convert provid adequ respons improv overal fault behavior . special interest asymmetr fault due result unbalanc voltag condit . articl address condit offshor grid analyz impact offshor grid behavior differ convert contribut . four fault ride-through strategi studi wt convert . effect over-modul convert voltag voltag condit highlight . test system defin analyz fault post-fault behavior . found voltag support wt convert posit neg sequenc show best perform compar control neg sequenc current suppress . scheme help addit vsc-hvdc ac voltag control return quickli normal oper . valid statement simul perform line-to-lin ( ) singl line-to-ground ( slg ) fault immedi vicin vsc-hvdc . © 2017 elsevi b.v ."
2017,Multistage grid investments incorporating uncertainty in offshore wind development,Energy Procedia,"represent uncertainti transmiss expans plan ( tep ) model becom increasingli import mani power system expos signific technolog chang induc top-down climat energi target . object paper incorpor uncertainti regard futur offshor wind deploy allow two invest stage grid expans , second stage provid valuabl flexibl system planner . stochast two-stag mixed-integ linear program use purpos appli case studi north sea offshor grid ( nsog ) . given data assumpt , show system planner gain maximum €1.72 bn ( 0.40 % ) term cost save perfect inform wind deploy . expect cost save forward-look system planner use stochast program €22.30 ( 0.0052 % ) , comparison best determinist approach . moreov , show planner postpon invest decis five year expect cost save €22.41 would aris . © 2017 author ( ) ."
2015,Cost-benefit analysis of a coordinated grid development in the North Sea,"2015 IEEE Eindhoven PowerTech, PowerTech 2015","full cost-benefit analysi ( cba ) mesh offshor grid northern sea respect radial configur perform . cba , three scenario analys : entso- vision 4 scenario 111 gw offshor wind , prime refer scenario 70 gw offshor wind , nscogi scenario 55 gw offshor wind . offshor grid infrastructur cost calcul , benefit assess . cba base entso- draft cba methodolog . cost calcul use ecofi offshor transmiss cost model tool tractebel engin 's techno-econom tool scanner ? use calcul benefit . © 2015 ieee ."
2016,Coordinated Voltage Control in Offshore HVDC Connected Cluster of Wind Power Plants,IEEE Transactions on Sustainable Energy,"paper present coordin voltag control scheme ( cvc ) cluster offshor wind power plant connect voltage-sourc converter-bas high-voltag direct current system . primari control point propos voltag control scheme introduc pilot bu , highest short-circuit capac offshor ac grid . develop cvc comprehend optim algorithm , aim minimum activ power loss offshor grid , gener voltag refer pilot bu . steady-st oper , pilot bu voltag control dispatch reactiv power refer wind turbin ( wt ) wind power plant cluster base avail reactiv power margin network sensitivity-bas particip factor , deriv dv/dq sensit wt bu w.r.t . pilot bu . method lead minim risk undesir effect , particularli overvoltag termin wt locat far away ac collector substat , dispatch lower reactiv power refer compar one nearer substat . addit , paper propos control strategi improv voltag ride capabl wt fault offshor grid , thu lead improv dynam voltag profil offshor ac grid . © 2016 ieee ."
2016,Near zero energy island with sea wave energy: The case study of Pantelleria in Mediterranean Sea,OCEANS 2016 - Shanghai,"paper author present studi transit energi gener system real mv/lv distribut system one `` fuel-bas '' `` renewables-bas '' system particular sea wave energi , use data acquir innov gener prototyp realiz univers palermo . studi carri real island network locat island pantelleria ( mediterranean sea ) . procedur appli present articl , well main equat use , result previou applic made differ technic field show good replic [ 1 ] - [ 7 ] . © 2016 ieee ."
2014,The spatial offshore grid plan for the German exclusive economic zone,"Ecological Research at the Offshore Windfarm Alpha Ventus: Challenges, Results and Perspectives","2011 german feder energi act mandat feder maritim hydrograph agenc ( bsh ) develop annual updat spatial offshor grid plan ( 'bundesfachplan offshor ' ) german exclus econom zone ( eez ) north baltic sea . plan drawn consult feder network agenc ( bnetza ) , coastal feder state feder agenc natur conserv ( bfn ) . spatial offshor grid plan defin power cabl rout site entir requir grid infrastructur eez 12 nm border . grid plan german eez north sea accompani environment report issu februari 2013 two nation intern consult . © springer fachmedien wiesbaden 2014 . right reserv ."
2016,Reactive power management in an offshore AC network having multiple voltage source converters,EEEIC 2016 - International Conference on Environment and Electrical Engineering,"mani offshor wind power plant develop everi year north baltic sea . combin energi transmiss shore instead standalon suitabl prospect environ integr european power market . offshor ac hub benefici wind power plant far shore close within vicin 20 km . articl present method control reactiv power flow offshor ac grid minim power loss select suitabl network layout . propos scheme , offshor grid frequenc voltag control one convert . use frequenc droop , activ power share done among convert voltag droop reactiv power . , optim algorithm also provid set point wind power plant contribut manag reactiv power flow . © 2016 ieee ."
2016,Self-synchronisation of wind farm in MMC-based HVDC system,"2016 IEEE Electrical Power and Energy Conference, EPEC 2016","stabil offshor wind power network connect high voltag dc ( hvdc ) transmiss line critic problem sinc direct connect strong ac collect ( acc ) bu . field experi shown sub-synchron oscil ( sso ) harmon reson occur wind farm hvdc system . oscil appear presenc background harmon arguabl result control interact wind energi convers system ( wec ) convert control hvdc convert control . design synchron unit ( phase-locked-loop ) shown signific impact achiev satisfactori perform . howev , slow fast synchron unit could directli affect control perform degrad system stabil . paper propos control design without phase-locked-loop ( pll ) wec grid-sid convert dedic synchron unit ( pll ) control . control implement wec convert acc side synchron modular multi-level convert ( mmc ) -base hvdc system . detail analysi present result compar wide use decoupl dq-frame control structur . imped frequenc respons dq-frame control synchronverter-bas control present show comparison system perform . time domain simul result present show self-synchronis impact system perform compar classic dq-frame control solut . © 2016 ieee ."
2016,Novel Hydroelectric Storage Concepts,Storing Energy: With Special Reference to Renewable Energy Sources,"chapter examin use pump hydro techniqu configur well-establish pump hydroelectr storag ( phe ) . similar scale , aim bring high-pow , high-energi storag region phe feasibl . largest geolog piston-in-cylind system also address emerg market requir energi level beyond capabl phe . futur network , reli heavili variabl renew , may requir 100 h gigawatt-class storag capac harvest larg energi surplus ride prolong period low power gener . concept cover includ deep-level reservoir system offshor seab lagoon storag . © 2016 elsevi inc. right reserv ."
2016,Publishing real-time microgrid consumption data on the web of Linked Data,"Clemson University Power Systems Conference, PSC 2016","decentralis power system manag bring clear advantag grid stakehold ( consum , gener , oper manag actor ) . grid decentralis achiev use microgrid . microgrid emerg worldwid , work small energi island . admit ontolog open ( semant ) web standard form basi advanc commun architectur smart grid . true , ontolog enabl semant interoper logic reason ; link data principl enabl discoveri new inform web . paper report use formal principl develop new inform system microgrid site alreadi place . specif , develop new ontolog repres time seri multipl observ , made real-tim consumpt data avail web link data . enabl consumpt report , enabl research test algorithm real-tim consumpt data . © 2016 ieee ."
2015,A market-based transmission planning for HVDC grid - Case study of the North Sea,IEEE Transactions on Power Systems,"signific interest build hvdc transmiss carri transnat power exchang deliv cheaper electr renew energi sourc locat far load center . paper present market-bas approach solv long-term tep mesh vsc-hvdc grid connect region market . gener nonlinear , non-convex large-scal optim problem high comput burden , partli due mani combin wind load becom possibl . develop two-step iter algorithm first select subset oper hour use cluster techniqu , seek maxim social welfar region minim invest capit transmiss infrastructur subject technic econom constraint . outcom optim optim grid design topolog transmiss capac result congest revenu pay invest end project 's econom lifetim . approxim made allow analyt solut problem demonstr hvdc price mechan consist ac counterpart . model use investig develop offshor grid north sea . simul result interpret econom term show effect propos two-step approach . © 1969-2012 ieee ."
2017,Impacts of offshore grid developments in the North Sea region on market values by 2050: How will offshore wind farms and transmission lines pay?,"International Conference on the European Energy Market, EEM","increas integr renew energi northern central europ market greatli influenc develop electr transmiss grid infrastructur . background fast develop offshor wind energi connect onshor electr system , coordin grid develop north sea may save cost individu wind farm , also deliv addit benefit provis increas interconnect electr market . previou studi includ offshor wind develop high ambit long term perspect focu assess specif effect econom valu offshor wind farm connect belgium , norway uk , netherland , germani ( north sea link , cobra cabl , vike link , nord link , britn nemo link ) . paper tri shed light substanti differ expect econom exposur wind power plant transmiss line develop electr grid north sea . sinc detail prospect energi system around north sea region shape revenu expect , develop appli energi model balmorel . tool use quantifi effect implement mesh offshor grid compar radial grid connect wind farm non-coordin fashion countri 2050 . model run conduct present paper show substanti variat expect market valu wind farm hub level due impact differ option grid structur . result aim inform discuss possibl alloc grid expans cost differ connect countri includ belgium , denmark , germani , netherland , norway britain . © 2017 ieee ."
2017,Optimal fault ride through compliance of offshore wind power plants with VSC-HVDC connection by meta-heuristic based tuning,Electric Power Systems Research,"paper present novel iter procedur augment electromagnet transient type simul state art mean varianc map optim algorithm . aforement procedur enabl optim tune coordin fault ride complianc strategi offshor wind power plant vsc-hvdc transmiss . particular , formul optim task minim electr stress experienc vsc-hvdc system offshor wind power plant onshor fault . moreov , ensur onshor offshor grid code profil violat due unwant dynam associ combin respons vsc-hvdc system wind power plant . two state art coordin fault ride strategi optim , name voltag drop frequenc modul techniqu . simul result demonstr optim tune coordin fault ride complianc strategi propos iter procedur enabl improv dynam respons reduc electr stress offshor wind power plant vsc-hvdc transmiss . © 2016 elsevi b.v ."
2014,Impact of wind energy support schemes on the development of an offshore grid in the North Sea,IEEE Power and Energy Society General Meeting,"signific interest develop offshor wind energi europ . offshor wind project requir larg transmiss instal invest . therefor support polici essenti make project econom attract . paper present optim plan framework investig impact implement support instrument differ stage plan final grid design instal offshor wind capac . given level wind support , optim plan includ grid offshor wind capac . optim capac set way congest revenu collect throughout life time project pay invest cost build grid . time remuner offshor wind farm recov initi invest cost . model use investig impact implement wind support plan develop offshor grid north sea . numer simul result interpret econom term demonstr effect propos approach . © 2014 ieee ."
2016,Cluster Control of Offshore Wind Power Plants Connected to a Common HVDC Station,Energy Procedia,"paper coordin control cluster offshor wpp connect hvdc connect implement analyz . studi target two case ; coordin reactiv power flow hvdc convert wpp cluster provid offshor ac grid voltag control , coordin close loop control hvdc wpp cluster provid power oscil damp ( pod ) via activ power modul . shown coordin cluster control help improv steady-st dynam respons offshor ac grid case offshor ac grid voltag control onshor ancillari servic provis , i.e . pod activ power modul cluster . two case simul use digsil powerfactori , iec 61400-27-1 wind turbin wpp control model gener offshor layout cluster three wpp util . © 2016 author ."
2017,Optimal sizing method of distributed energy resources for a stand-alone microgrid by using reliability-based genetic algorithm,Transactions of the Korean Institute of Electrical Engineers,"reduct greenhous gase ( ghg ) emiss becom global issu , microgrid market grow rapidli . sudden chang market , korean govern suggest new busi model call 'self-suffici energi island ' . main concern stand-alon microgrid compos distribut energi resourc ( der ) renew energi sourc ( ress ) , energi storag system ( ess ) fuel cell , order minim emiss ghg . accord trend , paper written propos optim size method der stand-alon microgrid use genet algorithm ( ga ) , one repres stochast method . minim net present cost variabl , size ress ess . process optim , sunless day consid addit constraint . case studi analysi , size der instal microgrid system comput use propos method matlab . result matlab compar homer ( hybrid optim multipl energi resourc ) , well-known energi model softwar . © 2017 korean institut electr engin ."
2014,Application of offshore concrete constructions for ocean renewable energy storage (ORES),Applied Mechanics and Materials,"storag energi gener offshor wind farm still address one vex problem inher offshor renew energi offshor wind solar energi - store excess energi . research tri appli concret energi storag offshor wind farm recent , includ otec artifici energi island , mit 's ocean renew energi storag ( ore ) belgium 's energi atol , progress review . © ( 2014 ) tran tech public , switzerland ."
2014,The belgian offshore grid: Transporting renewable energy from offshore to onshore,Proceedings of the Coastal Engineering Conference,"new plan offshor windpark belgian continent shelf connect belgian highvoltag electr network ( grid ) develop elia . possibl way connect develop island high voltag offshor substat instal . substat connect wind farm transmit electr common cabl land . paper highlight benefit design aspect concept , togeth design aspect cabl instal ."
2016,Integration of power from offshore wind turbines into onshore grids,"Offshore Wind Farms: Technologies, Design and Operation",instal capac offshor wind farm europ expect increas 8 . gw 2014 23.5 . gw 2020 . wind farm collect system gather power gener wind turbin submarin power transmiss system transfer electr gener offshor onshor grid . chapter describ technolog wind farm collect system explain basic principl submarin power transmiss base high-voltag direct-curr technolog . © 2016 elsevi ltd right reserv .
2014,Reliability analysis of design options for offshore HVDC networks,CIGRE Session 45 - 45th International Conference on Large High Voltage Electric Systems 2014,"grow interest develop offshor hvdc network connect offshor wind power provid interconnect region . number technolog , topolog protect option avail develop vari level design complex , capit cost system redund . paper highlight avail option outlin methodolog investig perform number investig reliabl lifetim expect fault condit , princip calcul expect level curtail energi associ network design . number case studi investig provid comparison option includ design without hvdc circuit breaker vari level interconnect system redund . paper show potenti signific benefit term reduct curtail energi use redund path power transmiss network design certain case outweigh increas capit expenditur associ implement . investig need case hvdc circuit breaker carri comparison altern sectionalis hvdc network topolog impact system reliabl found neglig comparison cost breaker . offshor network reliabl also found highli sensit input assumpt failur repair rate variabl within result found larg mean could difficult accur predict reliabl futur offshor network implement . © 2014 cigr . right reserv ."
2017,Method for controlling voltage and frequency of the local offshore grid responsible for connecting large offshore commercial wind turbines with the rectifier diode-based HVDC-link applied to an external controller,IET Electric Power Applications,"studi introduc method control system rectifi electr current power transfer sever offshor wind power gener system common offshor ac line , diode-bas bridg . modular rectifi compris one uncontrol modul ( diod rectifi ) . accord studi , wind power suppli system receiv reactiv power refer central extern regul maintain common ac-lin frequenc . although control method topolog , propos extern control use commerci wind turbin chang intern control . power plant control system use algorithm select activ reactiv power refer , maintain origin wind turbin control unalt . method control voltag frequenc local offshor grid allow oper differ rectifi end hvdc link . pscad® simul use prove technic control design concept . © institut engin technolog ."
2017,Resonance damping in array cable systems by wind turbine active filtering in large offshore wind power plants,IET Renewable Power Generation,applic activ filter larg offshor wind power plant ( wpp ) present studi . harmon challeng sourc harmon emiss reson identifi briefli explain . also modern remedi harmon mitig method activ filter describ applic real-lif wpp system demonstr . underlin wpp compon widespread medium-voltag cabl system offshor grid transform introduc signific low-frequ parallel reson caus signific harmon voltag distort point common coupl . activ filter modern grid-sid convert use wind turbin appli simultan keep suffici harmonic/nois reject . extens harmon stabil studi also shown prove overal system robust . © institut engin technolog 2017 .
2013,Alaska's renewables-source ammonia fuel energy storage pilot plant: Toward community energy independence,IEEE Power and Energy Society General Meeting,"alaska 's 720,000 peopl live 200 'energi island ' electr grid connect north america . smaller commun road connect , rest alaska , contin . energi import : diesel electr gener heat ; gasolin local transport . fig . 1 . alaskan might obtain annually-firm suppli energi , purpos , convert alaska 's divers , strand , renew energi ( ) resourc liquid nh3 fuel , transport store low cost common steel propan tank , recov via stationari combined-heat-and-pow ( chp ) plant , intern combust engin ( ice ) combust turbin ( ct ) genset , via fuel cell , transport fuel . alaskan could achiev signific degre energi independ , perhap export abund , strand renew 'green ' nh3 fuel . © 2013 ieee ."
2012,Extending the reactive compensation range of a direct AC-AC FACTS device for offshore grids,Electric Power Systems Research,"author suggest use hybrid modul scheme improv reactiv power compens capabl direct ac-ac fact devic compos matrix convert perman magnet machin . intrins limit convent matrix convert modul scheme , devic far display poor reactiv power compens capabl output power factor low . even wors , direct ac-ac fact devic could provid pure reactiv power compens . paper present analysi demonstr hybrid three-vector-schem extend reactiv compens rang beyond level convent indirect space vector modul exhibit . reactiv power compens capabl fact devic modul comput compar analyt final verifi simul studi . © 2012 elsevi b.v. right reserv ."
2014,Variability of chlorophyll-a off the southwest coast of India,International Journal of Remote Sensing,"coastal upwel southwest coast india southwest monsoon well-known phenomenon enhanc chlorophyll-a ( chl-a ) biomass . present studi explor properti examin variabl surfac chl-a use satellit data obtain sea-view wide field-of-view sensor ( seawif ) period septemb 1997 decemb 2010 . spatial variabl show substanti cross-shor well along-shor gradient southwest monsoon . tempor variabl chl-a studi conjunct satellit observ sea-surfac temperatur , sea-surfac height anomali , wind , current . result reveal domin influenc west india coastal current chl-a variabl upwel downwel period . moreov , notic intra- inter-annu variabl observ paramet . therefor , empir mode decomposit ( emd ) method use identifi oscil influenc variabl . seawif chl-a data period 2008-2010 omit analysi due gap record . emd analysi reveal oscil rang season five-year period . quasi-bienni oscil identifi domin factor caus inter-annu variabl chlorophyl studi area , compar el-niño southern oscil indian ocean dipol . chl-a also studi two smaller grid size 0.5° × 0.5° separ around 300 km repres coastal offshor area , understand natur variabl area . annual rang variabl high ( 0.1-8.0 mg m-3 ) near coast consequ high upwel intens , low ( 0.1 mg m-3 ) offshor grid due absenc upwel . © 2014 taylor & franci ."
2013,Legal bases for offshore grid development under international and EU law: Why national regimes remain the determining factor,European Law Review,"develop transnat offshor grid activ consider north sea state . facilit european approach trigger necessari invest , stabl legal framework need . articl provid analysi legal base offshor grid develop intern eu law . demonstr 1982 unit nation convent law sea provid reason clear direct nation infrastructur project offshor , less clear regard transnat project . base analysi , articl discuss whether european union legisl compet establish requisit regulatori support develop north sea grid . articl end conclus neither intern eu law provid adequ legal framework develop transnat offshor infrastructur . consequ , north sea state take lead establish legal structur facilit co-ordin develop european offshor grid . © 2013 thomson reuter ( profession ) uk limit contributor ."
2013,Switching off the generator: Technical and economic approach for storage based renewable energy systems for Islands,WIT Transactions on Ecology and the Environment,"increas share renew energi 20 % challeng grid stabil , work toward 100 % renew energi suppli requir complet new approach . small island grid ideal platform start achiev tomorrow 's energi concept today . develop necessari technolog high level renew energi island system , younico ag built hardwar softwar develop test site berlin . actual system test show abil switch diesel gener - i.e . guarante stabl grid exclus use fluctuat sourc batteri without rotat mass , give freedom choos renew energi configur 0 100 % . consequ , renew energi system layout set accord island 's ecolog econom goal . hybrid system high renew penetr gener substanti save substitut larg share fuel electr gener . therefor , addit technolog solut , procedur busi model develop identifi econom optim configur isol system given set climat load condit . technic approach , result test phase key paramet suppli system base renew storag summar paper . © 2013 wit press ."
2011,Wave resource in El Hierro-an island towards energy self-sufficiency,Renewable Energy,"island el hierro ( spain ) , unesco biospher reserv atlant ocean , aim becom first 100 % renew energi island world . €54 million wind project alreadi way , present research look island 's wave resourc use 44-year hindcast dataset obtain numer model . geograph distribut wave energi examin basi eight studi site around island . substanti resourc found west north el hierro , averag wave power order 25 kw m-1 total annual energi excess 200 mw h m-1 ; resourc less abund east south island . addit geograph variat , wave energi el hierro present season variat , energet winter mild summer . analys total resourc spatial season variat , composit term sea state ( signific wave height energi period ) examin , composit affect select wave energi convert instal discuss . © 2010 elsevi ltd ."
2013,Governing shared offshore electricity infrastructure in the northern seas,International and Comparative Law Quarterly,"joint 'north sea countri offshor grid initi ' state border north sea establish share large-scal offshor electr infrastructur order exploit offshor wind energi resourc . articl argu intern govern ocean space come legal intern law , european law nation law fulfil specif function . climat regim provid norm impetu , law sea alloc compet , european law contain principl cooper , implement coordin nation law . intern law , european law nation law thu becom function integr . analysi signific beyond share offshor electr infrastructur . illustr way function integr intern law , european law nation law emerg distinct legal institut right , separ distinct variou legal order . © 2013 british institut intern compar law ."
2013,Israel's electricity market sustainability indices,"Proceedings of the 26th International Conference on Efficiency, Cost, Optimization, Simulation and Environmental Impact of Energy Systems, ECOS 2013","current paper , examin differ electr market scenario israel 2030 , rate altern fuel-bas power station , address econom aspect , environment impact , technolog altern , social consider well polit benefit . result show 2030 , prefer power plant fuel israel natur ga , follow pv nuclear power station , give coal power plant lowest score . research examin familiar indic , price , effici environment effect , well local specif indic social benefit polit implic . paper first part studi aim rate energi effici measur differ electr market scenario ."
2011,The economics of offshore wind,Energy Policy,"paper present overview main issu associ econom offshor wind . invest offshor wind system grow rapidli throughout europ , technolog essenti meet eu target renew energi 2020 . offshor wind suffer high instal connect cost , howev , make govern support essenti . review variou support polici use europ , conclud tender-bas feed-in tariff scheme , use denmark , may best provid adequ support minimis develop ' rent . may prove econom build intern offshor grid connect wind farm belong differ countri site close . © 2010 elsevi ltd ."
2012,Negative sequence current control in wind power plants with VSC-HVDC connection,IEEE Transactions on Sustainable Energy,larg offshor wind power plant may multi-mw wind turbin gener ( wtg ) equip full-scal convert ( fsc ) voltag sourc convert ( vsc ) base high voltag direct-curr ( hvdc ) transmiss grid connect . power electron convert wtg-fsc vsc-hvdc allow fast current control offshor grid . paper present method control neg sequenc current inject offshor grid vsc-hvdc well wtg-fsc . would minim power oscil henc reduc dc voltag overshoot vsc-hvdc system well wtg-fsc ; especi offshor grid unbalanc due asymmetr fault . formul neg sequenc current inject mathemat deriv implement electromagnet transient ( emt ) simul model . simul result show neg sequenc current control mitig power oscil therefor limit dc voltag excurs vsc-hvdc system asymmetr fault . © 2012 ieee .
2013,VIAvento - A fast and accurate simulation tool for power-electronic systems,"2013 15th European Conference on Power Electronics and Applications, EPE 2013",simul complex offshor grid includ connect devic independ control algorithm ( e.g . dll form ) essenti assess global system stabil . power-electron applic - due independ control independ switch invert - time domain simul give meaning result . paper present simul tool viavento satisfi introduc requir . function tool illustr show simul result connect two-point convert one hvdc modular-multilevel-convert topolog ( mmc topolog ) . © 2013 ieee .
2012,Consideration of grid stability aspects in the design of offshore wind farms; [Berücksichtigung von netzstabilitätsaspekten bei der planung von offshore-wind parks],VGB PowerTech,"convent transmiss distribut grid frequenc power characterist grid-connect gener utilis control power balanc actual gener demand . offshor wind farm connect via high-voltag direct current link onshor grid also use wind turbin full-scal frequenc convert possess physic principl . therefor addit requir frequenc convert defin grid high amount convert . special characterist offshor grid due exclus cabl therefor result low parallel reson grid imped attend . point influenc stabil grid consid plan offshor wind farm . oper high-voltag direct current connect offshor grid yet defin suffici , urgent need coordin grid wind farm oper well manufactur high-voltag direct current link wind turbin rather frequenc convert ."
2010,Permanent magnet synchronous generator offshore wind farms connected to a single power converter,"IEEE PES General Meeting, PES 2010","paper deal perman magnet synchron gener base wind farm connect singl power hvdc-vsc convert . control scheme propos valid mean simul . propos control scheme need current voltag measur wind farm transform seek maximum power gener use variabl frequenc offshor grid , provid hvdc-vsc . work includ evalu power gener variabl constant frequenc offshor wind farm . result show signific power increas 20 % obtain appli appropri variabl frequenc certain wind farm . case studi consid wind farm compos four wind turbin base perman magnet synchron gener . ©2010 ieee ."
2012,Integrated assessment of combined cooling heating and power systems under different design and management options for residential buildings in Shanghai,Energy and Buildings,"well-known techniqu ration use energi , combin cool , heat power ( cchp ) system paid attent build energi conserv activ . paper , perform typic cchp system investig high-ris residenti build , experienc rapid expans china . base build 's energi consumpt , four type cchp technolog assum follow three design manag mode , name , heat track mode , electr track mode energi island mode . order comprehens understand perform assum cchp system , besid separ energi , econom environment assess , integr assess framework propos . accord simul result , ga engin fuel cell base cchp system feasibl option energi environment viewpoint , cost poor econom perform . integr viewpoint , ga engin system attract option econom perform taken account ; otherwis fuel cell system best choic . addit , select proper design manag mode vital import adopt cchp system . © 2012 elsevi b.v ."
2011,Proposal of a medium frequency offshore grid for identification of vessels sailing in high density maritime Spanish routes,OCEANS 2011 IEEE - Spain,"mani reason , requir marin traffic control abl track real time vessel approach move away coast . innov automat identif system vessel - regard other alreadi exist - one satellit system limit certain coverag distanc , happen automat identif system ( ai ) . system exclud latter either , sinc except circumst base paper studi oper propos system spanish maritim rout relev term traffic densiti . © 2011 ieee ."
2011,Software tool for automated design and cost benefit analysis of offshore grid,IEEE PES Innovative Smart Grid Technologies Conference Europe,"paper discuss softwar tool autom design cost benefit analysi offshor grid . tool utilis graphic user interfac ( gui ) catalogu compon ( cabl , transform , convert , platform ) design offshor wind farm creat correspond network model . set calcul includ load flow , cabl size inspect , reactiv power compens , reliabl evalu evalu capit cost carri purpos comprehens cost benefit analysi . softwar tool enabl quick effortless analysi number differ offshor wind farm design . use optimis interconnect wind farm accommod requir reliabl econom effici . © 2011 ieee ."
2010,Market impact of an offshore grid - A case study,"IEEE PES General Meeting, PES 2010","combin offshor wind gener intern transmiss cabl highli discuss topic europ , especi north sea baltic sea . offshor wind park locat krieger flak baltic sea could combin offshor wind gener swedish , german danish zone , sever design option regard cabl discuss . choos certain option strong impact congest rent power market well incom offshor wind park oper . paper includ plan krieger flak offshor node wilmar model , optim model reflect european power market . way , impact differ suggest topolog day-ahead power market differ countri assess . ©2010 ieee ."
2012,Onshore and offshore transmission expansion in the european grid for large scale wind integration in the North Sea,44th International Conference on Large High Voltage Electric Systems 2012,"develop implement offshor grid [ 1 ] wide consequ onshor grid transmiss expans plan ( tep ) . combin tep on- offshor strongli necessari larg scale integr wind energi northern europ . two tep methodolog present paper : net-op tool emp invest analysi algorithm : ) net-op [ 2 ] transmiss expans plan tool power system larg share renew energi sourc like e.g . wind . offshor grid expans optim formul mixed-integ problem net-op explicitli consid benefit transmiss capac differ price area valu connect offshor wind power grid versu invest cost power cabl auxiliari equip . methodolog assum locat instal capac wind farm known , find solut least-cost offshor grid structur cabl dimens , take account wind power power demand variat , possibl connect point shore aggreg descript onshor power system . ii ) emp ( efi 's multi-area power market simul ) electr market model develop sintef [ 3 ] . carri system optim basi specifi cost capac product , demand transmiss area . hydro power repres detail . optim problem solv use combin stochast dynam program calcul strategi hydro power , linear program simul week stochast scenario . function carri investment-analysi develop [ 4 ] . new capac phase iter basi simul price previou simul . transmiss line , addit capac profit price-differ two connect area suffici larg . aim paper demonstr tool use tep case studi north sea region ."
2011,Multi level optimization for offshore grid planning,CIGRE 2011 Bologna Symposium - The Electric Power System of the Future: Integrating Supergrids and Microgrids,"paper show optim method determin best econom technic feasibl transmiss topolog connect multipl offshor wind farm main electr grid . propos optim algorithm determin connect possibl lowest life cycl system cost . possibl rank total cost one lowest total cost propos best solut . optim algorithm take transmiss system account , mean point common coupl wind farm side point common coupl onshor . data avail public domain use valid methodolog . life cycl system cost consist invest mainten cost requir transmiss equip , cost transmiss loss cost possibl reinforc exist onshor transmiss grid . optim algorithm take , hvac vsc hvdc technolog consider . lcc hvdc technolog taken consider larg reactiv power demand , big filter instal inabl produc independ rotat electr field connect weak offshor grid . factor make lcc technolog less suitabl offshor applic . ac dc connect possibl potenti path offshor transmiss system , result hybrid system . reinforc exist grid realiz underground cabl overhead line , significantli impact life cycl system cost . propos optim algorithm consist two level . upper level transmiss topolog determin use coordin offshor wind farm possibl point common coupl onshor . maxim power inject offshor grid use set boundari condit . transmiss technolog ( hvac hvdc ) determin level corridor transmiss system . lower level optim , individu compon transmiss system refin . case object function total system cost optim constraint power rate use equip . voltag level connect path determin independ multipl voltag level exist within transmiss system . wind energi product profil wind farm consid resolut one hour . way transmiss loss taken consider high accuraci plan process . methodolog present offer complet optim grid design , includ differ compon cabl rate type . , result use ideal first step develop stage get realist estim requir invest , grid layout equip . form tool grid develop wind farm investor . optim algorithm radial transmiss extens consid . determin optim grid layout , public avail cost data data equip rate use . use data optim valid appli algorithm number alreadi exist studi case ."
2010,Offshore grids: The Irish view,"IEEE PES General Meeting, PES 2010","ireland favour wind condit whole europ . wind product , mainland well offshor , expect grow rapidli come year , evidenc fact 6000 mw wind gener current await connect grid onshor . given massiv potenti exploit renew energi resourc coast ireland , i.e . thousand mw [ 1 ] , well first request connect offshor , seem reason develop studi investig facilit connect type gener best topolog viabl cost effect technolog . follow cooper agreement eirgrid ers , studi perform use transmiss expans plan ( tep ) methodolog develop ers [ 2 ] evalu best network expans plan aim transfer irish transmiss system ( ) , potenti amount wind energi produc offshor irish sea . ©2010 ieee ."
2012,"Investigating the energy autonomy of very small non-interconnected islands. A case study: Agathonisi, Greece",Energy for Sustainable Development,"increas global energi demand , deplet fossil fuel environment issu relat current major power gener pattern proven highli effect driver substanti shift toward renew energi applic . renew energi sourc ( re ) wind , solar biomass provid reliabl energi servic direct benefit nation local level . nowaday , non-interconnect island electr gener cost extrem high due util outdat autonom power station ( apss ) base oil-fuel import diesel-electr gener . object present work investig possibl achiev energi autonomi small ( tini ) island base exclus use re . reason , small aegean sea island ( i.e . agathonisi ) face seriou energi water shortag problem investig . propos system configur includ commerci wind turbin , photovolta panel , batteri intern combustion-electr gener consum bioga . excess electr use fresh water product via sea water desalin . emphasi given detail energi analysi basi sustain develop . result obtain highlight feasibl competit propos system configur comparison current situat . © 2012 intern energi initi ."
2013,Control strategy for islanded operation of offshore wind power plants connected through a VSCHVDC link,IECON Proceedings (Industrial Electronics Conference),"vsc-hvdc link propos mean connect larg offshor wind power plant onshor transmiss system . paper includ studi control strategi island oper aforement wind power plant . offshor grid voltag control independ hvdc link state . therefor , offshor grid hvdc link overvoltag due onshor short circuit larg reduc . moreov , propos strategi allow contribut wind power plant onshor servic restor power outag . propos control strategi valid realist scenario mean pscad/emtdc simul . © 2013 ieee ."
2011,Stability analysis of an offshore grid supplied by a HVDC-VSC,EPE Joint Wind Energy and T and D Chapters Seminar,establish offshor ac grid give opportun connect wind farm oil platform within limit distanc ac cabl . sever ac grid interconnect connect shore multi-termin dc grid . order suppli oil platform import offshor ac grid assur reliabl power accept qualiti . analyz establish conceptu ac grid simul program simpow . simul show grid sustain good power qualiti long connect multi-termin dc grid oper .
2013,Offshore wind park AC grids with higher frequency,PCIM Europe Conference Proceedings,"use hvdc power transmiss becom import new offshor wind park . state art 50hz offshor distribut grid . dc connect decoupl offshor grid onshor grid , frequenc becom degre freedom offshor wind park . paper effect frequenc higher 50hz main compon offshor wind park investig . pro con limit higher offshor frequenc present . © vde verlag gmbh · berlin · offenbach ."
2012,Integration of distributing energy system II: Optimization,Advanced Materials Research,"optim distribut energi system improv total energi util effici greatli achiev energi save . base digit simul softwar introduc part , optim match paramet structur achiev . exampl result show numer simul realiz optim match paramet econom oper paramet part whole system , design result highest effici obtain . © ( 2012 ) tran tech public , switzerland ."
2013,Development scenarios for the North and Baltic Seas Grid - A welfare economic analysis,Utilities Policy,"north baltic sea grid one largest pan-european infrastructur project , increas potenti har larg amount renew energi . paper address econom implic differ develop scenario north baltic sea grid individu countri stakehold may rais concern implement larg nation domin regulatori regim . paper develop three scenario quantifi technical-econom effect : ) statu quo , engag north baltic sea larg nation driven ; ii ) trade scenario domin bilater contract point-to-point connect ; iii ) mesh network scenario fulli interconnect cabl cross north sea baltic sea make truli pan-european infrastructur . find term overal welfar , mesh solut superior ; howev , distribut perspect loser scheme , name incumb electr gener firm franc , germani , poland , well consum low-pric countri , e.g . norway sweden . merchant transmiss financ , base congest rent , seem sustain option provid suffici network capac , author need mandat invest order made . also find strong interdepend offshor grid expans subsequ onshor network . © 2013 elsevi ltd ."
2011,A framework to determine optimal offshore grid structures for wind power integration and power exchange,Wind Energy,"paper present framework find optim offshor grid expans use transport model power grid . method extend standard mixed-integ linear program approach solut transmiss expans plan problem account fluctuat wind power gener load ; make method especi suit identifi optim transnat offshor high-voltag direct current grid structur integr larg amount offshor wind power . applic method demonstr case studi north sea region . © 2011 john wiley & son , ltd ."
2010,Long-term grid planning in the Netherlands,"43rd International Conference on Large High Voltage Electric Systems 2010, CIGRE 2010","evolv liber energi market , electr network plan becom challeng . due lengthi licens procedur care prepar requir procedur , time develop construct long-dist high-voltag line regulari take longer 8-10 year . time build facil caus chang transport pattern like local combin heat power plant , wind farm larger gener far less . overcom discrep need earli pictur potenti futur develop difficulti may aris . invest reinforc network extens transmiss grid usual involv consider cost last sever decad . increas import analys long-term develop electr demand suppli examin consequ grid . wide-rang develop determin shape futur energi landscap . develop may cancel enhanc , difficult predict effect demand electr transmiss . aspect lead larg uncertainti plan process electr transmiss network . scenario plan gener use find worst case situat grid must abl cope . paper , two paramet ( sustain market develop ) examin , result four scenario . scenario predict futur , descript differ possibl futur situat . lead explor dutch high-voltag onshor offshor grid may develop 2030 . inform scenario , differ futur network structur analys . result transmiss grid concept , anticip differ possibl futur develop . concept form basi clear coher long term vision develop onshor offshor electr transmiss network netherland . long-term vision grid infrastructur , tennet want respond societi 's wish make transit toward sustain energi suppli maintain high secur suppli reason cost . articl describ develop long term grid philosophi result grid concept dutch transmiss grid situat integr offshor wind farm north sea grid ."
2013,A european north-seas offshore grid – results from a joint 10 countries’ analysis,ETG-Fachbericht,"north sea countri ' offshor grid initi ( nscogi ) form respons bodi investig barrier propos solut 10 countri ' energi minist , order enhanc topic next stage . paper describ investig result compar two differ offshor grid design concept . concept base singl 10 govern ’ best view 2030 gener portfolio load situat describ radial solut one hand , mesh offshor grid hand . methodolog , assumpt result present . © vde verlag gmbh ∙ berlin ∙ offenbach ."
2013,Efficiency and fault ride-through performance of a diode-rectifier-and VSC-inverter-based HVDC link for offshore wind farms,IEEE Transactions on Industrial Electronics,"paper includ technic feasibl studi use hvdc diode-bas rectifi togeth onshor voltage-sourc convert ( vsc ) connect larg offshor wind farm . distribut control algorithm wind farm use , wind turbin contribut offshore-grid voltag frequenc control allow wind turbin optim power track . moreov , propos system show good fault ride-through perform solid fault onshor connect point , wind-farm ac grid , hvdc line . technic feasibl propos solut valid mean detail pscad/emtdc simul . effici complet system also studi found compar favor vsc-hvdc-invert station . © 2012 ieee ."
2012,Low frequency high voltage offshore grid for transmission of renewable power,IEEE PES Innovative Smart Grid Technologies Conference Europe,"ac power transmiss use underground cabl 50 60 hz limit charg current thu distanc . often reason chang dc technolog . howev , intermedi solut low frequenc oper allow longer distanc offshor platform onshor station . railroad frequenc 16.7hz voltag level 145 kv fulli develop , field proven broad commerci use . higher transmiss voltag 220 kv seem doabl . also 3 core ac submarin cabl commerci avail , use without chang reduc frequenc . paper present preliminari basic design low frequenc offshor link discuss pro con term technic feasibl offshor instal well oper aspect . © 2012 ieee ."
2012,Integration of distributing energy system I: Modeling and simulation,Advanced Materials Research,"heat , power cool distribut energi system studi numer simul . system model perform predict studi tri-gener system base micro ga turbin primari energi util equip part . result show : numer simul replac pilotscal experi object project aspect design perform predict distribut energi system . © ( 2012 ) tran tech public , switzerland ."
2013,Research and development priorities for energy islanding of military and industrial installations,Journal of Infrastructure Systems,"research develop energi system ( e.g. , smart secur microgrid industri militari instal solar cogener technolog ) must account deep uncertainti emerg condit includ econom , regulatori , technolog , mission , demograph , environment ecolog , among other . deep uncertainti involv structur qualit perspect trend chang game . recent literatur identifi emerg condit deep uncertainti influenti decis criteria prioriti among exist energi asset system . paper introduc practic method help priorit strateg energi research develop invest minim opportun loss program risk invest long time horizon . number interest observ perceiv method includ robust , scenario influenc , risk , opportun . method recommend help achiev consensu program manag , instal command , energi manag , technolog vendor , urban planner , custom tenant . quantit demonstr provid address five scenario deep uncertainti , ten perform criteria , six invest portfolio . © 2013 american societi civil engin ."
2013,Support schemes and market design in international offshore grids,"International Conference on the European Energy Market, EEM","intern offshor grid combin grid connect offshor wind park possibl intern power trade futur . paper investig choic support scheme power market design intern offshor grid deriv result incent . exampl , day-ahead market design could chosen offshor wind park affili nation countri place neutral offshor hub . regard balanc , offshor wind park 's access specif countri may block due interconnector congest power trade . henc , countri 's offshor wind park includ intern offshor grid face differ econom situat one connect home countri . argu redistribut effect offshor wind park incom , congest rent interconnector necessari support . stabl invest framework near futur , tendering/feed-in tariff may best choic . avoid expos wind farm balanc multipl countri . long run , also support scheme option may interest . © 2013 ieee ."
2014,A comparison of design options for offshore HVDC networks through a sequential Monte-Carlo reliability analysis,"European Wind Energy Association Conference and Exhibition 2014, EWEA 2014","grow interest develop offshor hvdc network connect offshor wind power provid interconnect region . number technolog , topolog protect option avail develop vari level design complex , capit cost system redund . paper highlight avail option outlin methodolog investig perform number investig reliabl lifetim expect fault condit , princip calcul expect level curtail energi associ network design . number case studi investig provid comparison option includ design without hvdc circuit breaker vari level interconnect system redund . paper show potenti signific benefit term reduct curtail energi use redund path power transmiss network design certain case outweigh increas capit expenditur associ implement . investig need case hvdc circuit breaker carri comparison altern sectionalis hvdc network topolog impact system reliabl found neglig comparison cost breaker . offshor network reliabl also found highli sensit input assumpt failur repair rate variabl within result found larg mean could difficult accur predict reliabl futur offshor network implement ."
2014,Stability analysis of interconnected AC power systems with multiterminal DC grids based on the Cigré DC grid test system,IET Conference Publications,"paper present select case studi small-sign stabil analysi power system consist interconnect ac dc sub-system . analysi base cigré dc-grid test system , design resembl gener futur configur multi-termin hvdc ( mtdc ) system . small-sign stabil system investig identifi critic mode associ differ part interconnect ac dc power system . analysi present sever step order identifi interact problem critic mode occur differ typic system configur . firstli , case point-to-point hvdc connect analys , follow analysi four-termin dc system , stabil entir cigré dc grid configur studi . state variabl particip critic mode , paramet sensit mode identifi discuss . obtain result illustr particular challeng occur step-wis construct large-scal mtdc transmiss system ."
2013,The European North- Sea Countries Offshore Grid initiative - Results,IEEE Power and Energy Society General Meeting,"decemb 2010 north sea countri ' offshor grid initi ( nscogi ) form respons bodi investig barrier propos two year later solut 10 countri ' energi minist , facilit decis way forward . paper describ investig result concern two differ offshor grid design concept base singl 10 govern ' best view 2030 gener portfolio load situat . methodolog , assumpt result present . © 2013 ieee ."
2013,Planning tool for clustering and optimised grid connection of Offshore wind farms,Energy Procedia,"plan tool cluster optimis grid connect offshor wind farm present describ detail . tool suitabl high level , strateg plan cluster grid connect futur offshor wind farm plan proxim . tool upgrad version previous develop tool offshor grid expans plan . use upgrad tool demonstr exampl consid krieger flak area , result indic benefit interconnect wind farm across countri border use hybrid ac dc transmiss system shore . © 2013 author ."
2012,Assessment of DC/DC converters for use in DC nodes for offshore grids,IET Conference Publications,"increas offshor wind gener , strong argument implement multi-termin dc grid offshor interconnect individu hvdc link . point intersect three line use interconnect project differ voltag level control power distribut . propos point , node , implement use dc devic . highvoltag , high-pow dc/dc convert therefor import compon dc node . paper review possibl dc/dc convert topolog , look devic requir , differ voltag convers ratio fault manag . suitabl convert consid , use node hvdc offshor grid , discuss . reson dc/dc convert topolog consid detail model convers ratio two , demonstr high power effici ."
2013,Topologies of the North Sea Supergrid,Proceedings of the Universities Power Engineering Conference,"develop north sea supergrid close link three main topolog idea : ( ) busi usual ; ( ii ) local coordin ; ( iii ) fulli integr . paper , three propos topolog simplifi , analys compar power export offshor wind farm unto onshor grid . review state-of-the-art hvac hvdc offshor transmiss technolog carri . nation offshor network develop strategi six countri surround north sea summaris . number hvac hvdc asset requir three topolog calcul . evid calcul , 2030 , fulli integr topolog achiev approxim 8 % asset save local coordin topolog . © 2013 ieee ."
2013,Energy efficiency of grid-connection solutions combining offshore wind power plants and offshore grids,"European Wind Energy Conference and Exhibition, EWEC 2013","commiss huge amount offshor wind power north sea baltic sea region establish european-level electr market trigger fast cost-effici develop within offshor onshor grid infrastructur region . expect , offshor grid util tried-and-proven high voltag altern current ( hvac ) technolog , i.e . use hvac submarin cabl , well rel new offshor applic high voltag direct current ( hvdc ) voltage-sourc convert ( vsc ) technolog , i.e . larg , longdist energi transmiss connect asynchron , onshor hvac system . energi transmiss effici grid approach evalu energi transmiss loss . high effici equal low loss . paper studi possibl connect two asynchron hvac system two offshor wind power plant ( owpp ) evalu effici grid-connect solut . main find offshor grid infrastructur , combin connect onshor system owpp , shall low energi transmiss loss , i.e . high effici , compar system singl point-to-point connector energi transport capabl ."
2013,Review of the various proposals for the European offshore grid,Renewable Energy,"integr larg amount renew power , creat singl european energi market , requir system adequaci secur suppli strong driver toward electr interconnect infrastructur europ . especi true european sea north sea particular . last year , variou propos offshor grid europ publish public domain , vari research propos long-term vision concret project . taken policymak stakehold , result number ongo initi like adamowitsch work group , entso- region north sea group north sea countri ' offshor grid initi . paper provid background offshor grid extens overview variou propos . furthermor , remain challeng discuss explain context differ initi . © 2012 elsevi ltd ."
2012,Testing constraints and opportunities for offshore renewable energy: Strategic development of offshore networks for interconnection and market access,44th International Conference on Large High Voltage Electric Systems 2012,"north-west europ particularli rich renew energi resourc , least respect wind , wave tidal energi around british isl . respect govern set target realis much renew energi potenti . howev , transmiss network area alreadi near transfer limit respect export power attract locat renew . moreov , much potenti lie offshor would requir consider invest access , term gener capac also term network . paper describ 'irish-scottish link energi studi ' ( isl ) : collabor project scottish govern , northern ireland execut govern ireland . project fund three sponsor execut eu 's interreg iva programm special eu programm bodi ( seupb ) . assess offshor renew potenti west coast scotland irish sea , review extent differ environ plan framework three jurisdict might serv delay offshor develop . particularli , consid feasibl creat interconnect offshor transmiss network facilit access renew energi sourc . network analys determin extent interconnect network , includ capac transfer energi great britain ( gb ) electr market singl electr market ( sem ) island ireland , might enhanc commerci viabil gener develop . , number import regulatori issu highlight particular isl must address broadli european aspir offshor grid realis ."
2012,Stable and efficient high-tension communication power supply based on electromagnetic coupling,Applied Mechanics and Materials,"high-tens power deliveri base electromagnet coupl hot spot temperatur power equip system current on-lin monitor earli warn effect way solv 'energi island ' .in paper , miniatur , low cost , high reliabl , easi instal mainten commun power suppli base electromagnet coupl design , also provid last stabl power output . sinc central posit receiv coil rectifi filter circuit power suppli , optim design simul made coil rectifi filter circuit . three-dimension coil use receiv coil , optim result show load power 10.18w condit low-frequ high-voltag . achiev object miniatur low-cost . simul result rectifi regul show system transfer energi rang approxim 2 % fluctuat . © ( 2012 ) tran tech public ."
2011,Offshore grids: The Irish opportunity,CIGRE 2011 Bologna Symposium - The Electric Power System of the Future: Integrating Supergrids and Microgrids,"recent year , wind energi , onshor offshor , attract interest futur resourc exploit realis low carbon emiss environment.among driver offshor , satur best onshor site avail , better public accept , less variabl wind resourc . moreov , order attract invest renew mani countri offer incent potenti ireland 's futur integr european energi market export case offshor wind energi econom opportun . addit meet 40 % renew 2020 [ 1 ] offshor integr renew europ commit achiev polici target low carbon environ [ 2 ] . europ 's depend ga , opportun enhanc build sustain , reliabl , secur econom grid futur . consid opportun holist approach requir aim ensur decis base robust quantit analysi cognis broader polici direct european region integr . island ireland best wind resourc worldwid ; offshor grid may repres great econom opportun countri , particularli critic period financi uncertainti . sever synergi may embed offshor grid deploy strategi goe beyond simpl task connect wind farm mainland , instanc : enhanc energi market competit greater region integr sem betta europ potenti increas ofmarket for'premium ' renew energi higher utilis infrastructur singl electr market ( sem ) oper ireland ( ie ) northern ireland ( ni ) continu evolv facilit increas level renew generationto 2020 beyond . implement intra day trade increas opportun trade exist moyl interconnector scotland , east west interconnector ( ewic ) interconnect sem neighbour market . paper describ potenti offshor grid deploy strategi irish sea 2030 focus impact strategi subject market condit . use expans plan tool , optimum infrastructur reinforc plan integr expect wind resourc calcul plan period . sequenti analysi perform use unit commit base multi region market model evaul hourli trade across infrastructure.f differ transmiss technolog assum accord geograph distanc connect point onshor offshor . final , scenario select compar differ technolog perform , ac hvdc , either onshor offshor . particular , multiterminal/embed vsc configur compar ac term impact dynam stabil thetransmiss system ."
2011,Experimental study on hydrodynamic motion of hybrid type of pontoon,OCEANS 2011 IEEE - Spain,"recent interest marin structur float structur wide area focus men 's activ float hous complex , energy-island , float airport , . pontoon semi-submers typic type purpos . pontoon wide appli offshor float structur mani advantag buoyanc , simpl detail , storag abil , economi , . howev almost use nearli still water condit due structur shape . studi , new type pontoon take advantag reduc motion propos experi small size specimen . kind hybrid suffici space buoyanc like pontoon air-gap characterist featur semi-submers . even though hybrid pontoon lost buoyanc 16 % compar pontoon weight , observ motion propos one stabl exist one . © 2011 ieee ."
2012,The economic case for developing HVDC-based networks to maximise renewable energy utilisation across Europe: An advanced stochastic approach to determining the costs and benefits,44th International Conference on Large High Voltage Electric Systems 2012,"paper concern rational develop significantli enhanc transmiss capac contin scale , case europ . particular emphasi accommod wind power north sea , describ assess extent lack transmiss capac european level act constraint realis europe-wid target electr renew sourc 2020 . plausibl gener demand scenario postul inter-area power flow studi number network case whole europ . network case intend provid insight driver differ level transmiss expans differ network configur increas transfer capabl might deliv offshor . analyt method use take account realist time seri avail gener includ wind hydro , model spatial correl wind hydro power , minimum stabl gener time , region differenti reserv requir . particularli , mean mont carlo simul , variabl power deficit surplus differ locat flow locat assess . analysi achiev use antar tool develop rte . main metric use compar differ scenario annual energi product differ type gener , emiss carbon dioxid , total energi renew , volum 'spill ' wind energi . result suggest new offshor network capac allow increas exchang power differ countri import realis full potenti new wind power develop . new network capac allow local surplus wind power use elsewher also facilit reserv power held remot particular area minimis total hold reserv increas utilis renew energi . howev , two effect : depend exact locat , permit onshor network constraint bypass , shown , allow cheap high carbon gener remot area use instead lower carbon fossil fuell plant local area . may thu conclud support invest low carbon gener capac wind develop transmiss network import reduct carbon emiss associ use electr , effect price carbon emiss ."
2012,Modeling and optimization of an energy generation island based on renewable technologies and hydrogen storage systems,International Journal of Hydrogen Energy,"widespread use renew energi sourc hinder intermitt unpredict natur . problem overcom storag system manag time mismatch energi product load requir . aim work develop simul tool evalu energi econom perform renew energi island , includ variou electr gener technolog ( photovolta modul , wind turbin micro-hydroelectr plant ) , integr hydrogen storag system , compris electrolyz , hydrogen storag tank fuel cell . brief descript simul tool structur , attent focus energi econom model system compon . innov approach optim energi island propos ; base hybrid genetic-simul anneal algorithm aim minim unit cost electr . final gener island provid electr hydrogen farm central itali design optim , compar configur base differ renew technolog . © 2011 , hydrogen energi public , llc . publish elsevi ltd. right reserv ."
2014,Developments and opportunities in HVDC offshore grids research,"European Wind Energy Association Conference and Exhibition 2014, EWEA 2014","hvdc transmiss base voltag sourc convert ( vsc-hvdc ) rapidli evolv technolog . rate instal increas sever hundr mw plan instal gw rang . develop technolog increas interest vschvdc integr offshor wind farm integr offshor network . howev rais variou challeng variou key concept particular deserv substanti research . paper present technic issu associ hvdc connect , develop technolog highlight remain challeng need address along research opportun creat ."
2012,Transmission Systems for Offshore Wind Power Plants and Operation Planning Strategies for Offshore Power Systems,"Wind Power in Power Systems, Second Edition","electr system within offshor wind power plant connect main power system pose new challeng expert . best way interconnect wind turbin insid wind farm found , fulfil , redund requir without compromis econom feasibl . best choic technolog ( hvac , hvdc - vsc lcc ) connect windfarm shore made , depend sever criteria . risk lose connect versu redund econom evalu . combin interconnector offshor windfarm connect modular way , dc offshor grid develop . anyhow , alreadi plan phase secur oper consid thoroughli , optim architectur found , minim necessari asset ensur secur oper facilit later expans option . interact onshor grid investig well . enabl investig cover issu benchmark offshor test system develop describ chapter . © 2012 john wiley & son , ltd ."
2013,Grid connection and macro-system integration of combined wind and wave devices,"2013 8th International Conference and Exhibition on Ecological Vehicles and Renewable Energies, EVER 2013","paper summar statu progress work packag 8 marina platform european fp7 r & project . marina cover multi-purpos offshor renew energi platform key purpos look synergi combin wind energi ocean energi technolog . wind wave place site may sever advantag term use common facil infrastructur also challeng . activ report cover wind farm layout , offshor electr infrastructur well integr challeng opportun offshor renew energi . © 2013 ieee ."
2012,The effects of meshed offshore grids on offshore wind investment - A real options analysis,"European Wind Energy Conference and Exhibition 2012, EWEC 2012","offshor wind farm futur mesh offshor grid could subject differ regulatori regim . feed-in tariff would absorb market risk wind farm oper , wherea price premium mechan leav oper expos market price signal . case , play decis role price appli node offshor grid . offshor node either integr neighbour market , access respect maximum price , subject separ nodal price . investig differ regulatori regim connect one four countri base stochast model captur uncertainti price line failur . stochast analysi show case wind park grant access respect maximum price , signific option valu connect oper flexibl access sever market : wind farm 's irr increas 33 % analys ( fictiv ) case connect four neighbour countri . contrarili , case nodal price , wind farm cope irr 15 % lower connect one countri . effect either hamper adequ invest lead windfal profit , level support adjust accord choic regulatori regim . therefor consid design regulatori regim level support offshor grid order maintain effect effici develop offshor wind europ ."
2012,Expansion var planning model in a meshed/mixed AC/DC network,IEEE Power and Energy Society General Meeting,"import wind power gener risen last year much consid import afford renew energi sourc grow rate faster mainstream technolog word . due lack land resourc environmentalist opposit , wind strategi look offshor instal . requir new criteria set appropri architectur futur offshor grid . use hvac cabl lcc ( line commut convert ) vsc ( voltag sourc convers ) technolog stress import extend long-term expans plan var support . cope adequ problem voltag secur assess long-term expans plan , purpos work . paper model reactiv expans plan propos presenc mesh ac/dc grid . © 2012 ieee ."
2013,The coordinated development of offshore energy infrastructure: Legal challenges and possible solutions,Competition and Regulation in Network Industries,"enorm growth offshor wind energi gener north sea current plan given effect . standard practic wind farm construct date provid wind farm dedic cabl connect onshor transmiss system ( radial connect ) . effici approach would initi coordin project involv cluster wind farm consequ allow share offshor asset . could lower cost reduc impact marin environ . howev , nation regim current focu instal radial connect promot coordin develop offshor infrastructur . purpos articl identifi legal barrier coordin project explor chang could made current regulatori practic north sea state order introduc requir coordin wind energi gener infrastructur develop ."
2012,Technology developments and plans to solve operational challenges facilitating the HVDC offshore grid,IEEE Power and Energy Society General Meeting,"paper describ voltag sourc convert ( vsc ) offshor technolog expans point-to-point transmiss system hvdc offshor grid . today sever gigawatt wind farm project underway propos north sea , baltic sea atlant ocean . first offshor vsc station instal oil ga platform power shore 2005 use structur lift site connect wind farm 2010 . new innov modular solut convert offshor platform gigawatt-rang develop . offshor wind gener increas make sens connect offshor convert multi-termin grid better util transmiss system connect balanc power . key technolog cornerston plan start build first part hvdc offshor grid avail today gap deploy full-fledg offshor grid outlin . © 2012 ieee ."
2011,Stability analysis of an offshore grid supplied by a HVDC-VSC,"Proceedings of the 2011 14th European Conference on Power Electronics and Applications, EPE 2011",establish offshor ac grid give opportun connect wind farm oil platform within limit distanc ac cabl . sever ac grid interconnect connect shore multi-termin dc grid . order suppli oil platform import offshor ac grid assur reliabl power accept qualiti . analyz establish conceptu ac grid simul program simpow . simul show grid sustain good power qualiti long connect multi-termin dc grid oper . © 2011 epe associ - european power electr .
2013,Reliability investigations for a DC offshore power system,IEEE Power and Energy Society General Meeting,"paper deal reliabl assess issu dc offshor power system . first step methodolog reliabl evalu offshor power system character . purpos new reliabl indic introduc order take specif charact offshor grid account . , use mont carlo simul approach , exemplari simul carri select test system . perform simul show strong influenc redund level reliabl indic . © 2013 ieee ."
2012,Innovations in energy - factor for increasing the energy efficiency,Ikonomicheski Izsledvania,"paper present problem increas end energi consumpt , especi industri life , energi carbon intens economi , energi depend , etc . analyz innov import factor increas energi certainti , energi effici competit economi sustain develop . connect , paper present contemporari innov solut , like virtual gas-main , smart grid , supernetwork superc , cogener , distant report consum energi , renew energi sourc , includ bio fuel , energi road , hybrid electr power station , energi ocean high low tide , energi island , concentr gener solar energi , etc . contemporari innov solut connect necess huge invest , big problem bulgaria . nevertheless , govern polici wide open innov improv energi statu countri increas green energi product . purpos possibl fund use complet ."
2014,Dynamic modelling and implementation of VSC-HVDC system the grid connected large offshore wind power plant application,SMARTGREENS 2014 - Proceedings of the 3rd International Conference on Smart Grids and Green IT Systems,"research contribut , investig analys oper characterist voltag sourc convert ( vsc ) , high-voltag direct current ( hvdc ) transmiss system . main object research endeavor evalu implement hvdc transmiss system integr offshor wind energi grid . dynam model system develop simulink environ . stabil analysi perform three case studi name two activ grid interconnect , activ passiv grid interconnect offshor wind farm interconnect grid . result analys compar accord e.on grid code requir offshor grid connect ."
2012,Establishing an Offshore Electricity Grid: A Legal Analysis of Grid Developments in the North Sea and in US Waters,Energy Networks and the Law: Innovative Solutions in Changing Markets,"chapter focus legal issu associ propos offshor grid develop eu us , compar mean might address . chapter organ follow . section ii examin intern legal framework offshor develop consid key question whether provid suffici support offshor grid project type propos . section iii consid suitabl regim could put place regul develop use transmiss infrastructur north sea . section iv provid overview gradual progress made toward creat regulatori framework offshor electr gener transmiss us . section v conclud identifi key legal consider taken account strateg plan combin offshor wind energi gener transmiss project gener . © intern bar associ , 2012 . right reserv ."
2012,Availability analysis of VSC-HVDC schemes for offshore windfarms,IET Conference Publications,"uk round 3 offshor windfarm locat 50km shore like requir hvdc transmiss system . avail hvdc transmiss scheme key factor determin offshor windfarm commerci technic viabl . paper show typic radial hvdc link would energi avail 96.5 % base estim reliabl indic public avail data submarin cabl compon greatest effect scheme 's avail . region hvdc grid analys paper shown higher energi avail equival radial scheme , provid addit capac built grid . furthermor , cost-benefit analysi show link scheme 's avail profit ."
2010,An integrated approach to offshore electricity transmission,IET Conference Publications,"juli 2010 uk govern depart energi climat chang ( decc ) , togeth uk offic ga electr market e-serv divis ( ofgem eserv ) set intent consult endur regulatori regim offshor electr transmiss . nation grid undertaken conceptu design exercis , examin integr onshore-offshor grid solut multipl stakehold perspect . result studi indic signific opportun design optimis yield capit cost save ∼25 % + ; reduc plan , environment suppli chain impact ; `` futur proof '' network evolut european integr ."
2014,Generalized implementations of piecewise linear control characteristics for multiterminal HVDC,"2014 International Symposium on Power Electronics, Electrical Drives, Automation and Motion, SPEEDAM 2014","large-scal multi-termin ( mt ) hvdc grid requir decentr control scheme convert autonom react load chang disturb dc grid without need fast action central control . major propos scheme base assign static piece-wis linear ( pwl ) characterist convert termin , defin function depend dc voltag local current power refer convert . despit evid conceptu similar , variou scheme combin control characterist present literatur differ implement . paper discuss possibl gener control reproduc static characterist within singl implement modifi parametr set . particular two altern implement discuss , whereof first option previous present without explicitli discuss potenti implement gener pwl control . altern implement develop describ detail , base state-machin control oper dc-voltag control . propos gener pwl implement demonstr numer simul four termin hvdc system . © 2014 ieee ."
2011,Impact of system power losses on the value of an offshore grid for North Sea offshore wind,"2011 IEEE PES Trondheim PowerTech: The Power of Technology for a Sustainable Society, POWERTECH 2011","grid connect critic factor integr larg scale wind power . factor even import framework transnat power exchang way improv power system oper . paper comparison studi carri two differ grid build strategi offshor wind farm north sea use 2030 medium wind scenario tradewind project [ 1 ] . strategi ) radial ii ) mesh grid configur . paper consid activ power loss strategi captur effect loss differ power system aspect , total soci-econom benefit associ strategi , offshor wind power util , power exchang grid point , grid bottleneck util hvdc connect . use mesh grid compar radial total benefit 2.7 billion euro econom life time grid . howev benefit increas 0.3 billion euro take account grid loss case . result show benefit use mesh offshor grid futur european power system larg penetr off- onshor wind power . © 2011 ieee ."
2011,Control and operation of wind turbine converters during faults in an offshore wind power plant grid with VSC-HVDC connection,IEEE Power and Energy Society General Meeting,"voltag sourc convert ( vsc ) base high voltag dc ( hvdc ) transmiss attract techniqu larg offshor wind power plant , especi long cabl transmiss requir connect onshor grid . new multi-mw wind turbin like equip full scale convert meet stringent grid code requir . scenario , offshor grid termin power electron convert end . paper present control scheme synchron control grid side convert ( gsc ) wind turbin gener ( wtg ) . current limit control enabl gsc sustain fault current short circuit offshor wind collector system grid . howev , power transmiss affect , fault isol . resynchron fault clear breaker reclos . healthi wtg convert remain connect . scheme demonstr pscad/emtdc simul . © 2011 ieee ."
2011,"Design, operation and availability analysis of a multi-terminal HVDC grid - A case study of a possible offshore grid in the Norwegian sea","2011 IEEE PES Trondheim PowerTech: The Power of Technology for a Sustainable Society, POWERTECH 2011","multi-termin hvdc subsea cabl grid abil integr offshor wind power petroleum instal main land , well transfer energi parallel onshor ac grid . grid presum lower invest cost radial cabl instal . shown paper reliabl higher well . oper multi-termin hvdc grid call new method control fault clear . case studi two land termin three offshor termin present paper . work part statnett 's r & project `` offshor grid - design oper '' . © 2011 ieee ."
2010,Offshore grids in Europe: The strategy of Ireland for 2020 and beyond,IET Conference Publications,"present paper focus particular case ireland , develop offshor grid investig . could optim approach address foreseen massiv wind integr issu , also reinforc onshor grid use potenti export energi abroad . paper present result relat ongo studi subject ."
2014,Deriving robust design parameters and design criteria for the first offshore artificial island for electricity conversion in the northern north sea,Proceedings of the International Conference on Offshore Mechanics and Arctic Engineering - OMAE,"support futur wind farm develop anticip intent creat european wide smart electr grid , offshor high voltag grid belgian north sea develop connect sever wind farm belgian onshor electr grid , call belgian offshor grid ( bog ) . grid contain first artifici island ( ai ) support electr convers transport north sea . ai part offshor high voltag grid shall connect number offshor wind farm onshor high voltag station . accur definit site condit design criteria utmost import design , oper exploit island main driver cost island . deriv robust , conserv site condit appropri design criteria one first challeng project . base in-situ measur geotechn , geophys met-ocean condit design paramet deriv togeth design criteria . paper focus method numer model use defin appropri design input sensit analysi design criteria . order deriv robust conserv design paramet in-situ measur requir , also combin statist analysi , numer model sensit analysi design criteria function requir . one drive design criteria work allow overtop discharg relat hydrodynam forc infrastructur island , larg influenc cost . copyright © 2014 asm ."
2012,Impact of reserve market integration on the value of the North Sea offshore grid alternatives,"9th International Conference on the European Energy Market, EEM 12","expect larg scale integr offshor wind power north sea futur scenario , 2020-2030 , contribut challeng transmiss plan system oper northern european electr network . moreov , intermitt renew resourc make oper plan , forecast , balanc , control system challeng . paper , comparison carri two reserv procur market model . done simul non- fully-integr northern european market use 2030 scenario combin effect two differ strategi develop north sea offshor grid : radial grid mesh grid . day-ahead market model common market aggreg level whole european contin . reserv procur done simultan clear day-ahead market . analysi day-ahead dispatch , dc optim power flow use . result show eur 262 million eur 326 million per year could save result integr northern european reserv market mesh radial offshor grid topolog respect . © 2012 ieee ."
2013,Var planning assessment in a meshed AC/DC system: The future Irish Transmission System,"Proceedings of IREP Symposium: Bulk Power System Dynamics and Control - IX Optimization, Security and Control of the Emerging Power Grid, IREP 2013","import wind power gener risen last year much consid among import afford renew energi sourc ( re ) grow rate faster technolog . nowaday , wind technolog look offshor instal , due lack land resourc environmentalist opposit . requir new criteria set appropri architectur futur offshor grid , term topolog , technolog control structur . paper describ var plan methodolog aim identifi reactiv need futur mix mesh ac/dc system . © 2013 ieee ."
2013,Governing a North Sea grid development: The need for a regional framework treaty,Competition and Regulation in Network Industries,"north sea coastal state explor possibl collabor develop cabl transmit electr water subject jurisdict view creat offshor grid . argu articl support polit resolut , agre proceed initi , enter treati govern expans electr infrastructur marin region . legal framework requir signific potenti complex process would involv format region grid depart optim cours advanc north sea state ' share goal provid infrastructur need decarbonis energi suppli whilst maintain energi secur least cost . framework treati would enhanc abil set keep develop transmiss network north sea pathway lead mutual benefici outcom ."
2012,VIAvento - A fast and accurate simulation tool for power-electronic systems,EPE Joint Wind Energy and T and D Chapters Seminar,simul complex offshor grid includ connect devic independ control algorithm ( e.g . dll form ) essenti assess global system stabil . power-electron applic - due independ control independ switch invert - time domain simul give meaning result . paper present simul tool viavento satisfi introduc requir . function tool illustr show simul result connect two-point convert one hvdc modular-multilevel-convert topolog ( mmc topolog ) .
2012,Transmission system topology optimization for large-scale offshore wind integration,IEEE Transactions on Sustainable Energy,"method determin optim transmiss system topolog multipl offshor wind farm introduc use rule-bas gener algorithm . methodolog implement softwar tool determin best econom technic feasibl offshor transmiss solut . optim algorithm take radial , ring shape , mesh transmiss topolog consider . besid invest offshor grid also new connect reinforc exist onshor grid propos algorithm . develop tool deliv set transmiss system topolog rank life cycl system cost correspond transmiss voltag technolog ( hvac hvdc ) , necessari transmiss equip , rate . optim result base publicli avail data . achiev result compar studi valid . develop tool use plan phase guidanc offshor develop invest decis long-term offshor grid plan , e.g. , toward offshor supergrid . © 2010-2012 ieee ."
2014,Evaluation of North Sea offshore grid topologies via market simulations and security analysis,IET Conference Publications,"work provid method combin plan possibl offshor grid north sea togeth onshor grid , high renew energi scenario year 2030 . analysi done help market simul load flow calcul . round-the-year secur analysi use evalu differ offshor grid structur interdepend exist grid structur avail capac market transact . grid secur , grid util factor , oper cost ( fuel emiss ) wind curtail consid assess . furthermor , round-the-year secur analysi use investig effect offshor grid secur dutch onshor grid . sensit analysi presenc german north-south hvdc corridor secur dutch grid also perform ."
2013,Grid integration of offshore wind power and multiple oil and gas platforms,OCEANS 2013 MTS/IEEE Bergen: The Challenges of the Northern Dimension,paper investig possibl suppli offshor oil ga platform power onshor power grid combin offshor wind power . system consist five oil ga platform connect offshor wind farm common vsc-hvdc link onshor power grid studi . model system develop matlab®/simulink® simul preform two critic system disturb . hvdc control system design tune order obtain stabl offshor grid oper . simul result demonstr system configur abl withstand sever dynam event . © 2013 ieee .
2012,State of the art in ultrahigh-voltage transmission,Proceedings of the IEEE,"paper discuss ultrahigh-voltag ( uhv ) dc effici solut bulk power transmiss especi renew energi . european polici legal framework use illustr new technolog , intern electr market integr , distribut wind solar natur resourc lead need continent-wid intern coordin network plan view long-term greenhous ga reduct . first , technic econom aspect uhv transmiss describ , includ , e.g. , convert configur intern extern insul . , uhv transmiss put context broad current question power system develop : ac dc , microgrid , smart grid , power electron , overhead line , cabl , gas-insul line . final part discuss european legal framework climat protect transmiss system oper ( tso ) cooper new , legal mandat european transmiss system oper associ entso- , particular joint european grid plan r & . exampl show uhv technolog develop contribut market integr econom environment goal continent-wid intern coordin transmiss develop one option intern long-term system studi . © 2006 ieee ."
2011,A technology challenge: The case of Ireland,CIGRE 2011 Bologna Symposium - The Electric Power System of the Future: Integrating Supergrids and Microgrids,"direct promot use renew energi resourc publish european commiss 2008 given impetu develop europ 's wind energi resourc . end 2010 , approxim 1400 mw wind gener instal republ ireland , roughli 25 mw come form off-shor plant . given ireland favour wind condit whole europ , wind farm develop coast expect grow rapidli come year , evidenc fact 6,000 mw wind gener current await connect grid . furthermor recent govern target framework `` 20-20-20 '' eu initi , set roi challeng 40 % renew energi 2020 . larg amount natur wind resourc challeng transmiss system oper , eirgrid , guarante connect integr incom vast wind resourc present transmiss grid . larg invest alreadi plan onshor accommod 5000 mw wind farm , framework strateg develop plan gd 25 . recent advanc strateg plan drawn attent offshor landscap , stakehold alreadi obtain right instal ten kilometr east coast countri . eirgrid therefor undertak thorough comprehens investig offshor grid must design transmiss technolog avail today futur overal strateg deploy plan . paper describ extent technolog could provid tso flexibl decis make process ultim object technic effici cost effect design solut . particular potenti mix ac/dc network structur may impos decis begin invest plan may turn differ result long term perspect . stage , select proper transmiss technolog may mitig planner dilemma larg initi invest long term versu small invest shorter term result studi case irish transmiss network north-sea context , show offshor grid result comparison system perform shown ."
2012,The European Offshore Grid - Inspiration to the US?,IEEE Power and Energy Society General Meeting,"european union enact ambiti bind target concern implement renew energi sourc present energi system year 2020 , larg share alloc wind energi . although common european energi polici enact period 2020 , tso , manufactur , regul research institut look futur , prepar necessari technolog develop system integr , market design regulatori issu smooth author procedur . © 2012 ieee ."
2012,Where is the ideal location for a US East Coast offshore grid?,Geophysical Research Letters,"paper identifi locat `` ideal '' offshor wind energi ( owe ) grid u.s. east coast would ( 1 ) provid highest overal peak-tim summer capac factor , ( 2 ) use bottom-mount turbin foundat ( depth 50 ) , ( 3 ) connect region transmiss grid new england mid-atlant , ( 4 ) smooth power output , reduc hourli ramp rate hour zero power . hourli , high-resolut mesoscal weather model data 2006-2010 use approxim wind farm output . offshor grid locat water long island , new york georg bank , ≈450 km east . twelv candid 500 mw wind farm locat randomli throughout region . four wind farm ( 2000 mw total capac ) select synergist meteorolog characterist reduc offshor grid variabl . site like sea breez help increas grid capac factor peak time spring summer month . site far offshor , domin power synoptic-scal storm , includ gener higher variabl power output . interconnect 4 farm via offshor grid versu 4 individu interconnect , power smooth , no-pow event reduc 9 % 4 % , combin capac factor 48 % ( gross ) . interconnect offshor wind energi farm ≈450 km apart , region offshor wind energi resourc driven synoptic-scal storm mesoscal sea breez , substanti reduct low/no-pow hour hourli ramp rate made . copyright 2012 american geophys union ."
2012,The European North Seas Countries' Offshore Grid initiative the way forward,IEEE Power and Energy Society General Meeting,"europ , larg amount offshor wind power expect built . today , 3,5 gw offshor wind power capac instal , potenti identifi increas 150 gw on-and offshor wind power 2030 . half european offshor wind expect built north sea , 60-80 gw 2030 . site far shore , requir use long dc subsea cabl connect onshor power system . addit , europ aim increas integr power market expand intern power exchang capac . potenti develop merg combin offshor wind power grid connect interconnector european member state establish offshor grid . north sea countri ' offshor grid initi form respons bodi first investig barrier propos solut 10 countri ' minist , decid way forward . paper describ issu investig technic work group relat grid integr issu . methodolog , assumpt concern avail technolog first result present . © 2012 ieee ."
2012,Description and comparison of DC voltage control strategies for offshore MTDC networks: Steady-state and fault analysis,EPE Journal (European Power Electronics and Drives Journal),"estim circa 40 gw offshor wind power capac go instal throughout europ end decad . scenario , pan-european offshor grid network need order effici integr larg amount offshor wind differ european countri ' transmiss network . paper , dynam model multi-termin hvdc ( mtdc ) transmiss system compos voltage-sourc convert present . afterward , dynam model use compar four differ method control dc voltag insid mtdc network , viz . : droop control , ratio control , prioriti control voltag margin method . lastli , case studi perform fournod mtdc network differ control strategi compar steady-st onshor three-phas fault ."
2011,All year power supply with off-grid photovoltaic system and clean seasonal power storage,Solar Energy,"object project all-year secur suppli altern current base solar energi island grid consist serial compon season energi storag . photovolta modul , invert , electrolys , batteri , hydrogen store fuel cell form basi independ power suppli system . , select load profil analys evalu theori practice.th analysi base result test run system simul , combin hydrogen-battery-system compar batteri system.it reveal sensibl complement island grid oper lead batteri shortterm energi suppli hydrogen long-term store . ensur year-round suppli secur base solar energi extens life span batteri requir hydrogen-bas power store . system base pure batteri provid perfect suppli secur long period low solar radiat sinc possess energi store allow long-term energi storage.h season energi store , hydrogen , requir guarante reliabl power suppli everi day year.autonom power suppli system long-term energi store oper independ public grid system implement without elabor intellig energi manag . , howev , cost serial compon must reduc effici system must improv . © 2011 elsevi ltd ."
2012,Challenges in energy systems for the smart-cities of the future,"2012 IEEE International Energy Conference and Exhibition, ENERGYCON 2012","last year european union activ promot renew energi combin heat power ( chp ) also residenti tertiari build . exploit renew sourc cogener seem hamper regulatori wall prohibit residenti , tertiari commerci build constitut user cluster . fact , unif threshold valu ten kva , least , facilit instal renew energi power plant solar pv modul chp system ( cogener ) cchp system ( tri-gener ) , overcom technic econom barrier combin sever load profil . actual distribut system low voltag lv custom appear inadequ compli goal . aim author propos design sustain energi microsystem ( sem ) integr differ subsystem , current independ , final user high effici build , dispers gener renew combin heat power ( chp ) unit subsystem urban mobil : metro-transit , tram recharg plug-in hybrid electr vehicl ( phev ) surfac mobil . integr analyz direct smart citi concept , optim integr manag mani servic . activ gener topic design construct nearli zero energi build use innov technolog home build autom . build integr energi hub dispers gener urban mobil system , constitut energi island futur smart grid . © 2012 ieee ."
2010,First steps in developing a future north-sea offshore grid,"European Wind Energy Conference and Exhibition 2010, EWEC 2010","sever concept offshor power system recent discuss . realis system requir comprehens comput studi find optim technic network solut . gener , ac techniqu appli electr energi transmiss . howev , current studi show practic two concept addit appli , classic hvdc technolog - especi sea cabl interconnect countri - vsc hvdc technolog - especi offshore-interconnect wind park . choic connection-to-shor technolog offshor wind farm gener depend distanc shore . wind farm place close shore , denmark , ac cabl use alreadi case oper wind farm horn rev horn rev ii . wind farm place far coast altern voltag sourc convert base high voltag direct current transmiss technolog may appli . e.g . happen case mani german wind farm , alreadi realiz german transmiss system oper transpow 400 mw larg borwin1 farm north sea . paper chosen aspect plan analys mix ac-dc offshor / onshor power system discuss . base defin test system studi case carri evalu order demonstr complex plan system point oper issu need consid plan phase ."
2012,Challenges and rationale for laboratory research of offshore grids,Energy Procedia,"offshor power system character larg penetr power electron convert power cabl , result complex behavior quit differ tradit ac system . analyz system challeng due complex rel lack experi . context , perform laboratori test scale model network signific relev verifi simul model test equip control method control environ . design laboratori need compromis capabl accur reproduc real system behavior practic constraint eas use , equip size , cost safeti . paper summar main design consider laboratori infrastructur dedic research futur offshor grid possibl challeng . laboratori facil develop jointli ntnu ( norwegian univers scienc technolog ) sintef energi research describ exampl experiment possibl . © 2012 publish elsevi ltd ."
2013,The need for a common standard for voltage levels of HVDC VSC technology,Energy Policy,"expans offshor wind energi well increas electr trade north sea countri lead grow need addit transmiss capac . due predominantli remot locat offshor wind farm , major futur connect high-voltag direct current ( hvdc ) connect . order make construct offshor infrastructur effici , north sea state current discuss develop common offshor grid . although develop still stand begin , argu paper crucial element standard outset ; import one common voltag level . without standard , develop european offshor grid may suboptim , cost-effici might even prevent come exist . examin technic legal issu associ introduc common voltag level use hvdc vsc technolog , discuss optim standard well way common standard best achiev . © 2013 elsevi ltd ."
2012,Designing sustainable energy islands: Applying the five-step approach in a graduate student’s studio in the Netherlands,"Sustainable Energy Landscapes: Designing, Planning, and Development","rené de waal , sven stremk , rudi van etteg , adri van den brink educ program art , architectur , urban , landscap architectur pay attent plan design sustain landscap citi sustain energi landscap particular . book , exampl given univers minnesota royal institut art stockholm , focu , respect , improv . © 2013 taylor & franci group , llc ."
2014,Design and optimisation of offshore grids in Baltic Sea for scenario year 2030,Energy Procedia,"integr increasingli larg amount wind power power grid pose challeng power system plan oper , differ configur result differ requir system control , protect , manag . paper present framework develop investig offshor grid connect baltic sea might develop year 2030 . purpos work serv guidelin futur power system plan within region . methodolog , assumpt , conceptu design grid well initi result present . © 2014 elsevi ltd . open access articl cc by-nc-nd licens ."
2011,Centralized coordinated control of VSC-HVDC link and DFIGs in very large offshore wind power plants,"2011 IEEE PES Trondheim PowerTech: The Power of Technology for a Sustainable Society, POWERTECH 2011","aim paper improv optim algorithm coordin manag vsc-hvdc link dfig variabl frequenc oper , present author previou work . new featur introduc paper concern differ upper bound dfig rotor stator power flow modifi constraint gener slip ac offshor grid frequenc . upper bound stator power flow suitabl set allow overload manag electromechan machin . central optim procedur follow local one modifi ( depend real time measur wind speed ) optim variabl gener , take constant ac offshor grid frequenc valu previous found central optim . highli non linear problem solv mean interior point algorithm . test result show good propos methodolog . © 2011 ieee ."
2012,Optimizing and leveraging future offshore and onshore HV grid Results from a Long Term Expansion Planning methodology,IEEE Power and Energy Society General Meeting,paper discuss new methodolog assess optimum long term expans plan primarili offshor grid develop . consid import factor dictat success calcul optimum solut discuss signific result taken analysi . paper also discuss develop methodolog complet method account wider rang test technic accept defin long term expans plan solut . © 2012 ieee .
2012,The impact of large-scale offshore electricity transmission: The European project OffshoreGrid,"9th International Conference on the European Energy Market, EEM 12","offshoregrid first techno-econom studi carri in-depth analysi build cost-effici grid north baltic sea . project investig benefici wind farm connect concept 126 gw 321 offshor wind farm expect year 2030 . base two highli effici offshor grid design develop modular build stone direct interconnector , hub-to-hub connect , tee-in solut . shown final mesh grid design allow bring offshor wind onlin cost effici way enhanc european electr trade . result signific net benefit within european power system . offshoregrid project result practic blueprint policymak , develop transmiss grid oper , plan design mesh offshor grid . analysi cost benefit differ configur address studi help polici maker regul anticip develop provid incent trigger necessari invest right time . offshoregrid carri 2009 2011 . 3e coordin project consortium consist senergi econnect , sintef , dena , ewea , wind , ec brec ieo , ntua . © 2012 ieee ."
2014,Laboratory demonstration of an offshore grid in the North Sea with DC droop control,"2014 9th International Conference on Ecological Vehicles and Renewable Energies, EVER 2014","system studi articl multi-termin hvdc ( mtdc ) network compos four voltage-sourc convert termin . intend model futur 'super-grid ' north sea , norway , germani uk interconnect togeth offshor wind farm east coast england . main challeng relat multi-termin hvdc grid market regulatori issu , control coordin grid , protect circuit-break . articl focus technic challeng , especi relat dc voltag control power flow balanc . sever studi propos differ method control dc voltag mtdc grid . articl use dc voltag droop control scheme . system analys mean simul experiment down-scal laboratori model rate rang 60 kva . order evalu robust droop-control strategi , sever larg disturb emul : abrupt variat wind product , sudden chang droop line set-point loss two convert termin full wind product . final , similar differ experiment set-up real system discuss . © 2014 ieee ."
2011,Comparison of direct voltage control methods of multi-terminal DC (MTDC) networks through modular dynamic models,"Proceedings of the 2011 14th European Conference on Power Electronics and Applications, EPE 2011","estim circa 40gw offshor wind power capac go instal throughout europ end decad . scenario , pan-european offshor grid network need order effici integr larg amount offshor wind differ european countri ' transmiss network . paper , dynam model multi-termin hvdc ( mtdc ) transmiss system compos voltage-sourc convert present . afterward , dynam model use compar four differ method control dc voltag insid mtdc network , viz . : droop control , ratio control , prioriti control voltag margin control . lastli , case studi perform four-nod mtdc network differ control strategi compar . © 2011 epe associ - european power electr ."
2010,Toward a benchmark test system for the offshore grid in the North Sea,"IEEE PES General Meeting, PES 2010","effort protect environ despit project develop electr power system , european commun focus signific increas instal wind power capac level 300 gw year 2030 throughout europ . plan instal - 150 gw - go realiz offshor sector , larg part locat north sea . develop lead new challeng regard integr bulk offshor wind power power system requir comprehens analysi concern variou aspect optim plan oper take account new concept , multi-termin vsc hvdc . paper establish test system analysi offshor dc grid behavior propos take account recent structur technolog concept field well nation plan . henc , first step configur analyz offshor grid defin , includ mix ac dc system . , assumpt system paramet discuss implement test system power system simul well exemplari calcul shown . ©2010 ieee ."
2011,"The European offshore supergrid and the expansion of offshore wind energy in Germany, Ireland and the United Kingdom - legal, political and practical challenges",European Energy and Environmental Law Review,"intent paper provid date overview key legal , polit practic challeng aris propos airtricity/ mainstream renew power construct european offshor supergrid , super-structur interconnect hvdc subsea electr network design span coastal region european contin . paper take multi-disciplinari compar approach legal polici posit three core european offshor wind energi market motiv firm belief supergrid `` achiev '' energi infrastructur project . two central object europ union 's energi polici root supergrid propos . first instanc , supergrid would enhanc expans renew electr gener europ , thu act implement tool european union 's climat chang oblig . time , propos would also contribut achiev union 's tripl energi polici goal : emiss reduct , energi secur technic competit . second capac , develop interconnect offshor grid network , supergrid would duplic congest european onshor grid serv vast interconnector energi market . enabl first time genuin competit trade electr across union 's border , propos would consider contribut achiev singl european electr market ."
2012,Coordinated control of series-connected offshore wind park based on matrix converters,Wind Energy,"optim reliabl two import aspect design oper wind park either offshor onland emplac . howev , offshor locat demand conscienti effort optim size weight compon energi convers system high invest mainten cost relat support structur transport respect . achiev two object requir combin differ optim stage , consid suitabl design entir convers system innov effici power electron devic , optim topolog offshor grid custom control strategi optim oper park . paper present energi convers concept wind turbin basi reduc matrix convert ( rmc ) enabl seri direct current architectur offshor wind park thu prevent need offshor platform . rmc built bidirect semiconductor give reduc loss superior topolog effici semiconductor . propos convers topolog test stationari state transient oper . addit oper featur concept , control oper wind park sever turbin present . dynam oper turbin well high-voltag direct current transmiss line effect consid . three type model therefor develop . first , accur detail model analyz one singl turbin convert oper high-frequ switch present . model consid new modul rmc . second simpliienf model use small signal analysi . model permit simul sever series-connect cluster transient . final , optim direct current load flow model use evalu stationari state oper . result show technic feasibl propos concept advantag convent topolog . paper also discuss technolog challeng type offshor grid architectur bring . copyright © 2011 john wiley & son , ltd ."
2010,An offshore transmission grid for wind power integration: The European techno-economic study offshoregrid,"IEEE PES General Meeting, PES 2010","offshor power transmiss grid northern europ becom seriou import topic among power industri , power transmiss sector , nation govern european commiss . offshoregrid project provid polici recommend polit process toward grid pursu effici integr renew , integr market region , secur suppli competit european economi . offshoregrid develop scientif view offshor grid along suit regulatori framework consid technic , econom polici aspect . project target toward european polici maker , industri , transmiss system oper regul . first instanc , geograph scope northern europ . paper cover gener approach object project . furthermor , first result preparatori work packag present discuss . ©2010 ieee ."
2014,HVDC transmission for offshore wind farms,Green Energy and Technology,"large-scal wind energi expans limit factor land use visual impact facil land . offshor wind energi overcom above-ment limit . addit , wind veloc higher constant offshor onshor . chapter present overview differ topolog grid integr offshor wind farm . special emphasi made offshor grid topolog type power electron convert . © springer science+busi media singapor 2014 ."
1981,Arangement for concentrating sea waves.,,describ system concentr water wave energi compris offshor grid-lik arrang transfer substanti rectilinear front incid water wave substanti arch-lik water wave front concentr wave energi common central area space grid-lik arrang .
1995,Aliphatic Phenylene Vinylene Copolymers: Tuning the Color of Luminescence through Co-monomer Feed Ratios,Journal of the American Chemical Society,"introduc co-monom flexibl linker group step growth condens rout poly- ( phenylene-alt-vinylen ) ( ppv ) , seri solution-process ppv copolym prepar . peak photoluminesc copolym systemat rang 2.25 2.75 ev ( yellow-green blue ) , increas energi upon increas flexibl linker content . length linker group significantli alter spectral properti influenc solubl film morpholog . statist distribut phenylen vinylen segment along copolym backbon discuss context optic profil expect . quantit quench luminesc shortest phenylen vinylen segment strongli indic crossov excit state occur . trap recombin excit state occur lower-energi “ island ” , confirm longer phenylen vinylen segment , serv ideal recombin site photogener speci . © 1995 , american chemic societi . right reserv ."
1998,Simulation of the effect of anisotropic grain boundary mobility and energy on abnormal grain growth,Journal of Materials Science,"abnorm grain growth ( agg ) take place grain boundari given grain growth advantag exclus grain . growth advantag provid either high mobil low energi grain boundari . mont carlo simul done determin two factor import induc agg . result simul indic growth advantag low energi induc agg realist condit grain boundari energi low enough allow agg grain grow solid-st wet . grain growth wet take place tripl junction sum two grain boundari energi smaller grain boundari energi . island grain insid agg grain form anisotrop mobil energi grain boundari . high frequenc island grain , howev , compar observ initi stage agg fe-3 % si alloy , induc condit growth wet favor grain boundari migrat suppress . © 1998 kluwer academ publish ."
2008,Renewables: A new wave: Ocean power,Power,discuss marin energi cover convers kinet energi wave electr ; tidal power ; ocean current energi ; salin gradient salt differenti energi ; ocean thermal gradient energi ; energi island ; marin 's energi futur .
2009,Design and performance evaluation of a trigeneration system incorporating hydraulic storage and an inverted Brayton cycle,Journal of Engineering for Gas Turbines and Power,"bring econom benefit trigener small-scal user without incorpor expens compon , invert brayton cycl ( ibc ) employ , make use expand section alreadi present microturbin . air accumul provid pressur air , pass expand section microturbin use charg accumul . air pass ibc cool due expans , simultan provid power cool flow . microturbin indirectli fire , flow pass engin ibc directli vent household-elimin need addit heat exchang . size cycl studi order 10 kw ( e ) , suitabl domest household ; howev , system easili scale larger commerci applic . major compon system studi `` shelf '' product . feasibl studi conduct ensur propos system econom competit system current use , individu gener provid air condition ( a/c ) , high effici natur ga ( ng ) furnac , grid power . simul run full year base actual extern temperatur electr thermal load singl famili detach dwell locat winnipeg , canada . perform data gener use matlab™ econom perform determin timebas simul conduct use simulink™ . system design allow energi island provid household energi need throughout year ; howev , integr power grid option . found oper cost propos trigener system energi island mode oper equival less individu gener ( a/c unit , ng furnac , grid power ) heat mode oper expens cool mode oper . yearli energi cost trigener system exceed individu gener cost 30-40 % ; howev , remain much room improv trigener concept . econom data base fair market energi price found central canada . © 2009 asm ."
1998,Photosynthetic parameters and empirical modelling of primary production: A case study on the Antarctic Peninsula shelf,Antarctic Science,"eight hundr photosynthesis-irradi relationship determin shelf water adjac palmer station , antarctica spring/summ period 1991-94 . biomass specif maximum photosynthet rate , p ( b ) ( max ) , light limit photosynthet effici , α ( b ) , poorli correl physic forc nutrient regim sampl station . two photosynthet paramet , howev , strongli covari indic minimum irradi requir satur photosynthesi , ( k ) , rel constant highli variabl environ . variabl ( k ) could partial attribut depth water column time year , highest valu occur surfac sampl summer period peak incid irradi . given signific depend p ( max ) phytoplankton biomass , simpl empir model primari product develop . independ test model perform data collect mesoscal offshor grid predict primari product found within 13 % measur valu . although limit approach ( i.e . exclus diel period photosynthet respons ) , result provid rel robust estim daili primari product southern ocean ."
2008,Advanced fault management as a part of smart grid solution,IET Seminar Digest,"concept advanc fault manag part smart grid solut base full coordin local autom , local control switchgear relay protect maximum exploit minim fault durat undeliv energi . island oper propos possibl solut energ import consum order maxim protect consum outag . consider elabor trough exampl . also idea improv also suggest ."
1976,SYMBIOTIC NUCLEAR ENERGY PARK AS THE ULTIMATE PRIMARY ENERGY SOURCE FOR SWITZERLAND - GENESIS AND RATIONALE.,,"optimum nuclear reactor strategi toward long-rang energi independ switzerland describ . potenti reactor famili , consist exclus fast breeder reactor ( fbr ) variou high temperatur ga cool reactor ( htgr 's ) , supposedli assembl underground nuclear energi park mountain alp , call ″energi mountain″ , analog ″energi island″ . main featur symbiot reactor system coupl fuel cycl permit practic uranium-ore-and separative-work-independ energi economi . shown amount natur uranium thorium necessari feed system equilibrium effect extract granit swiss alp abund amount rock avail content 80-100 ppm uranium thorium requir ratio u th . whole system consid ultim primari energi sourc entropi energi economi base upon clean wasteless secondari energi carrier like electr , hydrogen industri , synthesi gase ( h//2 plu co ) metal reduc complex methanol product , ″adam-eva″ heat long distanc ( greater 50 km ) process heat applic , electr gener district heat , hot water district heat vicin ( less 50 km ) park . conclud even countri like switzerland , without fossil resourc , may optimist long-rang perspect respect question energi depend ."
2010,Analysis of grid alternatives for North Sea offshore wind farms using a flow-based market model,"2010 7th International Conference on the European Energy Market, EEM 2010","offshor wind farm gradual plan built farther shore . increas integr wind power , also onshor , demand improv power system oper give rise grow need transnat power exchang . grid connect critic factor success larg scale integr offshor wind power . paper comparison studi two differ grid build strategi offshor wind farm north sea present 2030 medium wind scenario tradewind project [ 1 ] ( 302 gw instal wind capac ) . two strategi : ) strategi base radial wind farm connect shore point-to-point interconnect countri , call radial grid ; ii ) strategi base use offshor node build hvdc offshor grid , call offshor grid . comparison address differ power system aspect , total socio-econom benefit associ strategi , power exchang countri , offshor wind power util , grid congest util hvdc cabl capac . find offshor grid give total benefit econom lifetim grid european interconnect power system 2.6 billion euro compar radial grid . result show even moder amount instal wind capac , offshor grid strategi better radial one , assum futur european power system larg penetr offshor onshor wind power . © 2010 ieee ."
2009,The prevalence of molar incisor hypomineralization (MIH) in a group of children in a highly polluted urban region and a windfarm-green energy island,International Journal of Paediatric Dentistry,"backround : children 's develop teeth may sensit environment pollut polychlorin dibenzo-p-dioxin ( pcdd ) polychlorin dibenzofuran . term molar incisor hypominer ( mih ) introduc describ clinic appear enamel hypominer system origin affect one perman first molar ( pfm ) associ frequent affect incisor . aim : aim studi determin preval mih children industri pollut region green-energi island turkey . design . septemb 2007 , retrospect studi initi two elementari school : one , group children ( n = 153 ) fit criteria tavsancil , koca ( n = 109 ) bozcaada island , canakkal ( n = 44 ) . soil sampl collect select region order determin contamin level heavili industri area non-industri area . result : preval mih children bozcaada island 9.1 % , preval mih 9.2 % tavsancil . pcdd/f level soil sampl collect bozcaada tavsancil determin 1,12 8,4 i-teq ng/kg dri soil , respect ( p < 0.001 ) . conclus : preliminari studi small studi popul , preval mih seem associ level pcdd/f environ . © 2008 bspd , iapd blackwel publish ltd ."
2008,"Palmer LTER: Patterns of distribution of five dominant zooplankton species in the epipelagic zone west of the Antarctic Peninsula, 1993-2004",Deep-Sea Research Part II: Topical Studies in Oceanography,"variabl temporal-spati distribut abund zooplankton document summer palmer long-term ecolog research ( lter ) grid west antarct peninsula anver adelaid island 12-yr time seri . obliqu tow 120 2×2 fixed-fram net made 50 station january/februari 1993 2004 . numer domin macro- mesozooplankton speci > 2 mm includ three speci euphausiid ( euphausia superba , antarct krill ; thysanoëssa macrura ; euphausia crystallorophia , ice krill ) , shell pteropod ( limacina helicina ) , salp ( salpa thompsoni ) . life cycl , life span , habitat vari among speci . abund data year alloc 100 km 20 km ( alongshor on/offshor ) grid cell center cardin transect line station within palmer lter grid . long-term mean climatolog mean year use calcul annual anomali across grid . princip compon analysi ( pca ) use analyz pattern trend temporal-spati variabl five speci . question includ whether group speci similar pattern , whether popul cycl , speci interact season sea-ic paramet correl detect pattern . pattern climatolog distinct , match physic paramet . common featur includ higher abund north south , independ cross-shelf gradient , cross-shelf gradient higher abund either inshor ( e. crystallorophia ) offshor ( s. thompsoni ) . anomali reveal either cycl popul , episod recruit antarct krill , chang anomali pattern first second half sampl period . 1998 year , coincid rapid chang neg posit phase soi , emerg year either signific anomali mark chang anomali pattern differ speci . pca analysi show pattern cumul varianc increas number mode distinctli differ shorter-liv versu longer-liv speci ; first mode account nearli 50 % varianc shorter-liv speci less 25 % longer-liv speci . suggest mechan drive variabl temporal-spati distribut shorter-liv , ocean speci less complex direct longer-liv euphausiid . evid anomali plot trend analysi suggest salp consist present across shelf 1999 present , rang l. helicina expand . shorter life span , two speci respond quickli increas heat content shelf region . cross-correl analysi illustr neg correl salp ice retreat number ice day , posit correl presenc ice krill day ice retreat . result suggest speci , sever environment control distribut abund link season sea-ic dynam . © 2008 elsevi ltd. right reserv ."
2009,Optimal design of subsea grid for offshore wind farms and transnational power exchange,"European Wind Energy Conference and Exhibition 2009, EWEC 2009","large-scal develop offshor wind power need fulfil europ 's futur electr need reduc emiss electr sector . grid connect critic factor regard accord need increas transnat power exchang avoid sub-optim offshor grid develop . paper present methodolog identifi optimum offshor grid structur , take account wind variat , price variat , power demand oil rig , possibl connect point onshor power system . applic method demonstr case studi offshor wind power develop norway ."
2010,Analysis and design of an offshore wind farm using a MV DC grid,IEEE Transactions on Power Delivery,"paper outlin design offshor wind farm use dc offshor grid base reson dc-dc convert . multiphas reson dc-dc convert studi step dc voltag individu wind gener medium voltag ( mv ) dc bu , mv bu hvdc line connect wind farm shore . compar equival ac grid-bas wind farm , dc grid-bas wind farm slightli higher loss , weight magnet compon cabl substanti lower . analysi oper permanent-magnet synchron gener variabl constant dc voltag show fix dc voltag margin higher effici variabl dc voltag . howev , use variabl dc voltag give lower harmon gener face voltage-sourc convert dc-dc step-up convert . aggreg model multipl parallel connect wind gener develop shown accur approxim detail pscad model vari wind condit transient . © 2010 ieee ."
2007,Grid frequency control for LCC HVDC link connected wind farms,IECON Proceedings (Industrial Electronics Conference),paper consid design offshor grid frequenc control dfig-bas wind farm lcc hvdc link connect . control approach base use grid frequenc regul hvdc dc-link current henc control power flow system . dynam equat deriv grid frequenc control design . mathemat analysi control design verifi fscad simul . good model agreement obtain close loop system work provid good basi wider research investig wind farm oper . ©2007 ieee .
2007,The Isle of energy: Storing power at sea,PEI Power Engineering International,"kema , energi consult compani , bureau lievens , civil engin compani , netherland , jointli develop preliminari design artifici energi island , concept large-scal energi storag dutch coast . integr electr storag within power suppli system enabl captur electr period low load . increas technic reliabl power suppli , stabil cost electr help reduc carbon dioxid emiss . creation island provid coastal protect harbor facil , opportun improv aquat biomass tourism . incorpor pump energi storag facil revers principl pac facil function . consist ring dyke , seal bentonit enclos area approxim 10 km long 6 km wide ."
2009,Europe's offshore wind race,Power,"develop concern wind power europ present . includ inaugur vattenfal 's 209-mw offshor wind park west coast jutland , north sea ; uk 's greater gabbard field , i.e. , 140-turbin wind farm expect come onlin 2010 ; preview 340 turbin london array ; european wind energi associ 's decis increas 2020 target 230 gw instal wind power capac , includ 40 gw would offshor wind ; propos eight addit offshor grid built 2020 six 2030 ."
2002,Experimental seismic event-screening criteria at the prototype international data center,Pure and Applied Geophysics,"experiment seismic event-screen capabl describ , base differ body-and surface-wav magnitud ( denot ms : mb ) event depth . capabl implement test prototyp intern data center ( pidc ) , base recommend idc technic expert event screen june 1998 . screen score present indic numer degre event meet , meet , ms : mb depth screen criteria . seismic event also categor onshor , offshor , mix , base 90 % locat error ellips onshore/offshor grid five-minut resolut , although analysi use time screen event . result present applic almost 42,000 event mb ≥ 3.5 pidc standard event bulletin ( seb ) 121 underground nuclear explos ( une 's ) u.s. nevada test site ( nt ) , semipalatinsk novaya zemlya test site former soviet union , lop test site china , indian , pakistan , french polynesian test site . screen criteria appear quit conserv . none known une 's screen , 41 percent presum earthquak seb mb ≥ 3.5 screen . une 's lop , indian , pakistan test site 8 june 1996 , 11 may 1998 , 28 may 1998 , respect , among lowest ms : mb score event seb . assess valid depth screen result , comparison present seb depth solut bulletin presum reliabl independ . use 1600 event , comparison indic seb depth confid interv consist shallow 99.8 percent correspond depth estim bulletin . conclud remark provid regard perform experiment event-screen criteria , plan futur improv , base recent recommend idc technic expert event screen may 1999 ."
2007,Fetch-limited barrier islands: Overlooked coastal landforms,GSA Today,"barrier island shelter , low-wav energi coastal environ import , unstudi , previous undocu landform categori . global , > 15,000 sandi fetch-limit barrier island exist , compar 2200 open-ocean barrier island . fetch-limit condit develop shelter water fjord , bay , barrier island lagoon , behind coral reef . fetch-limit barrier island typic short ( 1 km ) , narrow ( 10-100 ) , low ( 1-3 ) rel ocean barrier divid approxim equal number activ inact form . inact island lock salt marsh mangrov slightli impact short term modern marin process . evolut activ fetch-limit barrier island larg driven storm event , impact storm strongli influenc presenc marsh mangrov . island origin divers way , includ alter anteced topographi , spit breach , onshor transport sand marsh rim . mani relict island higher holocen pleistocen sea level . abund fetch-limit barrier island highli variabl : 600 island occur 2000 km2 laguna madr méxico compar 65 6600 km2 pamlico-albemarl sound . high geolog preserv potenti may misidentifi stratigraph record lack appreci morpholog structur . unpreced develop pressur open-ocean barrier island , new frontier coastal develop unit state elsewher may well low-energi island whose form process tempor evolut virtual unstudi ."
1997,Mechanics of coherent and dislocated island morphologies in strained epitaxial material systems,Journal of Applied Physics,"combin analyt comput model develop studi mechan strain epitaxi island growth typic semiconductor system . certain growth condit system film/substr lattic mismatch , deposit materi known aggreg islandlik shape geometri arc shape cross-sect . two-dimension model assum linear elast behavior use analyz isol arc shape island elast properti similar substrat . substrat assum much larger island . finit element analysi show order minim total energi , consist strain energi , surfac energi , film/substr interfac energi , coher island adopt particular height-to-width aspect ratio function island volum . shown island volum greater certain critic size , inclus mismatch strain reliev edg disloc favor . criterion critic size base comparison configur forc act edg island presenc edg disloc . final , finit element calcul combin analyt treatment singular disloc field use determin minimum energi island aspect ratio disloc island/substr system . combin minimum energi morpholog studi coher disloc system disloc nucleat criterion give complet model strain epitaxi island growth serv basi interpret experi . © 1997 american institut physic ."
2010,Water and wastewater management at TNPL,IPPTA: Quarterly Journal of Indian Pulp and Paper Technical Association,"tamilnadu newsprint paper limit ( tnpl ) india 's largest bagass base integr pulp paper mill , instal capac 245,000 tpi print & write paper pois enhanc capac 4,00 , 000 tpi middl year 2010 . use consum 70,000 m3/day water discharg 55,000 m3/day wastewat 15,000 3/day account evapor loss . mill decid go major water save program along pollut load reduct . mill implement superbatch™ pulp 300 tpd hardwood street modern ecf bleach oper capac 300 tpd hardwood 550 tpd bagass pulp street . tnpl implement recycl paper machin effluent clarif , close loop eop filtrat hardwood fiberlin oper , recycl pump seal water gland cool water etc . measur result conserv fresh water 30 , 000 m3/day brought specif water consumpt 51 m3/ton paper decemb 2009 concomit reduct 40 % pollut load ( phase ) . tnpl drawn ambiti zld program implement 3 phase 2012 . phase ii includ brown loop closur bagass pulp oper , close loop water circuit gland cool pump seal water , implement zld srp energi island . phase iii target treat acid bleach filtrat use physico-chemical-biolog pretreat follow membran separ recov 90 % water . sludg gener oper enter appropri stage lime sludg cycl filtrat treat membran process segreg sulphat chlorid . sulphat sent chemic recoveri dilut brine water concentr market level . evapor condens propos segreg higher lower contamin stream less contamin stream use dm water desir treatment highli contamin stream use srp oper . phase iii , envisag control treat effluent discharg level less 15,000 m3/day inorgan td less 1200 ppm , henc reus appropri ."
2008,Voltage and frequency control of offshore DFIG-based wind farms with line commutated HVDC connection,IET Conference Publications,"paper consid previous unreport control approach control off-shor dfig-bas wind farm grid line commut hvdc connect . method applic wind farm based-on doubli fed induct gener ( dfig ) gener interfac full-rat power electron convert . paper focus dfig- base gener . propos control scheme allow wind turbin share voltag frequenc control offshor grid . classic approach use droop characterist adjust voltag frequenc accord power flow turbin employ . result , offshor grid control turbin use electr variabl local connect point . propos control approach valid via pscad simul normal oper regim ride-through oper loss main onshor ac grid . result confirm good activ reactiv power share wind-farm dfig frequenc voltag deviat off-shor grid small ."
1998,On the burn-up theory of fast soliton reactors,International Journal of Hydrogen Energy,"basic reactor physic complet new nuclear fast fission reactor - soliton reactor - present . fast reactor , base either u/pu-or th/u-233 fuel cycl , auto-catalyt driven flux-wav , similar water wave shallow water , propag initi fertil region thu burn produc power . henc , qualit new kind har nuclear fission energi may becom possibl : without transport irradi fuel element , reprocess - accord edward teller - co-loc reactor subterranean final dispos site sand bed 100m underground . combin idea `` energi island '' soliton reactor could form basi practic inexhaust sourc hydrogen climate-neutr energi sourc . © 1997 intern associ hydrogen energi ."
1998,Propagation of Kelvin waves along irregular coastlines in finite-difference models,Advances in Water Resources,"paper , examin behavior intern kelvin wave f-plane finite-differ model use arakawa c-grid . depend kelvin wave phase speed offshor grid resolut propag direct rel numer grid illustr numer experi three differ geometri : ( 1 ) kelvin wave propag along straight coastlin ; ( 2 ) kelvin wave propag 45°angl numer grid along stairstep coastlin stairstep size equal grid space ; ( 3 ) kelvin wave propag 45°angl numer grid along coars resolut stairstep coastlin stairstep size greater grid space . shown theoret phase speed kelvin wave propag along straight coastlin arakawa c-grid equal analyt inviscid wave speed depend offshor grid resolut . howev , found finite-differ model consider underestim kelvin wave phase speed wave propag angl grid grid space compar rossbi deform radiu . case , phase speed converg toward correct valu grid space decreas well rossbi radiu . grid space one-fifth rossbi radiu requir produc result stairstep boundari case compar straight coast case . effect appear depend resolut coastlin , rather direct wave propag rel grid . behavior import model intern kelvin wave realist geometri rossbi radiu often compar grid space , wave propag along irregular coastlin . ; paper , examin behavior intern kelvin wave f-plane finite-differ model use arakawa c-grid . depend kelvin wave phase speed offshor grid resolut propag direct rel numer grid illustr numer experi three differ geometri : ( 1 ) kelvin wave propag along straight coastlin ; ( 2 ) kelvin wave propag 45° angl numer grid along stairstep coastlin stairstep size equal grid space ; ( 3 ) kelvin wave propag 45° angl numer grid along coars resolut stairstep coastlin stairstep size greater grid space . shown theoret phase speed kelvin wave propag along straight coastlin arakawa c-grid equal analyt inviscid wave speed depend offshor grid resolut . howev , found finite-differ model consider underestim kelvin wave phase speed wave propag angl grid grid space compar rossbi deform radiu . case , phase speed converg toward correct valu grid space decreas well rossbi radiu . grid space one-fifth rossbi radiu requir produc result stairstep boundari case compar straight coast case . effect appear depend resolut coastlin , rather direct wave propag rel grid . behavior import model intern kelvin wave realist geometri rossbi radiu often compar grid space , wave propag along irregular coastlin ."
2009,Impact of increased wind integration on power flows and congestion costs in the European transmission network,"European Wind Energy Conference and Exhibition 2009, EWEC 2009","one import task rise ambiti european target renew energi ensur effici grid integr wind power . paper , use tradewind approach tool respect wind power scenario power flow simul , analys impact high wind power penetr congest cost countri european grid . shown low moder amount wind power system , wind power contribut reduc total bottleneck cost system , compar refer scenario wind power capac set zero . howev , wind power introduc system , wind induc bottleneck becom signific . benefit build mesh offshor grid north sea assess compar cost benefit base case radial connect offshor wind farm ."
2009,Energy storage in islands - modelling Porto Santo's hydrogen system,Chemical Engineering Transactions,"island depend mainli import fossil fuel energi product . caus econom environment problem . gener , island present consider potenti renew energi . island energi sourc hydro geotherm energi , easili integr power system , mainli intermitt renew energi sourc ( wind , solar ) tackl need energi storag . case , advanc energi plan use , present paper intend demonstr urg need plan energi storag system small island result case-studi carri portugues island . need store intermitt energi import issu island porto santo , sinc small isol network . h2re use model energi storag scenario island . one scenario chosen evalu potenti hydrogen energi storag vector pilot system two 5kw fuel cell , one electrolys 13 kw , 55 m3 storag tank built . main object system produc hydrogen electr wind mill otherwis would wast , use hydrogen electr peak time . copyright © 2009 , aidic ssrvizi s. r. l ."
2003,Energy island,Oceans Conference Record (IEEE),"otec power station suggest creation island , mainli power gener , possibl also mani complementari applic , whenc concept energi island . energi island concept bring togeth singl float structur varieti renew energi convers system maxim energi product avail divers sourc avail ."
2008,Power struggle,Professional Engineering,"power distribut industri upgrad technic complex focus exist regulatori framework increas renew energi gener effici . power gener industri work meet govern 's 40 % target renew electr , face plan oper constraint . exist regul creat mani constraint get approv mani project electr gener . mani wind energi associ work search suitabl site windfarm uk . power industri plan establish interconnect offshor grid system , allow econom connect larg futur renew windfarm ."
2008,Spatial distribution of strong and weak coupled exciton-polaritons in semiconductor microcavities,Physica E: Low-Dimensional Systems and Nanostructures,"coexist polariton differ coupl regim insid excit area experiment studi ingaa semiconductor microcav mean spatial time-resolv photoluminesc . differ posit insid spot select resolut 10 μm order analyz spatial distribut polariton , present differ emiss energi . island high densiti polariton present everi scan posit spatial distribut follow gaussian profil excit intens . © 2007 elsevi b.v. right reserv ."
2007,The energy island - An inverse pump accumulation station,"European Wind Energy Conference and Exhibition 2007, EWEC 2007","paper describ innov concept energi storag system consist invers offshor pump accumul station ( iopac ) . store energi , water pump reservoir , deliv energi , water flow reservoir pass water turbin . iopac station artifici island sea , call energi island , consist ring dike enclos 50 meter deep dredg reservoir . propos energi storag system maximum gener capac 2.000 2.500 mw depend water level . store capac willl 30 gwh . design criteria origin capabl system handl ( ) imbal due wind energi forecast error well download wind energi night ."
2004,ENSO effects on primary production off Baja California; [Efectos del ENSO en la producción primaria frente a Baja California],Ciencias Marinas,"long-term time seri total primari product ( pt ) 1969 2002 , associ enso ( el niño/southern oscil ) event present region northern baja california . pt calcul use empir model six inshor offshor grid calcofi-imecoc network southern california current . gener , pt anomali posit 1970 1975 , period averag 0.024 gtc yr-1 'studi line . pt chang neg anomali enso 1976-77 , decreas product least 20 year , reinforc enso event 1982-84 , 1987-88 , 1992-93 1997-98 . annual time seri pt anomali show enso event , valu diminish ∼20 % studi area . long-term pt chang ( 1976-97 ) origin reduct 0.007 gtc yr-1 ( ∼70 % ) , relat higher product earli 1970 ( 1970-75 ) . mean pt 1997-98 0.014 gtc yr , increas 1999-2002 ( 0.023 gtc yr-1 ) toward similar valu calcul earli 1970 . superpos epoch analysi prove statist associ enso event pt , probabl high product one year ( -1 ) , diminish key year ( 0 ) , recov one year ( +1 ) event baja california . complet ( 1950-2002 ) pt time seri show greatest varianc 1.43-year period . small pelag fish biomass estim inshor station line 90 107 drop 200 × 103 ton 1976-77 period , recov trend 2000 ."
2010,Integration of wave and offshore wind energy in a european offshore grid,Proceedings of the International Offshore and Polar Engineering Conference,"high wave offshor wind energi potenti locat along west north coast europ , respect . near futur , resourc significantli contribut european electr mix , hardli grid infrastructur avail larg scale integr offshor renew energi sourc . accord , paper cover ) public privat initi offshor transmiss network , ii ) synergi wave offshor wind energi sector within offshor grid , iii ) power transmiss option offshor gener iv ) challeng ahead realis offshor grid . copyright © 2010 intern societi offshor polar engin ( isop ) ."
2002,Los angeles region dredged material management - Design and construction of the aquatic capping pilot project,"Dredging, Key Technologies for Global Prosperity","design construct aquat cap pilot project multi-ag lo angel basin contamin sediment task forc ( cstf ) discuss . cstf establish 1998 aim dredg dispos contamin sediment coastal water lo angel counti . project involv dredg 100,000 cubic meter contamin lo angel river estuari ( lare ) materi place north energi island borrow pit ( neibp ) . data pilot project show aquat cap viabl method contain contamin dredg sediment lo angel harbor ."
1984,Numerical simulation of storm surges induced by tropical storms impinging on the Bangladesh coast.,"IN: PROC. NINETEENTH INT. CONF. ON COASTAL ENGINEERING (HOUSTON, U.S.A.: SEP. 3-7, 1984), B.L. EDGE (ED.)",describ vertic integr coastal zone numer model storm surg simul . continu contract nonuniform offshor grid space adjac coastal boundari permit increas resolut near coast . describ model formul coordin transform . describ numer experi base wind stress distribut repres 1970 chittagong cyclon examin calcul time variat water surfac elev . ( c.j.u . )
2009,Tuning and monitoring of quantum dot growth by an in situ cantilever,Physical Review B - Condensed Matter and Materials Physics,"self-organ quantum dot ( qd ) situ cantilev setup investig use continuum approach . qd growth system , cantilev two function . first function substrat qd growth second tune detect morpholog qd . calcul free energi , consist elast energi , surfac energi , island-substr interact energi , wetting-layer-substr interact energi , island-island interact energi , analyz contribut total free energi qd growth system . , calcul critic quantiti deposit materi , qd growth system transfer planar film state island array state , curvatur cantilev qd growth . curvatur cantilev function island coverag , island size , facet orient island , thick wet layer , thick cantilev . shown situ cantilev setup tune morpholog qd properli choos thick cantilev also monitor qd growth state high sensit . © 2009 american physic societi ."
1993,Total energy islanding by cogeneration micropowerplants,American Society of Mechanical Engineers (Paper),"new approach energi conserv via micropowerpl act cogener facil propos . central supervis micropowerpl act decentr cogener significantli reduc overal primari energi consumpt function decentr sourc electr power . new type micropowerplant/heat pump employ close cycl heat engin synchron electr machin provid capabl local electr power product , heat cool servic . bi-direct transfer electr power , heat cool servic via exist electr power system practic achiev type devic ."
1997,Growth mechanisms of SiGe on (111) and (100) Si substrates,Thin Solid Films,"present experiment analysi strain relax sige/si heterostructur strongli depend si substrat orient . particular , differ drive forc transit 2d toward 3d growth evidenc . ( 100 ) si substrat primari drive forc sige island abil elast relax strain top island . low elast energi small corrug initi free surfac sige overlay known lower energi system . amplitud corrug increas accumul elast energi format dislocation-fre island . latter kinet evolv toward plastic relax island . experiment condit , strain relax nucleat disloc ( 111 ) si . dislocation-fre island observ latter case . continu disloc film form compress stress -0.17 gpa ( equival misfit sige layer si substrat ≈ 3 % ) . higher misfit energi , island initi abil introduc stack fault edg island . studi defect nucleat process permit one explain nucleat misfit disloc lower stress ( 111 ) si ( 100 ) si . base exist model suggest two possibl mechan abl explain observ discrep ."
2007,"System integration of large wind farms: Challenges, risks and opportunities",NGCWP 2007 - Proceedings of 2007 Non-Grid-Connected Wind Power Systems - Wind Power Shanghai 2007 - Symposium on Non-Grid-Connected Wind Power,"paper explor technic option role enabl technolog achiev reliabl design larg wind farm connect includ develop offshor grid collect transport signific amount power shore integr onshor transmiss network . paper also discuss potenti solut systemat approach resolv number commerci regulatori issu associ connect integr resourc exist network infrastructur , includ licenc condit use system code . addit , risk associ larg wind gener deploy identifi discuss consent process suppli chain limit ."
2007,Offshore wind energy policies and their effects: Experiences in Denmark and the UK and prospects for the Netherlands,"European Wind Energy Conference and Exhibition 2007, EWEC 2007","sever countri , face turn toward offshor wind energi regul adapt put place new use continent water . paper investig polici support implement offshor wind energi effect polici regul examin three countri : netherland , denmark unit kingdom . regul adapt made offshor gener describ , togeth possibl futur polici regul enhanc develop offshor wind power . special attent given prospect regul netherland . consent procedur netherland still open procedur caus inconsist government polici , control government expenditur incorpor . combin select area anti-specul claus low utilis offshor grid avoid . site select control government expenditur consid could ad list polici initi best practic . also , transpar financi burden could broaden transpar procedur , add clariti criteria part polici initi best practis ."
2006,Development of an electric infrastructure at sea,"41st International Conference on Large High Voltage Electric Systems 2006, CIGRE 2006","one major issu large-scal applic wind energi sea , manner gener power brought onshor high-voltag grid . issu need resolv construct sever large-scal offshor wind farm truli realis , sinc cost associ grid connect account 10 % capit expenditur offshor wind farm . studi commiss dutch ministri econom affair full rang aspect consid context develop offshor electr grid . studi project consist separ technic , legal physic plan constitu survey . survey form basi consider prefer option implic term action taken respons consid major stakehold . paper discuss engin altern avail bring larg volum offshor wind power shore connect high-voltag grid . furthermor question address done enabl realis cabl infrastructur benefit develop offshor wind energi variou technic altern develop scenario . minimis market intervent , obviou steer role govern adopt would exercis control via public work act electr suppli structur scheme . govern could possibl assum steer role exercis control via electr act , tso design parti charg instal oper cabl offshor hub platform . govern 's plan offshor wind unambigu outlin period 2010 . find present paper enabl start made detail elabor variou engin , financi , spatial , environment , legal administr aspect associ possibl large-scal offshor develop beyond 2010 ."
2009,Towards a Zero Energy Island,Renewable Energy,"aim studi show potenti applic avail natur altern energi resourc peng chau island , hong kong . potenti differ altern energi resourc consid , solar , wind , tidal , wave , energi crop msw ( municip solid wast ) . result show mention resourc use effici suppli requir electr island wherea other suitabl . analysi follow macroscop approach base measur real data obtain variou govern organ . studi build basi implement renew energi technolog island give hint reader care design , possibl island gener requir electr energi almost without co2 emiss environ ( except msw , also discuss briefli ) . context studi , focu product electr energi . analog exist term zeb ( zero energi build ) , new term `` zero energi island '' introduc name concept island . © 2008 elsevi ltd. right reserv ."
2009,VSC HVDC transmission and offshore grid design for a linear generator based wave farm,Canadian Conference on Electrical and Computer Engineering,"paper analyz technic issu instal linear gener base offshor wave farm use voltag sourc convert ( vsc ) hvdc connect onshor grid . design issu introduc summar current statu vsc hvdc technolog relat instal , research use vsc hvdc offshor wind farm , characterist wave energi convert use linear gener . dc bu wave farm design use linear gener model present simul use time shift variabl amplitud wave input demonstr effect increas size wave farm smooth short-term variat power output due wave oscil . ©2009 ieee ."
1993,Improvement of tribological properties by ion implantation,Surface and Coatings Technology,"mani differ measur confirm ion implant chang friction wear behaviour , import properti tribolog system . unfortun , properti alway improv . industri applic , often differ result effect ion implant tool machin compon observ , even materi use . import reason differ stress tribolog system . practic experi far prove ion implant advantag field cut mill tool , inject mould , calibr tool plastic extrus , punch die , surgic instrument , wear part combust engin . year year , experi effect industri use ion implant gain . howev , mani investig tribomet real engin use on-lin radionuclid wear measur techniqu show us yet abl understand complic physic chemic reason chang tribolog properti . use theori wear process , possibl deduc effect ion implant . predict made experi , poorli defin . situat main reason slow introduct ion implant industri . find new applic theori friction wear , much attent must given follow aspect fundament import . 1 . ( 1 ) energi input caus friction , function stress paramet tribosystem , within short time lead appear energi island , statist distribut surfac . densiti energi within tini energi island high . 2 . ( 2 ) one result high energi densiti mutat materi 's composit structur within thin layer less 100 nm underneath surfac . anoth result wear . 3 . ( 3 ) ion implant also chang composit structur bulk materi close surfac . 4 . ( 4 ) togeth wear surfac , mutat composit structur migrat depth materi . thu urgent need increas knowledg tribo-induc mutat ion-impl materi influenc tribolog properti . reason surfac analys carri determin composit structur materi mutat caus friction wear . complementari sensit wear analysi enabl new model theori develop corrobor . difficult interest challeng modern physicist , chemist engin . © 1993 ."
1976,"Geography of Energy Production in France - 3. National Energy Islands: Dunkirk, Estuaries of the Loire and the Gironde, Frontignan.; [GEOGRAPHIE DE LA PRODUCTION D'ENERGIE EN FRANCE - 3. LES ILOTS NATIONAUX: DUNKERQUE, LES ESTUAIRES DE LA LOIRE ET DE LA GIRONDE, FRONTIGNAN.]",Revue de l'Energie,potenti energi product french coastal region consid . four site mention titl compris 7 oil refineri 4 oil-fir central power plant . descript instal present .
2003,Energy Island,Oceans 2003: Celebrating the Past... Teaming Toward the Future,"earli 1950 , command philipp tailliez , french navi , close collabor command jacqu cousteau , present concept `` float island `` , `` ile flottant '' . otec power station suggest creation island , mainli power gener , possibl also mani complementari applic , whenc concept energi island . one main problem encount otec project rel low temperatur differenti deeper water 5oc tropic surfac water around 25 '' c , limit thermodynam effici ofth convers plant . energi island concept bring togeth singl float structur varieti renew energi convers system maximis energi product avail divers sourc avail , interrel system assist reach greater effici convers . energi island design princip tropic water , variant higher latitud also consid . copyright © 2003 marin technolog ."
2000,Orientation mediated self-assembled gallium phosphide islands grown on silicon,"Philosophical Magazine A: Physics of Condensed Matter, Structure, Defects and Mechanical Properties","evolut gallium phosphid epitaxi island , grown ( 001 ) , ( 111 ) , ( 110 ) ( 113 ) surfac si chemic beam epitaxi , investig p-polar reflect spectroscopi , transmiss electron microscopi atom forc microscopi . growth nucleat facet three-dimension island ( 001 ) ( 111 ) si surfac polar natur heterointerfac increas interfaci energi . two-dimensional- like growth mode seen ( 110 ) ( 113 ) surfac attribut absenc charg build gap-si heterointerfac orient , therebi reduc interfac energi . island grown ( 001 ) si becom facet larger size increas growth temperatur . due lower incub time enhanc atom mobil high temperatur . wurtzit gap observ coexist zincblend polytyp island grown ( 111 ) si 560°c . argument develop ration observ . © 2000 taylor & franci ltd ."
2008,Design and performance evaluation of a trigeineration system incorporating hydraulic storage and an inverted brayton cycle,Proceedings of the ASME Turbo Expo,"bring econom benefit trigener small-scal user without incorpor expens compon , invert brayton cycl ( ibc ) employ make use expand section alreadi present microturbin . air accumul provid pressur air , pass expand section microturbin use charg accumul . air pass ibc cool due expans , simultan provid power cool flow . microturbin indirectli fire , flow pass engin ibc directli vent household ; elimin need addit heat exchang . size cycl studi order 10 kw ( e ) , suitabl domest household , howev system easili scale larger commerci applic . major compon system studi 'off shelf product . feasibl studi conduct ensur propos system econom competit system current use , individu gener provid air condition , high effici natur ga furnac , grid power . simul run full year base actual extern temperatur , electr , thermal load singl famili detach dwell locat winnipeg , canada . perform data gener use matlabtm econom perform determin time-bas simul conduct use simulinktm . system design allow energi island provid household energi need throughout year , howev integr power grid option . found oper cost propos trigener system energi island mode oper margin higher individu gener ( a/c unit , ng furnac , grid power ) heat mode oper , expens cool mode oper . yearli energi cost trigener system exceed individu gener cost 30 40 % , howev remain much room improv trigener concept . econom data base upon fair market energi price found central canada . copyright © 2008 asm ."
1985,NUMERICAL SIMULATION OF STORM SURGES INDUCED BY TROPICAL STORMS IMPINGING ON THE BANGLADESH COAST.,Proceedings of the Coastal Engineering Conference,"vertic integr coastal zone numer model describ simul surg gener tropic storm strike bangladesh coast . model fulli nonlinear use condit stabl explicit finite-differ scheme solv relev equat motion . model util curvilinear boundari treatment repres coastlin use non-uniform off-shor grid space adjac coastal boundari . allow increas resolut near bangladesh coast . use forc wind-stress distribut repres 1970 chittagong cyclon , model-predict surg compar observ sea-surfac elev along bangladesh coast . predict peak surg elev mean sea level compar well observ valu chittagong port ."
2007,"A self-sufficient system (""Energy Island"") FED only with bio-oil from local crops",Helia,"paper summar project experiment energi system develop strateg measur enhanc global competit industri develop area ( asi ) aragona - favara agrigento provinc . aim project achiev self-suffici system ( `` energi island '' ) fed bio-oil local crop . plan durat experi four year , final goal establish new profit enterpris take advantag cost-effect sustain energi suppli chain : plan activ , fact , involv farm oil product ventur well energi intens food industri alreadi settl area . industrial-scal benefit achiev expand experiment plant , line origin concept , satisfactori profit demonstr small scale . strateg principl project , particular `` short suppli chain '' concept , illustr first . industri develop area aragonafavara examin energi demand , met renew energi . suppli side subsequ analyz , focus short suppli chain oleagin crop ( sunflow rapese ) could structur appoint set-asid agricultur area industri crop . incent nation legisl renew energi present outlin market opportun energi produc biofuel experiment phase conclud . technic detail project given , process descript account experiment plant size , deriv energi mass flow balanc estim avoid ghg emiss within experiment timefram . agronom energi convers activ relat construct oper experiment system illustr futur develop strateg implic outlin . project conceiv cifra - interdepart center environment research educ udin univers - behalf cooper union industrial - agrigento ."
2009,"Systematics of the (p, n) excitation functions belonged to several isotopes at energies <60 MeV",Annals of Nuclear Energy,"excit function proton induc charg exchang reaction nuclei = 11 238 studi . studi excit function ( p , n ) reaction show systemat variat atom mass connect nucleon bind energi . island higher reaction yield appear nuclei mass number = 49 , 72 , 89 , 109 , 139 , proton energi rang 9 12 mev . probabl occurr proton induc charg exchang reaction region attribut extra bind energi per nucleon nuclei . larger contribut pre-equilibrium process neutron emiss appear linear log ( σ ) -log ( ep ) energi rang . slope linear segment may relat exciton configur neutron emit . © 2009 elsevi ltd. right reserv ."
2006,Grid frequency control design for offshore wind farms with naturally commutated HVDC link connection,IEEE International Symposium on Industrial Electronics,paper consid formal design offshor grid frequenc control lcc hvdc connect wind farm . control paradigm base use grid frequenc control regul hvdc rectifi angl henc control power flow system . dynam system deriv grid frequenc control design . mathemat analysi control design verifi pscad simul . good model agreement obtain open close loop system work provid good basi wider research investig wind farm oper includ fault behaviour . © 2006 ieee .
1988,Wind energy - island applications.,,"introduct wind energi convers system island environ , condit requir satisfactori oper , resourc need maintain instal discuss . atmospher environ , physic condit , commun need , econom market consid , detail refer falkland island , caribbean , republ vanuatu ."
2009,Reviewing optimisation criteria for energy systems analyses of renewable energy integration,Energy,"utilis fluctuat renew energi sourc increas world-wid ; howev , concern integr resourc energi system . design optim energi resourc mix climat chang mitig action challeng face mani place . optimis may implement accord econom object focu techno-oper aim within two main group , sever differ criteria may potenti appli design process . articl , seri optimis criteria review subsequ appli energi system model western denmark analysi use heat pump integr wind power . analys demonstr fact whether system question model oper island mode larg impact definit optim wind power level . energi save co2 emiss reduct beyond system boundari includ analysi , either feasibl expand wind power high degre convers feasibl instal reloc technolog utilis excess product . analys also demonstr differ optimis criteria render differ optim design . © 2009 elsevi ltd. right reserv ."
2007,A new methodology for incorporating tide gauge data in sea surface topography models,Marine Geodesy,"part vertic offshor refer frame ( vorf ) project sponsor u. k. hydrograph offic , new model sea surfac topographi ( sst ) around british isl develop . offshor area ( greater 30 km coast ) , model larg deriv satellit altimetri . howev , accuraci level detail enhanc coastal area inclus 60 psmsl tide gaug long-term record around coast unit kingdom ireland also 385 gaug establish differ epoch differ observ span u. k. admiralti . tide gaug data brought common refer frame combin datum model direct gp observ , signific challeng bring short-term sea level observ unbias valu common epoch . achiev develop spatial-tempor correl model variat mean sea level around british isl , turn meant gaug long-term observ span could use control point improv accuraci admiralti gaug . demonstr latter contribut point observ mean sea level ( msl ) precis 0.078 m. combin least squar colloc interpol develop merg coastal point offshor grid data set , particular algorithm develop differ configur coastal topolog . result model sea surfac topographi shown present smooth transit inshor coastal area offshor zone . benefit techniqu develop includ enhanc methodolog detect datum discontinu perman tide gaug ."
1999,Distributed power from solar tower systems: A MIUS approach,Solar Energy,"one short-term prioriti renew energi europ integr commun energi island local power suppli ( block build , new neighborhood residenti area , shop center , hospit , recreat area , eco-park , small rural area isol one island mountain commun ) . follow strategi , integr small solar tower field so-cal miu ( modular integr util system ) propos . applic strongli influenc field concept lead modular multi-tow system abl close track demand , meet reliabl requir fewer megawatt instal power spread construct cost time output begun . addit , integr single-cycl high-effici ga turbin plu waste-heat applic clearli increment solar share . main question whether solar tower redesign distribut market make feasibl . paper includ design perform analysi 1.36 mw plant integr miu system , well expect cost electr sensit analysi small tower plant 's perform design paramet like heliostat configur tower height . practic applic analyz shop center solar tower produc electr wast heat hot water heat cool space . © elsevi scienc ltd ."
2007,Offshore grid frequency control design for line-commutated converters high-voltage direct-current link connected wind farms,IET Renewable Power Generation,"design grid frequenc control offshor wind farm line-commut convert high-voltag direct-curr ( hvdc ) link connect consid . control paradigm base use local grid frequenc control regul hvdc-link current henc control power flow system . deriv dynam equat form basi design grid frequenc control . mathemat analysi control design verifi pscad simul . good model agreement obtain closed-loop system , work provid good basi wider research investig wind-farm oper . oper condit ride worst-cas short-circuit fault receiv end ac system investig . © institut engin technolog 2007 ."
2009,The greenpeace offshore grid report: Development drivers and benefits,"European Wind Energy Conference and Exhibition 2009, EWEC 2009","develop offshor grid power transmiss north sea high agenda differ stakehold . work studi develop driver offshor grid potenti benefit would bring . base scenario 68 gw offshor wind power capac , statist aggreg power output offshor wind farm north sea analyz regard avail variabl . differ develop driver past , today futur explor . togeth offshor transmiss need wind power project envis today , lead conceptu offshor grid design propos would respond need power market well offshor wind energi . today main driver offshor transmiss infrastructur trade , wind power becom main driver futur . interconnect offshor grid would serv transport larg amount offshor wind power shore time provid transmiss capac intern power trade . interconnect grid also allow aggreg wind power larg area , significantli reduc variabl wind power output result flexibl need ."
2005,No state is an energy Island,California and the World Ocean - Proceedings of the Conference,"matthew r. simmon , chairman ceo simmon & compani intern , share view energi demand . accord , futur energi examin perspect global energi demand . need meet energi requir four billion peopl bare use modern energi , sharp contrast oecd countri us , particular , energi usag extrem high . moreov , specif energi challeng need tackl insur safe , reliabl , afford suppli modern energi ."
