Date,Title,Outlet,Content
2023,A collaborative communication-less frequency support control for the DRU-HVDC integrated offshore wind farm,"2023 IEEE Sustainable Power and Energy Conference, iSPEC 2023","utilization diode rectifier units ( DRU ) high voltage direct current ( HVDC ) transmission systems holds significant promise cost-effective solution integration large-scale offshore wind farms ( OWFs ) . collaborative communication-less frequency support ( FS ) control strategy proposed paper OWFs using DRU-HVDC transmission . onshore-grid frequency change introduced HVDC form small sinusoidal disturbance accurately reflected offshore grid frequency coupling AC DC side DRU . basis , wind turbines ( WTs ) could realize FS measuring frequency variation small disturbance current offshore grid . Finally , results PSCAD/EMTDC simulation presented validate efficacy proposed FS strategy . © 2023 IEEE ."
2024,Offshore power and hydrogen networks for Europe's North Sea,Applied Energy,"European North Sea vast renewable energy potential powerhouse Europe 's energy transition . However , currently uncertainty much offshore wind energy integrated , whether offshore grids meshed extent offshore hydrogen play role . address questions , use open-source energy system optimization model PyPSA-Eur model European carbon-neutral sector-coupled energy system high spatial temporal resolution . let model endogenously decide much offshore wind deployed infrastructure used integrate offshore wind . find point-to-point connections like today , 310 GW offshore wind integrated North Sea . However , allow meshed networks hydrogen , find raised 420 GW cost savings 15 bn€/a . Furthermore , observe significant amounts 75 GW floating wind turbines North Sea offshore hydrogen production . Generally , model opts offshore wind integration mix electricity hydrogen infrastructure . However , bulk offshore energy transported hydrogen , twice much amount transported electricity . Moreover , find offshore power network mainly used offshore wind integration , small portion used inter-country transmission . © 2024 Author ( )"
2024,European Green Deal: Satellite Monitoring in the Implementation of the Concept of Agricultural Development in an Urbanized Environment,Sustainability (Switzerland) ,"improve energy environmental security urban environments accordance requirements EU , task sustainable developing agriculture urban agglomerations monitoring using satellite images becomes relevant . aim work development methods means determining stable islands thermal energy substantiate optimal locations plant growing practices metropolis . research conducted Kyiv , largest metropolis Ukraine . Data Landsat 8 9 satellites used free data better spatial resolution available archive observation results . established temperature map city Kyiv shows differences temperature different parts city , probably due presence different sources heat radiation . obvious standard deviation temperature plots depends many factors , particular , season type land use . necessary find alternative solutions development crop production area , taking account characteristics thermal emissions . Based software products free satellite monitoring providers , EO Browser , specialized software solution ( web application ) created monitoring agricultural plantations urban environment . collection LANDSAT 8 satellite images used . Areas stable heat emissions found , due operation modern shopping entertainment center , non-traditional crops landscaping adapted design proposed . result research , strong heat emissions recorded objects , temperature exceeds surrounding area 4 °C , minimum standard deviation January 0.5 °C , maximum July 2.8 °C , April October—1.7 °C 1.2 °C , respectively . © 2024 authors ."
2024,Designing high-share 50% and 100% renewable energy scenarios for Ragusa by sustainable energy toolkit application,Sustainable Energy Technologies and Assessments,"Increasing renewable energy production integrating current energy systems may lead conditional solutions linked context applications well regulatory techno-socioeconomic issues . PRISMI Plus toolkit powerful tool improved entail rural areas energy islands effective planning various renewable energy system scenarios associated urban contexts . target Flagship Case Study Ragusa , Municipality located Southern Italy , analyzed EnergyPLAN software . simulation validation carried HOMER software . input dataset created jointly collaboration Municipality , updated Sustainable Energy Action Plan inserted PRISMI Plus toolkit , three transition scenarios based different renewable energy uses considered within post-processing stage . baseline scenario , green energy considered whole electricity consumption taken account . scenarios two three , 50 % 100 % renewable energy shares secured optimal investment Photovoltaic ( PV ) panels , Wind Turbines ( WT ) , Battery Energy Storage ( BES ) technologies . economic point view , concluded best scenario second one thanks increased technical capacity investment ratio compared two scenarios , showing energy price reduction 10 % . © 2024 Authors"
2023,Towards positive energy islands – a Danish case study,Journal of Physics: Conference Series,"Danish island `` Ærø '' ambition becoming first Danish island self-sufficient renewable energy CO2 neutral 2025 , well fossil fuel free 2030 . work investigates feasibility re-designing part island ’ energy system become first Danish positive energy island ( PEI ) , evaluating various design scenarios opportunities improving modifying current energy supply distribution scheme . district modelled considering building specifications characteristics energy supply systems using urban scale modelling tool City Energy Analyst ( CEA ) . simulation base-case scenario performed calibrate performance . Different energy improvement strategies targeting building envelopes energy generation supply systems created implemented CEA . Six improvement packages created simulated . demonstrated PEI could built district consideration comprehensive energy improvement package envelope-targeting techniques , energy system upgrades , expansion renewable energy systems . package includes LED lighting , heat pump installation , photovoltaic-thermal units . enable meeting annual net need electricity producing 20 % excess heat . © 2023 Institute Physics Publishing . rights reserved ."
2023,A Methodology for Offshore Transmission System Optimization Considering Spacial Constraints,"2023 IEEE Belgrade PowerTech, PowerTech 2023","work presents optimization method offshore wind transmission networks considering three di-mensional spacial representation multiple onshore connection points , bathymetry no-go zones . model accounts capital expenditures ( CAPEX ) well operational expenditures cable transformer losses , corrective maintenance ( CM ) expected energy transmitted ( EENT ) . accurate determination operational expenditures , time series wind generation profiles used . methodology combines original offshore substation ( OSS ) placement algorithm , greedy search algorithm combinatorial search space mixed integer linear programming ( MILP ) model . Two simplifications full three dimensional spacial model presented increase tractability large scale test cases . demonstrate utility approach , model applied Belgian Exclusive Economic Area ( EEA ) . Results full three dimensional problem two simplified variations compared terms solution quality computation time . © 2023 IEEE ."
2023,Quasi-Markov Models of Point-Interval Forecasting in Energy Efficiency Management Energy Islands,International Scientific and Technical Conference on Computer Sciences and Information Technologies,"paper presents new approach modeling processes dynamic energy efficiency management energy islands based long-term point-interval forecasting . purpose work present concept long-term energy efficiency management hybrid Energy Islands , complex systems consisting certain number relatively independent objects - MicroGrids . believed period strategic planning point view process-resource approach long-term ( quarter-season-year ) appropriate detailing ( example , decade-month ) . Therefore , effective tool , advisable long-term forecast form certain corridor . , example , point-interval forecasts . obtain forecasts , authors proposed method based quasi-Markov models . , simple Markov model , analog autoregressive model stationary process 'without delay extended so-called quasi-Markov model , analog autoregressive model stationary process 'with delay , decision move next state object made taking account several previous states . illustrative example explains results presented another part work given . © 2023 IEEE ."
2024,Offshore grid planning considering restricted areas: An evolution game approach,Renewable Energy,"paper , offshore wind farm cluster transmission network planning examined depth , based finite rational evolutionary game method . actual project , game scenarios offshore wind farm developers transmission system operators respective interests considered , cable laying exclusion zones owing submarine environment fully taken account . simulation experiments , significant effect proposed method improving grid adaptability interference immunity verified . results demonstrate proposed finite rational evolutionary game method increases return investment 1.83 % compared traditional method , payoff ratio game participants 12.81 % lower . addition , method excels ensuring feasibility project implementation successfully balancing interests OWF developer power transmission system operator . offers new perspective efficient planning transmission networks offshore wind farms better cope complex engineering environments balance interests parties . © 2024 Elsevier Ltd"
2023,Hydro-Pump/Generator-based Hydrogen-Pressure Energy Storage for Power Grid-Forming Support,"2023 3rd New Energy and Energy Storage System Control Summit Forum, NEESSC 2023","paper presents method design water-compressed hydrogen energy storage system ( WCH-ESS ) active regulation function power grid . First , proposed system architecture water-compressed hydrogen ESS station . , station operation depends variable-speed constant frequency ( VSCF ) motor/generator core function . station core function , design method active support function power grid based WCH-ESS proposed . Finally , layout , function risk avoidance design WCH-ESS based energy island analyzed . method take discarded wind/photovoltaic energy surplus electric energy drive motor compress hydrogen load power grid low . high-value electric energy , system adopts WCH-ESS generate power , participate frequency regulation power grid stabilize power system . also used emergency backup improve consumption rate wind power photovoltaic power generation . ©2023 IEEE ."
2023,Novel Harmonic Distortion Prediction Methods for Meshed Transmission Grids with Large Amount of Underground Cables †,Energies,"tremendous fast green transition Denmark initiated large-scale grid-integration renewable energy sources , electrification energy consumption , establishment PtX Energy Islands , setting goals transmission grid development—such establishment new connections—and grid reconstruction—such extensive substitution overhead lines ( OHLs ) underground cables ( UGCs ) . share UGCs Danish transmission grid increasing . Presence UGC resulted resonances harmonic impedance characteristics transmission grid brought within harmonic order range coinciding harmonic emission sources causing systemwide increase harmonic voltage distortion 400 kV transmission grid . transformation 400 kV transmission grid given rise need predict harmonic voltage distortion using simulation models secure adequate power quality support investment decisions harmonic mitigation grid stage , yet established differs present grid . paper presents experiences Energinet , Transmission System Operator ( TSO ) Denmark , harmonic distortion Danish transmission grid due establishment 400 kV UGCs , development measurement-validated methods harmonic distortion simulation prediction . paper also presents ongoing developments within , research addressing , prediction harmonic distortion meshed grids ; example , explores analytical approach replace observational studies many numerical simulations . methods shall make possible predict whether , transmission grid , harmonic orders connections yet commissioned may cause violation planning levels , mitigations necessary bringing harmonic distortion planning levels respect given margin . © 2023 authors ."
2024,DIDACTIC GAME ABOUT RENEWABLE AND SUSTAINABLE ENERGIES,"Proceedings of the International Conferences on Digital Transformation and Innovation Management 2024, DTIM 2024; and ICT, Society and Human Beings 2024, ICT 2024","Renewable sources play crucial role addressing global energy challenges mitigating environmental impacts associated conventional energy sources . response growing need effective educational tools field , Sustainable Energy Centers Vocational Excellence ( SECOVE ) issued challenge create game would teach players sustainable energies capturing attention . project aims provide enhanced way subject taught students class environment also prepared teach people outside environment subject . achieve goal , multi-phase approach developed , integrating research , design , deployment . Games similar themes , “ Power ” “ Siemens Energy Island ” , studied , along techniques identified enhance game development . resulting game designed engage players providing relevant information renewable energies , advantages , importance . reported strong teaching component engaging gameplay experience , feedback player actions fell short expectations . Nonetheless , game holds potential development incorporate reported feedback expand existing teaching content . summary , research aims introduce novel approach teaching renewable energies , leveraging familiar technology ( games ) captivate younger audience . © 2024 Digital Transformation Innovation Management . Rights Reserved ."
2024,Evaluating the offshore wind business case and green hydrogen production: A case study of a future North Sea Offshore Grid,Electric Power Systems Research,"European Union aims increase climate ambition achieve climate neutrality 2050 . necessitates expanding offshore wind energy green hydrogen production , especially hard-to-abate industrial sectors . study examines impact green hydrogen offshore wind projects , specifically focusing potential future North Sea offshore grid . study utilizes data TYNDP 2020 Global Ambition scenario 2040 , considering several European countries . aims assess new transmission generation capacity utilization understand influencing factors . findings show incorporating green hydrogen production increases offshore wind utilization capture prices . study estimates 2040 , levelized cost hydrogen could potentially decrease €1.2-1.6/kg H2 , assuming low-cost electricity supply declining capital costs electrolysers . results demonstrate potential benefits cost reductions integrating green hydrogen production North Sea offshore wind projects . © 2024 Author ( )"
2023,Harmonic suppression and fault ride-through method of diode-rectifier-based hybrid high-voltage direct current system for offshore wind farms integration,"IET Generation, Transmission and Distribution","diode-rectifier ( DR ) -based high-voltage direct current ( HVDC ) transmission regarded low-cost alternative HVDC transmission offshore wind farms ( OWFs ) integration . However , DR would generate harmonic voltages offshore grid , greatly affects power quality . solve problem , paper utilizes parallel-connected small-capacity auxiliary converter suppress harmonic voltages provide black-start energy OWFs . addition , submodule branches ( SMBs ) auxiliary converter used part HVDC chopper . basis , coordinated grid fault ride-through ( FRT ) strategy proposed paper . grid fault occurs , HVDC chopper constructed auxiliary converter able constrain DC-link voltage . time , OWFs controlled reduce output active power . result , cost FRT significantly reduced . proposed harmonic voltage suppression FRT method verified simulation model Simulink . © 2023 Authors . IET Generation , Transmission & Distribution published John Wiley & Sons Ltd behalf Institution Engineering Technology ."
2023,Diode rectifier-based hybrid high-voltage direct current converter for offshore wind farms,IET Renewable Power Generation,"paper presents diode rectifier ( DR ) -based hybrid converter topology high-voltage direct current ( HVDC ) transmission system offshore wind farms ( OWFs ) . hybrid converter consists DR auxiliary converter . high conversion ratio ac/dc converter designed auxiliary converter , form offshore grid voltage OWFs achieve black-start . steady state , active power output OWFs delivered DR . Meanwhile , auxiliary converter able compensate reactive power harmonic currents system . Comparing conventional modular multilevel converter ( MMC ) , number submodules ( SM ) proposed hybrid converter significantly reduced , decreases construction cost size system . topology operation principle hybrid HVDC converter introduced . corresponding control strategy designed achieve energy balance power transmission . Based mathematic model , design method parameters auxiliary converter proposed . Finally , feasibility proposed hybrid HVDC converter verified simulation hardware-in-the-loop experiment results . © 2022 Authors . IET Renewable Power Generation published John Wiley & Sons Ltd behalf Institution Engineering Technology ."
2023,Model predictive control and protection of MMC-based MTDC power systems,International Journal of Electrical Power and Energy Systems,"Meshed offshore grids ( MOGs ) present viable option reliable bulk power transmission topology . station-level control MOGs requires faster dynamics along multiple objective functions , realized model predictive control ( MPC ) . paper provides control , protection design Modular Multilevel Converter ( MMC ) based multi-terminal DC ( MTDC ) power system using MPC . MPC defined using quadratic cost function , dqz rotating frame voltage inputs represented using Laguerre orthonormal functions . MPC applied control grid forming grid following converters four-terminal MTDC setup , implemented real-time Electromagnetic Transient ( EMT ) simulation . applying numerous time-domain simulations , advantages MPC dealing AC DC side disturbances investigated . investigation highlights MPC 's inherent feature fast response high damping during- post-disturbance , compared traditional PI controller performance . analysis provides comprehensive insight transient behavior MTDC disturbances . © 2022 Author ( )"
2024,Techno-economic assessment of upgraded pyrolysis bio-oils for future marine fuels,Energy Conversion and Management,"Power-to-X plants generate renewable power convert hydrogen advanced fuels hard-to-abate sectors like maritime industry . Using Bornholm Energy Island Denmark study case , study investigates off-grid production e-bio-fuel marine fuels . proposes production pathway analysis method oil comparison e-methanol . Production costs , optimal operations system sizing derived using open-source techno-economic linear programming model . renewable power source considered combination solar photovoltaic off-shore wind power . AEC SOEC electrolyzer technologies assessed hydrogen production . bio-fuel produced slow pyrolysis straw pellet followed upgrading process : hydrodeoxygenation combined decarboxylation . Due novelty , techno-economic parameters upgraded pyrolyzed oil derived experimentally . Experimental results highlight upgrading reaction conditions 350 °C 2h one step 1h 150 °C , 200 bars could effectively provide fuel sufficient quality meet maritime fuel specifications . requires supply 0.014 kg H2/ kgbiomass . Modeling results shows small scale plant constrained local availability CO2 biomass producing 71.5 GWh fuel per year ( 13.3 kton methanol 7.9 kton bio-fuel ) , reaches production costs 54.2 €2019/GJmethanol 19.3 €2019/GJbio−fuel . large scale facility , ten times larger , production costs reduced 44.7 €2019/GJmethanol 18.9 €2019/GJbio−fuel ( scaling effects methanol pathway ) . Results show , sustainable biomass available sufficient quantities , upgraded pyrolysis oil cheapest option less carbon intensive ( especially thanks biochar co-product ) . pyrolysis unit represents main costs co-products revenues district heat sale biochar CO2 credit could decrease costs factor three . © 2024 Author ( )"
2023,Small Signal Stability Analysis of MMC-HVDC Grid-connected System and Optimization Control of Zero-sequence Circulating Current Controller,"2023 IEEE International Conference on Power Science and Technology, ICPST 2023","high voltage direct current ( HVDC ) transmission technology based modular multilevel converter ( MMC ) widely used offshore grid-connected wind power generation projects , small signal stability problems grid-connected system attracted great attention . paper focused influence zero-sequence circulating current ( ZSCC ) controller stability offshore wind power generation MMC-HVDC grid-connected system . closed-loop frequency domain model derived means complex vectors harmonic state space firstly . paper developed single-input-single-output ( SISO ) impedance model MMC considering ZSCC controller . addition , impedance model offshore wind farm distribution network established . Based impedance model , influence law mechanism ZSCC controller stability offshore wind power generation MMC-HVDC grid-connected system explored . analysis results show output power wind large , system prone oscillation . application ZSCC controller equivalently increases bridge arm resistance enhancing system damping , effectively suppressing resonant peaks MMC impedance island control mode . Finally , point view enhancing damping system , parameter optimization scheme ZSCC controller designed , correctness theory feasibility scheme verified simulations . © 2023 IEEE ."
2024,"A framework to identify offshore spatial trade-offs in different space allocation options for Offshore Wind Farms, as part of the North Sea Offshore Grid",Energy Reports,"efficient , well-balanced North Sea Offshore Grid ( NSOG ) requires area-based approach large-scale OWF deployment . However , essential coordination environmental , spatial energy planning basin scale lacking . study offers systematic approach unidirectional coupling spatially explicit offshore development scenarios potentials ( km2 ) , integrated energy system model , IESA-NS . NSOG concept , calculate spatial potentials 8 predefined energy hubs ( clusters ) . combining potential spatial availability , deployment energy system costs ( IESA-NS ) risk management options ( OWFs/fisheries/marine protected areas-MPA ) , unfold trade-offs emerging planning future NSOG . Hence , lower-cost NSOG , reaching North Sea 2050 energy targets , depends integrated , collaborative space management , fast deployment fixed-bottom OWFs 2030 ( 3.5 times current capacity ) multi-use static gear fisheries ( Cluster 3 ) MPAs ( Cluster 7 ) . Alternatively , higher-cost NSOG lower impacts MPAs fisheries , highly dependent floating OWFs ( 32.6GWs 2030 ) , 2 British NSOG clusters . cases , floating OWFs essential , effective use cluster space requires basin-scale collaboration ( Cluster 7-Dogger Bank ) , untapped potential Cluster 8 ( floating OWFs ) lower pressure NSOG clusters . © 2024 Authors"
2023,"ENERGY TRANSITION IN SHETLAND ISLANDS TOWARDS NET ZERO: DEVELOPMENT, CHALLENGES AND OPPORTUNITIES",IET Conference Proceedings,"radical changes expected energy systems globally . Shetland Island special area UK terms energy system circumstances . Currently , Shetland power system primarily characterised isolation GB power system reliance fossil fuel , introduces challenges related power system management emission stresses within islands . utilise rich wind resources Shetland region , large-scale wind farms developed , high voltage direct current ( HVDC ) system onshore transmission network installed ; whereas massive local baseloads ( mainly including oil gas asset electrification massive hydrogen production ) expected deployed Shetland . paper reviews current system structure circumstances Shetland power system , presents vision expectation future integrated energy system , key technical barriers enablers identified regard system development operation . Besides , major challenges opportunities different system parties outlined , essential considerations system developers and/or operators . © 2023 IET Conference Proceedings . rights reserved ."
2023,Virtual Inertial Control Strategy of Islanding DC Microgrid Storage Converter Based on Rate of Change of Voltage,"2023 IEEE PELS Students and Young Professionals Symposium, SYPS 2023","new energy islanding DC microgrid system characteristics high power electronization , low inertia weak damping . bus voltage susceptible power fluctuation . virtual DC motor ( VDCM ) method effectively improve system inertia ensure stability bus voltage . Aiming problem long voltage regulation time VDCM , virtual inertia control strategy ( VI-ROCOV ) based rate change voltage ( ROCOV ) proposed , reduces adjustment time DC bus voltage optimizes transient characteristics providing inertial support within stability margin . virtual inertia control method proposed paper realizes virtual inertia control system improving voltage feedback loop , wide application prospect voltage-controlled converters different topologies . © 2023 IEEE ."
2023,Well-to-Wheels for Light-Duty Vehicle Powertrains by Segments in Isolated Systems †,Energies,"transportation sector highest energy demand worldwide bears primary responsibility CO2 emissions . Electromobility emerged feasible way alleviate problem . However , potential depends heavily development renewable energies . Island regions raise additional barriers electromobility due heavy dependence fossil fuels . article addresses challenge presenting comprehensive well-to-wheel framework assess levels efficiency CO2 emissions electromobility options battery plug-in electric vehicles ( BEVs PHEVs ) . results compared internal combustion engine vehicles ( ICEVs ) . framework proposed takes account various factors including extraction , refining , transport oil , different segments land vehicles , electricity system operations . framework demonstrated case study Spanish Canary archipelago . results show BEVs improve efficiency CO2 emissions around 30 % compared ICEVs islands share renewable energies higher 21 % . contrast , limited renewable generation may lead BEVs polluting 15 % ICEVs . PHEVs considered suitable alternative share renewable generation higher 35 % . © 2023 authors ."
2024,RESEARCH ON STRATEGIC AND TECHNICAL OF HYDROGEN PRODUCTION BY DEEP OFFSHORE IN SITU ELECTROLYSIS OF SEAWATER; [深远海原位电解海水制氢的战略及技术研究],Taiyangneng Xuebao/Acta Energiae Solaris Sinica,context achieving `` dual-carbon '' strategy China，hydrogen energy play bridging supporting role future energy transition . promising green energy technology，renewable energy electrolysis water produce hydrogen attracted widespread attention . China abundant offshore wind energy resources；however，there currently challenges grid connection，transmission，and high costs . Considering high investment production costs seawater desalination purification，as well complex treatment processes involved，the direct electrolysis seawater hydrogen production offers potential overcome limitations large-scale hydrogen production water sources . also address challenges transmitting renewable energy deep-sea locations high on-site hydrogen production costs，resulting significant economic social benefits . article reviews development seawater electrolysis technology，compares several existing electrolysis methods hydrogen production，discusses current challenges opportunities，and provides outlook future seawater electrolysis hydrogen production industry . Taking offshore oil gas company example，it explores possibilities energy enterprises promote integration offshore wind power seawater electrolysis technology industrial scale . also suggests measures reduce costs，avoid homogenous competition，and develop distinctive technologies，including improving layout offshore wind power facilities，developing seawater electrolysis technology，enhancing hydrogen transportation storage capabilities，and achieving coordinated development offshore green energy islands . © 2024 Science Press . rights reserved .
2023,User Evaluation of Innovative Megaprojects Induced by Environmental Change Using Primary Data,"Eurasia Proceedings of Science, Technology, Engineering and Mathematics","modern age associated rise living standards achieved cost enormous environmental damage . environmental degradation today , environmental devastation previous years , global warming presented world new novel challenges experienced previous decades . Rising sea levels , increasing energy demand explosion energy prices created new focal points thinking spheres economic life . environmental factors require new fresh approach future sustainability . New solutions energy supply needed solutions sea-level rise must sought . article , undertake examine detail Maldives floating city European energy island project user 's perspective , specifically terms progress exemplary value . paper , examine two flagship projects results primary research conducted 2022 2023 , formulating main messages design future projects . © 2023 Published ISRES Publishing : www.isres.org ."
2023,Research on indoor dynamic temperature based on circulating water heating,Energy Reports,"heating season , cities northeast China primarily emphasize implementation large-scale CHP central heating systems . However , heat-electricity constraints associated heating units hinder integration clean energy sources wind power , photovoltaic , renewable energies . Despite efforts reduce carbon emissions address concerns related urban haze formation , energy conservation , emission reduction , coal remains predominant energy source heating . light challenges , paper aims investigate heat transfer characteristics buildings heating season . also examines feasibility implementing heating regulations provides theoretical foundation establishing regional heat model incorporates low-carbon energy islands . proposed model combines wind power , photovoltaic power generation , renewable energy sources supplemented coal power . employing concentrated heat capacity method , study develops mathematical model simulate dynamic thermal process involved heating buildings . model encompasses various components , including dynamic heat transfer model building 's envelope structure , considers heat storage characteristics , well radiator model indoor air heat balance equation . Furthermore , model comprehensively accounts influence different indoor outdoor disturbances heat transfer process , including effects solar radiation . validate model , simulation program implemented using Matlab . program capable hourly calculations determine indoor temperature . comparing simulated temperature values measured ones , rationality accuracy model verified . © 2023 Author ( )"
2024,"BRIDGING TOURISM AND ENERGY INDUSTRY DEVELOPMENT IN COASTAL-MARINE PERIPHERIES: THE CASE OF BORNHOLM, DENMARK",Tourism in Marine Environments,"research note explores bridging local tourism content implementation large green energy infrastructures coastal-marine peripheries . topic important one , least given speed industries evolve change , also means new challenges opportunities arise require urgent attention . Continuous knowledge creation shared industries among affected peripheral communities frame bridging two industries therefore needed . particularly case Bornholm , Danish island Baltic Sea strong tourism tradition profile challenged new development turning island one first community-based “ energy islands ” world . Based short literature overview supported opinions local tourism energy representatives , research note bases around knowledge need uses situation Bornholm confirm existing knowledge topic , also uses occasion introduce new knowledge aspects yet received attention literature . research note ends reflecting proposing knowledge needs , including attention areas future research . Printed USA . rights reserved . Copyright © 2024 Cognizant , LLC ."
2023,Analyzing the impact of demand response and reserves in islands energy planning,Energy,"Small Islands usually rely fossil fuels energy supply face common challenges high energy costs carbon dioxide emissions . reasons represent interesting cases analysing transition towards clean secure energy system . Nevertheless , integrating non-dispatchable Renewable Energy Sources power grid causes stability issues particularly true island grids . issue fully considered long-term energy planning ; indeed , important factor considered order ensure reliability grid Reserves . different types Reserves depending reactiveness/response time duration service . paper , primary secondary reserves analysed order plan long-term energy transition small island Favignana , Italy means new version H2RES , Linear Programming single-objective optimisation model able provide long-term capacity investment dispatching optimisation . found biomass generators favoured photovoltaic wind turbines ability provide reserves also decrease unpredictability supply . Batteries Electrolysers also used mostly reserve provision . © 2023 Elsevier Ltd"
2023,How to connect energy islands: Trade-offs between hydrogen and electricity infrastructure,Applied Energy,"light offshore wind expansions North Baltic Seas Europe , ideas using offshore space renewable-based energy generation evolved . One concepts energy islands , entails placement energy conversion storage equipment near offshore wind farms . Offshore placement electrolysers cause interdependence availability electricity hydrogen production power transmission shore . paper investigates trade-offs integrating energy islands via electricity versus hydrogen infrastructure . set combined capacity expansion electricity dispatch model assess role electrolysers electricity cables given availability renewable energy islands . find electricity system benefits connecting close-to-shore wind farms via power cables . turn , electrolysis valuable far-away energy islands avoids expensive long-distance cable infrastructure . also find capacity investment electrolysers sensitive hydrogen prices less carbon prices . onshore network congestion caused increased activity close shore influence sizing siting electrolysers . © 2023 Author ( )"
2023,Simulating wake losses of the Danish Energy Island wind farm cluster,Journal of Physics: Conference Series,"increase number installed offshore wind farms led clustering , wind farm interaction cause energy losses . Danish government planning Energy Island North Sea consisting ten 1 GW wind farms . initial wind farm layout design consultant company ( COWI ) reported 5 % annual energy production ( AEP ) wake loss based low-fidelity engineering wake model known underestimate wind farm interaction . present work employs higher-fidelity wake models based Reynolds-averaged Navier-Stokes ( RANS ) mesoscale model , predict higher AEP losses due wind farm interaction ; namely , 8.6-10.1 % . addition , investigate microscale model RANS employed simulate large wind farm cluster efficiently , compare results mesoscale model simulations . © Published licence IOP Publishing Ltd ."
2024,Lithuanian Energy Security Transition: The Evolution of Public Concern and Its Socio-Economic Implications,Energies,"article analyses evolution social dimension energy security transition Lithuania . contributes emerging attempt literature broaden horizons understanding societal transformation energy transitions . analysis reveals interdependence changing Lithuanian society developing energy security concerns throughout Independence period , importance material threats ( ecological , economic , political ) post-material values ( climate change concerns ) context energy security . Accordingly , energy sector undergoes vivid transition totally dependent “ Energy Island ” diversified , interconnected , self-sustainable system . journey inevitably resulted highlight social dimension energy security provoked certain socio-economic implications , like changing public awareness participation , social equity justice , socio-economic resilience vulnerability . research based case study principles ( applying sociological discourse analysis scientific articles ’ qualitative content analysis method well energy security policy analysis reviewing national strategies throughout Independence period ) focused unique Lithuanian context . © 2024 authors ."
2024,Modeling and optimal operation of reversible solid oxide cells considering heat recovery and mode switching dynamics in microgrids,Applied Energy,"reversible solid oxide cell ( rSOC ) promising technology advancing energy decarbonization enabling bidirectional conversion electricity hydrogen single device . However , previous studies fully explored operational flexibility rSOCs due inadequate consideration heat recovery potentials dynamics operating mode transitions . address research gap , paper presents model-based optimal operation method managing multi-energy transactions rSOC-based microgrids , aiming minimize operation costs . method incorporates detailed operational models rSOC , including lumped thermal model account heat recovery capability modeling various operating modes transitions . Additionally , linearization process introduced address nonlinear implicit operational constraints , resulting computationally efficient mixed-integer linear programming ( MILP ) formulation operation model . Comparative case studies conducted using modified energy portfolios Danish energy island . results demonstrate proposed method effectively captures operating mode transitions within rSOC enhances profitability via waste heat recovery . Notably , rSOC model contributes enhanced operational flexibility heat recovery behaviors wider temperature range , resulting substantial economic savings microgrid . © 2023"
2024,AC Fault Ride-Through Method of HVDC Interconnector for Islanded AC Grid With Offshore Wind Farm and Loads,IEEE Access,"paper proposes ac fault ride-through ( FRT ) method high-voltage dc ( HVDC ) transmission systems serve interconnector onshore ac grid islanded offshore ac grid . conventional HVDC systems offshore wind farms FRT realized consuming excess power braking resistors . However , method applied offshore ac grid includes wind farms also various loads , considered integration multipurpose interconnectors energy islands . article , novel FRT method based voltage control HVDC interconnectors operating bidirectional power flow proposed . proposed method curtails ac voltage formed offshore converter according converter 's dc current voltage . effectiveness proposed FRT method established experiments mini model . © 2013 IEEE ."
2023,"Granite thermal reservoirs in Lingshui area of Hainan Island and their significance to geothermal resources, China",Energy Geoscience,"Hainan Island located southernmost tip continental crust South China Plate , high terrestrial heat-flow values , widely-distributed hot springs , rich geothermal resources . Intensified researches origin potentials geothermal resources promote Hainan Island 's development clean energy island . determine geological conditions formation geothermal resources southern Hainan Island , collected core samples granites Baocheng batholith southern Hainan Island conducted systematic analysis respect petrology , geochronology , geochemistry , petrophysical property . results study follows . Baocheng batholith southern Hainan Island crystallization age 98.42 ± 0.56 , making product magmatism early stage Late Cretaceous . mainly consists high-K calc-alkaline granites , intruded intermediate-to-mafic veins . Baocheng batholith high radioactive heat generation rate 2.712–6.843 μW/m3 , average 3.846 μW/m3 , radioactive heat-flow value 30.768 mW/m2 heat-flow contribution rate 38.95 % –43.95 % . shown results thermophysical property analysis , granites high thermal conductivity serve high-quality geothermal reservoirs . combination previous geological geophysical data , geothermal model Lingshui area established study . deep structure indicates presence high-conductivity low-resistivity layers basement Baocheng batholith . inferred thereby asthenospheric upwelling may occur exist two magma vents depth batholith . Therefore , magmatic heat depth granites high radioactive heat generation rate serve main heat sources Lingshui area . © 2023 Sinopec Petroleum Exploration Production Research Institute"
2024,Maritime law enforcement concerning offshore energy platforms: Navigating international law constraints and challenges,Marine Policy,"Offshore energy platforms ( OEPs ) serve crucial frontier utilizing renewable energy sources meet energy demands , powering essential maritime operations remote island power supply , offshore oil gas exploration , seawater desalination , marine renewable energy harvesting . However , development OEPs raises significant legal concerns maritime law enforcement . Employing policy analysis approach , research delves multifaceted challenges faced current international legal framework regulating enforcement activities pertaining OEPs . challenges encompass ambiguity OEP legal status , difficulties balancing safety measures diverse maritime interests , obstacles environmental assessment enforcement , heightened enforcement challenges areas beyond national jurisdiction . study explores potential strategies resolution collaboration international scale . investigation , study aims provide valuable insights promote greater clarity coherence maritime law enforcement practices concerning OEPs , thereby enhancing safety , security , environmental sustainability OEP operations maritime environments globally . © 2024 Elsevier Ltd"
2023,Grid-forming control for the linear-generator-based wave energy converter for the electrification of remote islands,IET Conference Proceedings,"development wave energy technology advanced significantly , grid connection power optimization stages area research . Various grid connection schemes thoroughly researched implemented , grid-following control emerged primary technique power transfer grid . Energy storage solutions batteries supercapacitors incorporated mitigate intermittency effect wave energy . However , increase renewable energy grid leading low-inertia power grid , wave energy must equipped grid-ready capabilities achieve commercial success . study proposes wave-to-wire model wave energy converter array grid-forming application , enabling supply power remote islands . results research propose control mechanisms required successful integration wave energy form grid transmit continuous power supply . © Institution Engineering & Technology 2023 ."
2023,"Decarbonizing energy islands with flexibility-enabling planning: The case of Santiago, Cape Verde: Decarbonizing Energy Islands with Flexibility-Enabling Planning",Renewable and Sustainable Energy Reviews,"growing interest fully decarbonizing worldwide energy systems requires abandoning traditional generation expansion planning favour flexibility-enabling energy system planning tools allowing integration energy storage sector coupling . Therefore , paper proposes mixed-integer linear programming formulation focused enabling flexibility provision integrated energy systems targeting independent sizing power energy capacities simultaneous generation storage expansion planning . optimization problem minimizes investment , maintenance , operation emissions costs 20 year horizon hourly resolution . context , islands represent suitable study cases energy transition due exceptional renewable availability , fast-paced development ; despite regions extreme external dependence isolation . particular , island Santiago , Cape Verde selected study case given existing targets regarding reaching 50 100 % renewable shares 2030 2040 , data availability , extreme seasonal variation wind solar resources . Four scenarios considered . first second dismiss flexibility : business usual ( BAU ) , another one aligned government goals ( Green ) . , two exploit : one equivalent Green , FlexG , last one finding Optimal . addition , three energy demand growth levels considered order reduce uncertainty , corresponding 1 , 3 5 % . Last , sensitivity analysis three additional scenarios performed provide thorough view Cape Verde 's energy future . results highlight importance flexibility exploitation provides 85 % savings allows decarbonize sectors via electrification . © 2023 Author ( )"
2024,Review of Grid Code Requirements for Cost Optimization of Offshore Energy Hubs,IET Conference Proceedings,"paper , review grid code requirements ( GCRs ) applicable wind power plants ( WPPs ) connected energy islands , i.e. , offshore energy hubs ( OEHs ) , presented . main GCRs analysed based impact may reduction costs associated WPP based recommended optimization OEH . OEHs currently developed planned North Baltic Seas , ambition reach capacity 300 GW 2050 . GCRs European transmission system operators ( TSOs ) , ENTSO-E , National Grid , ELIA Energinet reviewed compared , giving particular attention projects future OEHs , i.e. , Princess Elisabeth ELIA Bornholm Energinet 50Hertz . main GCRs analysed , among others , voltage ranges , post-fault active power recovery emergency power control . relaxation requirements may bring positive cost optimization WPPs connected OEH . Furthermore , ancillary services grid-forming capability inertia provision reviewed , recommendations towards additional revenue WPP operator given . Overall , relaxation and/or shifting GCRs may possible good compromise TSOs , WPP operators society . © Energynautics GmbH ."
2023,Installation of Sectionalizers in a Radial Distribution Networks to Create an Emergency Islanded Network Powered by Distributed Generators During Outages,"Proceedings of the 5th International Conference on Modern Electrical and Energy System, MEES 2023","paper considers use sectionalizers isolate damaged section medium voltage ( MV ) radial power network 6-10 kV create energy islanded network powered distributed generators ( DGs ) . configuration power networks one two sectionalizers different number DGs , separated network zones , considered . avoid use labor-intensive discrete calculations , authors propose simplified method calculating reduction expected energy not-supplied ( EENS ) consumers due create energy islanded network . method suggests replacing discrete load distribution standard function . calculations come selecting load distribution function obtaining result tables ( placement sectionalizer EENS case ) . table easy use designing find optimal location installing sectionalizer power network . © 2023 IEEE ."
2023,MPC-VSG Based Control Strategy for Dynamic Stability of Frequency and Voltage in Islanded Microgrid; [基于 MPC-VSG 的孤岛微电网频率和电压动态稳定控制策略],Zhongguo Dianli/Electric Power,"high proportion new energy islanded microgrids , reduction proportion conventional synchronous generator ( SG ) lead gradual decrease overall inertia . conventional control strategy effectively coregulate frequency voltage microgrid low inertia conditions . simultaneously improve dynamic stability frequency voltage islanded microgrid , paper proposes model predictive control ( MPC ) based frequency-voltage control strategy energy storage virtual synchronous generator ( VSG ) . developing predictive model VSG , cost function frequency power designed , power reference value VSG dynamically corrected calculating required active reactive power increments . Considering interaction SG VSG reduces transient voltage stability system , voltage control loop improved reducing angular difference SG VSG transients , reactive power reference value adjusted . dynamic stability control system frequency voltage achieved based power reference value . Finally , simulation results verify effectiveness strategy superiority . © 2023 Automation Electric Power Systems Press . Ltd. rights reserved ."
2024,A coordination failure between EU climate policies exemplified by the North Sea energy island,Climate Policy,"highlight coordination problem EU Emissions Trading System ( ETS ) EU 's offshore renewable energy strategy . exemplify coordination failure analyzing carbon leakage effects associated Denmark 's planned North Sea energy island . Danish energy island project start production 2033 , implying long interval project announcement production . Using dynamic model EU ETS , show large time gap announcement production likely results ‘ Green Paradox ’ , energy island increases aggregate EU ETS emissions . mechanism leading emission increase complicated works Market Stability Reserve ( MSR ) . estimated 2050 leakage rate 145 percent main scenario 100 percent alternative scenario . discuss improve climate benefits energy island similar large-scale renewable energy projects . includes possible revisions EU ETS role Power-to-X technologies . © 2023 Informa UK Limited , trading Taylor & Francis Group ."
2024,Vision of Offshore Energy Hub at Faroe Islands: The Market Equilibrium Impact,International Journal of Sustainable Energy Planning and Management,"study examines integration offshore wind farm green hydrogen production strategy enhance Faroe Islands ’ energy independence reduce carbon footprint . Utilizing EnergyPLAN tool market economic simulations , including Levelized Cost Hydrogen Net Present Value calculations , research evaluates economic viability environmental impact transitioning renewable energy sources 2030 . analysis explores various scenarios , ranging dedicated offshore wind in-turbine hydrogen production platform-based electricity hydrogen distribution . Results indicate integrating offshore wind green hydrogen production significantly reduce CO2 emissions dependency imported fossil fuels . However , financial viability hinges supportive mechanisms investment subsidies . study ’ findings suggest achieving economic feasibility requires strategic policy frameworks . research contributes discourse sustainable energy planning offering insights dynamics system integration , market economic simulations , role support mechanisms facilitating green transition . © 2024 , Aalborg University Press . rights reserved ."
2023,Going offshore or not: Where to generate hydrogen in future integrated energy systems?,Energy Policy,"Hydrogen key energy system transition . investigate role offshore hydrogen generation future integrated energy system . performing energy system optimisation model application Northern-central European energy system North Sea offshore grid towards 2050 , find offshore hydrogen generation may likely play limited role , offshore wind energy higher value sent shore form electricity . Forcing hydrogen generation offshore would lead increased energy system costs . assumed scenario conditions , result deep decarbonisatiton energy system towards 2050 , hydrogen generation – onshore offshore – follows solar PV generation patterns . Combined hydrogen storage , cost-effective solution satisfy future hydrogen demand . Overall , find role future offshore hydrogen generation simply derived minimising costs offshore sub-system , also considering economic value generation would create whole integrated energy system . find no-regret option enable promote integration offshore wind onshore energy markets via electrical connections . © 2023 Authors"
2023,Dynamic Modeling and Simulation of Natrium Energy Island with Molten Salt Energy Storage,Transactions of the American Nuclear Society,[ abstract available ]
2023,Developing Offshore Wind Farms - A Comparison and Analysis of the Legal and Governance Frameworks of the North Sea Coastal States,European Journal of Comparative Law and Governance,"high offshore wind ambitions , North Sea coastal states followed different path development legal framework offshore wind development . article compares legal frameworks coastal states three main issues : location choice , including selection developers ; permitting procedures , connection owf s. analysis shows legislative governance convergence across North Sea , also instances different choices made . consequences choices discussed analysed , recommendations coastal states wishing develop offshore wind regulatory framework . © 2023 Brill Nijhoff . rights reserved ."
2023,Technological learning potential of offshore wind technology and underlying cost drivers,Sustainable Energy Technologies and Assessments,"Detailed analysis technological learning energy technologies scarce . floating wind , missing altogether . study , applied experience curve bottom-up cost modeling methodologies assessed long-term cost reduction potential contribution factors fixed-bottom floating offshore wind mature markets . , emphasize role strongly varying site characteristics offshore wind farms influences , grid connection cost separately discussed total technology costs ( Capital Expenditure LCOE ) . assessment shows , excluding grid connection costs , fixed-bottom offshore wind LCOE 40 €/MWh 31 GW cumulative capacity ( 2023–2024 ) decline 28 ± 3 €/MWh 100 GW . Floating wind LCOE 123 €/MWh 1 GW cumulative capacity ( 2027 – 2030 ) decline 33 ± 6 €/MWh 100 GW . Moreover , floating wind achieve cost parity ( i.e. , 40 €/MWh , excl . grid connection cost ) deploying 21 GW , requiring 44 billion € learning investment form subsidies compensate price gap technology energy system . also conclude grid cost forms substantial portion total offshore wind cost , integrated offshore grid efficiently future wind farms reduce costs . Lastly , compared assessment literature found fixed-bottom cost developments commonly underestimated near-term developments floating wind overestimated due limited understanding component-level cost developments developing financing conditions . © 2023 Author ( )"
2023,Conceptual Design of a Floating Modular Energy Island for Energy Independency: A Case Study in Crete,Energies,"paper aims investigate development floating artificial sustainable energy island conceptual design level would enhance energy independence islands focusing case study island Crete . paper provides baseline assessment showing immense potential wind solar energy around Crete integrating third significant renewable energy source ( RES ) ocean waves energy island . selection best location floating offshore platforms compose energy island addressed exploiting great potential above-mentioned RES , taking consideration criteria regard several significant human activities . end , concept innovative floating modular energy island ( FMEI ) integrates different renewable energy resources proposed ; addition , case study focuses energy independency big island illustrates concept referring substitution local thermal power plants currently operation Crete sustainable energy power . Although focused renewable energy resources around Crete , work paper provides basis systematic offshore renewable energy assessment proposes new methodology could used anywhere around globe . © 2023 authors ."
2024,Re-thinking Short-Circuit Current Contribution from Type IV Wind Turbines: A Perspective into How Standardization Can Be Improved,IEEE Power and Energy Society General Meeting,"Discussions short-circuit current ( SCC ) contributions type IV wind turbines inverter-based resources ( IBRs ) becoming relevant common power systems penetrated renewable energy sources . Several works brought attention fact IBRs behave entirely fixed current source faults standards proposed far . contrast , behave voltage- grid-code-dependent current sources fault steady-state highly non-linear fault transient stage , increases complexity estimating SCC contributions . paper presents new perspective improvement standards guidelines help establish effective intellectual property-independent approaches estimate SCC contributions type IV generators . base discussion , results field-validated EMT models large-scale offshore grid-following wind turbine shown simulations demonstrate need standardized procedures . © 2024 IEEE ."
2023,Benefits from Islanding Hydrogen Production in Renewable Energy Systems,"International Conference on the European Energy Market, EEM","sustainable transition net-zero economy may require large quantities low-cost clean hydrogen . fully renewable energy system , coproduction electricity green hydrogen may provide synergies ( flexible demand , reduced renewables curtailment ) . hand , separating electricity hydrogen production could offer advantages ( better renewable resources less onerous power quality requirements power electronics ) . quantify potential synergies `` integrated '' electricity hydrogen production versus stand-alone ( `` islanded '' ) production hydrogen systems entirely powered wind solar . explore trade-offs several countries , including Germany , Spain , Chile , Australia United Kingdom , simple six-node model enhances analytical understanding . findings show integrated hydrogen production lowest cost solution hydrogen demand low ( less 20 % final energy ) . high shares hydrogen demand ( 80 % final energy ) , islanding electrolysers result system cost reductions 9 % . results especially relevant countries export hydrogen , suggests deploy electrolysers primarily islanded settings . © 2023 IEEE ."
2024,Relay Protection Settings Verification for Transmission System from Renewable Energy Island to VSC-HVDC,Lecture Notes in Electrical Engineering,"VSC-HVDC technology nowadays used large scale renewable energy island connected existing power system . AC line transmission devices renewable VSC-HVDC special fault characteristic . fault currents sides controlled causes sensitivity current differential protection drop lot . paper studies relay protection settings verification specified system . Operation mode determination rules verification index proposed . Case study presented . Suggestions given finally . © Beijing Paike Culture Commu . Co. , Ltd. 2024 ."
2023,Optimal planning of energy and water systems of a small island with a hourly OSeMOSYS model,Energy Conversion and Management,"Islands world face common challenges connected energy costs greenhouse gas emissions . Thus , islands identified perfect sites implementing testing innovative solutions boost green energy transition towards sustainable clean energy system . supply clean water major issue affects small islands , desalination , particularly Reverse Osmosis , represents valid solution challenge . research , energy system model used analyse long-term water energy supply strategies tourist island Favignana , Italy . model built Open Source long-term energy modelling tool OSeMOSYS hourly resolution . considers potential synergies offered Reverse Osmosis Desalination use water storage store excess electricity needed . indirect emissions maritime transportation goods fuels ( i.e. , water diesel ) island also accounted . Different energy policies compared understand carbon tax , limit emissions policy would impact long-term energy strategy island . results show carbon tax covers also maritime transportation sector would lead lowest overall cumulative emissions . additionally reveal contribution emissions maritime transportation goods fuels relevant neglected full decarbonisation achieved . technological side , investment desalination plant viable option cases . Finally , first time , OSeMOSYS applied hourly resolution results compared obtained lower time resolution showing inaccuracies found overall values dispatching strategies . © 2022 Elsevier Ltd"
2023,The Best of both Worlds: Social and Technical Challenges of Creating Energy Islands,"International Conference on Smart Cities and Green ICT Systems, SMARTGREENS - Proceedings","Creating so-called “ energy islands ” high level energetic self-sufficiency one strategy fight climate crisis . become realistic goal , concept needs trans-disciplinary research defines promising transformation paths towards reaching vision . presented paper introduces conceptual framework provides approaches technical optimization across energy vectors , socio-technical optimization usage energy demand flexibility , socio-psychological interventions , replication strategy considers different aspects . focus lies architecture management system answers requirements also social sciences , engagement strategies defining cross-vector , cross-disciplinary design flexibility terms demand-response schemes . Copyright © 2023 SCITEPRESS – Science Technology Publications , Lda . CC license ( CC BY-NC-ND 4.0 )"
2023,Optimal Dispatch for the US Virgin Islands to Increase Renewable Rates in Saint Croix,IET Conference Proceedings,"US Virgin Islands , like many small island nations , face significant challenges related energy supply . dependency imported fossil fuels drives energy costs , also contributes different environmental problems . Nevertheless , generally sunny windy climate makes archipelago ideal location renewable energy development . Increasing use sources wind , solar help reduce energy dependency , lower levelized cost electricity , improve health well-being local communities . paper , optimal dispatcher employed analyze implications energy security employing different technology options according plans local system operator . context , short term stability ensured inserting operational constraints energy management system based stability analysis developed PSCAD . results highlight usefulness integrating PV battery system , analysis required justify integrating wind power . © 2023 IET Conference Proceedings . rights reserved ."
2023,A Parameter Design Method for DRU-HVDC Integrated Offshore Wind Farm Concerning System Harmonic and Resonance Characteristics,"PEAS 2023 - 2023 IEEE 2nd International Power Electronics and Application Symposium, Conference Proceedings","diode rectifier unit-based high voltage direct current ( DRU-HVDC ) integration scheme gradually become popular large-scale offshore wind farms ( OWFs ) due advantages terms low cost lightweight . However , traditional grid-following ( GFL ) control strategies wind turbines ( WTs ) used since DRU lacks grid-forming ability . Therefore , current research mainly focuses grid-forming ( GFM ) control strategies WTs establish offshore grid . However , harmonic resonance characteristics offshore grid receive relatively less attention . Accordingly , paper proposes parameter design method circuit WTs ' control parameters considering system harmonic resonance characteristics . Furthermore , simulation results based PSCAD/EMTDC provided verify effectiveness proposed design method . © 2023 IEEE ."
2023,Wave interactions with a cylinder surrounded by an arc-shaped breakwater,Journal of Fluids and Structures,"Inspired energy island used energy storage , conversion , transmission , study explores water wave interactions bottom-standing cylinder surrounded arc-shaped breakwater negligible thickness . arc-shaped breakwater either impermeable porous . analyze problem , semi-analytical matched eigenfunction expansion method developed within framework linear potential flow theory . fluid domain divided subdomains , velocity potentials subdomain expressed eigenfunction expansions . Matching conditions , ensuring continuity pressure normal velocity , imposed juncture boundary . accuracy developed semi-analytical method verified comparison results obtained using numerically-based boundary element method . Extensive discussions made hydrodynamic responses , including wave exciting force free surface elevations . breakwater impermeable , fluid resonance occurs gap cylinder arc-shaped breakwater , leading significantly large responses free surface elevation hydrodynamic forces . simple method developed estimate resonant frequencies mode shapes associated resonances . hand , observed presence porous breakwater considerably reduces free surface responses gap well hydrodynamic loads cylinder . porous breakwater effectively mitigates occurrence fluid resonance offers efficient means dampen wave energy , providing valuable insights wave energy dissipation coastal engineering applications . © 2023 Elsevier Ltd"
2023,Analysis of Onshore Synthetic Inertia and Primary Control Reserve Contributions of Alternating Current-Side Meshed Offshore Grids with Voltage-Source Converter and Diode Rectifier Unit High-Voltage Direct Current Connections,Energies,"increasing use renewable energy sources place conventional generation units leading reduction onshore inertia development offshore wind park grids connected multiple high-voltage direct current ( HVDC ) connections onshore alternating current ( AC ) grid . AC-side meshed offshore grids voltage-source converter ( VSC ) diode rectifier unit ( DRU ) HVDC connections towards onshore grids , study focuses energetic feasibility synthetic inertia ( SI ) primary control reserve ( PCR ) contributions triggered locally onshore converters connection types . end , obstacles preventing contributions VSC HVDC connections mechanisms allowing contributions DRU HVDC connections identified first . Based findings , article proposes enhancement offshore HVDC converter controls continuously active allows locally triggered onshore contributions onshore HVDC converters connection types without using communication requiring minimal system knowledge . Additional simulations confirm , although enhancement continuously active , operational performance offshore HVDC converter controls normal offshore grid operation robustness offshore AC-side faults affected . © 2023 authors ."
2024,Study on optimal configuration of energy-dissipating resistors in VSC-HVDC system for new energy island; [新能源孤岛柔直送出系统耗能电阻优化配置研究],Zhejiang Electric Power,"VSC-HVDC system new energy island , surplus power consumption system fault ride-through ( FRT ) achieved employing grouped AC energy-dissipating resistors equal capacity . However , presence excessively powered resistor group inflict severe impacts system . Therefore , novel opti⁃ mal configuration method energy-dissipating resistors different capacities based progression conversion switching strategy proposed . Firstly , operational characteristics grouped AC energy-dissipating resistors equal capacity analyzed . Subsequently , multiple groups AC energy-dissipating resistors vary⁃ ing capacities , collectively equivalent total capacity VSC-HVDC system , configured , different combinations resistors employed obtain varying dissipating powers . Finally , model integrated grid constructed validated using PSCAD/EMTDC simulation platform . Simulation results demonstrate proposed method switching strategy enhance precision resistor switching , mitigate system impacts , shorten fault recovery time , precisely consumes surplus power fault ride-through . © 2024 Editorial Department Zhejiang Electric Power . rights reserved ."
2023,Research on the Offshore Renewable Energy Island System,"2023 3rd International Conference on Energy Engineering and Power Systems, EEPS 2023","case shortage fossil energy , energy island integrating renewable energy photovoltaic wind energy attracted wide attention countries world . energy island comprehensive energy utilization system , realize collection utilization natural energy . mainly includes energy utilization ( power generation system ) , energy consumption ( power consumption system ) energy balance ( energy storage micro-grid system ) . Building energy island energy storage , conversion transportation center reduce cost land sea energy transmission . addition transmitting energy land form traditional electricity , energy island also used base build factories centralized preparation , transportation storage hydrogen . establishment energy island conducive development marine resources marine experiments . Combine offshore ranching high seas offshore wind power , take energy supply main body , fishery tourism auxiliary , explore potential value energy island . offshore renewable energy island improve overall economic benefits , make contributions ensuring energy security promoting energy revolution . © 2023 IEEE ."
2024,Protection Design of Multiterminal HVDC Grids Based on Onshore Grid Requirements,IEEE Power and Energy Society General Meeting,"paper proposes methodology conceptual HVDC protection design multiterminal HVDC grids used integration offshore wind power onshore AC systems . applicability HVDC protection strategies discussed grid topology evaluated context different AC grid codes . worst-case fault impact analyses , shown DC protection requirements vary significantly according total DC grid capacity AC grid requirements . protection design methodology shows HVDC grids low infeed capacity connected AC grids high loss infeed limits make use protection strategies fewer DC circuit breakers , compared larger DC systems stricter AC grid requirements . © 2024 IEEE ."
2023,Standardization of Power-from-Shore Grid Connections for Offshore Oil & Gas Production,Sustainability (Switzerland) ,"Offshore oil gas ( & G ) production typically powered local diesel engines gas turbines . Power-from-shore ( PFS ) alternative takes advantage onshore renewable production reduces greenhouse emissions limited bespoke projects tailored characteristics site . lack repetition leads increase construction risk , delivery time , lifecycle costs , therefore limiting large-scale deployment . Furthermore , absence standardized designs also notorious mature applications offshore wind farms ( OWF ) despite long-standing track record , negative consequences extensively covered literature . research paper addresses offshore transmission standardization two parts . First , providing scientific community review existing offshore & G production substations secondly , outlining lean optioneering algorithm cost-optimized technically feasible selection key design criteria . exercise centred main limiting component transmission systems—the cables . , addresses operational range cost calculate effective configuration terms voltage rated power . end goal , based spread connection proposals , cluster candidates limited set grid connection options , achievement model shown adequate . © 2023 authors ."
2023,Correlations between component size green hydrogen demand and breakeven price for energy islands,Renewable and Sustainable Energy Reviews,"topic energy islands currently focal point push energy transition . ambitious project North Sea aims build offshore wind-powered electrolyser green hydrogen production . Power-to-X ( PtX ) process converting renewable electricity hydrogen-based energy carriers , natural gas , liquid fuels chemicals . PtH2 represents subset PtX , wherein hydrogen resultant green energy conversion process . Many uncertainties surround PtH2 plants , affecting economic success investment making price hydrogen levelized cost hydrogen ( LCOH ) technology uncompetitive . Several studies analysed PtH2 layouts identify hydrogen price without considering component capacities external inputs affect breakeven price . Unlike previous works , paper investigates component capacity dependencies variables wind hydrogen demand shape dedicated/non-dedicated system layouts . end , techno-economic analysis finds breakeven price , optimising components reach lowest selling price . Results show hydrogen price reach 2.2 €/kg non-dedicated system certain combinations maximum demand electrolyser capacity . Furthermore , LCOH analysis revealed offshore wind electrolyser system currently uncompetitive hydrogen production carbon-based technologies competitive renewable technologies . sensitivity analysis reveals green electricity price non-dedicated case dedicated system lower optimum hydrogen price . price limit dedicated case 116 €/MWh . © 2023 Authors"
2024,Hybrid offshore wind projects. Social desirability vs. incentives to invest,Energy,"unlock full potential offshore wind requires investment integrated offshore grid infrastructure combining generation interconnection countries so-called hybrid projects . Taking perspective social planner , projects may result efficient allocation scarce resources . Alas , distribution welfare gain may result disagreement grid design attractive , markets connected whether invest . examine dilemmas , apply real options theory investments projects different grid design market characteristics . compare incentives invest ) wind farm b ) wind farm grid infrastructure , assuming project value last alternative serve proxy social welfare . Solutions derived using simulation approach called least squares Monte Carlo method . find : 1 ) Non-stationary stochastic prices and/or decreasing costs may make socially optimal well commercially beneficial postpone even profitable investments . 2 ) Connecting markets socially desirable may reduce offshore wind investor 's project value . 3 ) Connecting markets different characteristics socially desirable reduce offshore wind investors ' project value . © 2024"
2024,The impact of offshore energy hub and hydrogen integration on the Faroe Island's energy system,Smart Energy,"study explores integration offshore wind energy hydrogen production Faroe Islands ’ energy system support decarbonisation efforts , particularly focusing maritime sector . EnergyPLAN model used simulate impact incorporating green hydrogen , produced via electrolysis , within closed energy system . study evaluates different configurations hydrogen production feasibility focusing electrolyser technologies placement options ( in-turbine , platform-based , shoreline ) . hydrogen produced intended ammonia production , replacing 11 % fossil fuels used maritime transport 2030 . Results indicate integrating hydrogen offshore wind energy reduce fossil fuel reliance carbon dioxide emissions . in-turbine electrolyser setup offers cost-effective placement option , platform setup expensive . Among three electrolyser technologies evaluated ( alkaline , solid oxide proton exchange membrane ) , alkaline electrolyser results lowest overall system cost . findings provide insights potential renewable energy systems small island context contribute broader understanding green hydrogen 's role energy transitions . © 2024 Authors"
2023,Demonstration of Protection Strategy for Offshore HVDC Grids,"2023 IEEE Belgrade PowerTech, PowerTech 2023","Decarbonization targets set globally , leading decommissioning CO2 producing generation plant replacement renewable sources power generation . Utility-scale offshore renewable power transmitted onshore HVAC grids reliable , quality , cost-efficient way . paper reports development multi-terminal HVDC offshore grid topologies industrialized technologies deployed . Protection strategies different DC circuit breaker deployment presented , analyzed , compared . Real-time simulation models demonstrated HVDC offshore grids results presented hardware-in- the-loop protection relays . © 2023 IEEE ."
2023,"The complementarity of offshore wind and floating photovoltaics in the Belgian North Sea, an analysis up to 2100",Renewable Energy,"combination offshore wind floating photovoltaics ( PV ) presents major opportunity scale renewable energy offshore . offshore grid development substantial cost driver marine renewables , making optimal use grid connections desirable . complementarity wind solar resources increase common transmission loading , thereby reducing grid costs per kWh . fully assess benefits solar-wind hybridization , temporal resource complementarity must evaluated different timescales . work , complementarity offshore wind solar energy resources investigated Belgian North Sea using Kendall 's τ . climate change affect behavior renewable energy resources , analysis extended 2100 climate representative concentration pathways 4.5 8.5 . Significant solar-wind complementarity found monthly weekly timescales , lesser extent daily , hourly 10-minute timescales . Moreover , complementarity maintained climate change . study therefore identifies solar-wind hybridization sustainable option reduce offshore grid costs per kWh . © 2023 Elsevier Ltd"
2023,Economic and resilient operation of hydrogen-based microgrids: An improved MPC-based optimal scheduling scheme considering security constraints of hydrogen facilities,Applied Energy,"Optimally scheduling alkaline electrolyzers ( AELs ) hydrogen-based microgrid ( HBM ) greatly unleash operational flexibility HBM . However , existing scheduling strategies AELs mostly utilize simplified AEL model , ignores nonlinear coupling electric-hydrogen-thermal sectors , violating AEL 's security constraints thereby making scheduling scheme infeasible . paper proposes improved model predictive control ( MPC ) based optimal scheduling framework incorporates scheduling correction algorithm basic MPC structure . framework utilized implementing economic resilient scheduling HBM normal emergency conditions , respectively . scheduling correction algorithm , framework formulated computationally efficient mixed-integer linear programming , meanwhile guaranteeing solutions strictly satisfy security constraints hydrogen facilities ( i.e . AEL hydrogen tank ) . Case studies conducted based real operating data Danish energy island Bornholm . results demonstrate proposed scheduling scheme normal conditions contribute significant comprehensive benefits daily operation cost saving 68 % , computational time saving 98 % , satisfying security constraints hydrogen facilities , compared previous scheduling strategies . Besides , sharply reduces load shedding emergency conditions proactively allocating distributed energy sources HBM . © 2023 Author ( )"
2023,A Multi-GW Energy Hub for Southern Europe: the Mediterranean Energy Island Proposal,"2023 AEIT HVDC International Conference, AEIT HVDC 2023","Offshore energy islands getting increased attention due European decarbonization plans . context , paper proposes novel test case Mediterranean energy island Italy , France Spain exchange power High Voltage Direct Current links . Steady-state optimal power flow simulations performed zonal nodal European-wide model current cost benefit analysis ( CBA ) methodologies used evaluate impact investment would European power grid terms total operational costs CO_2 emissions . Lastly , possible developments regarding case study discussed . © 2023 IEEE ."
2024,Economic Analysis of Energy Transmission for Energy Island Based on Deep-Sea Offshore Wind Farms; [以深远海风电为核心的能源岛能源外送经济性分析],Zhongguo Dianli/Electric Power,"Deep-sea wind power advantages rich resources , high utilization hours , occupation land onshore , great significance promoting realization `` double carbon '' goal . offshore energy island deep-sea wind power core , integrated development model `` offshore wind power + '' , improve comprehensive utilization rate sea areas , enhance overall efficiency , reduce development costs . Construction offshore energy island involves energy development technologies floating offshore wind power , energy comprehensive utilization technologies AWE , energy transmission technologies VSC-HVDC transmission hydrogen pipeline transmission . paper first introduces overall composition energy island deep-sea wind power core , analyzes transmission technologies applicable large-scale energy transmission energy island . cost energy island 1000 MW floating offshore wind power VSC-HVDC power transmission cost hydrogen transmission pipeline calculated respectively , power transmission cost compared cost hydrogen transport . comparative analysis indicates , VSC-HVDC technology hydrogen pipeline transmission technology used energy transmission solutions offshore energy island . innovative research carried economics energy delivery energy island . According calculations , 2023 , 2030 , 2050 , transmission distance 100 km 200 km , economic performance VSC-HVDC solution better hydrogen transmission solution . cost absorption capacity landing area need comprehensively considered choosing power transmission solution hydrogen transmission solution . predicted 2050 , comprehensive cost different proportions mixed power hydrogen transmission distance 100 km 200 km offshore 0.18 yuan/kW·h 0.27 yuan/kW·h , competitive compared cost power transmission new energy bases western northern regions eastern region . © 2024 Automation Electric Power Systems Press . rights reserved ."
2023,Real-time Risk Assessment and Regulation Strategy of New Energy Islanded Distribution Network Based on Probabilistic Prediction and Stochastic Response Surface Methodology; [基于概率预测与随机响应面法的新能源孤岛配电网实时风险评估与调控策略],Dianwang Jishu/Power System Technology,"uncertainty high proportion distributed generation brings great challenges stable operation islanded distribution networks . paper , short-term prediction source load based traditional distribution model shortcomings sharp peaks heavy tails , distribution model source load prediction error multi-scenarios different time scales constructed combining bidirectional long short-term memory ( BiLSTM ) neural network nonparametric kernel density method ( KDE ) . basis , system operates regulates multi-temporal operation control process , taking account short-term meteorological fluctuations uncertainty . , distflow model relaxed using mixed integer second-order cone programming probabilistic Distflow system obtained stochastic response surface ( SRSM ) . Based stochastic response surface improve Sobol ' method , global sensitivity analysis model isolated island distribution network operation risk taking account source load uncertainty established . reason , risk real-time risk assessment regulation strategy based BiLSTM-SRSM method proposed . Finally , feasibility proposed method verified using radial distribution system IEEE33 nodes . © 2023 Power System Technology Press . rights reserved ."
2023,Research on Generation and Transmission Expansion Planning Method for Large-Scale Islanded Renewable Energy System Connected to Flexible DC,"2023 4th International Conference on Advanced Electrical and Energy Systems, AEES 2023","rapid development new renewable energy generation technologies world , problem wind solar power curtailment becoming serious . Therefore , improve capacity absorbing new energy , paper , propose generation transmission expansion planning method scenario new energy island transmission flexible DC . First , considering effect number , site selection voltage levels operational characteristics power system , topological optimization scheme proposed converge renewable energy accommodation . Second , capacity optimization method grid structure scheme converter stations flexible HVDC system studied considering transmission capacity , voltage limit capacity collection stations . Finally , multi-objective multi-constraint network-source collaborative planning model established . © 2023 IEEE ."
2024,Review of HVDC technologies for weak grid interconnectors,Electrical Engineering,"HVDC experienced substantial growth utilization globally , attributable superior capacity transmitting large amounts power relative HVAC counterpart increasingly competitive pricing . Voltage source converter technology , variant HVDC , particularly well suited transferring bulk offshore power , whether point-to-point multiterminal configurations . existing HVDC connections function interconnections strong AC grids strong weak/islanded AC grids . However , expanding use distant offshore generation , establishment energy islands , electrical interconnection archipelagic nations Indonesia , potential arises HVDC link two weak AC grids even weak weak AC grid . paper provides comprehensive review various HVDC technologies appropriate connections , focusing converters , cables , circuit breakers . also offers technological methodological assessment HVDC reinforcement interconnecting weak AC grids . Furthermore , paper examines HVDC applications concerning control strategies optimized weak grid interconnections . Finally , presents case studies HVDC implementations weak grid interconnections Indonesia . © Author ( ) 2024 ."
2023,Provision of optimal dispatching scenarios for regional power systems in the face of uncontrollable power shortages,Machinery and Energetics,"2023 , substantiation criteria optimal load balancing territorial energy islands face uncontrolled power shortages due unpredictable failure ( destruction result military bombardment ) upper ( trunk ) level energy infrastructure relevant . research aims substantiate approaches ensuring controlled operation regional power systems conditions power shortages . study applied theory methods mathematical analysis complex multicomponent systems form mixed Boolean linear programming . Mathematical Programming Language modelling methods NEOS server based Gurobi solver used describe modes operation power grids . proportional power distribution method load nodes post-emergency network configuration used determine direction electricity transit least losses . algorithm program solving problem addressing flows power losses multi-node regional power systems proposed . optimisation problem formulated form mixed Boolean linear programming model criterion minimising power momentum , considering balance constraints upper limits power supply load nodes . developed transport matrix made possible find optimal power distribution emergency post-emergency modes according criterion minimum network losses . Algorithms scenarios response dispatching services formed , considering capacity power grids determining temporary power supply schemes , configuration ensure “ survivability ” energy islands . levels efficiency Boolean linear programming model associated connectivity cycles transport problem order traversal vertices test examples depending constraints imposed components network structure established . process tracking electricity flows allow establishing routes connecting specific electricity supply nodes load nodes determining shares covering energy island ’ demand conditions power shortage . © Author ( ) ."
2023,A Power Control Strategy of Offshore Wind Power Based on Unified Power Flow Controller and Topology Adjustment; [基于统一潮流控制器和拓扑调整的海上风电功率控制策略],Modern Electric Power,"allusion impact grid-connection large-scale offshore wind power operation onshore power grid considering new trend interconnecting offshore wind power onshore power transmission system gradually form offshore grid , offshore wind power control strategy based unified power flow controller ( abbr . UPFC ) topology adjustment proposed control power flow distribution offshore power system possessing interconnection effect , bi-layer joint optimal operation model , control optimal power flow onshore power grid control offshore wind power containing UPFC topological adjustment included , constructed . Results computing example show using proposed joint control strategy containing UPFC topology adjustment , power distribution offshore wind power among grid-connection points well controlled implement requirement onshore power grid power distribution offshore wind power among grid-connection points beneficial friendly grid-connecting offshore wind power onshore power grid . © 2023 Modern Electric Power . rights reserved ."
2024,Maritime Security and the Wind: Threats and Risks to Offshore Renewable Energy Infrastructure,Ocean Yearbook Online,"Offshore wind energy production seen significant expansion recent years . technologies rapidly improving prices dropping , one key instruments green energy transition . implications offshore wind farm expansion maritime security ocean governance , far , received sparse attention literature . article offers one first thorough analyses security offshore wind farms related installations , underwater electricity cables , energy islands , hydrogen plants . technical vulnerabilities wind farm systems reviewed threats terrorism , crime State hostilities , including physical cyber risk scenarios , discussed . expansion green offshore energy production must keep pace changing threat landscape follows . Prospective solutions protection wind farms systems , including surveillance , patrols self-protection discussed . current repertoire maritime security solutions many ways capable dealing threats risks effectively adjusted accordingly . analysis builds important new bridges debates energy security maritime security , well implications climate change adaption mitigation security sea . Copyright © 2024 Christian Bueger Timothy Edmunds ."
2023,Onshore And Offshore AC Grids Short-Circuit Analysis of VSC-HVDC Integrated Offshore Wind Power Plants,IET Conference Proceedings,"paper presents short-circuit analysis offshore wind power plants ( OWPPs ) , connected onshore main grid voltage source converter based high-voltage direct current ( VSC-HVDC ) link . Short-circuit analysis hybrid AC/DC power system populated power electronics converters implemented different approach . studied offshore wind power plant modelled using flexible formulation includes equivalent model power converters . , solving established systems equations considering various possible current-saturation states power converters , short-circuit equilibrium points identified . proposed methodology identifies possible solutions associated different current-saturated operation states VSCs . Numerical case studies included different depths fault offshore onshore grids . obtained results indicate short-circuit equilibrium point OWPP significantly impacted VSCs operation . addition , paper shows various operation points may exist depending whether grid-forming converter offshore grid reaches current-saturation . © 2023 IET Conference Proceedings . rights reserved ."
2023,High-resolution scenario building support for offshore grid development studies in a geographical information system,Energy Strategy Reviews,"roadmap reach climate targets , Europe committed increase offshore wind power generation substantially today towards 2050 . raises question , infrastructure layout efficiently integrates offshore wind power transmission grid . commonly addressed via scenario based optimisation studies benchmark arbitrarily defined grid topology layouts radial connections wind farms shore multi terminal offshore hubs hybrid interconnectors . paper proposes new workflow improve design calibration topology scenarios offshore grid studies help automated process geographical information system . backdrop recently adopted maritime spatial plans EU member states , high-resolution large scale search graph future offshore grid created multi-criteria analysis . Complexity reduction techniques proposed simplify graph subsequent investment optimisation studies . found respecting geographic reality heavily managed sea space reduces uncertainty future offshore projects accurate cost estimates cable trajectories . consideration designation areas sea also consolidates future grid planning options common paths transmission facilitates identification relevant scenarios analysis . shown , commonly chosen benchmark “ radial ” connection wind farms shore questionable choice alternative provided . strategic relevance existence spatial planning access high-resolution data improved grid development demonstrated example Baltic North Sea . © 2023 Author ( )"
2023,Multi-vector optimization scheme for distributed components in energy islands; [Multivektor-Optimierungsschema für verteilte Komponenten in Energieinseln],Elektrotechnik und Informationstechnik,"Recent advancements energy systems , emergence prosumers sector coupling approaches , introduce additional flexibilities multiple energy sectors , heating , electricity , mobility . Due complexity distributed systems , optimization energy allocation non-trivial task , especially considering constraints limitations introduced distributed devices sub-systems . Additionally , variety devices forces approaches highly situational universally applicable . paper , two-level optimization scheme proposed , aims reducing optimization complexity sector-coupled systems . multi-vector optimization embedded two-level optimization scheme formulated mixed-integer linear problem , optimizing energy flow domains , modeled abstraction sector . Distributed devices modeled components represent abstraction devices connected energy domain . optimization process evaluated based data residential complex Ghent , Belgium . shows approach capable minimizing costs , CO 2 emissions , dependency external resources . © 2023 , Author ( ) ."
2024,Energy analysis and environmental impact assessment for self-sufficient non-interconnected islands: The case of Nisyros island,Journal of Cleaner Production,"European continent surrounded islands , even though geographically socially diverse , share common energy burdens regarding heavy fossil fuels reliance . specifically , non-interconnected islands ( NII ) encounter unique challenges decarbonization processes , rendering particularly vulnerable impacts transitions . Numerous studies conducted address emerging issues . However , research gap exists , proposed RES-related grid interventions neglect actual historical data favor theoretical , possibly misleading , approach . addition , potential grid stability concerns arising high levels RES penetration remain unaddressed . end , objective present study focuses addressing mainly electrical grid stability resiliency considerations ( e.g . imbalances , frequency fluctuations , voltage unbalance rate , case energy islands , case NII Greek island Nisyros ) . Two sustainable scenarios including novel technologies ( e.g . flywheel instead conventional BESS , hybrid transformer , vehicle-to-grid chargers ) examined energetic environmental perspective , short- ( 2030 ) mid-term ( 2050 ) implementation horizons , reaching electrical energy self-sufficiency targets 50 % 95 % , respectively . energy analysis , capacity-investment optimization problems , power flow simulations specialized transient simulations conducted , environmental impact assessment novel in-house developed tool utilized . result , proposed interventions result significant fossil fuel cost savings 88 % , reduced CO2 emissions 38 % overall remarkable financial environmental benefits . conclusion , study demonstrates NII realistically abolish thermal energy bare minimum enhance self-sufficiency harnessing local renewable energy potential , time ensuring grid stability . © 2024 Elsevier Ltd"
2024,Decarbonization Scenarios Assessment under Local Renewable Energy Communities: Ispaster Municipality,"International Conference on the European Energy Market, EEM","work assesses future scenarios Municipality Ispaster ( Spain ) development renewable energy community ( REC ) foresee local resources flexibility measures support energy decarbonization targets ( 2030 ) . Three scenarios explored progressive increase renewables , electrification , independence national grid : Reference , Black-Out Energy Island . results show DH expansion integrate biomass boilers , biomass CHP geothermal heat pumps electricity prices main driver operation system . EVs leads future electricity demand . PV batteries expansion necessary blackout prevention . expansion allows additional flexibility services grid able reduce 7 % dependence national electric grid . CHP biomass allow become energy island municipality covering electricity demand winter season energy storages fundamental energy balance . © 2024 IEEE ."
2023,Research on the Influencing Factors of Energy Carbon Emissions in Hainan Province,"11th International Symposium on Project Management, ISPM 2023","research factors affecting energy carbon emissions Hainan Province conducive exploring path low-carbon development Hainan Province , also conducive realisation China 's “ double carbon ” strategic goal . Based relevant time series data energy consumption Hainan Province 2005 2021 , energy carbon emissions Hainan Province since 2005 quantitatively measured carbon emission factor method . basis , STIRPAT model system used test influencing factors extent energy carbon emissions Hainan Province . results show : ( 1 ) Hainan Province 's total energy carbon emissions per capita energy carbon emissions fluctuated 2005 2021 , intensity energy carbon emissions slowly decreased . Hainan Province still needs promote work related carbon emission reduction future ; ( 2 ) Population factors , structural factors , technical factors , finance Rich factors trade factors impact energy carbon emissions Hainan Province , influencing factor ranked order large small : carbon emission intensity > per capita GDP > per capita GDP square item > urbanisation rate > tertiary industry output value proportion GDP > year-end resident population > foreign trade dependence > Energy structure . basis , following suggestions put forward : ( 1 ) strengthen low-carbon technological innovation reduce carbon emission intensity ; ( 2 ) build clean energy system accelerate construction clean energy islands ; ( 3 ) improve level foreign trade give full play technological effects . © 11th International Symposium Project Management , ISPM 2023 . rights reserved ."
2023,An overview of the policies and models of integrated development for solar and wind power generation in China,Research in Cold and Arid Regions,"goal “ Carbon Emission Peak Carbon Neutralization ” , integrated development various industries renewable energy ( photovoltaic , wind power ) great significance China . paper summarizes relevant policies , integration schemes typical cases integrated development renewable energy industries . First , development status wind solar generation China introduced . Second , summarize relevant policies issued National Development Reform Commission , National Energy Administration departments promote integrated development photovoltaic wind power generation China . Third , eight kinds photovoltaic three-dimensional development models described , including “ photovoltaic + agriculture , industry , environmental protection , transportation , architecture , communication , hydrogen ecology ” . Fourth , eight kinds wind power three-dimensional development models summarized , including “ Offshore wind power + marine ranch , marine energy , marine tourism , marine oil gas , hydrogen , communication , Energy Island ” “ Onshore wind power + courtyard ” . future , promotion application integrated development projects accelerated . overview aims provide reference design photovoltaic wind energy systems help potential investors make decisions . © 2023 Northwest Institute Eco-Environment Resources , CAS"
2024,Features of multi-agent evaluation of microgrid systems efficiency in parallel operation with the power system according to the reliability criterion,Machinery and Energetics,"Ensuring reliable electricity supply consumers face destruction critical energy infrastructure shortage generating capacities Ukraine requires development distribution systems management systems . purpose study substantiate development models ensuring optimal structure electrical distribution networks conditions connecting micro-networks according reliability criterion conditions limited investments . paper uses method assessing structural reliability complex electrical systems microgrid structures forms rational power distribution structures according criterion optimising reliability indicators studied electric power system . mathematical optimisation model based computational system proposed , designed solve non-convex problems minimising integral reliability indicators , considering financial constraints investment efficiency curve . Based research , possibilities optimisation using BARON solver available NEOS server examined . results model ’ performance demonstrated using examples , considering parameters distribution system objects limitations network components . algorithm programme solving problem targeting power flows microgrid structures multi-node regional power systems proposed . Algorithms scenarios response dispatching services developed , provided investments limited , ensure survivability power system whole . established development rational electricity flows microgrid structures minimise under-supply electric energy specific load nodes determine shares covering demand energy island conditions power shortage . findings used operational management power systems . © Author ( ) ."
2023,PROBABILISTIC ECONOMIC ASSESSMENT OF AN OFFSHORE ENERGY HUB SUPPLYING ELECTRICAL POWER TO A FLOATING PRODUCTION STORAGE AND OFFLOADING UNIT,Proceedings of the International Conference on Offshore Mechanics and Arctic Engineering - OMAE,"paper analyzes viability offshore energy hub consisting wind turbines , batteries , fuel cells electrolyzers connected , powering , oil producing floating production storage offloading unit . assess components considering oil production setup strives reduced CO2 emissions . problem addressed probabilistic perspective . First , utilize quasirandom Monte Carlo approach generate multiple scenarios regarding uncertainties problem . , evaluate estimated net present value total CO2 emissions system . highlight , method capable exploiting larger variety data capturing sources uncertainties compared literature . Open-source wind data used simulate wind power generation . Wind speed modeled via kernel density estimator benefit data . obtained results indicate renewable energy technologies enable outcomes significant reduction CO2 emissions . However , current prices technologies , operating low emitting field links loss significant share expected profits . Copyright © 2023 ASME ."
2023,"An assessment of electrolyser portfolio for offshore hydrogen production considering its key properties - Efficiency, ramp rate and capacity",Journal of Physics: Conference Series,"Wind-electrolyser systems produce green hydrogen - including hydrogen-generating offshore energy hubs - received lot attention . electrolyser capacity systems arranged different configurations varying location setup electrolysers . setup influences dynamic performance electrolysers also system economics . paper analyses differences dynamic performance electrolysers centralised decentralised setup technical economic perspective , target produce much renewable hydrogen possible using today 's electrolyser technology . economic effects scaling various wind turbines different wind conditions incorporated analysis . Differences electrolyser efficiency , start-stop , ramping , operation range scale modelled , models applied case study depicting offshore energy hub . Using representative wind profile fluctuating conditions considering identical electrolyser ramping efficiency turbine configuration , analysis shows single electrolyser solution ( centralised ) , electrolyser sited substation , gives better levelized cost hydrogen alternative setup ( decentralised ) multiple in-turbine electrolysers . © Published licence IOP Publishing Ltd ."
2023,Power Routing Strategy for an Offshore-Onshore Bipolar VSC-HVDC Interconnector,"2023 IEEE Belgrade PowerTech, PowerTech 2023","Distantly-located offshore energy hubs need connected shore via High Voltage Direct Current ( HVDC ) links allow efficient bulk power exchange . bipolar configuration HVDC link suitable point-to-point connection , provides redundancy , , therefore , larger reliability , e.g . half rated transfer capacity still transferred via one poles case fault occurring pole . Nevertheless , control strategy converters effectively enable situation-dependent power routing two poles constitutes research challenge . paper , two control strategies proposed offshore Modular Multi-level Converters ( MMCs ) bipolar HVDC link connecting 2 GW offshore hub shore . strategies , based DC current DC voltage measurements , respectively , enable track adjust amount power flowing pole link . Real-time digital simulations show strategies effectively route power exchanges bipolar HVDC link , e.g . operation balanced unbalanced conditions . strategy based DC current seems suitable manage dynamic performance HVDC link . © 2023 IEEE ."
2024,Assessing fluctuating wind to hydrogen production via long-term testing of solid oxide electrolysis stacks,Applied Energy,"Danish government plans two energy islands collect offshore wind power power distribution green fuel production . Wind power often criticized lacking stability , challenges downstream fuel synthesis processes . Solid oxide electrolysis cells ( SOEC ) promising green hydrogen production commercial scale , impact fluctuating power SOEC remains uncertain . paper explores feasibility Wind-SOEC coupled system conducting 2104-h durability test state-of-the-art Topsoe TSP-1 stack . Three periods steady operation two periods dynamic operation conducted . Wind power fluctuation simulated dynamic period , two control strategies used handle . constant flow ( CF ) constant conversion ( CC ) strategies maintain feedstock flow rate conversion ratio steam-to‑hydrogen , respectively . Compared steady operation , stack shows signs additional degradation dynamic operation . Thus , TSP-1 stack proven robust flexible enough handle fluctuating wind power supplies operation strategies . , stack performance dynamic periods compared analyzed removing degradation effects . Accordingly , SOEC stacks CC control consume less external heat CF maintain heat balance . Nevertheless , SOEC systems CF CC control strategies may different efficiency hydrogen production costs . Tech-economic analyses needed investigate control strategies system level . © 2024 Authors"
2024,Comparative Analysis of Grid-forming Controls Impact on Stability of Energy Islands,"2024 IEEE 10th International Power Electronics and Motion Control Conference, IPEMC 2024 ECCE Asia","Energy Island ( EI ) proposed solution increase penetration offshore wind energy . fully converter-based system , new challenges arise regarding stable operation . paper investigates effects two common grid-forming ( GFM ) controls stability system . ensure stable operation EI , minimum required number converters operate GFM control mode determined . Simulations performed MATLAB/Simulink using test system replicating EI . results show stability EI varies depending specific GFM control ( whether cascaded current control loop used ) . © 2024 IEEE ."
2024,Fault Handling Capabilities of Grid-Forming Wind Turbines in Offshore Wind Farms Connected with MMC HVDC System,IEEE Access,"Offshore wind power generation equipped conventional grid following controls challenges power system stability reducing inertia grid weakening AC offshore grid . overcome vulnerability promising solution could equipping wind turbines grid-forming ( GFM ) control schemes . Many methodologies presented literature GFM inverters . spite , applications WTGs thoroughly explored . paper presents study fault handling capability wind turbines several grid-forming control strategies . context , four different control schemes i.e . Visynch , P/f droop , Q/f droop conventional grid following control considered . performance control strategies assessed compared three-phase symmetrical fault point common coupling offshore wind farm . case study consists two wind turbines connected main converter offshore substation equipped grid-forming control also considered . results indicate , faults , four control strategies ( Visynch , P/f droop , Q/f droop , Gfol ) effectively limits current restores normal operation . significant advantage Q/F droop control reduced sensitivity variations system fault parameters , adjustable frequency response , independence existing Phase-Locked Loops ( PLLs ) . hand , P/f droop control provides greater voltage support faults due voltage controllers . However , post-fault oscillations result stiff voltage controller . Visynch control , hand , shows lower margin stability . advantages weaknesses control scheme revealed using simulation results . © 2013 IEEE ."
2023,Powering Europe’s Energy Transition: Financial Viability of a Full-Scale Meshed HVDC Grid and Hybrid Offshore Assets in the North Sea,IEEE PES Innovative Smart Grid Technologies Conference Europe,"HVDC grid North Sea crucial Europe ’ energy transition . High investment costs , lack operational experience , regulatory hurdles major roadblocks realization . paper demonstrates financial viability full-scale meshed HVDC grid North Sea , considering multiple market scenarios incorporating Offshore Wind Power Plants ( OWPP ) . method based day-ahead market price adopted calculate benefits inter-zonal links . stochastic optimization approach used determine lowest-cost grid topology consideration different scenarios . , benefits strategy considering OWPP development HVDC grid expansion unison , forming so-called Hybrid Offshore Assets ( HOAs ) , investigated . plausible test case North Sea investigated financial viability demonstration grid region . optimized different interconnectors terminal converter capacities . found demo grid incur loss even 5 % interest rate capital making high profit lower interest rate . demonstrated planning approach considering HOAs may significantly reduce cost developing offshore wind resources North Sea increasing interconnection North Sea energy markets . © 2023 IEEE Computer Society . rights reserved ."
2023,Powering Europe with North Sea offshore wind: The impact of hydrogen investments on grid infrastructure and power prices,Energy,"Hydrogen central cross-sectoral energy carrier decarbonization European energy system . paper investigates large-scale deployment green hydrogen production affects investments transmission generation towards 2060 , analyzes North Sea area main offshore wind projects , assesses development offshore energy hub . Results indicate hydrogen deployment tremendous impact grid development Europe North Sea . Findings indicate total power generation capacity increases around 50 % . offshore energy hub acts mainly power transmission asset , leads reduction total generation capacity , central unlock offshore wind potential North Sea . effect hydrogen deployment power prices multifaceted . regions power prices typically lower elsewhere Europe , observed hydrogen increases power price considerably . However , hydrogen flexibility relieves stress high-demand periods grid , power prices decrease average countries . suggests deployment green hydrogen lead significant increase power demand , power prices necessarily experience large increase . © 2022 Author ( )"
2023,The Legal Framework for Artificial Energy Islands in the Northern Seas,International Journal of Marine and Coastal Law,"Belgium , Denmark Netherlands announced interest constructing artificial 'energy islands ' enable integration large-scale offshore wind energy energy system . raises several legal questions , developments fit balance interests required United Nations Convention Law Sea , European Union law applicable artificial islands Belgium , Denmark Netherlands approach construction artificial islands . article provides comprehensive overview applicable legal framework shows variety approaches strategic choices States may developing energy islands . © 2023 Brill Nijhoff . rights reserved ."
2024,Spatial Optimization for Energy Island Location and Cable Routing Considering Offshore Zoning,Journal of Physics: Conference Series,"energy hub concept presents compelling opportunity channel electricity offshore wind farms grid , facilitating cross-border energy trading conversion . However , one main challenges lies strategic identification suitable energy island location establishment interconnected cable routing path . Part complexity arises need navigate offshore zoning regulations accommodate various spatial uses within offshore area . paper exhibits case study explore spatial optimization potential offshore energy hub North Sea . aims finding optimal spatial configuration offshore energy hub , island location associated cable routing infringe upon keep-out zones strategically positioning hub closer high-capacity wind farms . achieve goal , detailed geographical data incorporating offshore zoning information leveraged spatial optimization . Dijkstra 's algorithm applied identify optimal island location cable routing path . effectiveness spatial optimization methodology demonstrated case study involving offshore wind farm sites North Sea . Given real geographical data , simulation results underscore efficacy Dijkstra 's algorithm determining optimal energy hub layout . particular , optimal spatial design achieved , based cable lengths , asset capacities , offshore zoning island/platform location potential offshore energy hub North Sea ensuring compliance keep-out zoning regulations . © Published licence IOP Publishing Ltd ."
2023,Offshore Wind Integration in the North Sea: The Benefits of an Offshore Grid and Floating Wind,"International Conference on the European Energy Market, EEM","Wind energy become increasingly important meeting Europe 's energy needs . onshore wind expansion faces public acceptance problems , offshore wind European Commission introduced ambitious goals increase capacity 15 GW 300 GW 2050 . Incorporating offshore wind electricity power grid may offer widely accepted way satisfy Europe 's energy demand . particular , North Sea region large potential offshore wind generation . However , fully exploit wind potential North Sea , grid integration offshore wind floating wind turbines vital , especially onshore wind capacity onshore grid expansion constrained . grid integration , meshed offshore grid offer viable alternative standard direct connection offshore wind parks nearest point land combined point-to-point HVDC connections . paper investigate benefits meshed offshore grid North Sea considering floating wind besides fixed-bottom wind installations . analysis , look eight different scenarios , onshore wind potentials onshore line expansion limited , explore effects low public acceptance . results demonstrate presence offshore grid reduce total system costs 2.6 bnC/a . scenarios offshore meshed grid ∼8 % offshore wind capacities built compared scenarios without meshed grid . Furthermore , analysis shows onshore wind potentials restricted , floating wind turbines play key role compensate lacking onshore wind capacities . © 2023 IEEE ."
2024,POWER COUPLING CHARACTERISTICS ANALYSIS OF GRID-FORMING INVERTER CONNECTED WITH DIODE RECTIFIER-BASED HVDC SYSTEM,IET Conference Proceedings,"diode rectifier ( DR ) based high voltage direct current ( DR-HVDC ) system great potential application offshore wind energy transmission due relatively low cost high reliability . support AC-side voltage DR regulate transmission power , grid forming control widely equipped grid-side inverter offshore wind turbine ( WT ) . However , uncontrollable commutation dynamics DR introduce huge coupling effects active reactive power DR-HVDC , thus worsening power regulation dynamics offshore grid-forming inverters ( GFI ) . paper first proposes small-signal model DR-HVDC system intuitively analytically characterize power coupling effect . combining derived small-signal model decoupling P/V-Q/f power-controlled GFI , power coupling characteristics GFI-DR-HVDC system quantitatively studied based relative gain array ( RGA ) theory . revealed increase proportional coefficient active power controller droop coefficient reactive power controller reduce power coupling degree , increasing active power controller integral coefficient makes power coupling degree rise . simulation results validate theoretical analysis . © Institution Engineering & Technology 2024 ."
2023,Mechanism and Suppression Strategy of High-frequency Oscillation Caused by Integration of Islanded Renewable Energy Station into MMC-HVDC System; [孤 岛 新 能 源 场 站 接 入 柔 性 直 流 高 频 振 荡 机 理 及 抑 制 策 略],Dianli Xitong Zidonghua/Automation of Electric Power Systems,"high-frequency oscillation large-scale renewable energy islanded transmission system modular multilevel converter based high voltage direct current ( MMC-HVDC ) system increasingly prominent recent projects . paper , mathematical impedance model MMC different frequency-coupling characteristics developed consideration inner dynamic process primary main circuit equipment , control link delay , sequence component separation link , inner outer loop control links . mathematical model simplified determine high-frequency oscillation mechanism caused integration islanded renewable energy station MMC-HVDC system , control link delay , inner loop current feedback voltage feedforward link format high-frequency negative damping MMC-HVDC system . key factors affecting high-frequency impedance characteristics MMC obtained . Based key factors , suppression schemes high-frequency oscillation caused integration islanded renewable energy station MMC-HVDC system also suggested . corresponding solutions verified PSCAD model high-frequency oscillation problem engineering sites Zhangbei Rudong renewable energy transmission projects China MMC-HVDC system solved . © 2023 Automation Electric Power Systems Press . rights reserved ."
2023,Transient Stability Enhancement Strategy for Islanded Microgrids Based on Energy Storage–Virtual Synchronous Machine Control,Energies,"high percentage new energy-islanded microgrids , overall inertia system gradually decreases , transient stability requirements microgrid frequency voltage become demanding low-inertia conditions . improve transient stability low-inertia islanded microgrid frequencies voltages , paper proposes transient stability enhancement strategy islanded microgrids based energy storage system ( ESS ) –virtual synchronous generator ( VSG ) control . Model predictive control ( MPC ) added within active control loop VSG achieve dynamic correction active power reference value VSG ; PI control link added within reactive control loop achieve fast dynamic response reactive power command value . ESS achieves fast accurate regulation frequency voltage according power reference value VSG active control loop power command value reactive control loop simultaneously . Considering need ensure ability VSG operate stably transients , comprehensive current-limiting technique combining virtual impedance phase limiting used limit fault current VSG maintain synchronization stability . Finally , simulation results verify strategy ’ effectiveness superiority transient stability enhancement effect . © 2023 authors ."
2023,Meteorological hazard risk assessment of offshore wind power grids based on CVAR method,Procedia Computer Science,"Wind energy clean , renewable green energy . Compared land-based wind power , offshore wind power occupy land resources . Meanwhile offshore wind resources much richer wind direction stable . Meteorological hazards major impact offshore wind facilities . Typhoons , lightning , rainstorms meteorological hazards occur operation cause fatal damage offshore wind facilities , often also trigger chain reaction marine hazards , making difficult maintain . paper , analyze impact various types meteorological hazards offshore wind facilities examples select important ones . comprehensive risk assessment model CVAR offshore wind projects developed combination types risk elements predict damaging offshore wind facilities managers respond timely manner . addition , nonlinear stepwise regression ( NLSR ) approach used forecast meteorological elements offshore grid facilities . © 2023 Elsevier B.V .. rights reserved ."
2024,Optimal Operation of a Multi-Energy Island Grid Integrated with a Hybrid LNG-Energy Storage System,"Proceedings - 2024 9th Asia Conference on Power and Electrical Engineering, ACPEE 2024","Integrated energy systems play pivotal role enhancing energy efficiency attaining dual carbon goals . However , within integrated energy system development realm , islands garnered inadequate attention due unique geographical positioning . improve operational efficiency island power grid , feasibility connecting islands integrated multi-energy systems using liquid natural gas ( LNG ) ships explored . novel multi-energy system model LNG ships proposed minimize carbon emissions enhance stability . Furthermore , operation optimized interior point method . verify proposed method , case studies conducted natural conditions load scenarios Yancheng city Jiangsu Province . numerical results indicate economic costs carbon emissions significantly reduced LNG ship connected integrated energy system . © 2024 IEEE ."
2023,Modular Multiport Converter Based Offshore Grid Architecture for Integrating Renewables and HVDC Grid,PEDG 2023 - 2023 IEEE 14th International Symposium on Power Electronics for Distributed Generation Systems,"paper proposes novel offshore grid architecture interconnects wind turbines , hybrid storage systems consisting fuel cells , lithium-ion batteries , HVDC onshore grid power subsea electrical loads . proposed system utilizes Energy Router , based modular structure Multiport Active Bridge converters , eliminating need line frequency transformers common DC bus energy sources . paper highlights advantages proposed architecture presents power management control strategy ensure reliable operation grid . © 2023 IEEE ."
2024,Electrolysis as a flexibility resource on energy islands: The case of the North Sea,Energy Policy,"Energy islands meant facilitate offshore sector integration combining offshore wind energy power-to-x technologies storage . study , investigate operation electrolysers energy islands , assess potential contribution flexibility provision , analyse different market integration strategies islands . purpose , two-stage stochastic optimisation model developed determine cost-efficient dispatch integrated day-ahead balancing electricity market . market integration energy island , align approach current debate compare case single offshore bidding zone case energy island integrated home market zone . find electrolysers energy islands run low capacity factors provide flexibility 29–36 % run time . addition , offshore electrolysers produce hydrogen allocated offshore bidding zone , thus earn higher profits . conclude combining offshore wind electrolysers energy island relies additional economic incentives main role envisioned delivery balancing flexibility . © 2023 Author ( )"
2023,Towards a comprehensive understanding and assessment of Offshore Energy Hubs with a hydrogen focus: An evolutionary perspective,Journal of Physics: Conference Series,"Climate change necessitated reduction CO2 emissions , particularly hard-to-abate sectors . Offshore Energy Hubs ( OEHs ) , powered renewable sources , proposed potential solution renewable build-out cross-sectoral integration . paper presents comprehensive literature review examining technical concept assessment mechanisms OEHs multiple perspectives , including chronological , design , assessment principles . review reveals shift technical concept evaluation assessments , evolving cost-driven economically driven , trend towards harmonized assessments incorporate economic societal values , environmental impact . importance societal assessments emphasized , addressing research gap , investigation needed successful implementation future large-scale OEH projects . paper highlights need develop comprehensive inclusive evaluation frameworks ensure sustainable implementation OEHs ongoing energy transition . © Published licence IOP Publishing Ltd ."
2024,"Risks, strategies, and benefits of offshore energy hubs: A literature-based survey",Renewable and Sustainable Energy Reviews,"Offshore Energy Hubs , also called Energy Islands , intensively discussed become key element process decarbonising energy sector . vision implementing Offshore Energy Hubs context exploiting offshore wind potentials Northern Europe led industry quickly taken spot political discussion national European level . research develops survey scheme inspired multi-criteria analysis assess main drivers development Offshore Energy Hubs . propose definition , present scheme , conduct survey based scheme case North Sea offshore energy infrastructure . Applying suggested survey method context North Sea , identify five trade-offs considered . significance environmental benefits strongly linked choice materials designs ; changes current assumptions may flip system 's benefits turn project series sunk investments ; coordinated integrated planning key boosting project 's efficiency ; offshore energy infrastructure presents technological solution energy system decarbonisation needs touch base societal desires behavioural solutions ; Offshore Energy Hubs currently standalone solutions competitors , makes benefits impossible compare . © 2024 Authors"
2021,Safety and security impacts on integrated use of Li-On batteries in an energy island,"2021 IEEE PES/IAS PowerAfrica, PowerAfrica 2021","Batteries central Energy Islands provide local energy storage enabling reduction overall environmental footprint energy consumption helping reach CO2 neutral balance . role batteries E-LAND project locally store green energy , use energy efficiently , reduce peak loads energy storage systems . However , effectively installation use battery require considerations respect safety security . paper elaborates project 's safety security challenges Li-on management system integrated systems . © 2021 IEEE ."
2022,State Space Modeling of an Offshore Wind Power Plant With an MMC-HVDC Connection for an Eigenvalue-Based Stability Analysis,IEEE Access,"Large offshore wind power plants ( OWPPs ) installed far coastline emerging benefit strong steady wind resources available locations . high-voltage direct-current ( HVDC ) transmission system based modular multilevel converter ( MMC ) appropriate solution transmit produced energy onshore grid , way complex power-electronic-based electrical system formed OWPP . Undesired interactions occur MMC-based HVDC station , several wind-turbine ( WT ) converters , passive elements offshore grid . guarantee safe reliable operation OWPP , small-signal analysis must performed advance predict possible unstable situations root causes , way take corrective measures avoid . paper , state-space model OWPP developed adopting recently proposed model multiple dq frames MMC , considers internal dynamics converter . developed model , eigenvalue-based stability assessment carried , participation factors calculated identify main contributors unstable modes appear consequence undesired low-frequency interactions offshore grid . far authors know , eigenvalue-based stability assessment OWPP MMC-HVDC connection topic rarely never explored literature since detailed time-invariant state-space model MMC available recently . Thus , eigenvalue-based stability study main contribution paper . developed model easily extended complex OWPPs different configurations future works . Another contribution paper proposal adaptation MMC 's grid-following state-space model converter 's dynamics grid-forming mode represented . Finally , various studies presented prove adopted MMC 's approximated model accurate enough small-signal stability analyses . © 2013 IEEE ."
2021,Information system for decision-making in the management of renewable energy sources in the microgrid system,CEUR Workshop Proceedings,"researches scenarios dynamic energy management local Microgrid networks , mathematical instruments used realization algorithms carried . Various elements intelligent system cost-effective scheduling energy islands photovoltaic source , well mechanisms electricity price formation using different generation sources Microgrid systems analyzed . analysis architecture information systems software management renewable electricity systems carried well . algorithm software interface decision-making information system managing alternative energy sources developed . design database software calculates efficient distribution energy user , forecasts efficiency certain energy sources , building real-time graphs described . © 2021 Copyright paper authors ."
2022,Distributed Generation Power Systems in Wastewater Management †,Energies,"article concerns energy security wastewater treatment process caused unforeseen situations related risk electrical power outages . case , renewable energy sources based distributed generation power systems solve problem wastewater treatment plant . article highlights e related challenges proposes direction solutions regard based Czech conditions . first part paper deals consequences long-term outage wastewater treatment plants population environment . several solutions presented blackout conditions , model calculations made based data Czech wastewater treatment plant . Diesel engine-generators , biogas cogeneration source heat electricity , solar panels storage systems combined biogas solar systems considered approaches provide energy autonomy blackout wastewater treatment plant . Special attention paid combination CHP units solar panels batteries . results evaluated three different locations combination . concluded biogas combustion CHP unit profitable option , allowing production electricity independently grid consumption possibly operations . last part paper deals transition island operation , must occur blackout . transition difficult solar panels cogeneration units supply electricity grid blackout . transition energy island operation could ensured frequency relay processor devices control circuit breaker . , maintain island operation , would necessary automatic load shedding/application system . © 2022 authors ."
2022,Multi-terminal HVDC Grid Topology for large Scale Integration of Offshore Wind on the U.S Atlantic Coast,"2022 7th IEEE Workshop on the Electronic Grid, eGRID 2022","Amid rising concerns regarding dearth fossil fuels global climate change , different nations across globe set forth vigorous targets renewable integration corresponding power network development/upgradation . One significant renewable resources offshore wind ( OSW ) power bears capability resolve discuss challenges , developed properly . paper dedicated towards planned offshore grid development U.S. Atlantic Coast integrate existing/future OSW wind power projects onshore grid . proposes modular multi-terminal HVDC ( MTDC ) network large scale integration OSW power . addresses associated challenges provides way forward realization planned offshore grid . paper could provide initial guideline electric utilities , regulators , government departments accrue maximum benefit enormous OSW resource U.S. © 2022 IEEE ."
2022,OTEC and Advanced Deep Ocean Water Use for Kumejima: An Introduction,Oceans Conference Record (IEEE),"Interconnected Ocean Thermal Energy Conversion ( OTEC ) deep ocean water ( DOW ) industries provide coastal island communities opportunity economic , social , environmental development . Combining existing experience OTEC operation DOW industries 100 % renewable energy island outlook , `` Kumejima Model '' efficient use local sustainable resources meet community needs energy , food , water . paper share background progress toward implementation light growing need island-type renewable energy . © 2022 IEEE ."
2022,Technoeconomic analysis of green energy transitions in isolated grids: The case of Ai Stratis – Green Island,Renewable Energy,"non-interconnected islands Greece electrified primarily diesel generators . According Greek National Energy Climate Plan , several islands scheduled connect mainland grid converted green energy islands . flagship green energy transition project island Agios Efstratios project “ Ai Stratis – Green Island ” . study modelled proposed design public call ( Scenario 1 ) software HOMER Pro compared two designs respect RES penetration missions economics . proposed design public call projected excellent performance respect RES penetration 82.8 % . study proposed Scenario 2 significantly less expensive public call , initial investment €1.45M vs €3.00M public call . addition , Scenario 2 LCOE 0.149 €/kWh comparison LCOE 0.271 €/kWh Scenario 1 sensitivity analysis showed LCOE Scenario 2 small fluctuations . study provide blueprint expansion green energy transition projects since lower cost initial installation may allow projects implemented . © 2022 Elsevier Ltd"
2022,Zero-Inertia Offshore Grids: N-1 Security and Active Power Sharing,IEEE Transactions on Power Systems,"Denmark dedicated maintaining leading position integration massive shares wind energy , construction new offshore energy islands recently approved Danish government . new islands zero-inertia systems , meaning synchronous generation installed island power imbalances shared among converters . end , paper proposes methodology calculate update frequency droops gains offshore converters compliance N-1 security criterion case converter outage . frequency droop gains calculated solving optimization problem takes consideration power limitations converters well stability system . consequence , proposed controller ensures safe operation off-shore systems event power imbalance allows greater loadability pre-fault state , confirmed simulation results . © 1969-2012 IEEE ."
2022,Editorial-International Journal of Sustainable Energy Planning and Management Vol 33,International Journal of Sustainable Energy Planning and Management,"editorial introduces main findings 33rd Volume International Journal Sustainable Energy Planning Management . First Madsen favourably reviews Verbruggen ’ book Pricing carbon emissions : Economic reality utopia . followed analyses role islands energy transition taking starting point Samsø , Orkneys Madeira subsequently strategic niche management-based investigation transition Nigerian community . role discount rate explored taking example power production expansion Ecuador . Lastly , feasibility landfill gas explored Ukrainian conditions . © 2022 , Aalborg University press . rights reserved ."
2022,DESIGN ALGORITHM OF HARMONIC FILTERS IN A MESHED TRANSMISSION GRID WITH DISTRIBUTED HARMONIC EMISSION SOURCES – EASTERN DANISH TRANSMISSION GRID CASE STUDY,IET Conference Proceedings,"transmission grid Denmark undergoes tremendous reinforcement development due massive integration renewables PtX , stronger market coupling foreign grids connection Energy Islands . political goal new transmission lines shall , technically feasible extent , established underground cables ( UGC ) part overhead lines ( OHL ) substituted UGC . Danish experience shown especially 400 kV UGC may cause resonance conditions , coincide harmonic orders harmonic distortion increase harmonic voltage distortion . Establishment harmonic filters right properties , ratings locations transmission grid among mitigation solutions excessive harmonic distortion . meshed transmission grid , new harmonic filter may , one hand , dampen specific harmonic order given substation , , hand , become inefficient even increase harmonic distortion substations . Therefore , harmonic filter design meshed transmission grid challenging task . presentation explain algorithm developed Energinet , Transmission System Operator Denmark , automated design harmonic filters meshed transmission grids simulations . algorithm demonstrated using validated simulation model Eastern Danish 400 kV transmission grid harmonic assessment case study . © 2022 IET Conference Proceedings . rights reserved ."
2022,Operation Mode Analysis and Configuration Optimization of Offshore Wind-Hydrogen System; [海上风电-氢能系统运行模式分析及配置优化],Dianli Xitong Zidonghua/Automation of Electric Power Systems,"order achieve goal `` carbon emission peak-carbon neutrality '' , development offshore wind power renewable energy sources accelerated . Hydrogen energy expected become important part offshore low-carbon energy network , offshore wind-hydrogen system fully clean energy supply offshore loads great potential . operation mode , configuration mode , economy kind system worth studying . configuration optimization model offshore wind-hydrogen system established . Different operation modes system , including single power supply mode , dual power supply mode , multi-energy islanded mode , multi-energy grid-connected mode , compared analyzed . Effects various sensitive factors capacity configuration economy discussed . simulation results show realization supplying offshore loads full clean energy needs expense economic reduction , hydrogen price electrolyzer price greatest influence configuration income system . © 2022 Automation Electric Power Systems Press ."
2021,Model Predictive Control based Optimal Dispatch of Wind and Hydrogen Hybrid Systems,"Proceedings - 2021 International Conference on Advanced Technology of Electrical Engineering and Energy, ATEEE 2021","realize decarbonization , green hydrogen boosted Denmark support power hydrogen ( P2H ) technology taking advantage enormous wind energy . work efficiency P2H technology , converting electricity renewable energy green hydrogen water electrolysis improved recycling waste heat , called power hydrogen heat ( P2HH ) . paper , P2HH applied large-scale alkaline electrolyser , works prosumer consuming electricity , producing hydrogen heat simultaneously . mathematical model wind hydrogen hybrid system P2HH technology built economic performance hybrid system connected power grid investigated applying economic model predictive control ( EMPC ) strategy optimal dispatch . using real-life historical data Bornholm energy island Denmark , simulation results show EMPC controller capable robustness achieve optimal electricity consumption , energy cost savings , best economic benefits terms various system configurations , weights hydrogen price , constraints recycled heat working temperature . Among configurations , without constraints recycled heat weights hydrogen price , electrolyser working 60-90 °C achieve profits study case . © 2021 IEEE ."
2021,Capacity planning method of energy storage system for micro integrated energy system in environmental friendly islands; [面向绿色海岛微型综合能源系统的储能系统容量规划方法],Dianli Zidonghua Shebei/Electric Power Automation Equipment,"development micro integrated energy systems rational allocation energy storage devices important means achieve goal substantially increasing proportion clean energy , increasing utilization efficiency comprehensive energy building clean energy island . Therefore , based comparison analysis operation characteristics different types energy storage technologies , application advantages NSF-CAES ( Non-Supplementary Fired Compressed Air Energy Sto-rage ) integrated energy system fully considered . Taking NSF-CAES technology representative , capacity planning method energy storage system micro integrated energy system studied . Firstly , considering combined heat power storage/generation characteristics NSF-CAES , operation constraint set NSF-CAES system constructed optimal planning problem . basis , capacity planning method NSF-CAES system proposed micro integrated energy system objective maximizing net benefit brought NSF-CAES . , means equivalent linear transformation , established planning model transformed mixed integer linear programming model solved easily . Finally , validity established model verified simulation example . Simu-lative results show although total investment cost NSF-CAES station relatively high , installing NSF-CAES system bring significant economic benefits micro integrated energy system due merit long lifetime unique capability combined heat power storage/generation . © 2021 , Electric Power Automation Equipment Press . right reserved ."
2022,Integration of Pump-Storage Batteries in Offshore Wind Farms: Evaluation of Effects on Power Exchange,"Proceedings of the 11th International Conference on Innovative Smart Grid Technologies - Asia, ISGT-Asia 2022","significant contribution total installed capacity , rapid development offshore wind farms ( OWFs ) pose technical challenges supply-demand balancing onshore grid capacity . Various storage technologies considered integrate OWFs combat issues local offshore grid . paper introduces unique concept pump-storage batteries enhance demand supply management OWF improve grid utilization . paper present specifications proposed battery model , technology used control pump-turbine applications , presents simulation set-ups results week-long operation battery . © 2022 IEEE ."
2022,Economic model predictive control for multi-energy system considering hydrogen-thermal-electric dynamics and waste heat recovery of MW-level alkaline electrolyzer,Energy Conversion and Management,"large-scale alkaline electrolyzer ( AE ) , convert renewable electricity green hydrogen recoverable heat , consequently unlock great flexibility accommodate renewable power variability . paper proposes economic model predictive control ( EMPC ) based daily optimal operation strategy multi-energy system ( MES ) unleashes cross-sectoral operational flexibility AE . dynamic power-to-hydrogen & heat ( P2H2 ) model AE presented , considering heat recovery efficiency variation different loading conditions . Instead incorporating nonlinear P2H2 model operating optimization model MES , paper developed computationally efficient algorithm uses P2H2 model post-evaluation optimal scheduling derived mixed-integer linear programming ( MILP ) -based EMPC . Comparative cases based real data Danish energy island Bornholm , demonstrate effectiveness , robustness proposed method potential value AE 's operational flexibility MESs . results reveal proposed method contributes additional operation cost savings 59 % 38 % compared traditional rule-based strategy economic strategy without P2H2 model . © 2022 Author ( )"
2022,Transition Potential of Local Energy Communities,Technologies for Integrated Energy Systems and Networks,"chapter , authors address role local energy communities ( LEC ) transition toward low- even carbon-neutral energy system . LECs contextualized broader framework energy revolution started Paris Agreements December 2015 led definition 17 “ sustainable development goals ( SDGs ) ” United Nations ( UN ) establishment Clean Energy Package European Commission 2019 . global level , Energy Communities play pivotal role achieve United Nations SDG 7 ( “ Ensure access affordable , reliable , sustainable modern energy ” ) 11 ( “ Make cities human settlements inclusive , safe , resilient sustainable ” ) , former focused rural communities latter focused urban context . even true thinking reducing energy poverty , bringing clean affordable energy rural areas hybrid energy systems , fundamental strategy develop rural contexts also reducing migration toward urban areas megacities . European level , Energy Communities fundamental role consumer-centered energy system consumers prosumers fully engaged play active role single aggregated forms also new forms citizen participation ( citizen energy communities ) . Indeed , LECs provide right framework increasing awareness , engagement , empowerment citizens energy sector . Moreover , LECs considered multi-energy environments different energy systems vectors integrated order optimally exploit synergies among energy non-energy networks ( e.g . water distribution network desalination systems ) . even true dealing “ geographical ” “ energy ” islands local energy communities well identified geographical network boundaries . second part chapter , authors provide vision technologies systems presented book , implemented local multi-energy communities , support achievement goal transition toward carbon-neutral energy systems . Finally , authors present vision future role LECs energy transition , starting experience European Green Deal . © 2022 WILEY-VCH GmbH , Boschstr . 12 , 69469 Weinheim , Germany . rights reserved ."
2022,Development of the Risks from the design of the E-LAND solution to the implementation,"Proceedings of the 32nd European Safety and Reliability Conference, ESREL 2022 - Understanding and Managing Risk and Reliability for a Sustainable Future","E-LAND project developing set tools allow renewable energy actors minimize energy production consumption costs . solution computes optimal scheduler based user ’ data ( e.g. , consumption production capacities infrastructures ) external parameters ( forecast market price ) . Yet introduction new solution existing infrastructures forces adopt new protocols also introduce new risks new functionalities . E-LAND solution , future users must adapt production locally stored data non-local data . project started 2019 reached implementation phase tools different pilot sites . paper compares risks understood beginning project , risks developed project pilot sites handle ownership risks . includes difficulties physical interaction partners third parties ’ operators pandemic . paper also evaluates risk process far : risks foreseen pilot sites accurate , preparation necessary understand handle risk , risks communicated project ? risk manager , focus risk awareness risk communication received good feedbacks partners . hand , foreseen risks arise along project . © 2022 ESREL2022 Organizers . Published Research Publishing , Singapore ."
2022,An adaptive multiagent control system for autonomous economic operation and resilience assurance in a hybrid-energy islanded microgrid,International Journal of Electrical Power and Energy Systems,"Multi-agent control widely recognized effective management system modern microgrids . paper proposes hierarchical distributed multi-agent control system islanded microgrid hybrid-energy resources battery-storage bank . dispatchable dispersed generators online-controlled stabilize islanded microgrid minimize operation cost . non-dispatchable agent assigned bus non-dispatchable generator load . dispatchable agent assigned bus dispatchable generator . control scheme organized three layers . primary control layer comprises agent runs fast local voltage/frequency droop-control battery-storage bank . achieves quasi-instantaneous power balance disturbance maintain frequency voltage stability microgrid . secondary control layer formed fast control algorithms dispatchable agents working 2 ms time step . responsible regulating islanded microgrid frequency voltage minimum participation time battery-storage bank . tertiary control layer made relatively slow control algorithms dispatchable agents working time step 200 ms . copes economic operation microgrid . agent behaves autonomously shares data others via communication links . architecture control algorithms layer presented . Besides , coordination protocol different layers described . scheme implemented parallel Matlab-Jade computing setup . Results case study islanded microgrid analysed compared literature . © 2022 Elsevier Ltd"
2022,The Value of Sector Coupling for the Development of Offshore Power Grids,Energies,"Offshore grids play key roles transition energy systems toward sustainability . Although require extensive infrastructure investments , allow exploitation additional resources may important providing part increasing electricity demands driven sector coupling . paper quantifies socioeconomic value offshore grids identifies major drivers , performing energy system optimization model application northern–central European energy system North Sea offshore grid towards 2050 . increasing wake loss sizes hub-connected wind farms integrated modeling . find without sector coupling offshore grid may develop , higher level sector coupling , higher value offshore grids . Therefore , strongly stated offshore grid infrastructure development discussed separate political topic , seen connection sector coupling . © 2022 authors . Licensee MDPI , Basel , Switzerland ."
2021,Using Automated Finite Element Framework to Analyze Offshore Grid Turbine Blades Design,Lecture Notes in Mechanical Engineering,"paper presents brief overview implementation finite element-based fluid-structure interaction ( FSI ) simulations designing wind turbine blades offshore wind power grids . Although fully coupled formulation incorporating actual problem conditions beyond scope paper , rather paper focuses giving insight potential advanced frameworks available multi-physics simulations , thus , simplified model implemented improve upon subsequently . © 2021 , Author ( ) , exclusive license Springer Nature Singapore Pte Ltd ."
2022,Feasibility evaluation of Stand-Alone energy solutions in Energy-Poor Islands using sustainable hydrogen production,International Journal of Energy Research,"current research presents techno-economic feasibility analysis stand-alone hydrogen-based configurations electrify three poor-energy islands located east Canada ( Pelee , Wolfe , Saint Pierre Islands ) . proposed procedure explores possibility various hybrid energy systems , including wind turbine , electrolyzer , hydrogen tank , diesel generator , fuel cell , supercapacitor , converter , considering two main scenarios ; Scenario : diesel Scenario II : without diesel . real-time field data wind speed , outside air temperature , load demand , diesel price 8760 hr year used . optimization results favored scenario Saint Pierre Island , utilizes 133 wind turbines , 600 kg hydrogen tanks , 600 kW electrolyzer , 200 kW diesel generator , 100 kW fuel cell , 363 701 supercapacitor units , 252 kW converter . combination $ 0.68 ( 16 % ) $ 2 ( 36 % ) lower net present cost ( NPC ) , well $ 0.059/kWh ( 19 % ) $ 0.175/kWh ( 36 % ) lower levelized cost electricity scenario Pelee Island Wolfe Island , respectively . Among solutions scenario , cleanest case found Saint Pierre Island four- three-times lower emissions options Wolfe Island Pelee Island , respectively . economic indicators highly dependent capital cost fluctuations supercapacitor wind turbines components . Sensitivity analysis highlighted lowest values NPC seen inflation rate 2 % within 10 16 m/s wind speed 14 % inflation rate within 12 15 m/s wind speed . effects timestep fluctuation revealed optimizing solutions within samples intervals greater 30 min recommended . © 2022 John Wiley & Sons Ltd ."
2021,Smart energy community: A systematic review with metanalysis,Energy Strategy Reviews,"Smart energy community , energy community many variants name researched since 70s gained prominence last decade . order better understand concept energy community analyze main research trends subject , performed systematic literature review using six databases set carefully chosen keywords obtained preliminary analysis energy community concept many variations . result , literature review shows many concepts overlapping definitions , creates confusion researches readers need standardize terminology used . Results also highlight need analyze synergistic improvement multi-purpose energy communities research energy islands smart communities way simulate , create implement solutions adapt land communities . © 2021 Authors"
2021,Addressing Risks and challenges for the pilot sites installing the E-LAND solution,"Proceedings of the 31st European Safety and Reliability Conference, ESREL 2021","New technology access renewable energy sources enable production electricity new actors energy markets . One actor energy islands , isolated communities produce consume part energy needs . E-LAND project developing toolbox use consumers data external data ( weather , energy prices ) deliver optimal energy schedule , minimizes cost energy production consumption . E-LAND solution support energy islands emerge energy market using new technology , new functionalities , new ways thinking performing operational business processes : changes come new risks . paper presents risks understood managed , firstly project regards pilot sites , constitutes set first users chosen represent different industries energy technologies ; secondly , pilot sites . analysis identified risks top-down approach , based different use cases , designed pilot sites . article focusing development risk half-way completion project , accuracy risks seen pilot sites toolbox installed tested . © ESREL 2021 . Published Research Publishing , Singapore ."
2022,Benefits of an integrated power and hydrogen offshore grid in a net-zero North Sea energy system,Advances in Applied Energy,"North Sea Offshore Grid concept envisioned promising alternative : 1 ) ease integration offshore wind onshore energy systems , 2 ) increase cross-border capacity North Sea region countries low cost . paper explore techno-economic benefits North Sea Offshore Grid using two case studies : power-based offshore grid , investments power assets allowed ( i.e . offshore wind , HVDC/HVAC interconnectors ) ; power-and-hydrogen offshore grid , investments offshore hydrogen assets also permitted ( i.e . offshore electrolysers , new hydrogen pipelines retrofitted natural gas pipelines ) . paper present novel methodology , extensive offshore spatial data analysed define meaningful regions via data clustering . regions incorporated Integrated Energy System Analysis North Sea region ( IESA-NS ) model . optimization model , scenarios run without specific technology ban open optimization . scenario results show deployment offshore grid provides relevant cost savings , ranging 1 % 4.1 % relative cost decrease ( 2.3 bn € 8.7 bn € ) power-based , ranging 2.8 % 7 % relative cost decrease ( 6 bn € 14.9 bn € ) power-and-hydrogen based . extreme scenario offshore grid permits integrate 283 GW HVDC connected offshore wind 196 GW HVDC meshed interconnectors . Even conservative scenario offshore grid integrates 59 GW HVDC connected offshore wind capacity 92 GW HVDC meshed interconnectors . allowed , deployment offshore electrolysis considerable , ranging 61 GW 96 GW , capacity factors around 30 % . © 2022 Author ( )"
2021,EMT real-time simulation model of a 2 GW offshore renewable energy hub integrating electrolysers,Energies,"Due weak nature , low inertia , offshore energy hubs prone un-precedented fast dynamic phenomena . lead undesired instability problems . Recent literature , main focus onshore systems , suggests electrolysers could attractive option support wind generators mitigation balancing problems . paper presents Electromagnetic Transient ( EMT ) model real-time simulation based study dynamics active power voltage responses offshore hubs due wind speed fluctuations . purpose study ascertain ability electrolyser support offshore energy hub different scenarios different locations electrolyser . Two locations Proton Exchange Membrane ( PEM ) electrolysers considered : centralised ( AC common bus hub ) distributed ( DC link wind turbines ) . Numerical simulations conducted RSCAD® 2 GW offshore hub 4 × 500 MW wind power plants 330 600 MW PEM electrolysers show electrolysers effectively support mitigation sudden wind speed variations , irrespective location . distributed location electrolysers beneficial prevent large spillage wind power generation isolation faults within hub . © 2021 authors . Licensee MDPI , Basel , Switzerland ."
2021,Analysing long-term opportunities for offshore energy system integration in the Danish North Sea,Advances in Applied Energy,"study analyzes future synergies Oil Gas ( & G ) renewables sectors Danish context explores exploiting synergies could lead economic environmental benefits . review highlight relevant technologies related projects , synthesize state art offshore energy system integration . preliminary results serve input data holistic energy system analysis Balmorel modeling framework . timeframe 2050 model scope including North Sea neighbouring countries , analysis explores total nine future scenarios North Sea energy system . main results include immediate electrification operational Danish platforms linking shore and/or planned Danish energy island . measures result cost CO2 emissions savings compared BAU scenario 72 % 85 % respectively . platforms cease production , followed repurposing platforms hydrogen generators 3.6 GW electrolysers development 5.8 GW floating wind . generated hydrogen assumed power future transport sector , delivered shore existing and/or new purpose-built pipelines . contribution & G sector hydrogen production amounts around 19 TWh , represents 2 % total European hydrogen demand transport 2050 . levelized costs ( LCOE ) producing hydrogen 2050 around 4 €2020/kg H2 , around twice expected similar studies . account energy policies may incentivize green hydrogen production future , would serve reduce LCOE level competitive sources . © 2021"
2022,Modelling a highly decarbonised North Sea energy system in 2050: A multinational approach,Advances in Applied Energy,"North Sea region , located Northwest Europe , expected frontrunner European energy transition . paper aims analyse different optimal system configurations order meet net-zero emission targets 2050 . Overall , paper presents two main contributions : first , develop introduce IESA-NS model . IESA-NS model optimization integrated energy system model written linear problem . IESA-NS model optimizes long-term investment planning short-term operation seven North Sea region countries ( Belgium , Denmark , Germany , Netherlands , Norway , Sweden United Kingdom ) . model optimize multiple years simultaneously , accounts national GHG emissions includes thorough representation sectors energy system . Second , run several decarbonisation scenarios net-zero emission targets 2050 . Relevant parameters varied produce scenarios include biomass availability , VRE potentials , low social acceptance onshore VRE , ban CCUS mitigation targets international transport industry feedstock . Results show large use hydrogen international transport emissions considered targets ( 5.6 EJ 7.3 EJ ) . Electrolysis preferred pathway hydrogen production ( 6.4 EJ ) , far ahead natural gas reforming ( 2.2 EJ ) . Allowing offshore interconnectors ( e.g . meshed offshore grid Netherlands , Germany United Kingdom ) permits integrate larger amounts offshore wind ( 122 GW 191 GW additional capacity compared reference scenarios ) , substantially increasing cross-border interconnection capacities ( 120 GW ) . biomass available used scenarios across multiple end uses , including biofuel production ( 3.5 EJ ) , high temperature heat ( 2.5 EJ ) , feedstock industry ( 2 EJ ) , residential heat ( 600 PJ ) power generation ( 900 PJ ) . general , results justify development multinational energy system models , spatial coverage lays national continental models . © 2021 Author ( )"
2022,Grid integration and fault ride-through of fractional frequency offshore wind power system based on Y-connected modular multilevel converter,"IET Generation, Transmission and Distribution","Fractional frequency transmission promising solution offshore wind power integration . paper proposes new grid integration scheme fractional frequency offshore wind power system ( FFOWPS ) based Y-connected modular multilevel converter ( Y-MMC ) . get better power quality , novel Y-MMC modelling control method considering frequency leakage presented . Besides , order achieve satisfactory fault ride-through ( FRT ) performance FFOWPS , paper proposes novel FRT strategy . strategy makes use onshore grid voltage offshore grid frequency droop control coordinately control power Y-MMC wind turbines . strategy achieves power balance sides Y-MMC coordinated control , thereby suppressing increase DC capacitor voltage faults . also able support grid injecting reactive power voltage sags . Additionally , new pitch angle control algorithm designed keep balance input mechanical power output active power wind turbines FRT , avoiding rapid rise rotor speed . simulation results MATLAB/Simulink demonstrate good performance FFOWPS wind speed variations validate effectiveness proposed frequency leakage suppression strategy FRT strategy . © 2022 Authors . IET Generation , Transmission & Distribution published John Wiley & Sons Ltd behalf Institution Engineering Technology ."
2021,"Onshore, offshore or in-turbine electrolysis? Techno-economic overview of alternative integration designs for green hydrogen production into Offshore Wind Power Hubs",Renewable and Sustainable Energy Transition,"Massive investments offshore wind power generate significant challenges electricity integrated incumbent energy systems . context , green hydrogen produced offshore wind emerges promising solution remove barriers towards carbon-free economy Europe beyond . Motivated recent developments Denmark decision construct world 's first artificial Offshore Energy Hub , paper investigates lowest cost green hydrogen achieved . model proposing integrated design hydrogen offshore electric power infrastructure , determining levelised costs hydrogen electricity , proposed . economic feasibility hydrogen production Offshore Wind Power Hubs evaluated considering combination different electrolyser placements , technologies modes operations . results show costs 2.4 €/kg achieved green hydrogen production offshore , competitive hydrogen costs currently produced natural gas . Moreover , reduction 13 % cost wind electricity registered electrolyser installed offshore shaving peak loads . © 2021 Author ( )"
2022,Location alternatives generation and elimination of floatovoltaics with virtual power plant designs,Renewable Energy,"floating photovoltaic solar power ( floatovoltaics ) systems ' location alternatives generation elimination application Burdur presented development activity proposed real-time robot platform . Analytic Hierarchy Process weighting method , Weighted Linear Combination decision rule , Ordinary Kriging interpolation method applied input layers like Global Horizontal Irradiance , wind speed , elevation , power networks . 2 procedures proposed presenting discriminated compound floatovoltaics suitability maps water bodies . Possibilistic power output estimations virtual floatovoltaics systems Burdur Lake Karacaoren Dam Reservoir prepared based satellite images , hill shade , bathymetry , future drought analyses , discrete power output estimations Global Solar Atlas . sensitivity analyses also presented investors . capital expenditure estimations made possibilistic approach . water conditions projections scary due many irrevocable water use precipitation problems . Hence , hybrid investments , energy islands ( hydro , photovoltaics , floatovoltaics , similar ) safer risk-averse options . recommended focus sufficiently large , deep calm water bodies . study good kick-off preliminary assessment new floatovoltaics . © 2022 Elsevier Ltd"
2022,"Wave-induced sediment and rhodolith mobility on a narrow insular shelf dominated by wave variability (Fernando de Noronha Archipelago, Brazil)",Continental Shelf Research,"study combines numerical modeling empirical equations define spatial fields wave-induced sediment rhodolith mobility narrow insular shelf subject seasonal wave regime : Fernando de Noronha insular shelf . analyses annual , summer winter wave climates , noticed intense directional variability swell waves coming predominantly opposing directions studied seasons ( northern swell summer southern swell winter ) , reflecting higher wave energy north coast summer lower energy winter . longitudinal transport northern coast , predominantly oriented southwest , also higher summer months lower rest year . describe spatial variation wave-induced mobility summer winter wave conditions , consider empirical sediment movement equations , based mean grain size density values . Carbonate bioclastic sediments , predominant Fernando de Noronha shelf , remobilized waves throughout entire shelf . However , nearshore zone , movement occurs intensely sizes . depth shelf side affected wave-induced mobility vary according wave climate variability determines direction type wave prevailing regime . swell waves come north ( summer scenarios ) , mobility greater mainly northern shelf ; however , trade wind waves come southeast swell waves come south ( winter scenarios ) , greater movement produced south face . Wave-induced sediment mobility occurs depths 60 , near shelf break , indicating importance shelf morphology . movement rhodoliths , presents lower density larger diameter sediments , eventually occurs extreme wave conditions depths approximately 30 areas vary seasonally around island according predominant wave direction . characteristics favorable rhodolith development . results , hope better understand wave action bottoms high-energy island shelves identifying sediment movement patterns attributed wave climate variability morphological characteristics shelf . © 2022 Elsevier Ltd"
2021,A new way to account for large-scale flow effects of large wind farms for offshore energy hubs,WindEurope Electric City 2021 - WindEurope's Annual On- and Offshore Wind Energy Event,[ abstract available ]
2021,Techno-economic system analysis of an offshore energy hub with an outlook on electrofuel applications,Smart Energy,"integration cross-sectoral energy hubs large-scale wind farms opens existing structures new applications contributes achieving renewable energy systems climate protection targets . offshore energy hub concept consists establishing artificially constructed energy conversion distribution hub addresses two energy-related markets power supply public grids potentially enabling conversion renewable electricity hydrogen ammonia supplying ashore . Hence , energy hub concept enables smart integration offshore wind power gas grids . Power generation demand stored green gas able cover residual power loads low carbon intensity . Electrofuel production provides also opportunity export renewable fuels sectors traditionally high greenhouse gas emissions , e.g. , agriculture transportation . contribution energy hub system North Sea modeled simulated determine production quantities efficiencies electricity , hydrogen ammonia . comparing efficiencies production , storage , transport values 45.1–65 % hydrogen values 52–52.3 % ammonia determined . Re-conversion electricity fuel cells hydrogen ammonia less efficient cost worthly use electrofuel applications . emerging potential cost reductions sensitivity analysis performed lower capital costs ( 50 % ) lead cost reductions hydrogen ( 42–45 % ) ammonia production ( 40–42 % ) . Results show energy hubs become sustainable pillars future energy systems improving cost-competitiveness wind power . © 2021 Authors"
2022,A Novel Offshore Grid Forming Control Concept for Parallel VSC HVDC Bipoles,CIGRE Science and Engineering,"North Sea Wind Power Hub consortium , partnership TenneT , Energinet Gasunie , considering AC coupled hub con guration uses multiple VSC HVDC bipoles connected common offshore AC bus transmit wind potential onshore load centers . paper introduces novel grid forming control concept achieve tight voltage angle/frequency control offshore hub avoiding interactions parallel converters . master controller distributes power HVDC bipoles pole-level controllers de ne converter ’ internal voltage magnitude angle . unique dynamic characteristics offshore grids challenges operating grid forming converters parallel discussed . Synchronous Grid-Forming control concepts considered , due characteristics zero inertia offshore grids , posed signi cant challenge avoiding interactions parallel converters . performance proposed grid forming control concept demonstrated using EMT simulations . © 2022 , CIGRE . rights reserved ."
2021,The offshore grid: hybrids and clusters Paving the way to Climate Welf,WindEurope Electric City 2021 - WindEurope's Annual On- and Offshore Wind Energy Event,[ abstract available ]
2021,Enhancement of a Control Concept for Parallel HVDC Link Operation to Increase Flexibility for Offshore Wind Park Grid Connections,"2021 12th International Renewable Energy Congress, IREC 2021","ongoing growth offshore wind parks ( WP ) worldwide lead increasingly complex offshore grid structures long term , requiring high-voltage direct current ( HVDC ) control concepts connections towards onshore . , concepts main focus governmental funded German `` North Seas Offshore Network II '' ( NSON II ) project , considering offshore WP development German North Sea . paper presents accordingly adapted offshore HVDC control concept AC-side parallel HVDC link operation detail compares behavioral differences case direct offshore converter terminal coupling coupling across transformers . Negative impacts obtained regarding unequal power distribution mapping individual converter power limitations , thus control concept enhancements suggested , assessed successfully tested , aiming control concept usage complex AC-side meshed offshore grids studied within NSON II . © 2021 IEEE ."
2021,The offshore grid of tomorrow,WindEurope Electric City 2021 - WindEurope's Annual On- and Offshore Wind Energy Event,[ abstract available ]
2021,Local distribution network management through optimal flexibility scheduling: The Austrian pilot of the Horizon 2020 MERLON project,ICPS 2021 - 9th IEEE International Conference on Power Systems: Developments towards Inclusive Growth for Sustainable and Resilient Grid,"EU electricity system going transition driven increasing penetration distributed energy resources ( DERs ) new energy marker actors , prosumers aggregators . Decentralization electricity generation facilitate integration renewable energy sources , increase security supply decarbonize energy future . benefit opportunities keeping pace transformation power sector evolving needs energy market players , EU Horizon 2020 project 'Integrated Modular Energy Systems Local Flexibility Trading Neural Energy Islands ( MERLON ) ' developed integrated local energy management system ( ILESEM ) support local distribution grid operation high-renewable energy scenario . ILESEM performs multi-level optimization using decentralized intelligence efficient coordination DERs within local distribution grid . way , ILESEM used form self-coordinated self-balanced energy island offering services wider electrical system . algorithmic framework designed optimally schedules battery energy storage , local generation , demand side management offering cost-efficient pathway ( comparison high-CAPEX grid upgrade investments ) active local distribution grid management presence high volumes variable renewable energy . effectiveness DER scheduling Austrian pilot site demonstrated replication solution Indian context explored . © 2021 IEEE ."
2022,CONSTRUCTABILITY ASSESSMENT FOR A NORTH SEA ENERGY ISLAND,WODCON XXIII Proceedings,"constructability assessment performed energy island located Doggerbank area North Sea . basis study tentative island scope dimensions key elements used . Given harsh conditions North Sea , construction methods , equipment logistics chosen assessment primarily based intrinsic robustness . workability defined 3 periods occuring year . summer period 6 months winter period 4 months . Statistically months December January contain adverse conditions year therefore considered idle time . Construction rubble mound sea defences considered possible without protection . purpose temporary cobble barrier proposed , relocated along construction work front . Ultimately cobbles re-used cobble beach proposed defence south island . Early availability work harbour allow optimal supply handling construction materials . Reclamation works , comprising ~150 million m3 , mainly performed number TSHD ’ , well within available market capacity . rock gradings quarry run ( total ~4 million ton ) stock yard storage equal half year production capacity located nearby work harbour . concrete armour units ( 24-34 ton X-blocs ~100 ton cubes ~10 ton cubes underlayer ) casted prefab yard North Sea port , shipped island , stored stock yard nearby work harbour . sea defences constructed simultaneously marine land-based equipment , total work front ~600 , progress ~50 m/wk . amount equipment required large , without exception amongst largest available industry . Special purpose equipment handling placing ~100 ton armour cubes proposed . Total construction time ~7.5 years . Options reduce limited , given time needed preparations early works , size amount equipment already deployed . Reversely , constraints instance licenses could seriously reduce construction possibilities , much care attention needed preparations license applications . Caissons may considered alternative rubble mound sea defences . However , suitable weather windows towing site immersion onto foundation bed may frequent , even summer . Also construction foundation bed , top layer gravel within tight vertical tolerances , particularly easy open sea . hydraulic geotechnical design caisson , associated rock platform berm , considered critical engineering challenge , given unforgiving nature concept . Irrespective sea defence concept chosen , already design phase constructability ( practical reliable construction methods logistics ) must considered well . study provides examples methods . COPYRIGHT © 2022 CEDA ."
2022,Optimization of offshore grid planning considering onshore network expansions,Renewable Energy,"coming years , extensive development offshore wind energy present clear trend clustering offshore wind farms ( OWFs ) . Offshore grid novel concept proposed address problem connecting OWFs integrating large offshore wind energy regional onshore power system economically reliably . Compared traditional electrical systems large OWFs , connection offshore grid demonstrates new features . paper presents tri-level optimization strategy optimize offshore grid planning considering onshore network expansions simultaneously . proposed strategy turns optimization two complicated electrical networks three nested optimization models : ‘ Point common coupling ( PCC ) optimizer ’ , ‘ Offshore substation ( OS ) optimizer ’ , ‘ Offshore grid optimizer ’ . engineering case East China Sea discussed illustrate effectiveness proposed methodology . results show offshore grid demonstrates better overall economic efficiency less marine corridor consumption . addition , proposed methodology make integration large OWFs friendly onshore networks . © 2021 Elsevier Ltd"
2021,Online estimation of dynamic capacity of VSC-HVdc systems - Power system use cases,ETG-Kongress 2021 - Von Komponenten bis zum Gesamtsystem fur die Energiewende,"dynamic capacity describes capability high voltage direct current ( HVdc ) systems operate temporarily beyond guaranteed active reactive power ( P/Q ) limitations specific conditions . work , dynamic capacity intended applied various power system use cases ensure efficient secure grid operation . contrast previous works , dynamic capacity considered holistic view HVdc system 's components . Moreover , overcome existing limitations considering HVdc system design , introduced estimate dynamic capacity based real-time operational data . principle , dynamic capacity could help power system use case temporarily additional capacity required . article details five use cases , including congestion management , voltage support , frequency response , offshore wind overplanting grid planning high interest feature . main HVdc applications , embedded systems , interconnectors offshore grid connection , anticipated time frames dynamic capacity highlighted power system perspective . Also , time-criticality remedial actions outlined . © VDE VERLAG GMBH . Berlin . Offenbach"
2021,Entrepreneurial resource construction through collective bricolage on Denmark’s renewable energy Island: an ethnographic study,Entrepreneurship and Regional Development,"Entrepreneurial resource construction bricolage underappreciated element growing body entrepreneurship organization studies examining bricolage organizational strategy conditions resource scarcity . Drawing in-depth ethnographic data , study Danish island Samsø ’ successful transition renewable energy argues richer understanding positive appraisal entrepreneurial bricolage multifaceted strategy change community level . demonstrating constructed nature resource environments identified Samsø , article argues bricolage , rather revolving around combination already available resources create new entrepreneurial ventures , process involving construction resources achieve change . in-depth understanding process resource construction especially relevant context local sustainable energy transitions , bricolage , context , enable community work towards shared goal without accepting constraints resource-scarce local environment . © 2021 Informa UK Limited , trading Taylor & Francis Group ."
2023,Start-up Control and Frequency Oscillation Control of the 100% Renewable Energy Islanded Grid Fed by MMC-HVDC System,"2023 5th Asia Energy and Electrical Engineering Symposium, AEEES 2023","expansion renewable energy generation larger scale , especially wind photovoltaic , power system high share renewable energy even 100 % renewable energy become primary direction modern power system development . main issue endangering future security stable functioning new power system low inertia issue high proportion renewable energy system currently dealing . Without support synchronous power supply , realize smooth start reliable grid connection system good fault traversal capability face disturbance become difficult hot issues future research . paper , standard system model 100 % renewable energy islanded grid fed MMC-HVDC built based PSCAD/EMTDC . accordance model , paper proposes start-up control scheme frequency oscillation control scheme standard system model 100 % renewable energy islanded grid fed MMC-HVDC verifies effectiveness simulation . © 2023 IEEE ."
2022,Forecasting the electricity pricing of energy islands with renewable sources,Machinery and Energetics,"strategy development local low-power systems involves use several sources . efficiency functioning systems depends purposeful reliability management based rational hierarchical connections structural components . Coordination structure diversified sources participation formation energy balance micro-energy systems conditions dynamic development renewable energy actual research task . purpose research develop method reliability-cost optimization structure micro-energy systems dissimilar sources , based use reliability indicators cost electricity . studies conducted based modern methods applied statistical analysis , theory reliability , synthesis complex multi-aggregate systems . implementation Markov model simulation modeling functioning sources , obtained conditions optimal formation energy balance micro-energy system lowest cost electricity , considering reliability indicators . Computational experiments made possible obtain regularities cost evolution electricity show dependence structure algorithms sources ’ functioning . Using probabilistic modeling method , proved first time cost electricity sensitive ratio availability renewable sources primary energy . practical application results lies increase efficiency energy islands structural algorithmic optimization diversified sources ( traditional renewable ) based determining cost electricity . © 2022 , National University Life Environmental Sciences Ukraine . rights reserved ."
2022,Impedance Stability Analysis and Promotion Strategy of Islanded Microgrid Dominated by Grid-connected and Grid-following Converters; [构网型与跟网型变流器主导孤岛微网阻抗稳定性分析及提升策略],Dianli Xitong Zidonghua/Automation of Electric Power Systems,"100 % renewable energy islanded microgrid system dominated power electronic converters facing severe instability risk due low inertia , weak damping characteristics lack stable frequency voltage support large power grid . First , islanded microgrid system without grid support dominated inverters , sequence impedance model established based harmonic linearization . Besides , influence reactive power loop control delay impedance characteristics analyzed . , based sequence impedance network model , Nyquist stability criterion constructed . impact system parameters steady-state operating point fully considered , influence system steady-state point control parameters stability microgrid system analyzed detail . Furthermore , based results system stability analysis , virtual impedance design method adapts changes system operating conditions proposed , significantly improves system stability . Finally , accuracy theoretical analysis verified based RT-LAB experiment platform . © 2022 Automation Electric Power Systems Press . rights reserved ."
2021,"Energy Islands: Metaphors of Power, Extractivism, and Justice in Puerto Rico","Energy Islands: Metaphors of Power, Extractivism, and Justice in Puerto Rico","Energy Islands provides urgent nuanced portrait collective action resists racial capitalism , colonialism , climate disruption . Weaving together historical ethnographic research , story challenges master narratives Puerto Rico tourist destination site `` natural '' disasters demonstrate fossil fuel economies inextricably entwined colonial practices local community groups Puerto Rico struggled energy coloniality mobilize transform power ground . Catalina M. de Onís documents groups work decenter continental contexts deconstruct damaging hierarchies devalue exploit rural coastal communities . highlights collaborates individuals refuse cruel logics empire imagining implementing energy justice interconnected radical power transformations . Diving deeply energy , islands , power , book engages various metaphors alternative world-making . © 2021 Catalina M. de Onís ."
2022,The EPLANoptMAC model to plan the decarbonisation of the maritime transport sector of a small island,Energy,"Islands identified living labs implementing innovative solutions boost green energy transition . context , energy modelling planning key optimally design future energy system identify appropriate technologies power generation energy system management . research , Marginal Abatement Cost curve method , means EPLANoptMAC model , applied identify optimal energy mix island Favignana , Italy . optimisation uses carbon avoidance cost objective function order consider environmental economic aspects . addition standard technologies photovoltaic battery energy storage demand response technologies include maritime transport heating sectors optimised . Particularly , decarbonisation maritime transport sector utmost importance since represents biggest energy consumption source carbon dioxide emissions small islands . Results show photovoltaic main priority , followed battery energy storages . Electric ferries preferrable hydrogen ones enough renewable energy photovoltaic produced . decarbonisation maritime transportation preferable heating sector required reach decarbonisation targets higher 40 % . © 2022 Elsevier Ltd"
2022,Mitigation of background harmonic amplification caused by offshore wind farm long AC cable integration,IET Renewable Power Generation,"high voltage alternating current transmission submarine cables common scheme integrate offshore wind farms close land . Due capacitive effect AC cables , association long AC cables onshore grid cause resonances , may amplify grid background harmonics . paper focuses mitigation background harmonic amplification caused offshore wind farm integration . First , background harmonic amplification mechanism offshore wind farm integration system analysed qualitatively , mitigation approaches given principle . , taking practical project study case , harmonic modelling methods offshore grid onshore grid elaborated , including harmonic models wind turbines , transformers , cables , high voltage extra-high voltage transmission grid , low voltage distribution network . According established harmonic models , cause background harmonic amplification analysed . basis , two mitigation methods installing series blocking filter shunt filter compared recommended mitigation scheme proposed . Finally , feasibility proposed scheme verified calculation results different grid operating conditions . © 2022 Authors . IET Renewable Power Generation published John Wiley & Sons Ltd behalf Institution Engineering Technology ."
2021,Medium frequency diode rectifier unit based HVDC transmission for offshore wind farm integration,IET Renewable Power Generation,"offshore wind farms main trend wind power development future . medium frequency diode rectifier unit based high voltage direct current transmission system proposed offshore wind farm integration . Unlike conventional high voltage direct current solutions , rated frequency offshore alternating current ( AC ) grid increased 100∼400 Hz proposed system . Besides , grid-forming control scheme wind turbine converters also proposed paper , machine side converter controls direct current ( DC ) voltage grid side converter controls output alternating current voltage global unified reference coordinate system . result , smaller lighter passive components , transformers , alternating current filters reactive power ( VAR ) compensators , could adopted offshore grid , beneficial achieving higher economic efficiency . small stability analysis time domain simulation proposed system carried based simplified model power systems computer aided design/electromagnetic transients including DC ( PSCAD/EMTDC ) respectively , feasibility proposed schemes verified . © 2021 Authors . IET Renewable Power Generation published John Wiley & Sons Ltd behalf Institution Engineering Technology"
2022,"Energy Communities: Technical, Legislative, Organizational, and Planning Features",Energies,"Worldwide , use fossil fuels covers almost 80 % entire energy needs . European Union ( EU ) , 2020 represents watershed : first time , renewables main source electricity . Italy , latest surveys demonstrate increase use alternative energy sources . European legislative framework highlights importance new trends encouraging ( imposing ) use renewables . necessity become proactive energy production–consumption process achievement sustainability targets brings people create Energy Communities ( ECs ) manage energy supply chain . authors present overview main legislative framework EU Italy relation ECs , analyzing energy consumption , electricity heat energy production potentiality , energy balance portion Italian middle‐size city Milan metropolitan area . Moreover , underline technical , regulatory , planning possibilities achieve energy independence , exchanging energy among selected urban district surplus production . Lastly , authors underline strengths barriers development ECs . © 2022 authors . Licensee MDPI , Basel , Switzerland ."
2022,Offshore grid topology optimisation with a geographical information system,Journal of Physics: Conference Series,"novel methodology investigated identify optimise large scale offshore grid topologies connecting multiple wind farms countries . Geographical Information System ( GIS ) setup cluster wind farms create permissive graph topology . purpose propose grid layouts potential hub locations landing points bottom-up fully analytical toolchain , avoiding manual scenario building . coupled market model performs investment optimisation new lines GIS created graph . two-step procedure demonstrated example Baltic Sea Region target year 2040 . found , future offshore topologies benefit bundled transmission paths many clustered wind farms . sensitivity analysis reveals topology results sensitive wind farm location assumptions pre-defined interconnectors hubs . least , capability onshore grid integrate influx offshore wind power level detail modelled , directly reflects topology results offshore grid . concluded optimising future offshore grid quest pan-European scale benefits heavily geo data based pre-processing GIS . © 2022 Institute Physics Publishing . rights reserved ."
2022,Impact of the COVID-19 pandemic on energy islands: The case of Cape Verde,Electric Power Systems Research,"COVID-19 pandemic countermeasures radically affected energy sector . Within matter days , whole countries lockdown causing largest energy impact last decades . study explores pandemic effects isolated power systems Cape Verde , small island-based developing state Africa . Historical data 2013 2021 combined ARIMA-based forecasting estimate COVID-free scenario . results show country 's electricity demand suffered 10 % drop distributed among islands proportionally GDP per capita . energy mix unaffected , lower demand motivated 6 % less emissions . reliability system improved respect previous years , transmission losses increased 5 % due energy theft caused severe economic crisis suffered archipelago . sense , impact revenue energy sector workers quite limited . Furthermore , also studied effects pandemic energy related sectors water desalination transport . recovery started third quarter 2020 marked increased electricity demand , also rapid growth passengers goods transport sector . © 2022 Author ( )"
2021,Offshore Energy Hubs in Sector Coupled European Scenarios: Can Large-scale Wakes Hinder the Development?,IET Conference Proceedings,"Offshore energy hubs moving ideas academic studies reality , Denmark going ahead hub island North Sea Baltic Sea . multi-GW installations planned per hub , provide expected electricity consumption increase driven electrification sector coupling . Large-scale wake losses significant , get larger hub size increases . Hub size impacts also variability hub 's generation . argued impacts significant considered energy system optimisation . However , high capacity factors achieved far-offshore energy hubs still make attractive highly sector coupled future scenarios . © 2021 Energynautics GMBH ."
2022,An Intelligent and Automatic Control of Renewable Production for Flexible Access of Large Offshore Wind Parks,IET Conference Proceedings,"paper presents automatic active power modulation control developed implemented handle potential overload appear case loss one export cables Modular Offshore Grid ( MOG ) installed Belgian Coastal Area . automatic controller , implemented Energy Management System ( EMS ) E L sends setpoints active power different wind parks , total installed power GW taking account current potential ñiture topology ( i.e . potential additional incidents ) forecast ampacity calculated Real Time Thermal Rating system installed cables . robustness reliability system enhanced addition dynamic alarms , automatic detection non-compliant control actions parks local backup protection disconnects automatically cables case prolonged unacceptable overload . © 2022 IET Conference Proceedings . rights reserved ."
2022,From energy islands to energy highlands? Political barriers to sustainability transitions in the Baltic region,Energy Research and Social Science,"European Green Deal strategy targets accelerated sustainability transitions , yet pathways processes thereto differ markedly across EU member-states , particularly energy sector . Politics institutional contexts largely determine transition dynamics . However , sustainability transitions scholarship lacks concrete tools identify political barriers transitions . paper , therefore , asks : political barriers sustainability transitions emerge endure , driving differences transition dynamics across countries ? integrating concepts institutional economics sustainability transitions scholarship ( multi-level perspective ) , paper introduces theoretical framework assess political barriers sustainability transitions institutional contexts . Additionally , paper provides empirical evidence new region sustainability transition research : electricity sectors Baltic states Lithuania , Estonia , Latvia . comparative case study relies 25 semi-structured interviews senior energy policy stakeholders Baltic region , triangulated content analysis policy documents . paper concludes , first , political barriers transitions emerge institutional contexts define policy objectives ( lack thereof ) reinforce ( reduce ) transition processes . Second , political barriers sustainability transitions endure lacking incentives , alongside misaligned rules norms , hinder niche development across countries . analysis suggests policy changes policymakers points future research avenues . © 2022 Author"
2022,Energy governance in Spain,Handbook of Energy Governance in Europe,"Spain lagging behind transition sustainable energy system compared EU member states . unique position energy island , coupled errors energy planning inherited previous government regimes , constitute legacy makes changes system difficult achieve . Current political instability adds difficulties , governance framework characterised lack coordination supremacy central government decision making process , environment traditional energy companies still exert lobby power . continuous changes regulatory framework energy sector hindered investments low carbon sources energy due perceived uncertainty . Small changes right direction observed though , prominent role expected local levels ofgovernment . many measures still originate requirements linked EU commitments initiatives national level need seen . © Springer Nature Switzerland AG 2022 . rights reserved ."
2021,Innovative Energy Storage Concept for Saipem Offshore Wind2Sub™ Application,Proceedings of the Annual Offshore Technology Conference,"Reducing CO2 emissions becoming one core targets countries Paris agreement , sets global framework avoid dangerous climate change limiting global warming 2°C pursuing efforts limit 1.5°C . meet objective also oil gas operators started engage important effort reduce CO2 emissions plants facilities . perspective Saipem developed Wind2Sub , Wind Power Long Subsea Tie-Back ( LSSTB ) concept , pendular floating foundation solution , namely Hexafloat , host wind turbine generator ( WTG ) , utilities needed subsea field development operation ( power distribution , chemical storage injection , control system ) back-up energy system compensate intermittent production due wind persistence , currently diesel generator ( DG ) . present paper explore new solutions ensure continuity energy supply Saipem Wins2Sub , based green technologies . may done collecting generated surplus energy renewable energy system , case WTG topside subsea power storage . adopting Energy Storage System ( ESS ) , possible use energy production wind low null . concept replace diesel generators , carbon fuel , whole system become green self-sustaining , energy island , without CO2 emissions . activities performed concept development articulated following steps : selection two typical oil field scenarios Wind2Sub solution applicable ; screening current technologies store energy selection viable two selected scenarios ; wind conditions WTG power analysis estimation amount energy stored ; preliminary design ESS ; preliminary cost estimation . study carried using digital tool developed Moss Maritime context Proof Concept based Floating energy storage . tool allows evaluate feasibility solution modellization different renewable energy scenarios , demand profiles , simulation operation , pre-sizing systems cost estimation ( LCOE , LCOS , LCOH ) . ESS combined Saipem Wind2Sub described thoroughly present paper explanation results achieved within case studies . © 2021 , Offshore Technology Conference . rights reserved ."
2022,Day-ahead complex power scheduling in a reconfigurable hybrid-energy islanded microgrid with responsive demand considering uncertainty and different load models,Applied Energy,"paper proposes new operation management scheme ( OMS ) next-day complex power scheduling islanded reconfigurable microgrid . Energy supply microgrid comes wind turbines photovoltaic generators renewable dispersed generators ( RDG ) . Meanwhile , two microturbine units fuel cell unit dispatchable distributed generators ( DDG ) . Also , battery bank energy storage system ( BESS ) integrated . microgrid number controllable tie-switches change microgrid configuration supplies residential , commercial , industrial loads different electrical models . loads participate demand control program . OMS mathematically formulated multi-period mixed-integer stochastic nonlinear optimization . decide hourly power share DDG , states control switches , specifications demand response . OMS aims minimize total operation cost , unmet load , curtailed renewable power maintaining technical constraints . uncertainty renewable resources load analyzed OMS Monte-Carlo simulation scenario-reduction approach used reduce computational burden . Besides , new version bat algorithm ( IBA ) developed robust optimization solver . Simulation results comparative evaluation OMS presented using 45-bus case study system prove merits method . © 2021 Elsevier Ltd"
2022,Offshore energy hubs: Cost-effectiveness in the Baltic Sea energy system towards 2050,IET Conference Proceedings,"Offshore energy hubs connect large amounts offshore wind hub generation transmitted onshore , potentially linking multiple surrounding countries . benefits hubs , related meshed offshore grid connect , investigated North Sea . system-wide impacts offshore energy hubs Baltic Sea less studied ; however , region seeing increased interest offshore wind development . paper uses detailed offshore wind generation simulations energy system optimisation investigate cost-effectiveness offshore energy hubs Baltic Sea different scenarios towards 2050 . results show largest deployment offshore energy hubs occurs energy system highly electrified . strongest development offshore energy hubs occurs southern part Baltic Sea . © 2022 IET Conference Proceedings . rights reserved ."
2022,MODULAR ENERGY ISLANDS FOR SUSTAINABILITY AND RESILIENCE – COST ACTION CA20109 “MODENERLANDS”,CESARE Conference Publications,"paper gives overview recently started COST Action MODENERLANDS , aims merge systematize efforts European Research Development ( R & ) groups working Sustainable Energy related technologies , particular wind wave energy sources . COST Action pathways proposed incorporating promoting relevant synergies Research , Education Training enhance Sustainability built environment . MODENERLANDS revisits safe , smart , modular , cost-effective socially valuable high performance sustainable Energy Islands consideration plans , design development future sustainable energy infrastructures . © 2022 , Jordan University Science Technology . rights reserved ."
2022,"Sustainable Development of Energy, Water and Environmental Systems and Smart Energy Systems",International Journal of Sustainable Energy Planning and Management,"34th volume International Journal Sustainable Energy Planning Management includes papers 2021 conference Sustainable Development Energy , Water Environmental Systems ( SDEWES ) held October 10-15 , 2021 , Dubrovnik , Croatia well 7th International Conference Smart Energy Systems held September 21-22 Copenhagen , Denmark two normal papers . focus area issue district heating district cooling systems , articles addressing resources district heating cooling systems , impacts individual district heating metres consumers approaches analysing district heating systems . Another focus area stakeholder involvement two groups researchers focus stakeholders energy island perspective well positive energy district perspective . groups note importance factoring stakeholders devising transition plans . Plans increasing penetration renewable energy sources Estonian , Latvia Lithuanian systems analysed using Backbone model , finding modest increases system costs . Lastly , article sets indicator system assessing environmental performance European Union member states ranking , e.g. , Estonian , Latvia Lithuanian moderate ( Estonia Latvia ) weak ( Lithuania ) terms sustainable energy performance score , based 2019 data . © 2022 , Aalborg University press . rights reserved ."
2022,Energy storage and control for offshore wind,IET Conference Proceedings,"paper describes energy storage onshore-offshore grid boundary used support power systems stability . paper identifies two candidate energy storage power converter technology options assesses options based technical capabilities , technological maturity potential regulatory barriers . paper identifies technologies rapidly maturing however demonstration required establish viability control hardware provide full range grid requirements , including system restoration , across relevant grid conditions . Existing regulatory barriers including system ownership considerations considered prohibitive roll-out . Overall , clear pathway grid forming energy storage provide power systems stability services application . © 2022 IET Conference Proceedings . rights reserved ."
2022,Optimal Secondary Control to Suppress Voltage Fluctuations in an HVDC-Linked Wind Farm Grid,IEEE Transactions on Power Systems,"High-voltage direct-current ( HVDC ) systems using voltage source converters ( VSCs ) developed suppress voltage fluctuations offshore grids due intermittent power generation offshore wind farms ( OWFs ) . paper proposes new strategy optimal secondary voltage control HVDC-linked OWFs . proposed strategy , optimal coordinated control HVDC system OWFs achieved minimize real-time voltage fluctuations throughout offshore grid . full-order dynamic model HVDC-linked OWFs implemented , unobservable uncontrollable state variables eliminated using model reduction algorithm . Given dynamic model , linear quadratic Gaussian regulator designed optimal coordinated control , eigenvalue analysis conducted focusing effects communication time delays stability proposed strategy . Simulation case studies also carried verify proposed strategy effectively improves real-time regulation offshore grid voltages , compared conventional strategies , ensuring voltage stability even relatively large delays communications systems . © 1969-2012 IEEE ."
2022,Techno-economic analysis of biogas production and use scenarios in a small island energy system,Energy,"paper investigates economic , energy environmental benefits given installation anaerobic digester small island . Particularly , island Procida chosen case study production organic fraction municipal solid waste equal 2477 t/year . Three scenarios hypothesized use locally produced biogas , namely : ( ) upgrading biogas injection gas grid residential sector ( replacing 21 % natural gas consumption ) ; ( ii ) upgrading use transport sector ( covering waste trucks , non-organic waste ferry shuttle buses consumptions ) ; ( iii ) use biogas Combined Heat Power ( CHP ) plant ( covering 4 % electricity consumptions ) . scenarios analysed compared economic , emissions energy terms . Although biogas covers small part consumption , still provide relevant contribution island energy system diversifying energy mix increasing renewable energy sources penetration also increasing independence . results show advantageous payback time ( 4–5 years ) , mainly due significant savings maritime transport partial avoidance waste disposal mainland incentives . © 2022 Elsevier Ltd"
2022,50-kW Modular V2G SiC Charger Station in Energy Island Microgrids: a Real Use-Case in Madeira Island,PCIM Europe Conference Proceedings,"Inhabited islands isolated energy microsystems , challenges cost , pollution , robustness , external dependency . Consequently , new solutions needed face climate change penetration electric vehicles . paper describes real use-case Madeira Island , modular multi-protocol fully-SiC 50-kW V2G charging station designed developed . one hand , 4-leg AC/DC converter provides time V2G charging point , grid stabilizer balancing capabilities . hand , modular DC/DC resonant converters used cover wide range voltage power possibilities , adding high frequency galvanic isolation . © VDE VERLAG GMBH , Berlin , Offenbach ."
2022,Simulation of intergranular fracture behavior inside randomly aggregated LiNixCoyMn1-x-yO2 polycrystalline particle,Engineering Fracture Mechanics,"degradation secondary particles caused intergranular fracture important reason capacity fading LiNixCoyMn1-x-yO2 ( NCM ) polycrystalline electrodes . study , chemomechanical damage model established implement simulation fracture behavior different fracture energies , interfacial strengths C-rates . Cohesive elements applied along interfaces randomly distributed primary particles , generated Voronoi algorithm simulate separation lithiation . damage dissipation energy calculated characterize propagation cracks . simulation results showed fracture energy strength primary particles play important role intergranular fracture behavior . Increasing C-rates brings two different aggravating effects fracture secondary particles different cycle stages . extensive propagation main crack suppresses growth secondary cracks high C-rate small fracture energy . Island particles holes appeared many experiments long-term cycling protocol simulated first time . evolution simulated cracks consistent many published experimental images . method results great significance understanding fracture behavior NCM cathodes . © 2022 Elsevier Ltd"
2021,Comparison of star and string offshore dc collector grid topologies on the aspect of stability—an impedance approach,Energies,"Offshore Direct Current ( DC ) collector grids promising technology decreasing installation operation costs offshore wind parks . Nevertheless , stability properties hence design DC collector grids common standardised . Hence , paper describes attempt fill gaps analysing stability two different types DC collector grids—star string—by considering identical operating conditions . approach follows non-parametric formulation impedance based Nyquist Stability Criterion . hyperbolic Π equivalent formulation telegraph equation adopted modelling submarine cable due high capacitance distributed thus conventional 50 Hz Π-model sufficient anymore . Furthermore , paper shows integrate complex dynamics wind turbines overall stability assessment impedance building algorithm . Finally , shown stabilise collector grids means active control parameter changes observed star configuration wind turbines favourable account stability controllability . © 2021 authors . Licensee MDPI , Basel , Switzerland ."
2022,ENERGY ISLAND IN THE NORTH SEA,WODCON XXIII Proceedings,"Danish Parliament agreed initiate realization artificial island realise 10GW offshore wind potential North Sea . Energy Island seen beginning new era future development Danish offshore wind cornerstone green transition . Energy Island located North Sea , 100 km west coast Denmark . Initially , island shall handle 3GW offshore wind power , eventually island shall able receive transmit 10 GW offshore wind power . wind energy produced shall used accelerate green transition energy island serving hub transmitting energy bring value . Compared artificial islands around world , challenging island located water depth 25-30 harsh environment extreme design waves . , even challenging construction point view located far coast limited weather windows marine construction activities . working group investors intending bid construction island become Commercial Co-owner Danish State majority ownership . Pre-qualification bidding planned 2022 2023 . perimeter protection island shall able resist extreme design waves ensure functionality island . perimeter structures likely either rock revetments protected large concrete units concrete caissons whatever optimal considering cost , time risk . island platform formed sand likely dredged borrow areas part North Sea . COPYRIGHT © 2022 CEDA ."
2021,Voltage and reactive power correlation in multi-objective optimization of an offshore grid,Automatika,"last years , many offshore wind power plants installed North Sea construction . Offshore grid would vital integration future offshore wind power plant main land grid . , multi-terminal DC AC cable systems consideration concept future offshore grid . reactive power voltage operating point network important optimized operation . article presents optimization criterion voltage reactive power control offshore AC grid parallel connecting grid-forming converter . Multi-objective optimization problem formulated considering four reactive power management strategies . solution optimization algorithm analysed compared respect active power losses network , voltage variation , reactive power contribution sources . research presents methodology apply suitable reactive power management strategy achieve best optimum operating points . solution provides optimum operating points offshore wind farm reactive power , frequency voltage droop gain values VSC-HVDC system , reactive power sharing factor HVDC transmission . © 2021 Author ( ) . Published Informa UK Limited , trading Taylor & Francis Group ."
2022,North Sea Energy Islands: Impact on national markets and grids,Energy Policy,"Taking concrete steps towards carbon-free society , Danish Parliament recently approved establishment world 's first two offshore energy hubs Bornholm artificial island North Sea . two first-of-their-kind projects , several aspects related inclusion “ energy islands ” current market setup still discussion . end , paper presents first large-scale impact analysis offshore hubs whole European power system electricity market . study shows energy hubs North Sea contribute increase social welfare Europe . However , considering impact country , benefits shared equally . help development projects , focus identification challenges arising hubs . market perspective , show exporting countries affected lower electricity prices point heterogeneous consequences induced new transmission capacity installed North Sea . system point view , show large amount wind energy stresses conventional generators , required become flexible , national grids , always accommodate large imports hubs . © 2022"
2022,HARMONIC DISTORTION PREDICTION METHOD FOR A MESHED TRANSMISSION GRID WITH DISTRIBUTED HARMONIC EMISSION SOURCES – EASTERN DANISH TRANSMISSION GRID CASE STUDY,IET Conference Proceedings,"Tremendous , fast green transition Denmark initiates large-scale grid-integration renewable energy sources , electrification energy consumption , establishment PtX Energy Islands set goals transmission grid development , establishment new connections , grid reconstruction extensive substitution overhead lines ( OHL ) underground cables ( UGC ) . share UGC Danish transmission grid increasing . Presence UGC resulted resonances harmonic impedance characteristics transmission grid brought within harmonic order range coinciding harmonic distortion causing systemwide increase harmonic voltage distortion 400 kV meshed transmission grid . Transformation 400 kV transmission grid arises needs predicting harmonic voltage distortion using simulation models secure adequate power quality support investment decisions harmonic mitigation grid stage yet established differs present grid . paper presents method direct simulation harmonic voltage distortion , developed applied Energinet , Transmission System Operator Denmark , using Eastern Danish 400 kV transmission grid case study . main advantage direct simulation possibility predict whether , transmission grid , harmonic orders , yet commissioned connections may cause violation IEC planning levels mitigation necessary bringing harmonic distortion planning levels given margin . , paper briefly presents directions harmonic assessment Denmark part industrial PhD project Energinet Aalborg University . joint work shall result guideline prediction harmonic distortion meshed grid analytical approach replace observational studies many numerical simulations . © 2022 IET Conference Proceedings . rights reserved ."
2021,Unlocking the UK continental shelf electrification potential for offshore oil and gas installations: A power grid architecture perspective,Energies,"UK Continental Shelf ( UKCS ) oil gas ( OG ) installations traditionally adopted situ power generation , inefficient also generating 70 % offshore CO2 emissions . offshore wind energy storage technologies deep water developing fast pace , enabling great opportunities OG installations located North Sea . paper , pathway UKCS offshore OG installations electrification introduced . aim provide different power architectures facilitate OG installations ’ electrification , benefiting existing planned UK offshore wind power . Four hypothetical case studies ( based real data ) created , along UKCS , corresponding power architectures proposed . selection architecture power component ( e.g. , transformers , converters cables ) , well transmission distribution technology ( e.g. , AC DC ) , also provided justified . , overview cost estimation carried predict architecture capital cost . concluded four architectures mimicked along UKCS also worldwide , promoting UKCS potential world-leading offshore energy hub fostering UK offshore wind-energy resources . © 2021 authors . Licensee MDPI , Basel , Switzerland ."
2022,Energy governance in Latvia,Handbook of Energy Governance in Europe,"chapter provides overview energy governance Latvia . important narrative context energy governance energy security thus independence energy imports , especially Russia . chapter illustrates strategies used pursue goal far approaches available future developments . becomes clear Latvia , high share renewable energies comparison European countries , needs catch area . © Springer Nature Switzerland AG 2022 . rights reserved ."
2021,"Multi-energy islands: Advances in local district heating, cooling and power systems",Applied Thermal Engineering,[ abstract available ]
2022,Dividing the sea into small bidding zones? The legal challenges of connecting offshore wind farms to multiple countries,Journal of Energy and Natural Resources Law,"Massive deployment offshore wind core building block EU ’ climate energy strategy . So-called ‘ hybrid assets ’ used connect offshore wind onshore grid . hybrid asset connection least two countries , offshore wind farms also connected . connection transports offshore-generated electricity shore , facilitating electricity trade additional interconnection capacity . current EU Electricity Market Regulation fit purpose , holding back development hybrid assets . article discusses legal issues regarding hybrid assets , promising solution : offshore bidding zones . © 2022 Author ( ) . Published Informa UK Limited , trading Taylor & Francis Group ."
2021,A multi-terminal HVDC demonstration grid in the north-sea: A cost-effective option,SEST 2021 - 4th International Conference on Smart Energy Systems and Technologies,n HVDC grid North-Sea considered high potential aid energy transition Europe.n HVDC grid North-Sea considered high potential aid energy transition Europe.A High investment cost operational challenges major roadblocks realisation . paper proposes demonstration grid North-Sea shows financially viable project . sensitivity analysis corresponding line capacities base prices performed . Recommendations construction operation grid made regulatory stand point . © 2021 IEEE .
2022,Research on Transmission Scheme of Large-scale Renewable Energy Transmitted Through Series Hybrid DC System,EI2 2022 - 6th IEEE Conference on Energy Internet and Energy System Integration,"order realize collection long-distance transmission large-scale renewable energy `` Three North '' southwest regions China , two renewable energy transmission schemes series hybrid DC system proposed , including renewable energy island transmission grid connection transmission . series hybrid DC system adopts hybrid structure line commutated converter ( LCC ) modular multilevel converter ( MMC ) , make full use advantages LCC MMC . paper presents operation control strategy hybrid DC system two operation modes , designs startup strategy hybrid DC system different operation modes sending end . Finally , simulation model established PSCAD/EMTDC verify feasibility transmission schemes effectiveness control strategy . © 2022 IEEE ."
2021,Water cycle driven only by wind energy surplus: Towards 100% renewable energy islands,Desalination,"paper studies increase share renewable energy using solely stand-alone renewable energies drive water cycle . case study undertaken El Hierro ( Canary Islands , Spain ) , island already path becoming 100 % renewable energy island thanks principally wind-hydro power plant covered around 60 % annual electricity demand 2018 . island 's water cycle includes groundwater extraction , seawater desalination water pumping distribution , representing altogether around 35 % annual electricity demand island . idea investigate possibility driving entire water cycle solely wind energy surplus . purpose , two scenarios considered developed : one based existing decentralised water cycle , second alternative centralised one , one modular reverse osmosis desalination plant centralised water storage system . aim establish model adapts best intermittent energy source wind energy without conventional backup systems . Results show scenarios lead increase overall renewable energy contribution island . Moreover , centralised water model , specially due centralised water storage system , allows higher contribution renewable energy sources , increasing overall annual penetration . © 2021 Authors"
2021,ORION: Shaping shetland as the UK's first green energy Island,"Society of Petroleum Engineers - SPE Offshore Europe Conference and Exhibition 2021, OE 2021","ORION ( Opportunity Renewables Integration Offshore Networks ) project launched April 2020 Shetland Island Council ( SIC ) OGTC formed strategic partnership work energy hub concept Highland & Islands Enterprise ( HIE ) , government industry . Strathclyde University joined May 2021 strategic partner . Shetland critical ingredients clean energy provision significant onshore offshore wind tidal resource ; strategically important hydrocarbon resource ; established oil gas infrastructure ; knowledgeable skilled local workforce . aim ORION threefold : - • enable offshore oil gas sector transition net zero electrification , utilising initially onshore offshore wind , sustaining thousands jobs security supply . • transform Shetland 's current dependency fossil fuels affordable renewable energy address fuel poverty improve community wealth . • create green hydrogen export business Shetland industrial scale harnessing offshore wind power creating new jobs . ORION set several ambitious targets 2050 . include abating 8mT/year CO2 offshore oil gas production ; supplying 32TWh low carbon hydrogen annually - 12 % UK expected requirement ; generating 3GW wind . annual revenue generated project 2050 would around £5Bn per annum provide sustainable employment , locally regionally , 1750 people . Techno-economic screening currently underway , several individual opportunities undergoing concept feasibility analysis . ORION project transformational , local regional scale , positioning Shetland one first green energy islands UK . © 2021 , Society Petroleum Engineers"
2022,An Asymmetric Control Strategy for Bipolar VSC-HVDC Connected Islanded New Energy,"Proceedings - 2022 IEEE International Conference on Energy Internet, ICEI 2022","background vigorously developing new energy power generation technology , photovoltaic , wind power , new energy power generation technologies developed continuously . voltage source converter based high voltage direct current ( VSC-HVDC ) plays important role transmission technology widely used large-scale new energy delivery . reliable flexible bipolar structure adopted improve transmission capacity voltage level VSC-HVDC , however , adoption traditional V/f control strategy bipolar VSC-HVDC system may lead instability due control target positive negative poles . order realizes stable operation bipolar VSC-HVDC system new energy island delivery scenario , asymmetric control strategy V/f control adopted positive converters constant active negative power ( P/Q ) control negative converters proposed . addition , power-balancing control approach , necessary balance active power positive negative poles proposed paper . proposed control strategy simulated case new energy output power fluctuation AC fault , verified control strategy keeps power balance positive negative pole shows excellent dynamic characteristics . © 2022 IEEE ."
2021,Reducing the cost of maintaining the frequency stability using dc grid protection,SEST 2021 - 4th International Conference on Smart Energy Systems and Technologies,"paper quantifies operational cost maintaining frequency stability scenario largest loss infeed originates offshore grid . loss infeed considered temporary , taking advantage fast dc grid protection . power restoration curve used define impact protection stability sensitivity analysis parameters performed . North Sea based grid topology shows significant benefits using faster selective protection . Consequently , FS protection strategy recommended topology . topological changes considerable impact cost meshed system restore power higher level highly cost effective . © 2021 IEEE ."
2021,Techno-economic and environmental assessment of energy vectors in decarbonization of energy islands,Energy Conversion and Management,"Decarbonization transformation power system go beyond integrating large shares variable distributed energy sources ; implies understanding increasing flexibility needs power system breaking barriers process transforming passive users active participants future low carbon energy systems . Unlocking potential final users transforming distributed flexibility providers requires harmonization operation new models association energy communities . Multi-vector energy communities ( MEC ) provide flexibility options , enable integration local energy generation empower energy islands increase self-sufficiency resilience external impacts . line , paper develops unified mixed-integer linear programming ( MILP ) model MEC rigorously assesses techno-economic performances different combinations energy sources , vectors consumers . way , potential different MECs providing flexibility increasing utilization electricity production local renewable energy sources assessed . Based results MILP models , paper proposes novel indicators estimation techno-economic environmental potential different multi-energy vectors decarbonization energy islands . Case study analysis comprises eight scenarios different MEC 's setups realistic data island Ærø Denmark island Vis Croatia , capturing also geographical specificities . results show significant differences across different MEC set-ups well geographical locations , results highlighted : demand responsive electric heat pumps use battery energy storage systems provide stand-out energy potency ensure self-sufficiency smallest capacity electricity production local renewable energy sources , comes growing costs increase storage capacity ; use imported natural gas transition fuel could affordable solution lead fulfilment self-sufficiency environmental goals ; hydrogen energy vector significant potential , especially cases seasonal energy storage needed costs still main barrier ; correlation production consumption patterns island Ærø Denmark favor wind energy , increased capacity production solar plants favorable island Vis Croatia . © 2021 Elsevier Ltd"
2022,UPCOMING CHALLENGES FOR THE CONSTRUCTION OF ENERGY ISLANDS IN THE NORTH SEA,WODCON XXIII Proceedings,"construction energy islands North Sea poses several challengers developers , designers marine contractors . paper , three concepts considered small energy island . concepts compared relative costs , CO2 emission construction constructability . three concepts judged technically feasible , especially risk profile construction shows significant differences . energy island 8 ha typical designs three concepts presented volumes material involved calculated . volumes basis construction analysis concept , associated risk delay due severe weather possible measures reduce risks . construction challenges associated concepts , relative costs CO2 emission construction support authorities developers selecting locations preferred concept energy islands developed North Sea . COPYRIGHT © 2022 CEDA ."
2022,Generation of energetic ions with non-Maxwellian energy distribution from a double-layer target irradiated by an ultra-intense laser pulse,Journal of the Korean Physical Society,"Carbon ions protons double-layer target , copper foil coated polymer exhibit non-Maxwellian spectral shapes , ultra-intense laser pulse high temporal contrast ratio focused metal side target . spectral shapes , showing strong reduction low-energy ions , high-energy island , modulated structure , different typical thermal distribution usually obtained pure metal target laser acceleration ions . case C6 + ion , high-energy island energy spread 0.5 MeV/u observed , separated low-energy spectrum 0.2 MeV/u . modulation proton energy spectrum observed , leads secondary peak 2.2 MeV/u addition peak low energy 1.5 MeV/u . maximum energy obtained double-layer target laser intensity 3 × 1020 W/cm2 3.4 MeV/u C6 + ions 10 MeV/u protons , higher obtained single metal foil factors 1.7 1.3 , respectively . spectral shape energy enhancement could accounted bulk electrostatic field formed metal-polymer interface multi-species interactions . results show spectral shape ion beam tailored adequate structure micrometer-thick target . © 2022 , Korean Physical Society ."
2022,Development and analysis of a solar-based offshore energy system for sustainable island communities,International Journal of Energy Research,"study , solar-based integrated system designed analyzed thermodynamically using first- second-law approaches . sustainable energy island concept developed meet energy commodity demands emerging countries sustainable manner . proposed system utilizes energy island concept solar energy main source provides electricity , freshwater , hydrogen integrating floating photovoltaic system , parabolic collector system , Cu-Cl cycle , multi-effect desalination unit , fuel cell unit sustainable fashion . hydrogen-based system used store energy chemical form compensate time solar radiation available . transient analysis carried realistically determine performance proposed system case study Northern Cyprus considered annual electricity demand . proposed system averagely achieves overall energy efficiency 14.06 % overall exergy efficiency 14.61 % producing total 7.1 ton/h hydrogen , total 115.4 ton/h freshwater , total 362.4 MWp electricity , respectively . © 2022 John Wiley & Sons Ltd ."
2021,DRU based low frequency AC transmission scheme for offshore wind farm integration,IEEE Transactions on Sustainable Energy,"low frequency AC ( LFAC ) technology found competitive solution offshore wind farm integration . article proposed LFAC system hybrid onshore back-to-back ( BtB ) converter , diode-based rectifier unit ( DRU ) modular multilevel converter ( MMC ) based inverter adopted . , article also proposed corresponding control strategies offshore wind turbines , DC link voltage control implemented machine side converter , AC voltage offshore grid controlled grid side converter based fixed reference frame . small signal analysis whole system carried based equivalent circuit , small-signal stability proven calculated eigenvalues . system responses typical operating conditions investigated time-domain simulations PSCAD . Thus , feasibility proposed scheme verified . © 2010-2012 IEEE ."
2022,Implementation of energy management in hybrid renewable energy island systems using soft computing techniques,International Journal of Power Electronics,"Microgrid-based energy management system ( EMS ) designed implemented paper manage energy balance renewable resources load , i.e. , supply-demand balance energy . Wind energy generation done PMSG using method vector control synchronous generator . , investigation modelling control state charge ( SOC ) -based battery management system ( BMS ) microgrid autonomous/islanding mode presented form aggregated battery model . Since BMS critical maintaining optimum performance battery hence , battery system designed present work . results comparative study proposed MPPT techniques , i.e. , CSA , ANN , FLC conventional P & using MATLAB/SIMULINK terms accuracy , electric power efficiency , duty cycle , DC link voltages , load power proposed techniques presented present work . working proposed EMS hybrid PV-wind-battery system verified simulation results using various control algorithms . © 2022 Inderscience Publishers . rights reserved ."
2022,Modelling and analysis of offshore energy hubs,Energy,"Clean offshore energy hubs may become pivotal efficient offshore wind power generation distribution . addition , offshore energy hubs may provide decarbonised energy supply maritime transport , oil gas recovery , offshore farming , also enabling conversion storage liquefied decarbonised energy carriers export . paper , role offshore energy hubs investigated transition offshore energy system towards zero-emission energy supply . mixed-integer linear programming model developed investment planning operational optimisation achieve decarbonisation minimum cost . consider offshore wind , solar , energy hubs subsea cables . sensitivity analysis conducted CO2 tax , CO2 budget capacity power shore . results show : ( ) hard carbon cap necessary stimulating zero-emission offshore energy system , ( b ) offshore wind integration power shore halve current emissions , offshore energy hubs storage may necessary zero-emission production , ( c ) certain CO2 tax levels , system offshore energy hubs potentially reduce CO2 emissions 49 % energy losses 10 % , compared system offshore renewables , gas turbines power shore . © 2022 Author ( )"
2021,The EPLANopt model for Favignana island's energy transition,Energy Conversion and Management,"Energy costs , carbon dioxide emissions , security supply system stability common challenges small islands world . European Union identified islands perfect sites implement innovative solutions boost energy transition towards sustainable , independent , secure low carbon energy system . framework , energy planning indispensable tool optimally design future energy system selecting proper renewable energy sources well optimal flexibility strategies electric energy storage sector coupling solutions . Energy system modelling represents one used method energy planning ; indeed , energy models enable simulate real energy system functioning well operation costs . Nevertheless , many researches using multi-objective optimisation applied insular case studies . paper , EPLANopt model applied case study Favignana Island order investigate optimal configurations island energy system 2050 multi-objective analysis . order appropriately analyse case study non-interconnected island , additional constraint analysed preliminary consider system stability . model used evaluate different energy mix , based high penetration renewables , considering several solutions handling excess electricity production ( namely , electricity energy storage , power heat power transport solutions ) improve overall energy efficiency ( i.e . solar collectors heat pumps ) . Results show sector coupling solutions would lead much greater impact terms carbon avoidance economic savings managing non-dispatchable renewable generation maintaining critical excess electricity production within feasible values . Results show Favignana indeed bet photovoltaic vehicle-to-grid strategies largely adopted need electricity storages strongly reduced . © 2021 Elsevier Ltd"
2022,How Hydrography Is Crucial for Shaping the Renewable Revolution Surveying the Seabed for the Danish Energy Island,Hydro International,[ abstract available ]
2021,The offshore grid hybrids and clusters Paving the way to climate welfa,WindEurope Electric City 2021 - WindEurope's Annual On- and Offshore Wind Energy Event,[ abstract available ]
2021,Research on Flexible Parallel/Off-grid Control Technology of Daily Inverter Power Supply System Based on Ship DC Network,"RASSE 2021 - IEEE International Conference on Recent Advances in Systems Science and Engineering, Proceedings","daily inverter power supply system ship DC network connected ship daily load shore power grid daily load converter . ship DC netting daily inverter power supply system connected / disconnected shore power grid , produce impulse current impulse voltage moment connection / disconnection . Moreover , ship DC network parallel / complex process multiple operating conditions multiple working modes . previous studies taken account . one control strategy used process parallel / off-grid , difficult achieve good results . paper , flexible parallel / off-grid control technology daily inverter power supply system studied according various working states daily load converter ship DC networking . technology adopts different control strategies different periods stabilize impulse voltage impulse current moment parallel / grid . Finally , effectiveness control method verified building simulation model . simulation results show voltage distortion suppressed adding synchronous control ; introduction grid connected control alleviate impact current moment grid connected . According different working conditions ship docking / offshore grid connection process , synchronous control grid connection control adopted time-sharing , realize smooth connection / separation DC network electric propulsion ship shore power . © 2021 IEEE ."
2022,OFFSHORE ENERGY HUBS IN THE DECARBONISATION OF THE NORWEGIAN CONTINENTAL SHELF,Proceedings of the International Conference on Offshore Mechanics and Arctic Engineering - OMAE,"paper studies investment planning decarbonised Norwegian continental shelf energy system considering connection interfaces European energy system . multi-horizon stochastic mixed-integer linear programming model developed problem . consider short-term uncertainties , including wind solar capacity factors , energy load , platform production profiles , hydro power production limits . Hydrogen based energy hubs considered onshore offshore potential renewable power generation , distribution storage . Future hydrogen market demand included model . results multi-period planning towards 2050 show : ( ) offshore energy hubs essentially wind power generation , conversion distribution hubs , ( b ) combination offshore wind power shore may cost-efficient pathway cutting emissions Norwegian continental shelf , ( c ) total 1.6 GW offshore wind may needed achieve near zero emission Norwegian continental shelf energy system , 80 % may added first investment period ( ) offshore grid design important decarbonisation distributing wind power efficiently ; five offshore platform clusters connected least three clusters 2040 , fully connected 2050 . Copyright © 2022 ASME ."
2022,Analysis of Principal Factors on Energy Consumption of Expressway Service Buildings,Energies,"commercial transportation complexes , expressway service buildings large passenger flow poor energy-saving effect , become focus energy conservation emissions reduction efforts transportation field . time , particularity function determines within scope municipal supporting facilities , renders typical energy island-type buildings . paper takes expressway service buildings cold area research object , carries correlation partial correlation analysis factors influencing operating energy consumption air-conditioning system . analysis factors affecting energy consumption expressway service buildings operation period , considering service buildings form heating cooling air conditioners , paper chooses represent “ refrigeration period ” obvious degree influence . time , operation period , ontological characteristics determined according analysis results , outdoor meteorological characteristics main factors affecting energy consumption expressway service buildings . include dry bulb temperature horizontal plane solar irradiance index , well indoor comprehensive environment parameters : temperature , CO2 concentration index , indoor personnel density index . Based analysis , low energy consumption operation strategy air-conditioning system proposed . results article great significance construction energy consumption models expressway service buildings adoption low energy consumption strategies . © 2022 authors . Licensee MDPI , Basel , Switzerland ."
2022,Can Frequency Be Used to Achieve Communication-Less Primary Control in Photovoltaic-Storage Islanded Microgrids?,"2022 Workshop on Blockchain for Renewables Integration, BLORIN 2022","new energy scenario Renewable Energy Sources playing central role especially energy islands concerned . particular , energy islands without synchronous generation , example photovoltaic storage , major interest one aims sustainable transition systems . Microgrid structure Grid-Forming Grid-Feeding inverters need properly managed order cope features usually provided main power grid , i.e . frequency voltage regulation . paper wants provide analytical demonstration even no-inertia islands , system frequency still suitable signal provide frequency regulation thus guarantee power balance primary frequency regulation without need additional communication among generating units . © 2022 IEEE ."
2022,Integrated Control Strategy Supporting the Optimal Management of a 3-kW Vanadium Redox Flow Battery: a Case Study for an Islanded DC Microgrid,"2022 IEEE Energy Conversion Congress and Exposition, ECCE 2022","paper presents integrated control strategy decarbonization islanded DC microgrid including one micro gas turbines ( MGT ) , organic photovoltaic system , wave energy converter vanadium redox flow battery service upstream auxiliary loads off-shore oil rig . optimized energy management system proposed control microgrid power flow objective minimizing CO2 emission supporting MGT exploiting flexibility control specific storage technology achieve high efficiency large energy capacity . novelty relies mixed use techniques , typical energy system planning primary controls , currently grid study operates 2 MGTs provide comprehensive solution verify decarbonize services near future , along economics . © 2022 IEEE ."
2022,Deposition of Co islands on Cu(111) and Cu–Al(111): A comparative study from DFT calculations,Vacuum,"growth behaviors , stability magnetic moments Co islands Cu ( 111 ) surface Cu–Al ( 111 ) alloy surface compared means Density Functional Theory calculations . Similar case Pb-precovered Cu ( 111 ) , found diffusivity Co adatom Cu–Al ( 111 ) lower Cu ( 111 ) , could suppress agglomeration Co atoms Cu–Al ( 111 ) . behaviors could explained different electronic structures surface atoms Cu ( 111 ) Cu–Al ( 111 ) . Co adatoms deposited one monolayer Co island descending Co edge step substrate terrace via push-out/exchange mechanism favored direct hopping surfaces , push-out/exchange descent favorable Cu–Al ( 111 ) Cu ( 111 ) similar “ Schwoebel-Ehrlich ” barrier larger exothermic reaction energy . Island formation energies calculated suggest layer-by-layer growth mode favored Co islands deposited Cu–Al ( 111 ) covered Co films Cu ( 111 ) . agreement experiments , layer-by-layer growth identified Co islands Cu–Al ( 111 ) , suggesting perfect wetting Cu–Al ( 111 ) Co. calculations show Al impurities Cu ( 111 ) enhance stability magnetic moments Co islands , may shed light Co/Cu–Al ( 111 ) potential applications magnetic hyperthermia treatments . © 2021 Elsevier Ltd"
2022,THE CAPCITY MARKET AS A NEW MECHANISM OF SETTLEMENTS IN THE POWER SYSTEM; [WYDZIELONE STRUKTURY W ZDECENTRALIZOWANYM SYSTEMIE ELEKTROENERGETYCZNYM],Rynek Energii,"One trends observed modern power systems gradual decentralization , largely result growing role distributed generation evolution consumers towards prosumerism . role local balancing growing need creation local organizational structures aimed separating part power infrastructure . raises technical also organizational , legal economic challenges . Separate organizational structures function various forms : small producer systems separate energy microsystems ( cooperatives , clusters energy `` islands '' ) . article describes problems cooperation selected energy microsystems power system . © 2022 , Kaprint . rights reserved ."
2021,Overview of sources of microgrids for residential and rural electrification: A panorama in the modern age,Residential Microgrids and Rural Electrifications,"Microgrids operate independently primary energy distribution network ( islands ) synchronized primary energy distribution network . Microgrids small-scale electrical networks often powered combination solar , wind , biomass energy provide reliable green energy , though may use fossil fuel energy resources . Microgrids move energy response peaks troughs supply demand , resulting interruption power supply . microgrid based viable model microgeneration distributed renewable sources energy storage energy management system strategic theme leads breaking paradigms . technology meets requirement constituting independent electrical system configured kind `` energy island . '' generation , storage consumption work connected distribution network . microgrid design seeks integrate distributed generation sources , solar photovoltaic wind energy , efficiently electric grid improve energy quality availability levels . Microgrids generation units locally , based renewable sources energy storage units , allowing operate isolation , local resources , connected electricity grid company 's energy concessionaires . chapter aims provide updated overview sources microgrids technologies , showing fundamentals disruptive technology , incorporating solar energy energy photovoltaic cells , brief bibliographic background featuring potential technologies . © 2022 Elsevier Inc. rights reserved ."
2021,TOGETHER WE CREATE ENERGY ISLANDS,WindEurope Electric City 2021 - WindEurope's Annual On- and Offshore Wind Energy Event,[ abstract available ]
2018,A mechanism for allocating benefits and costs from transmission interconnections under cooperation: A case study of the North Sea offshore grid,Energy Journal,"propose generic mechanism allocating benefits costs result development international transmission interconnections cooperative agreement . mechanism based planning model considers generation investments response transmission developments , Shapley Value cooperative game theory . method provides unique allocation benefits costs considering country 's average incremental contribution cooperative agreement . allocation satisfies axiomatic definition fairness . demonstrate results three planned transmission interconnections North Sea show proposed mechanism used basis defining set Power Purchase Agreements among countries . achieves desired final distribution economic benefits costs transmission interconnections countries trade power time . also show , case , proposed allocation stable . Copyright © 2018 IAEE . rights reserved ."
2020,FRT Dynamic Analysis and Stability Enhancement of MMC-HVDC Connected Offshore Wind Farms Employing Voltage Drop Control,IET Conference Proceedings,"Voltage drop method generally accepted fault ride-through ( FRT ) control VSC-HVDC connected offshore wind farms . However , may lead dc-link voltage fluctuation deteriorate dynamic stability . paper reveals phenomenon first time analyses coupling mechanism . instantaneous power MMC arm phase unit derived indicates dc current component induced offshore voltage drop leads fundamental-frequency ripple dc-link voltage . Two available internal control schemes presented MMC stations improve FRT dynamic stability suppressing dc-link fluctuation . Simulation results show presented energy-based method suppress fluctuation dc-link voltage effectively improve stability offshore grid FRT period . © 2020 Institution Engineering Technology"
2020,Optimal generation and transmission development of the North Sea region: Impact of grid architecture and planning horizon,Energy,"— European Union pushing achieve sustainable , competitive secure energy supply Europe . translated significant long-term renewable energy targets towards 2050 , ambition improve European grid . large share development expected occur North Sea . paper investigates transmission architecture beneficial integrate large shares renewable energy North Sea region , consequences planning horizon planning system towards 2050 analysed . achieved performing investment optimisation generation transmission different scenarios . found : 1 ) integrated offshore grid configuration planned long planning horizon leads cost minimization ; 2 ) grid topology likely influence penetration variable renewable energy , affect contribution variable renewable energy type system costs ; 3 ) taking future account developing energy system likely lead expensive system . results remark importance long-term planning horizon energy systems grid expansion calls political focus planning international cooperation . © 2019 Elsevier Ltd"
2019,Toward a 100% renewable island: A case study of Ometepe's energy mix,Renewable Energy,"Despite generally significant renewable energy potential , islands tend depend imported fossil fuels volatile prices . paper aims provide technical inputs reorganizing energy planning Ometepe Island . result wind solar resource assessments indicates wind power densities 147 W/m2 178 W/m2 elevations 80 120 , respectively , irradiation level 5.3 kWh/m2/day . estimated wind LCOEs significantly lower current diesel plant operating prices . Photovoltaic systems probably become cost-effective 15 years non-subsidized end customers . However , would necessary store energy phase diesel generation , analyses conducted determine possibility pumped-storage hydro plant . annual biogas potential estimated ∼550,000 Nm3 , conjunction electric stoves , could used replace fuels cooking . Electric buses option replacing current diesel-run public buses , advantageous financial conditions reorganization bus schedules would required . Also , street lighting program found cost-effective . renewable energy transformation island might act role model energy transition Nicaragua . © 2018 Elsevier Ltd"
2018,Tuning of cascaded controllers for robust grid-forming voltage source converter,"20th Power Systems Computation Conference, PSCC 2018","origin grid , energy delivered electrical loads mainly synchronous machines . main rules manage grid based electromechanical behavior machines extensively studied many years . Due increase HVDC link renewable energy sources wind turbine PV , power converters massively introduced grid fundamentally different dynamic behavior . years ago , connected simple power injector . , asked provide ancillary services grid , future , grid forming capability required . Even grid-forming converters extensively studied microgrids offshore grids , adapted transmission grid topology may largely modified . paper presents algorithm calculating controller parameters grid-forming converter guarantee stable behavior many different configurations grid . © 2018 Power Systems Computation Conference ."
2019,"A Methodology for Energy Planning in Small Mediterranean Islands, the Case of the Gozo Region",SyNERGY MED 2019 - 1st International Conference on Energy Transition in the Mediterranean Area,"Mediterranean islands heavily dependent fossil fuels deal specific problems small-scale generation electricity , high distribution costs underutilization Renewable Energy Source ( RES ) potential . challenges result high energy costs CO2emissions . order promote shift towards cleaner energy systems , islands invest RES smart solutions sustainable energy supply . present study examines feasibility RES introduction Maltese energy system . research firstly assesses island 's RES potential , environmental constraints energy consumption . Secondly , analyses feasibility increasing RES penetration local energy grid means EnergyPLAN software . outcomes simulated energy scenarios considered different energy mix layouts environmental technical constraints . Lastly , study analyses possibility achieving ambitious target 100 % RES share . © 2019 IEEE ."
2019,Kriegers flak combined grid solution - Novel double use of offshore equipment,IET Conference Publications,"Krieger Flak Combined Grid Solution ( KF CGS ) commercial operation early 2019 . Major novelty project combination existing scheduled offshore wind power grid-connection systems interconnector two countries , Germany Denmark . project shall use equipment offshore wind power transmission interconnector order utilize remaining transmission capacity electricity market fully utilized infeed wind energy . KF CGS comprises platforms three wind farms ( Danish Kriegers Flak German Baltic 1 & Baltic 2 , totalling 966 MW production capacity ) , respecting cable connections towards shore well connection offshore platforms Baltic 2 Kriegers Flak wind farm HVDC Back-to-Back ( HVDC BtB ) converter German shore . HVDC BtB needed establish asynchronous interconnection two synchronous areas Continental Europe ( Germany ) Nordic ( Denmark East ) . © 2019 Institution Engineering Technology.All rights reserved ."
2018,North sea offshore grid - Effects of integration towards 2050,"International Conference on the European Energy Market, EEM","purpose EU energy policy provide 'secure , affordable sustainable energy supplies ' , relying integrated electricity market , security supply , clean energy . practice means ambitious long term renewable energy targets EU 2030 2050 ambitions improve energy grid across Europe . significant share renewable energy development EU expected take place North Sea . Coping large shares variable renewable energy North Sea calls ambitious development transmission capacity interconnections North Sea countries . analyse kind grid infrastructure supports renewable generation development efficiently : integrated approach , conventional individual solution . find early development transmission grid integrated configuration offers cost-efficient solution leading decreasing electricity prices countries except Norway . © 2018 IEEE ."
2019,On the black start of offshore wind power plants with diode rectifier based HVDC transmission,"2019 21st European Conference on Power Electronics and Applications, EPE 2019 ECCE Europe","paper attempts detailed comparison solutions black start Offshore Wind Power Plants Diode Rectifier based HVDC transmission . major challenges control requirements ensure black start operation explained following brief review existing capabilities wind generators . various solutions surveyed part study presented along detailed comparison . Moreover , case study simulated , supported calculations highlight power requirements offshore grid black start , enabling assessment black start solutions discussed . © 2019 EPE Association ."
2020,'Urban Lab City': Investigating the Role of Built Form on Air Quality and Urban Microclimates- City of London Case Study,"PLEA 2020 - 35th PLEA Conference on Passive and Low Energy Architecture Planning Post Carbon Cities, Proceedings","report preliminary findings pilot project titled 'Urban Lab City ' . project investigates influence built form air quality ( Nitrogen Dioxide ) daytime air temperatures City London . study employs network 80 diffusion tubes installed along network streets form transect complex urban setting . street network also part 'urban climate walk ' , used teach urban climatology previously used measure aspects microclimates . Results show dimensions layout buildings ( built form ) significant influence outdoor environment . research presented forms part series connected projects aspects urban sustainability focus building groups rather individual buildings . Together projects demonstrate buildings energy-islands dynamic relationship wider environment . © 2020 PLEA 2020 - 35th PLEA Conference Passive Low Energy Architecture Planning Post Carbon Cities , Proceedings . Rights Reserved ."
2018,Design and optimization of a power hub for brazilian off-shore oil production units,"ECOS 2018 - Proceedings of the 31st International Conference on Efficiency, Cost, Optimization, Simulation and Environmental Impact of Energy Systems","worldwide trend reduce greenhouse gases emissions encouraged researchers study efficient solutions diverse sectors , including Oil Gas Industry . offshore units energized redundant equipment operating low loads , turning energy consumption inefficient increasing environmental impact . work aims identifying optimal design gas steam turbine combined cycle tailored offshore oil production applications . Brazilian pre-salt basin taken case study improve operational efficiency reduce CO2 emissions floating oil production units . idea concentrate power supply floating power plant , composed combined cycle power blocks . model developed , integrating design gas turbine , heat recovery steam generators ( single pressure double pressure ) , steam turbine condenser . Genetic algorithms applied two optimization approaches , single-objective multi-objective . Three parameters evaluated : equipment purchase cost , thermal efficiency total weight . results multi-objective optimization indicate dual-pressure arrangement steam cycles , featuring 3 gas turbines , 1 HRSG 1 steam cycle , could attractive design solution power hubs . arrangement low cost weight , thermal efficiency maintained reasonable high level ( around 53.2 % ) . Moreover , results indicate introducing power hub , CO2 emissions may reduced 18.7 % 27.2 % compared conventional FPSO design . © 2018 University Minho . rights reserved ."
2021,Point-To-Point Low-Frequency AC Transmission of Offshore Wind Power Using Voltage Source-Based AC/AC Converter,Lecture Notes in Electrical Engineering,"paper approaches alternative way transmitting wind power low-frequency AC ( LFAC ) mode offshore grid onshore grid . onshore station , voltage source converter ( VSC ) -based AC/AC converter implemented study . Replacing cyclo-converter connecting wind power weak grid even passive network . Whereas cyclo-converter limitation connecting stiff grid . approach gives competitive options VSC high voltage DC ( HVDC ) regards multi-terminal HVDC network problem transmission distance power transfer improves using LFAC ( 1/3 nominal frequency ) approach . also facilitates independently controls AC voltage active power requirement . requirement filter also decreased normally line commutated converter ( LCC ) -based cyclo-converter . , wind power LFAC interfaced type AC network using VSC-based AC/AC converter . © 2021 , Springer Nature Singapore Pte Ltd ."
2017,Review on DC collection grids for offshore wind farms with high-voltage DC transmission system,IET Power Electronics,"Traditionally , network composition offshore wind farms consists alternating current ( AC ) grid ; outputs wind-energy conversion units ( WECUs ) wind farm aggregated AC bus . WECU includes : wind-turbine ( WT ) , generator power transformer . DC collection grid , outputs WECUs aggregated DC bus . transformer WECU replaced converter compact smaller size compared transformer , thus simplifying wind farm structure . use AC offshore grids instead DC offshore grids mainly motivated availability protection devices . Efficient solutions protect DC grids already addressed . Presently , operational DC wind-farms , small-scale prototypes investigated worldwide . Therefore , suitable configuration DC collection grid , practically verified , available yet . study discussed main components required DC grid including : WT-generator models , control protection methods , platform structure , feeder configurations . key component DC grid converter ; therefore , study also reviews topologies converter suitable DC-grid applications . © 2017 . Institution Engineering Technology ."
2019,Modeling of multiterminal HVDC offshore grids with renewable energy and storage integration by opensource tools,"2019 Offshore Energy and Storage Summit, OSES 2019","increasing offshore wind penetration levels , secure flexible offshore electrical transmission systems needed ensure security supply onshore users . considering long distances electrical power transmission , HVDC grids based modular multilevel converter ( MMC ) solution present future large scale offshore wind integration . HVDC grids developing large complex systems , dynamic analyses useful gain knowledge interactions different components grids . paper uses open source tool OpenModelica modeling environment demonstrate potential tool modeling HVDC systems . three-terminal HVDC system offshore wind energy storage integration implemented OpenModelica , dynamics system investigated four simulation cases . main focus paper dynamics operation related HVDC system . simulation results show MMCs improve rapid power fluctuations using internal storage capabilities , external energy storage system provides constant power flow extensive periods , addition improving operation HVDC system . models used paper made publicly available anyone purpose , including future studies larger HVDC grids . © 2019 IEEE ."
2018,A generic framework for power system flexibility analysis using cooperative game theory,Applied Energy,"Electricity grid infrastructures provides valuable flexibility power systems high shares variable supply due ability distribute low-cost supply load centers ( spatial ) , addition interlinking variety supply demand characteristics potentially offset others negative impact system balance ( temporal ) . paper , present framework investigate benefits alternative flexibility providers , fast-ramping gas turbines , hydropower demand side management , using generation transmission capacity expansion planning model . demonstrate findings multinational case study North Sea Offshore Grid infrastructure typology year 2016 operational data year 2030 – considering range renewable capacity levels spanning 0 % 100 % . First , show different flexibility providers allocated geographically model . Second , operational cost savings quantified per incremental unit flexible capacity . Finally , present way rank different flexibility providers considering marginal contribution aggregate cost savings , reduced CO2 emissions , increased utilization renewable energy sources system . Shapley Value cooperative game theory allows us assess latter benefits accounting possible sequences technology deployment , contrast traditional approaches . presented framework could help gain insights energy policy designs risk assessments . © 2017 Elsevier Ltd"
2020,Risk and security practices: Experiences from the e-land project,Proceedings of the 30th European Safety and Reliability Conference and the 15th Probabilistic Safety Assessment and Management Conference,"increasing availability renewable energy sources high expectations end-users regarding energy dependability forced re-thinking full potential energy supplies released . E-LAND European project concept develop service bus application enabling energy islands optimize management energy production consumption , focuses communities end-users ’ needs instead addressing system operators ’ requirements . new organization energy market , risk ownership devices energy costs shared energy islands , grid owner energy supplier . support energy islands new role , E-LAND final product must add risk management energy . Thereby , risk assessment performed ensure concept , solution , application delivered E-LAND safe , secure , reliable . paper describes project risk management E-LAND project gives examples future potential users , best practices access , communicate manage project risks multi-disciplinary international partners . E-LAND solution needs collect data users , article also addresses risk regarding privacy/security , particular risk understood communicated mitigations ensure final product agreement standards . © ESREL2020-PSAM15 Organizers.Published Research Publishing , Singapore ."
2019,"Understanding the social dynamics of consumer energy choices - Some lessons learned from two H2020 projects (ECHOES, SMARTEES)",Eceee Summer Study Proceedings,"paper presents analyses based data two H2020 projects coordinated author . ECHOES , energy choices consumers studied multilevel perspective , including particularly question , choices framed group choices ( e.g. , choices people living particular region , city country ) differ choices framed individual choices . Results representative multinational survey 18,000 respondents conducted EU member states plus Switzerland , Turkey , Norway presented . survey , online experiment conducted manipulating predictors energy saving behavior introduced choice connection people region , country , European Union . analyses show intentions support Energy Transition energy saving behavior impacted degree person embraces environmental identity , feeling morally obliged ( personal norms ) , feeling individual efficacy , also social norms degree identification people respective geographic entity ( municipality , country , EU ) . Citizens different countries differ strongly degree identify municipality EU relation country degree strong perceive social norms individual efficacy municipality country relation EU . Whereas identification EU usually rather low countries , social norms save energy experienced stronger EU level lower levels . Also , efficacy perceived higher EU level . findings supplemented preliminary findings SMARTEES project , studies diffusion five types social innovations energy ( inclusive mobility planning , energy autonomous islands , introducing car-free “ superblocks ” cities , city quarter revitalization energy effectivization , fighting fuel poverty participatory energy efficiency plans ) . paper , first findings ongoing social network analyses social innovation cases presented , outlining key actors innovation cases - underlining important function communication , interaction decision-making groups . Two cases selected ( Danish “ Energy Island ” Samsø Swedish eco-neighbourhood Augustenborg Malmö ) . cases , becomes obvious successful social energy innovations require collaboration complex network actors sitting key positions social networks . Long term restructuring local societies requires individuals ability engage larger fractions diverse network different actors . Across projects , paper makes strong case studying consumer-driven energy choices towards energy sufficiency innovation social systems perspective , rather technological overly individualistic perspective . © 2019 European Council Energy Efficient Economy . rights reserved ."
2019,Multi-vector energy optimization tools for energy islands,"2019 IEEE Milan PowerTech, PowerTech 2019","Synergies multiple energy vectors support decarbonization local energy islands , time , relieve stress electricity grid . Multi-vector energy systems offer flexibility integrate variable economic local energy generation . However , implementation operation multi-vector energy systems face technical , societal business-related challenges . paper identifies challenges proposes different tools tackle . tools developed E-LAND project funded European Union H2020 scheme . Special focus paper developing method optimal planning operation multi-vector grid considering robustness . Another novelty technical tool lies making scheduling decisions long-term short-term storage considering demand response flexibility resource . combining technological , societal business tools , project expects create multi-vector energy systems accepted citizens viable business model . © 2019 IEEE ."
2019,Towards 100% renewable energy islands: The role of the water cycle,"ECOS 2019 - Proceedings of the 32nd International Conference on Efficiency, Cost, Optimization, Simulation and Environmental Impact of Energy Systems","El Hierro Island ( Canary Islands , Spain ) become referent 100 % renewable energy island . Gorona del Viento Wind-Hydro Power Plant already covers around 60 % annual electricity demand ( 2018 ) , often hitting peaks 100 % . context , energy-water nexus one pillar become 100 % renewable energy island . Water resources management , includes groundwater extraction , seawater desalination , water pumping distribution , represents around 35 % annual electricity demand island , clear sign interdependency energy water . context , aim study propose strategy increase share renewable energies supplying water cycle load wind energy . potential surplus wind energy estimated , concluding wind production could theoretically increased 28 % ( wind energy currently produced ) . Therefore , scenario proposed supply whole water cycle ( groundwater extraction , seawater desalination , pumping distribution ) wind energy propose strategies needed guarantee water supply whole year . According results , coupling wind energy water cycle contribute better integrate intermittent renewable energy generation also decarbonization desalination sector . © 2019 Efficiency , Cost , Optimization , Simulation Environmental Impact Energy Systems.All rights reserved ."
2019,Coordinated voltage and reactive power control scheme of HVAC meshed offshore grid of offshore wind power plant at Kriegers flak,IET Conference Publications,"Kriegers Flak Combined Grid Solution ( KF CGS ) first hybrid-asset project utilizing offshore HVAC/HVDC interconnector already established under-commissioning large offshore wind power plants East Denmark Germany Baltic Sea . total , KF CGS utilizes 520 km HVAC cables , , Danish side , 200 km 220 kV cables arranged meshed offshore transmission grid . cables approach critical lengths , reactive power generation dependant active power transfer . Danish side , control realized automatic voltage reactive power control ( AVR/RPC ) several switchable variable reactors transformers tap-position controllers , Wind Power Plant Controllers ( WPPC ) . German side , voltage control achieved HVDC Back-to-Back WPPC part Optimal Power Flow ( OPF ) Master Controller Interconnector Operation ( MIO ) . paper introduces overall control KF CGS presents proposed coordinated voltage reactive power control assets Danish side KF CGS interconnector . © 2019 Institution Engineering Technology . rights reserved ."
2018,Estimation of investment model cost parameters for VSC HVDC transmission infrastructure,Electric Power Systems Research,"Investment model cost parameters VSC HVDC transmission infrastructure continue associated high uncertainty validity remains crucial challenge . Thus , key objective analysis identify new cost parameter set providing better investment cost estimates currently available cost parameter sets . parameter estimation based previously conducted review investment model cost parameters including collection existing cost parameter sets project cost reference data . using particle swarm optimisation , overall error function review 's evaluation methodology minimised obtain optimal parameter set . results show , however , optimised parameter sets far realistic useful , improved overall error function developed . Effectively penalising negative near-zero cost parameter coefficients , new overall error function delivers realistic well-performing cost parameter set minimised . fact , new parameter set produces better cost estimates back-to-back , interconnector , offshore wind connection projects existing cost parameter sets . Therefore , valuable contribution shall considered future grid investment analyses involving VSC HVDC technology . © 2018 Elsevier B.V ."
2018,Expansion planning of the North Sea offshore grid: Simulation of integrated governance constraints,Energy Economics,"development offshore transmission wind power generation North Sea Europe advancing fast , significant barriers integrated offshore grid region . offshore grid multi-level , multi-actor system requiring governance decision-making approach , currently proven governance framework , expansion planning European power system general . addition , existing offshore expansion planning models endogenously include governance considerations , country vetoes integrated lines . develop myopic Mixed-Integer Linear Programming model offshore generation transmission expansion planning study effect integrated governance constraints . constraints limit investments integrated lines : non-conventional lines linking offshore wind farms countries farms . constraint affects system ( including main transmission corridors ) , transmission technologies welfare distribution differently . apply model long-term case study 2030–2050 offshore expansion pathways using data e-Highway2050 project . Results confirm offshore grid beneficial society . Integrated governance constraints induce modest loss social welfare , change significantly existing welfare distribution asymmetry countries actor groups . strongly affect interaction line technologies types ( conventional integrated ) , impact integrated governance constraints visible grid topology welfare levels distribution . highlight need consider technology type interactions expansion planning , especially multiterminal HVDC integrated transmission lines . Also , offshore governance framework address use multiterminal HVDC non-integrated grid , second-best option compared integrated grid . © 2018 Authors"
2017,Cluster-based DC grid control strategies applied to a European offshore grid scenario,"2017 52nd International Universities Power Engineering Conference, UPEC 2017","paper presents novel cluster-based approach operation control multiterminal offshore high-voltage dc ( HVDC ) grids equipped voltage source converter ( VSC ) technology . conventional optimal power flow algorithms ac transmission systems focus minimizing generation costs , wind forecast uncertainties future bulk power transfers preset contracts Transmission System Operators require new concepts control future offshore multiterminal dc ( MTDC ) grids . Based already installed future planned offshore wind farms North Sea , power generation wind farm one time step using specific wind power curves including limited availability , wake effects dynamic shut well method allocate wind power plants HVDC offshore converter stations outlined . sequential Newton Raphson acdc power flow algorithm developed cluster MTDC grids different zones assuring export power wind farm clusters different control market areas . two main control objectives MTDC grid operation minimum grid transmission losses fulfilment guaranteed power transfers specific market areas . provide proof overall applicability , acdc power flow simulations carried specially developed future European Offshore Grid Scenario using real forecasted offshore wind speed data . © 2017 IEEE ."
2019,Planning a meshed HVDC offshore grid in the North Seas,CIGRE Science and Engineering,"many regions world , offshore wind energy expected become major energy resource upcoming decades . case European North Seas , 205 GW installed offshore wind parks expected developed 2050 according ambitious scenarios . transfer offshore wind energy shore , dedicated network infrastructure required . significant part wind energy also located far shores , use HVDC technology probably required . Thanks ongoing development HVDC breaker technology related protection systems , meshed HVDC offshore grid linking offshore wind parks onshore grids different countries developed . Several studies already demonstrated development grid North Sea bring substantial benefits . grid used evacuation offshore wind energy , also exchange power different North Sea ’ countries possibly benefits supporting stability onshore AC grids . purpose paper present results prefeasibility study meshed offshore HVDC grid North Sea looking economic technical feasibility , carried context European H2020 project “ PROMOTioN ” . prerequisite prefeasibility study definition set technical criteria need fulfilled meshed HVDC offshore grid . planning criteria well defined onshore grids ( e.g . N-1 security criterion ) , case offshore grids : standard guideline plan grid . paper begins thus drafting set planning criteria offshore grid , based review planning criteria onshore grids , connection offshore wind farms HVDC interconnectors . Furthermore , unique way develop European offshore grid . Several strategies development possible feasible , could consequently lead different offshore grid structures ( topologies ) . challenges dependent strategy applied . paper develops possible “ Concepts ” future offshore grid . Finally , two specific concepts analysed detail , developing corresponding grid structure time period 2020-2030 , analysing corresponding costs benefits . © 2019 , CIGRE . rights reserved ."
2018,Substations for offshore wind farms: A review from the perspective of the needs of the Polish wind energy sector,Bulletin of the Polish Academy of Sciences: Technical Sciences,"Offshore renewable energy , particular offshore wind energy sector , still developing many countries around world . Wind offshore projects characterized need build offshore electric power transmission infrastructure . Offshore substations key element submarine electric power transmission systems . Due environmental conditions , offshore substation constructed indoor facility located platform . Depending offshore wind farm capacity , various solutions platform substructure designs used substation . Numerous economic technical analyses indicate significant potential development offshore wind energy Poland . 2030 , potential set 6 GW installed capacity , taking account 2.2 GW power included connection agreements concluded . main objective paper present prospects development offshore wind energy Poland , describe various offshore substation solutions different aspects substation operation . Offshore wind energy resources power capacity also presented . Moreover , solutions offshore substation platforms , electrical equipment layout , functions offshore substations power systems offshore substation designs described . © 2018 De Gruyter Open Ltd. rights reserved ."
2020,Steady-state Operation Area of VSC-HVDC Converter Station Connecting Renewable Energy Cluster by Isolated Network,E3S Web of Conferences,"large-scale renewable power island connected VSC-HVDC transmission system , figure steady-state operation area VSC-HVDC converter station . Based equivalent model renewable energy island , constraints VSC-HVDC converter station analyzed , fast method calculating steady-state operation area converter station presented paper . influence equivalent line impedance renewable energy island , transformer ratio converter station voltage setting value grid-connected point steady-state operation area converter station analyzed . three-dimensional view steady-state operation area converter station different grid-connected voltage depicted . © 2020 Authors , published EDP Sciences ."
2018,Economic and environmental benefits from integrated power grid infrastructure designs in the North Sea,Journal of Physics: Conference Series,"North Sea Offshore Grid ( NSOG ) considered important contributor towards large-scale integration renewables electricity market coupling . Different typologies studied multinational power grid , ranging radial point-to-point connections integrated meshed typologies . artificial island enables high level integration offshore wind power transnational trade due economies scale . paper present multiple case studies Power Link Island ( PLI ) visioned TenneT Doggerbank area . results demonstrate capabilities island could add significant value system result efficient use geographically spread , cost-efficient resources . However , depending future level grid integration generation mix , added value PLI varies e0.15bn e20bn . Consequently , could result 18 % efficient utilization renewable resources , primarily offshore wind , significant reductions CO2 emissions . © Published licence IOP Publishing Ltd ."
2019,Optimal dispatch of hybrid energy islanded microgrid considering V2G under TOU tariffs,E3S Web of Conferences,"order achieve prospective economic effect renewable energy generations vehicle grid ( V2G ) , paper proposes optimal dispatch method wind-PV-battery microgrid considering V2G time-of-use ( TOU ) tariffs isolated communities remote islands mountainous areas . cooperative dispatch strategy optimal dispatch model presented total operation cost minimization higher utilization renewable energy generation . Finally , simulation results show proposed method effective feasible . © 2019 Authors , published EDP Sciences ."
2019,Impedance-based analysis of harmonic instabilities in HVDC-connected Offshore Wind Power Plants,International Journal of Electrical Power and Energy Systems,"HVDC-connected Offshore Wind Power Plants ( OWPPs ) large number power converters prone instabilities due interactions converter controllers . paper analyzes harmonic instabilities OWPPs connected HVDC due interactions offshore HVDC converter wind turbine converters . impedance-based model used represent detailed OWPP fully-rated converter based wind turbines , including offshore HVDC converter , wind turbine converters , submarine cables transformers offshore AC grid . Harmonic stability evaluated grid connection point offshore HVDC converter WT grid side converters . result , influence parameters converter control systems offshore grid configuration harmonic resonant frequencies stability conditions analyzed depth sensitivity analysis . Active damping implemented feed-forward control coordinated converters mitigate harmonic instabilities . Examples harmonic instabilities active damping application validated time domain simulations PSCAD/EMTDC . © 2018 Elsevier Ltd"
2019,Fault Ride-Through of Fractional Frequency Offshore Wind Power System Based on Modular Multilevel Matrix Converter,APAP 2019 - 8th IEEE International Conference on Advanced Power System Automation and Protection,"fault ride-through ( FRT ) capacity become important grid requirement fractional frequency offshore wind power system ( FFOWPS ) based modular multilevel matrix converter ( M3C ) . paper , novel joint fault ride-through strategy proposed , employs land grid voltage versus offshore grid frequency droop control M3C . , control system wind turbines adjust generated active power wind based offshore grid frequency . Different form previous research , proposed joint control method maintain stability M3C DC capacitor voltage premise satisfying reactive power support grid fault condition . Simulation results validate fault ride-through capability FFOWPS MATLAB/Simulink . © 2019 IEEE ."
2020,Addressing cybersecurity in Energy Islands,"30th European Safety and Reliability Conference, ESREL 2020 and 15th Probabilistic Safety Assessment and Management Conference, PSAM 2020","Addressing cybersecurity threats energy island balancing technical infrastructure assets risks business needs protecting data unwanted unintentional information disclosure . Every organization implementing smart grid functionality address cybersecurity issues diverse complex organization . Especially relying existing legacy systems infrastructure interoperate new assets connected smart grid . potentially introduces new operational risks operator . paper summarizes identified cybersecurity risks relevant energy island identified development phase E-LAND toolbox . risks include local energy systems operator 's exposure existing legacy operational systems infrastructure , security privacy concerns multi-cloud environments , asset hardening integration requirements , establishing common baseline network security best practices , data ownership management name . risks discussed detail exemplified general use case examples suggested mitigations risks provided . Copyright © ESREL2020-PSAM15 Organizers.Published Research Publishing , Singapore ."
2018,On modeling-based elements of an intelligent system for cost-effective dispatching of energy islands with photovoltaic sourcing,International Scientific and Technical Conference on Computer Sciences and Information Technologies,"paper introducing character aims constructing intelligent cost-effective dispatching system business energy islands renewable sources . idea combine cost-effectiveness energy-information dispatching energy islands renewable sources . important emphasize energy-information efficient dispatching approach consider on-line , medium long-term time lags . principles proposed approach based inductive modeling method . © 2018 IEEE ."
2018,Innovative energy islands: Life-cycle cost-benefit analysis for battery energy storage,Sustainability (Switzerland),"Cities concentrations economic , social , technical assets , fundamental addressing climate change challenges . Renewable energy sources growing fast cities mitigate greenhouse gas emissions response challenges . transition urban decentralized energy shares technical economic characteristics energy islands . reflected island energy systems essentially operate off-grid modus operandi offer lessons small-scale urban systems . expansion urban areas , communities , especially small-scale ones , sometimes away main power infrastructure . Providing power supply communities would require significant investment existing power system , either improve grid infrastructure power supply facilities . energy islands time lent energy innovation including smart grid battery storage applications . research conceptualize urban energy communities benefitted knowledge transfer energy islands several fronts . specifically put forward life-cycle cost-benefit analysis model evaluate economics battery storage system used small communities life-cycle perspective . research put forward novel cost-benefit analysis model . results show inclusion externalities improve economic value battery systems significantly . Nevertheless , economic performance still largely dependent several parameters , including capacity cost , discharging price , charging cost . conclude existing electricity price structures ( e.g. , using household electricity price benchmark ) struggle guarantee sufficient economic returns except favorable circumstances ; therefore , governmental support deemed necessary . © 2018 authors ."
2018,The Lee Rowan School of Power Plant Technology,Power,"Williamson College Trades ' Power Plant Technology program provides hands-on training learners within student-run power plant , known `` Energy Island . '' program , students exposed innovative power technologies , including combined heat power system , generates electricity school 's grid supplies steam distribution network serving several campus buildings . Specifically , students Lee Rowan School Power Plant Technology gain valuable practical experience , preparing positions power utilities industries operation college power plant maintenance utilities . Graduates program hired utilities , industrial power facilities , refineries , manufacturers , consulting firms power plant operators , stationary engineers , field service technicians , instrumentation controls technicians , electrical/mechanical maintenance technicians . Students learn nuclear , fossil fuel , hydroelectric , combined cycle , power generation system theory , well basic principles electricity , electrical power , motor controls , wiring diagrams , engineering mechanics , mechanical electrical systems ."
2020,Low-Carbon Community Adaptive Energy Management Optimization Toward Smart Services,IEEE Transactions on Industrial Informatics,"rapid development society economy increasing seriousness environmental problems , renewable energy high-quality energy services low-carbon communities become popular research topics . However , large number volatile distributed generation power systems community connected grid . difficult stabilize efficiently interact fragmented isolated energy management systems , difficult meet energy management needs terms low-carbon emissions , stability , intelligence . Therefore , considering operation costs , pollution control costs , energy stability , plug-in hybrid electric vehicles , article proposes regional energy supply model called community energy Internet builds low-carbon community energy adaptive management model smart services . , address energy supply instability , adaptive feedback control mechanism developed based model predictive control introduced adapt changing environment . Finally , long short-term memory-recurrent neural network-based Tabu search introduced prevent multiobjective particle swarm optimization algorithm easily falling local optimum . simulation results show proposed model effectively realize optimal allocation energy , solves problem fragmented energy islands caused distributed power access . method quality service benefits users , cost , time , stability , realizes wide interconnections , high intelligence , low-carbon efficiency community energy management . © 2005-2012 IEEE ."
2019,Why not wye-wye transformers?,"2019 IEEE Petroleum and Chemical Industry Committee Conference, PCIC 2019","2013 campus consisting 14 buildings associated wye-wye transformers ranging 500 1000 kVA , experienced first five years , five transformer failures one transformer failing twice . campus constantly expanding . discussion investigation failures began types engineering design firms , types distribution systems , also various transformations available , analysis service entrance equipment . campus distribution system analyzed , comparisons made types distribution systems along system protection , including individual transformers ' protection . types system grounding various secondary low-voltage grounding configurations analyzed documented paper . actions taken past five years decrease eliminate infant mortality transformers documented results presented . paper also discusses Williamson College Trades ' construction independent Energy Island interconnection local utility involving wye-wye transformation . © 2019 IEEE ."
2020,Hierarchical Multi-objective Safety Margin Optimization of Renewable Energy Island Collecting Delivery System by VSC-HVDC; [新能源柔直汇集系统的分层多目标安全裕度优化],Dianwang Jishu/Power System Technology,"Large-scale renewable generation integration DC power grid two hot subjects future power grid . renewable generation cluster connected voltage sourced converter ( VSC ) station , control mode VF , forming renewable energy island colleting delivery system based High Voltage Direct Current VSC ( VSC-HVDC ) . Compared AC delivery mode , mode higher controllability better adaptability , voltage support dominated control strategy VSC station coordinated reactive voltage control AC collecting network . However , optimization safety margin VSC station becomes key problem affecting system security may change rapidly working conditions caused strong fluctuation renewable energy . paper proposes multi-objective optimization method safety margin VSC station based station-network coordination . voltage point common coupling ( PCC ) used inter layer exchange variable . voltage PCC determined reactive voltage safety margin optimization VSC station upper layer , economic optimization renewable collecting network achieved based voltage PCC lower layer . way optimization safety margin realized satisfies needs multiple objectives , like network loss , reactive voltage safety . Finally , simulation verifies proposed optimization strategy get high stable safety margin different working conditions based renewable energy delivery system actual VSC-HVDC project . © 2020 , Power System Technology Press . right reserved ."
2019,A preliminary techno-economic comparison between a grid-connected and non-grid connected offshore floating wind farm,"2019 Offshore Energy and Storage Summit, OSES 2019","Non-grid connected ( NGC ) floating offshore wind ( OW ) turbines signify solution harvesting wind energy far offshore , addressing key issues including deep waters lack grid connection , also exploiting higher capacity factors . Towards direction , on-board energy storage form hydrogen production one promising solutions , often cited literature . study aims perform preliminary techno-economic analysis assess trade-offs , terms cost , far offshore grid-connected ( GC ) floating wind farm NGC wind farm integrated electrolyser production hydrogen . end , lifecycle techno-economic model coupled OM model developed offshore wind installations employed . model applied hypothetical wind farm located 200km shore . GC system , OM costs along costs acquisition electric system ( offshore cable offshore substation ) appeared main contributors Levelised Cost Electricity ( LCOE ) . far NGC system concerned , concluded higher annual capacity factor ( > 60 % ) could potentially achieve viability investment . © 2019 IEEE ."
2020,A New Control Scheme for Fast Frequency Support from HVDC Connected Offshore Wind Farm in Low-Inertia System,IEEE Transactions on Sustainable Energy,"Large-scale renewable energy integration consequent displacement synchronous machines result low system inertia . Low system inertia leads high rate change frequency , higher frequency nadir , potentially require higher primary frequency reserve stabilise system frequency following sudden generation shortfall . address frequency stability issue wind energy integrated system , paper proposed new realistic control strategy inertial primary frequency support HVDC connected Offshore Wind Farms ( OWF ) . proposed control strategy , based offshore AC voltage control addressing limitations high rate frequency change offshore grid , also result frequency deviation offshore grid providing frequency support main grid . proposed control strategy robust frequency deviation main grid , utilises HVDC converters map onshore frequency variation voltage variation offshore grid , thus enabling adequate inertial primary frequency support OWF . proposed control strategy tested two test systems results compared conventional method demonstrate robustness , effectiveness reliability proposed frequency support strategy . © 2010-2012 IEEE ."
2019,Modeling and Analysis of a Novel Grid Connection Topology for Offshore Wind Farms using MMC-HVDC Transmission,IEEE Power and Energy Society General Meeting,"meet goals Paris Agreement , Netherlands integrating large amounts offshore wind energy power system ambitious plans coming years . grid topology transmission capacity 1 GW connecting offshore wind farms ( OWFs ) distances close 100 km standardized , modular , cost-efficient manner focus paper . electromagnetic transient ( EMT ) model built PSCAD OWFs connected 66-kV cables centralized offshore platform transmission link capacity 1050 MW . 66-kV cables coupled three converter transformers connected valve side 66-kV side . link onshore transmission network uses VSC-HVDC technology MMC topology . dynamic performance analysis done obtain complete overview understanding overall behavior . © 2019 IEEE ."
2019,Mathematical harmonic model of VSC HVDC for offshore applications,IET Conference Publications,"HVDC transmission Modular Multilevel Converter ( MMC ) technology frequently used connection weak offshore grids . systems , adverse harmonic resonances instabilities occur due interaction different power electronic converters grid . Models HVDC converters describing harmonic behaviour needed HVDC manufacturers design stage required Transmission System Operators allow prediction interactions impact grid . paper describes one model . aims comprehensive tool analyse predict harmonic interactions combining control system , normally represented dq frame , power system , normally analysed positive-negative sequence frame . methodology applied device connected power system capture key aspects harmonic interaction including cross-coupling harmonic frequencies . Moreover , tool enable design robust control systems . process described paper applied typical MMC-HVDC converter connected offshore grid . mathematical model validated PSCAD simulation , practical case study shown . © 2019 Institution Engineering Technology.All rights reserved ."
2019,Application of point on wave controlled switching on high voltage systems for weak offshore grids,"Society of Petroleum Engineers - Abu Dhabi International Petroleum Exhibition and Conference 2018, ADIPEC 2018","offshore oil gas islands , site generators running independently often utilized . site generators benefits also pose drawbacks may problems . Due instability weak offshore grids , grid disturbances may cause power outages , voltage fluctuations , changes frequency , blackouts …etc . easily felt consumers also impact performance service life electrical equipment . study performed examine different methods improve reliability overall network . Circuit breakers designed react opening closing circuit soon command received . , circuit breakers go tremendous high stresses ultimately may cause produce arc . phenomenon mitigated reduced using controlled switching . technology involves pre-defined control strategy opening closing circuit breaker pole independently . Controlled switching methodologies used minimize stress circuit breakers , prevent failure electrical equipment improve power quality without affecting overall grid . new cost effective technology helps reducing disturbances improving electrical reliability end consumer . High Voltage Shunt Reactors , Subsea Cables Transformer Energization De-energization cause high inrush current system . Power system study software utilized identify loads provide optimum benefit implementing Controlled Switching application . paper addresses benefits using controlled switching high voltage circuit breakers weak offshore grids . paper also studies applications advantages controlled switching 132kV long subsea cable transformer feeders wherein high inrush current expected showing outcomes research results actual scenarios implemented . © Copyright 2018 , Society Petroleum Engineers ."
2020,North Sea offshore grid development: Combined optimisation of grid and generation investments towards 2050,IET Renewable Power Generation,"North Sea region offers large amounts investable offshore wind generation several interconnection lines located area , planned . Optimal transmission generation investments modelled region towards 2050 . project-based scenario , offshore wind power plant connected individually , first analysed . , integrated offshore grid modelled investigate viability connecting future transmission offshore wind generation investments . two scenarios compared . shown going towards integrated solution increase offshore wind investments several GWs , Germany seeing biggest difference two scenarios . shown integrated solution leads overall cost minimisation shows somewhat higher variable renewable energy generation 2050 compared project-based scenario . © Institution Engineering Technology 2019"
2020,Addressing cybersecurity in energy islands,Proceedings of the 30th European Safety and Reliability Conference and the 15th Probabilistic Safety Assessment and Management Conference,"Addressing cybersecurity threats energy island balancing technical infrastructure assets risks business needs protecting data unwanted unintentional information disclosure . Every organization implementing smart grid functionality address cybersecurity issues diverse complex organization . Especially relying existing legacy systems infrastructure interoperate new assets connected smart grid . potentially introduces new operational risks operator . paper summarizes identified cybersecurity risks relevant energy island identified development phase E-LAND toolbox . risks include local energy systems operator ’ exposure existing legacy operational systems infrastructure , security privacy concerns multi-cloud environments , asset hardening integration requirements , establishing common baseline network security best practices , data ownership management name . risks discussed detail exemplified general use case examples suggested mitigations risks provided . © ESREL 2020-PSAM15 Organizers . Published Research Publishing , Singapore ."
2018,Extended Current Limitation for Unbalanced Faults in MMC-HVDC-Connected Wind Power Plants,IEEE Transactions on Power Delivery,"Modular multilevel converters ( MMCs ) currently used number high-voltage dc ( HVdc ) projects connecting remote offshore wind power plants shore . application , offshore HVdc voltage-source converter provides reference voltage frequency , , grid-forming operating mode . fault ride situations , however , converter reactive current increases limited protect equipment . time , injection maximum currents offshore grid advantageous fault detection isolation circuit breakers maintain voltage level . State-of-the-art current limitation might underuse converter capability grid-forming operating mode specific unbalanced conditions . paper proposes extended limitation method converter current references conditions . demonstrated proposed method improves voltage current profile . addition , impact internals MMC outlined . Dynamic simulations conducted validate proposed extended limitation two operation scenarios . results demonstrate enhanced utilization MMC capability , better voltage profile , improved transient behavior MMC proposed extended limitation compared normal limitation specific unbalanced conditions . © 1986-2012 IEEE ."
2019,Dressing for the Anthropocene*: A future history,Eceee Summer Study Proceedings,"paper presents analyses based data two H2020 projects coordinated author . ECHOES , energy choices consumers studied multilevel perspective , including particularly question , choices framed group choices ( e.g. , choices people living particular region , city country ) differ choices framed individual choices . Results representative multinational survey 18,000 respondents conducted EU member states plus Switzerland , Turkey , Norway presented . survey , online experiment conducted manipulating predictors energy saving behavior introduced choice connection people region , country , European Union . analyses show intentions support Energy Transition energy saving behavior impacted degree person embraces environmental identity , feeling morally obliged ( personal norms ) , feeling individual efficacy , also social norms degree identification people respective geographic entity ( municipality , country , EU ) . Citizens different countries differ strongly degree identify municipality EU relation country degree strong perceive social norms individual efficacy municipality country relation EU . Whereas identification EU usually rather low countries , social norms save energy experienced stronger EU level lower levels . Also , efficacy perceived higher EU level . findings supplemented preliminary findings SMARTEES project , studies diffusion five types social innovations energy ( inclusive mobility planning , energy autonomous islands , introducing car-free “ superblocks ” cities , city quarter revitalization energy effectivization , fighting fuel poverty participatory energy efficiency plans ) . paper , first findings ongoing social network analyses social innovation cases presented , outlining key actors innovation cases – underlining important function communication , interaction decision-making groups . Two cases selected ( Danish “ Energy Island ” Samsø Swedish eco-neighbourhood Augustenborg Malmö ) . cases , becomes obvious successful social energy innovations require collaboration complex network actors sitting key positions social networks . Long term restructuring local societies requires individuals ability engage larger fractions diverse network different actors . Across projects , paper makes strong case studying consumer-driven energy choices towards energy sufficiency innovation social systems perspective , rather technological overly individualistic perspective . © 2019 European Council Energy Efficient Economy . rights reserved ."
2018,The University of Genoa Smart City Demo Site,"2018 110th AEIT International Annual Conference, AEIT 2018","present contribution devoted describe detail Smart City Sustainable Energy Living Lab ( ) University Genoa conceived positioned inside Savona Campus research teaching facilities . relies research demonstration activities related use special infrastructures Smart Polygeneration Microgrid ( SPM ) Smart Energy Building ( SEB ) , built fundamental contribution Italian Ministry Education , University Research Ministry Environment , Land Sea Protection . jointly operated Italian DSO Enel S.p.A. 'open air ' demo site testing grid/off grid electrical transitions ( Sustainable Urban Energy Island ) potentially new services strictly related wide deployment ' e-city ' technological solutions ( V2G , V2H , e-home smart appliances ) . present paper mainly focused model developed study portion SPM islanded configuration ; main results analysis reported discussed order highlight stability load sharing issues . © 2018 AEIT ."
2019,Generalized Building Energy Efficiency and New Energy Utilization,E3S Web of Conferences,"development human society non-stop gear , way use energy future . use resources reasonably effectively pressure face . increase population problem resource allocation - insufficient inventory traditional energy sources . Economic development double-sided blade , ecological environmental protection focus . Research development new energy renewable energy way block dependence traditional energy sources . inevitable way human beings coexist harmoniously ecology future . development construction industry also brought greater proportion energy consumption . Building heating , ventilation , air conditioning lighting account one-third total energy consumption . carbon dioxide emissions construction industry account half total emissions , great impact environment . broad definition building energy conservation proposed , significance using new energy building energy conservation expanded perspective macro environment , including use integrated energy , solar energy , energy islands achieve zero energy consumption building energy conservation . construction effectively promoted development zero energy consumption terms life cycle environmental protection . © Authors , published EDP Sciences , 2019 ."
2019,Stakeholder consultation and nature inclusive design of the offshore grid,CIGRE Science and Engineering,"paper , TenneT elaborate ideas related offshore grid eco-design : cooperation environmental organisations , value offshore data gathering , re-assessment offshore grid concept nature inclusive design perspective . TenneT , since start offshore grid development 2013 , cooperation external stakeholders like government , offshore wind sector environmental organisations key . several consultation sessions suggestions requirements gathered applied design ( spatial ) planning/licensing phase offshore grid concept . time ( 2014-2016 ) , cost reduction leading factor . Amongst others , cooperation Rijkswaterstaat initiated , create so-called Maritime Information Services Point offshore data gathering . Services societal benefit coordinated data become publicly available , e.g . meteo data bird & bat monitoring . Since 2013 , TenneT gathered insights several project specific Environmental Impact Assessments , resulting requirements permits licenses offshore grid projects . Based experiences far , TenneT re-assessing standardised offshore grid concept terms opportunities nature enhancement ecological monitoring . Whereas cost reduction still important driver , additionally idea using offshore grid infrastructure realise opportunities increase nature diversity achieve additional societal benefits evolved . Nature inclusive design measures identified topside ( bird deck ) , jacket ( biocages ) along cable route within safety zone platform ( hard substrate structures ) . expectation measures integrated early stage , added limited cost risk compared project investment . ultimate objective enhance nature inclusive design incremental part technical design ( spatial ) planning/licensing phase offshore grid . © 2019 , CIGRE . rights reserved ."
2019,Synergy between smart energy systems simulation tools for greening small Mediterranean islands,Renewable Energy,"Several islands around world facing common challenges terms high energy costs , local CO2 emissions , security supply system stability . EU , many islands become sites energy innovation , betting Renewable Energy Sources winning choice meet energy needs . framework , renewable energies play key role supporting transition small islands autonomous , cleaner low-carbon energy system – line overall EU Energy Union package EU2030 goals . study examines suitability using hybrid energy system comprising photovoltaic systems , wind turbines , biomass diesel generators meet electricity demand Favignana Island , increase penetration renewables local electricity grid . Additionally , energy scenarios simulation aimed identifying foreseeable energy-environmentally improvements associated mutual merging energy sectors , transportation heating sector . Consequently , renewable capacity firming issues strongly mitigated integrating new energy demand components . Thus , work shows systemic overview outcomes related different energy mix layout , varying RES share values compatibly local grid electrotechnical constraints . Furthermore , paper studies impact introduction electric vehicles island car fleet energy system . smart energy system 's components sizes studied energy economic point view means two different software ( i.e . EnergyPLAN HOMER ) . © 2018 Elsevier Ltd"
2020,The Insulating Properties of Polypropylene Blends Modified by ULDPE and Graphene for HVDC Cables,Polymer Insulation Applied for HVDC Transmission,"HVDC cable transmission plays important role urban center power supply , large-scale utilization distributed energy , island cross sea power transmission . Thermoplastic polypropylene ( PP ) material excellent heat resistance insulation performance , recycled . However , suitable apply PP directly cable insulation low temperature impact brittleness . chapter , polypropylene blended vinyl elastomer ULDPE improve mechanical toughness . optimal proportion PP/ULDPE blends determined melting crystallization behavior , mechanical tensile properties , trap distribution characteristics , space charge , conductivity breakdown properties blends . , PP/ULDPE blends different amount nano graphene prepared . space charge , electrical conductivity breakdown strength PP nano graphene modified composites different temperatures measured analyzed . Based isothermal discharge current method , trap distribution characteristics PP/ULDPE/graphene nanocomposites obtained study relationship space charge , electrical conductivity , breakdown strength nano graphenen . © Editor ( ) ( applicable ) Author ( ) , exclusive license Springer Nature Singapore Pte Ltd. 2021 , corrected publication 2021 ."
2018,Storifying Samsø’s Renewable Energy Transition,Science as Culture,"joint community effort Denmark ’ Renewable Energy Island Samsø became self-sufficient renewable energy period 10 years 1997 2007 . Today , story Samsø ’ successful energy transition become global export widely known model community building , public participation shared ownership renewable energy technologies transition processes . allowed Samsø narrative travel widely effective ‘ transition story ’ created islanders ’ efforts . transition story , however , become fixed years assumed ideal-typical character . Meanwhile , challenges costs inherent complicated socio-material process transition underestimated largely forgotten . transition stories indeed inspiring , ideal-typical narrative may stand way development local energy transitions , challenging elements process downplayed strengthen narrative power story . Ethnographic stories Samsø complicate island ’ transition narrative add nuance Samsø story , highlighting discrepancies problematizing effects well-crafted transition narratives . tendency toward ‘ storification ’ transition processes restricted Samsø ; employed tactics environmental organizations operating globally . © 2017 Process Press ."
2018,North Seas Offshore Network (NSON): Challenges and its way forward,Journal of Physics: Conference Series,"Serving twofold purpose , integrated offshore grids facilitate connection offshore wind generation onshore networks well interconnection asynchronous market areas power trade . growing amount offshore wind generation deployed Northern Europe , relevance North Seas Offshore Network ( NSON ) increases , particularly light high cross-sectoral decarbonisation targets . investigate future deployments offshore grids North Seas , national NSON project Germany developed closely linked modelling chain involving several stages : market- technology-based grid planning , offshore grid validation , onshore grid repercussions . Following introduction NSON Initiative , comprehensive overview modelling stages given . Important subjects research could identified working NSON-DE project discussed afterwards . Main issues include flexibility uncertainty future energy systems , market integration , cost-benefit sharing , well robust grid planning enhanced grid operation methods , especially combined AC/DC-networks . © Published licence IOP Publishing Ltd ."
2020,Effect of an Electric Vehicle Promotion Policy on China’s Islands: A Case Study of Hainan Island,Frontiers in Energy Research,"Despite abundant clean energy resources islands , energy supply islands many countries regions still depends high-voltage power grids neighboring continents high-cost fossil energy oil . China , increasing demand private gasoline vehicles calls abundant gasoline supply , harmful renewable energy transformation Chinese islands . promotion electric vehicles ( EVs ) offers potential solution . However , large islands large populations , insufficient electricity supply restricts residents ’ behavior , led difficulties promoting clean energy vehicles . solve problem , 2019 , government formulated 11-year plan comprehensively promote clean energy vehicles energy supply side user demand side transform Hainan Island clean energy island . However , predictions report doubtful . result , study takes Hainan Island China example . Based data energy EVs , greenhouse gas emissions electricity demand transportation industry Hainan Island policy non-policy scenarios calculated using generation substitution accounting model . Based results , study evaluates expected effect Hainan Province ’ 11-year plan develop clean energy vehicles compares results report . Policy implications based results also proposed . study combines island ’ energy structure application EVs expands evaluation government policies impact large-scale energy transformation perspective energy supply chain . also provides reference energy transformation large islands . © Copyright © 2020 Xiao , Chen , Wang Nie ."
2019,The integrated offshore grid in Europe: Exploring challenges for regional energy governance,Energy Research and Social Science,"deployment offshore wind power transmission European North Sea accelerating . Stakeholders advocate regional governance European grid expansion , may evolve pan-European governance key developing integrated , hybrid offshore projects . However , projects still scarce . thus analyze governance North Sea offshore grid expansion using dimensions level , implementation obligation , implementation discretion . exploratory approach identifies five challenges . challenges relate 1 ) interaction European regional levels ; 2 ) interaction national regional levels ; 3 ) participation non-European Union countries ; 4 ) dependence regional planning national development plans , consider national interests ; 5 ) interaction cost allocation European financing Projects Common Interest . recent Clean Energy Package proposal extensively reforms regulation European power system . Package part Energy Union strategy focuses energy climate policies ’ governance power system operation . Thus , regional governance offshore expansion largely unaltered , identified challenges remain unaddressed . © 2019 Authors"
2021,Performance analysis of a novel hybrid power generation system integrated diesel generator with compressed heat energy storage,International Journal of Green Energy,"time-dependent energy demand energy islands may frequently change operating condition diesel generator ( DG ) , leading diesel engine operating off-design conditions low efficiency . order make DG operate efficient conditions balance mismatch energy supply demand time , novel hybrid power generation system integrated DG compressed heat energy storage ( CHEST ) using sensible latent thermal energy storage proposed study . overall efficiency proposed system could improved due waste heat recovery exhaust cooling water . Firstly , parametric analysis CHEST unit conducted select optimal parameters conditions CHEST unit . comparative analysis traditional DG system proposed DG-CHEST coupling system three operating strategies carried . Results indicate Strategy , B , C could save fuel 45.48 kg ( 17.74 % ) , 44.22 kg ( 16.19 % ) , 38.89 kg ( 14.23 % ) day , corresponding overall efficiency 28.02 % , 27.83 % , 26.22 % , respectively , 20.89 % conventional DG system . comparative results among three strategies show discharged power index ( DPI ) discharged fraction ( DF ) decrease increase control level load factor . © 2021 Taylor & Francis Group , LLC ."
2020,Analytical Small-Signal Modelling of Diode-Rectifier based HVDC Link Based on Physical Switching Actions of Diodes,"2020 IEEE 21st Workshop on Control and Modeling for Power Electronics, COMPEL 2020","diode-rectifier High-Voltage Direct-Current ( HVDC ) link provides cost-effective energy transportation method far-offshore wind farm . However , relies grid-forming wind turbines stabilize offshore grid . Herein , establish analytical small-signal model diode-rectifier HVDC link , provide theoretical bases offshore grid control . proposed modeling approach utilizes physical switching actions diodes relate ac dc variables diode rectifier , allows fully preserve dynamics passive components ac dc sides , meanwhile accurately captures frequency-coupling effects induced diodes ' nonlinear switching actions . accuracy proposed small- signal model validated frequency scanning electromagnetic transient ( EMT ) time-domain simulation . © 2020 IEEE ."
2019,Requirements for interconnection of HVDC links with DC-DC converters,IECON Proceedings (Industrial Electronics Conference),"number high voltage direct current ( HVDC ) links continue increase years , , offshore applications bulk power transmission long distances . present paper evaluates possible development direct current ( dc ) grid Europe given present , future , HVDC links . Eight potential cases interconnection close links suggested starting scenario multiterminal network . need dc-dc converter special requirements evaluated function suggested interconnections . example , case study chosen evaluate behavior interconnection line commutated converter ( LCC ) voltage source converter ( VSC ) link using front-to-front ( F2F ) isolated converter . © 2019 IEEE ."
2020,Robust local controllers design for the AC grid voltage control of an offshore wind farm,IFAC-PapersOnLine,"paper deal problem voltage control AC grid offshore wind farm means several converters , connected AC offshore grid Point Common Coupling ( PCC ) different transmission lines . propose control voltage simultaneously connected converters , i.e. , multiple actuators goal . However , number operative converters change wind farm operation dynamics changes . Thus , necessary assure stability whole system different scenarios . order achieve global design implementation strategy , propose use controller parameters converters . kind wind farm topology , address design controllers optimization problem seek maximize robustness uncertainty model transmission lines changes number connected wind turbines guaranteeing stability whole system different scenarios well given settling time . Due proposed design strategy necessary communication different converters controllers need re-tuned number connected converters changes . © 2020 Authors . open access article CC BY-NC-ND license ( http : //creativecommons.org/licenses/by-nc-nd/4.0 )"
2018,Comparative study of two control strategies of a Multiterminal VSC-HVDC systems,"2018 7th International Conference on Systems and Control, ICSC 2018","Voltage Source Converter High Voltage Direct Current ( VSC-HVDC ) hopeful technology future smart grid offshore applications . used feed weak networks kept compact , makes appropriated build connections offshore wind farms . feasibility applications proven projects world . development renewable energies offshore wind energy well multiplication HVDC links different countries Union European create possibility build Multi-terminal HVDC ( MTDC ) offshore grid superimposed existing HVAC network.This paper focused HVDC transmission systems three terminals considered plausible projects future . main objective paper demonstrate controllability VSC-HVDC transmissions discuss existing principal controls master slave voltage droop command . Simulation results show drawback traditionnel master slave control effectiveness voltage droop control method . © 2018 IEEE ."
2020,Implications of carbon price paths on energy security in four Baltic region countries,Energy Strategy Reviews,"Energy security one critical priorities energy policy European Union particularly Baltic region currently transforming isolated energy island highly interconnected area . paper , comprehensive analysis energy security Estonia , Finland , Latvia , Lithuania context energy transition presented . paper explores regional implications two paths carbon price ( gradual delayed carbon price increase ) . analysis performed linking energy system optimisation model probabilistic model energy security . modelling suite used assess resilience planned energy system possible disruptions . results demonstrate carbon price paths modest impact energy security Baltic countries energy security measures implemented optimal way . research based case study conducted framework European Union 's Horizon 2020 project REEEM . © 2020"
2019,Study of harmonics created by a power flow controller in a meshed multi-terminal high voltage direct current grid,CIGRE Science and Engineering,"paper focused study harmonics generated power flow controller ( PFC ) meshed multi-terminal direct current ( MTDC ) grid . main goals identify importance relation switching frequency PFC study harmonic propagation throughout grid . Simulations model realistic offshore grid parameters performed MATLAB/Simulink . Results show amplitude harmonics created PFC MTDC grid varies size depending PFC switching frequency type resonance harmonics impedance-frequency response grid . Furthermore , amplitude harmonics decreases along cable . case study considered , necessary choose PFC switching frequency well include filtering PFC outputs avoid high-amplitude harmonics . © 2019 , CIGRE . rights reserved ."
2020,Network and market-aware bidding to maximize local RES usage and minimize cost in energy Islands with weak grid connections,Energies,"increasing renewable energy sources RES penetration today ’ energy islands rural energy communities weak grid connections expected incur severe distribution network stability problems ( i.e. , congestion , voltage issues ) . Tackling problems even challenging since RES spillage minimization energy cost minimization local energy community set major pre-requisites . paper , consider Microgrid Operator ( MGO ) : ( ) gradually decides optimal mix RES flexibility assets ’ ( FlexAsset ) sizing , siting operation , ( ii ) respects physical distribution network constraints high RES penetration contexts , ( iii ) able bid strategically existing day-ahead energy market . model problem Stackelberg game , expressed Mathematical Problem Equilibrium Constraints ( MPEC ) , finally transformed tractable Mixed Integer Linear Program ( MILP ) . performance evaluation results show MGO lower costs bidding strategically , coordinated planning scheduling FlexAssets result higher RES utilization , well distribution network aware cost-effective RES FlexAsset operation . © 2020 authors . Licensee MDPI , Basel , Switzerland ."
2019,A supra-national TSO to enhance offshore wind power development in the Baltic Sea? A legal and regulatory analysis,Energy Policy,"Offshore wind power development expected play important role meeting EU climate targets . integrate offshore wind power , advanced offshore infrastructures meshed grids suggested optimise grid development . Meshed offshore grids refer integrated offshore infrastructure offshore wind power hubs interconnected several countries opposed radial connection linking wind farm one single country market . However , development meshed architectures hindered legal regulatory barriers . Earlier research identified lack cooperation misalignments national legal regulatory frameworks main risk factors integrated offshore network investments . purpose article investigate whether supra-national TSO could facilitate regional cooperation coordinated investments develop meshed offshore grids . Several studies discussed case North Seas , Baltic Sea region less attention despite large offshore wind development potential . paper , multi-disciplinary approach combining legal dogmatics regulatory economics used identify existing barriers possible solutions . Baltic Sea countries used illustration . suggest legal regulatory recommendations comply EU energy policy targets sustainability , competition reliability . © 2019 Authors"
2019,Controlling strategies for meshed offshore DC collector grids,PCIM Europe Conference Proceedings,"grid integration future wind farms far away shore demands efficient energy transmission systems . Moreover , growth generator power leads need transmission lines grids huge power transmission capacities . establish reliable offshore grids low losses , HVDC systems proposed suitable solution . direct coupling wind turbine generator systems ( WTGS ) DC collector grid considered avoid offshore AC collector grids large reactive losses . Meshes grid lead possibility linking different offshore transmission lines one hand , hand , meshed grid robust disturbances within grid single transmission lines . paper presents centralised decentralised methods control meshed DC collector grid compares advantages disadvantages simulation . © VDE VERLAG GMBH · Berlin · Offenbach ."
2019,Coordinated start-up control and inter-converter oscillations damping for MMC-HVDC Grid,IEEE Access,"Modular multilevel converter ( MMC ) -based high-voltage direct current ( HVDC ) grid promising technology multiple offshore wind farms ( OWFs ) form interconnected offshore grids . However , MMC-HVdc grid , converter terminals connecting OWFs could passively pre-charged ones connecting active ac networks via dc lines start-up process . condition , start-up process HVdc grid passive-side converters becomes significantly complicated . paper , considering HVdc grid integrating multiple passive-side converters , investigates start-up process three main contributions : 1 ) modified nearest level modulation ( NLM ) method proposed passive-side converters mitigate inrush currents deblocked ; 2 ) based dc-side equivalent models , inter-converter resonances oscillations passive-side converters analyzed deblocked , ; 3 ) oscillation damping controller proposed provide electrical damping inter-converter oscillations passive-side converters . simulation results PSCAD/EMTDC four-terminal MMC-HVDC grid two terminals connecting OWFs verify effectiveness proposed start-up control schemes . © 2013 IEEE ."
2019,Design and optimization of power hubs for Brazilian off-shore oil production units,Energy,"worldwide trend reduce greenhouse gases emissions encouraged researchers study efficient solutions oil gas Industry . offshore units energized equipment operating low loads , increasing environmental impact . work aims identifying optimal designs layouts combined cycle floating power hub tailored offshore oil production applications . Brazilian pre-salt basin forecast high fuel gas production taken case study . model developed , integrating design gas turbine , heat recovery units , steam turbine condenser . Genetic algorithms applied two optimization approaches , single-objective multi-objective . Three parameters evaluated : equipment purchase cost , thermal efficiency total weight . results multi-objective optimization indicated dual-pressure arrangements , featuring 3 gas turbines , 1 heat recovery steam generator 1 steam cycle , could attractive design solution power hubs . arrangement low cost weight , thermal efficiency maintained reasonably high level ( around 53.2 % ) . Moreover , results indicated CO2 emissions may reduced 18.7 % –27.2 % design point 19 % power hub lifetime , compared conventional energy supply scenario . © 2019 Elsevier Ltd"
2021,A review on energy storage and demand side management solutions in smart energy islands,Renewable and Sustainable Energy Reviews,"European Union definitely identified priorities towards sustainable low-carbon energy systems recognizing key role islands described ideal sites develop test innovative strategies solutions boost transition mainland . Nevertheless , integration Variable Renewable Energy Sources ( vRES ) electricity grid already causing technical problems island grids thus making grid flexibility key topic . past , since power plants completely manageable load unpredictable , grid flexibility supplied traditional power plants ; , due vRES , variability unpredictability moved generation side opposite shift happened flexibility agents . paper deals solutions improve ability grid cope vRES unpredictability energy storage technologies solutions offered sector coupling strategies . Particularly , research focus solutions deals solutions insular contexts . Several solutions presented concluding battery energy systems pumped hydro energy storage used technologies islands . regard sector coupling Demand Side Management solutions , analysed solutions showed relevant results terms ) reduction excess electricity production ii ) increased grid ability hosting vRES . Nevertheless , current gaps literature pinpointed future research challenge opportunities suggested . © 2020 Elsevier Ltd"
2020,North Sea region energy system towards 2050: Integrated offshore grid and sector coupling drive offshore wind power installations,Wind Energy Science,"paper analyses several energy system scenarios towards 2050 North Sea region . focus offshore wind power , impacts meshed offshore grid sector coupling studied . First , project-based scenario , offshore wind power plant connected individually onshore power system , compared meshed grid scenario . amount offshore wind power installed level curtailment assessed . , results compared scenario sector coupling included . results show introduction meshed grid increase amount offshore wind power installed towards 2050 , sector coupling expected important driver increasing offshore wind power installations . addition , sector coupling significantly decrease level offshore wind curtailment . © 2020 Copernicus GmbH . rights reserved ."
2020,Optimal management of the energy systems using a Pumping Hydro Energy Storage (PHES),"ECOS 2020 - Proceedings of the 33rd International Conference on Efficiency, Cost, Optimization, Simulation and Environmental Impact of Energy Systems","Small-scale energy systems like mini-grids energy islands rely different power production technologies aimed granting reliable efficient energy supply . implementation proper management strategies fundamental control operations , reduce operational costs , control connection grid , well increase overall system efficiency . work , Mixed Integer Linear Programming ( MILP ) algorithm developed compute optimal scheduling generators storage energy systems investigate latter affects energy system efficiency . algorithm tested case study constituted four Internal Combustion Generators ( ICGs ) fed different fuels Pumping Hydro Energy Storage ( PHES ) system , equilibrates energy production ICGs limits use . algorithm calculates optimal scheduling energy produced ICGs PHES , thus minimizing total cost overall energy system considering two different cases . first case , ICGs efficiency considered constant , second case , ICGs efficiency curves introduced consider ICGs efficiency variabilities partial load operations . Results show PHES system play key role keep ICGs operating near best efficiency point . © ECOS 2020.All right reserved ."
2020,Risk and security practices: Experiences from the E-LAND project,"30th European Safety and Reliability Conference, ESREL 2020 and 15th Probabilistic Safety Assessment and Management Conference, PSAM 2020","increasing availability renewable energy sources high expectations end-users regarding energy dependability forced re-thinking full potential energy supplies released . E-LAND European project concept develop service bus application enabling energy islands optimize management energy production consumption , focuses communities end-users ' needs instead addressing system operators ' requirements . new organization energy market , risk ownership devices energy costs shared energy islands , grid owner energy supplier . support energy islands new role , E-LAND final product must add risk management energy . Thereby , risk assessment performed ensure concept , solution , application delivered E-LAND safe , secure , reliable . paper describes project risk management E-LAND project gives examples future potential users , best practices access , communicate manage project risks multi-disciplinary international partners . E-LAND solution needs collect data users , article also addresses risk regarding privacy/security , particular risk understood communicated mitigations ensure final product agreement standards . Copyright © ESREL2020-PSAM15 Organizers.Published Research Publishing , Singapore ."
2018,Harmonic stability of VSC connected Low Frequency AC offshore transmission with long HVAC cables,Electric Power Systems Research,Low Frequency AC ( LFAC ) transmission proposed alternative HVDC transmission integration offshore wind . LFAC offshore grid fully power electronic grid long HVAC cable provides significant challenges harmonic stability . paper presents impedance based stability analysis determine stability power electronic offshore system across harmonic frequency range . stability analysis introduced applied LFAC system . impact different current voltage control bandwidths component sizes dynamic impedance converters examined impact harmonic stability LFAC grid determined . found detailed knowledge control parameters ability tune bandwidths mitigate significant harmonic instability presence long HVAC cable . Three phase simulations used validated impedance based stability technique . © 2018 Elsevier B.V .
2018,Towards a fully integrated North Sea offshore grid: An engineering-economic assessment of a power link island,Wiley Interdisciplinary Reviews: Energy and Environment,"increasing share variable power feed-in expected next decades European power system , particularly high offshore wind potential North Sea region . demands temporal- spatial flexibility system , adequate grid infrastructure provide . study presents engineering-economic approach evaluating impact novel infrastructure designs towards fully integrated North Sea offshore grid , including TenneT ’ vision power link island ( PLI ) . PLI artificial island transnational power exchange distribution offshore wind resources . introduce concept evaluate economic benefits system implications three different case studies incorporating 2030 scenarios European Network Transmission System Operators . results demonstrate system cost savings 15.8 % comparing fully integrated PLI solution traditional , radial typologies . PLI general result efficient system dispatch wind resources , involvement Norway , Great Britain , Germany occurred frequently terms grid reinforcements expansions . article categorized : Wind Power > Systems Infrastructure Energy Infrastructure > Systems Infrastructure Energy Systems Economics > Systems Infrastructure . © 2018 Wiley Periodicals , Inc ."
2019,Multipriority Hierarchical Reactive Power and Voltage Optimization Strategy for a Large-scale New Energy Island System Delivered by VSC-HVDC,"Proceedings of 2019 IEEE 3rd International Electrical and Energy Conference, CIEEC 2019","VSC-HVDC plays important role transmitting large-scale new energy power . fast reactive power regulation converter station unique topology new energy cluster require special reactive power voltage control strategy . paper proposed multipriority hierarchical reactive power voltage optimization strategy large-scale new energy island system delivered VSC-HVDC . strategy takes objectives dynamic reactive power margin converter station , voltage safety margin PCC point , reactive power coordination factor new energy station system power loss consideration , verified based planning Zhangbei VSC-HVDC project . strategy keep dynamic reactive power margin voltage safety margin high level acceptable power loss , improve resolving speed time . © 2019 IEEE ."
2018,Power Quality Issues at the Grid Connection Point of HVDC Connected Offshore Wind Farms and Their Influence on the Production,"Proceedings - 2018 IEEE PES Innovative Smart Grid Technologies Conference Europe, ISGT-Europe 2018","installed capacity offshore wind turbines Germany significantly increased last years . Many offshore wind farms considerable distance shore . Large-scale HVDC converters connect wind farm clusters public grid . synthetic offshore AC grid , inherent properties , provides number challenges wind farm operators . One main risks quality grid connection provided transmission system operator . Dynamic influences transmission system neighboring wind farms originate power quality disturbances may seriously affect production wind farm . aim paper investigate power quality offshore grid general influences production wind farm . © 2018 IEEE ."
2018,Reactive power and voltage control interaction and optimization in the Danish largest wind power plant at Kriegers Flak,Journal of Physics: Conference Series,"total 600MW power production capacity , Kriegers Flak largest offshore wind power plant ( OWPP ) Denmark . Kriegers Flak utilize two unequal sections , 400MW 200MW , two offshore platforms interconnected via 9 km 200kV cable connected onshore substation via two 80 km 220kV cables . onshore 220kV substation , 220kV connections continue two different 400/220kV substations Danish transmission grid . 400MW offshore platform , connection continues 150kV offshore infrastructure Germany . Kriegers Flak grid connection resamples meshed offshore grid ( MOG ) increases complexity requirements overall voltage reactive power control . presentation describes overall voltage reactive power control system proposed designed optimized operation reduction stress efforts control equipment Kriegers Flak 220kV system . © 2018 Web Portal IOP . rights reserved ."
2020,Frequency behavior of an MMC test bench system,"6th IEEE International Energy Conference, ENERGYCon 2020",Interactions modular multi-level converters ( MMCs ) compromising system stability assessed investigating frequency behavior converter . MMC Test Bench system replicates full-scale converters low-voltage level . emulate high-voltage direct current systems representing meshed offshore grids well influence wind farms connected MMCs . Measuring MMC Test Bench 's frequency behavior allows assessing frequency behavior applied control systems avoiding simplifications electrical part MMC . paper presents setup measuring frequency-dependent impedance laboratory MMCs . impedance compared small-scale well full-scale converter models . shown measured impedance scaled full-scale HVDC studies means derived correction factors . results demonstrate simplified time-domain models represent MMC Test Bench fail represent exact frequency behavior low high frequencies . © 2020 IEEE .
2019,Research on overcurrent suppression strategy of true bipolar MMC-HVDC single pole blocking bridge arm,IET Conference Publications,"Due characteristics Vf control islanding flexible dc power grid , single-pole latching fault occurs sending end dc power grid , converter station connected new energy island system control ac voltage incoming new energy power time . healthy pole converter forced transfer active power faulty pole converter , results over-current blocking healthy pole converter . paper , describing dynamic process bridge arm current single-pole locking fault occurs , mechanism over-current studied , new type additional control proposed suppress magnitude over-current bridge arm controlling dc voltage . Finally , PSCAD/EMTDC simulation results demonstrate effectiveness theoretical analysis control strategy . © 2019 Institution Engineering Technology . rights reserved ."
2019,Regional coordination in grid expansion with offshore wind: The case of the baltic sea region,"International Conference on the European Energy Market, EEM","development offshore wind Baltic Sea Region expected contribute renewable energy capacity , consequently leading expansion offshore onshore grid among countries region . establishment new hybrid architectures meshed offshore grids , directly connecting offshore wind farms interconnectors , potentially contributes taking full advantage future grid expansions . However , fact country designed power systems decades ago regional coordination focus , potentially destabilise joint efforts benefit new hybrid infrastructure represented also national level . paper assess impact wind development region radial vs. hybrid scenario depending budget available expansion . Furthermore , identify specific challenges relative investment cost distribution analyse several regulatory frameworks mitigate ripple effect investment decisions country . Finally , formulate policy recommendations overcome investment barrier suplport coordination joint regional grid investment . © 2019 IEEE ."
2018,Analysing economic and environmental sustainability related to the use of battery and hydrogen energy storages for increasing the energy independence of small islands,Energy Conversion and Management,"Energy costs , carbon dioxide emissions , security supply system stability common challenges small islands . Many European islands become pilot sites energy innovation , green transition goes slowly ones usually connected national grid . study investigates economic environmental sustainability related integration hydrogen batteries storage small islands , considering time use stored hydrogen fuelling Fuel Cell Electric Vehicles Hydrogen Compressed Natural Gas vehicles meet electricity public transportation demand islands , increase Renewable Energy Sources penetration level . Selecting island Favignana ( Italy ) case study , HOMER software used carry energy analysis different scenarios , order identify effective energy solution technological economical point views . Using economic environmental indicators , outcomes show implementation hybrid storage system batteries electrolyser adequate reliable option increasing energy independency small island decarbonizing transport sector optimizing economic environmental sustainability . © 2018 Elsevier Ltd"
2018,The mid atlantic current hindcast Mach,"Offshore Technology Conference Asia 2018, OTCA 2018","objective generation long-term layered ocean current dataset central southern Atlantic Ocean , suitable quality support deep water offshore engineering design , marine operational planning oil spill simulation . model scheme formulated provide reference fine resolution offshore grid covering Atlantic Ocean 30 degrees north Antarctic land mass . fine resolution grids nested model continental shelf slope regions principal interest oil gas exploration production . Various schemes evaluated representation riverine discharge , major importance parts west Africa . Additionally , optimal data assimilation scheme formulation considered order best represent ocean surface topography , registration major dynamic features fronts eddies , also correct characterisation ocean density structure . Particular attention given equatorial region energetic Kelvin wave propagation generated wind forcing ; waves contribute significantly severe ocean current speeds , spuriously misrepresented inappropriate assimilation erroneous observational data . computational runtime required undertake long-term ocean reanalysis large , even using major supercomputing facility . Therefore , extremely important ensure model configuration optimised structured pilot evaluation advance full production run order achieve 'fitness purpose ' intended applications resultant dataset . paper discusses detailed process structured model optimisation , various permutations setup validated available in-situ measurements . final model completed 20year run used number regional metocean studies Oil Gas clients . inclusion location specific processes offers significant advantages previously existing models . © 2018 , Offshore Technology Conference ."
2019,Economical evaluation of an isolated AC offshore grid for pre-salt oil production based on power hub for reducing carbon emissions,"8th International Conference on Renewable Energy Research and Applications, ICRERA 2019","Oil gas still play major role supplying global energy demand foreseeable future . extraction energy intensive sector high level associated greenhouse gas emissions . address climate change concern carbon constrained economy , alternatives must sought drive projects new directions . ultra-deep waters offshore activities like ones developed Brazilian pre-salt basin , located 200 km away coast waters 2,000 depth , mature alternatives power shore pose significant engineering challenge . One alternative avoid weight space restrictions offshore environment power hub . power hub consists efficient central power plant feed partially total number offshore platforms . paper aims complementing previous results found technical literature provide useful information oil companies make full informed decisions adoption power hub . step-by-step procedure provided dimensioning cost estimation isolated AC offshore grids resulting power hub concept adoption . Results show submarine power cables responsible majority investment lower cost achieved using 66 kV transmission system , among analyzed options . © 2019 IEEE ."
2017,Performance Analysis of a Medium Frequency Offshore Grid for Identification of Vessels Sailing on High Density Maritime European Routes,Polish Maritime Research,"paper analyses performance Automatic Vessel Identification System Medium Frequency ( AVISOMEF ) , works Grid Method ( GM ) high density maritime European routes using real data uniformly distributed data . Compared systems , AVISOMEF novelty , satellite system , limited given coverage distance , contrast Automatic Identification System ( AIS ) , though exceptional circumstances leans towards . perform analysis , special simulation software developed . Moreover , number maritime routes along traffic density data selected study . route , two simulations performed , first based uniform traffic distribution along route , second one made use real AIS data positioning vessels sailing selected routes . obtained results simulations made basis formulating conclusions regarding capacity selected routes support AVISOMEF ."
2020,Optimal planning of a 100% renewable energy island supply system based on the integration of a concentrating solar power plant and desalination units,International Journal of Electrical Power and Energy Systems,"Environmental-unfriendly power supply mode freshwater shortage two main problems isolated islands . 100 % renewable energy supply system equipped local desalination units effective solution problems . save fuel supplies eliminate pollutant emissions . Firstly , 100 % renewable energy supply system based wind turbines integration concentrating solar power ( CSP ) plant desalination units proposed paper . flexible schedulability CSP plants utilized complement wind power generation , thermal storage system reduces battery energy storage configuration islands . Different conventional method seeking minimum levelized cost CSP limited capacity combinations , optimal planning model established achieve minimum overall costs 100 % renewable energy system . addition , adjustable output characteristic CSP also considered decision variables optimize operation microgrid . model linearized mixed integer linear programming problem . Simulation results show proposed supply system improves efficiency renewable energy utilization capacity factors generation units ; peak load demand cut capacity configuration generation units also reduced . comparison state-of-art systems shows cost-effectiveness proposed system better areas abundant renewable energy resources high fuel costs . © 2019 Elsevier Ltd"
2019,Capacity Building Itinerary on Sustainable Energy Solutions for Islands and Territories at Risk for the Effects of Climate Change,Climate Change Management,"paper presents “ Online Capacity Building Certification Program Sustainable Energy Solutions Islands Territories Pacific , Caribbean , Africa Indian Ocean ” , itinerary foster access high-quality technical scientific knowledge . program developed CIEMAT , Spanish Center Research Energy , Environment Technology initiative Global Network Regional Sustainable Energy Centers supported United Nations Industrial Development Organization within Sustainable Energy Island Climate Resilience Initiative . program conceived meet urgent need affordable training certification programs sustainable energy islands . training qualified professionals along complete value chain sustainable energy sector crucial deployment sustainable energy low-carbon climate technologies . achieved fostering development indigenous renewable energy solutions address economical industrial productivity competitiveness , energy security , affordable energy access negative externalities conventional energy ( greenhouse gases emissions , local pollution ) . educational training project aimed meeting general specialized training needs required establish critical mass personnel broad skill levels . includes persons general public public private stakeholders sustainable energy sector ( experts , engineers , project managers financers , policy makers , etc . ) capable identifying , designing implementing effective sustainable energy , climate change issues disaster risk management measures . © 2019 , Springer Nature Switzerland AG ."
2019,Alternative control approach for the offshore grid of wind power plants,Proceedings of the IEEE Conference on Decision and Control,"paper describes problem control electric grid offshore wind farms pour power onshore electrical network high voltage direct current link based modular multilevel converters . Nowadays , solved similar way would done conventional electrical networks , frequency variable must controlled conventional generators great inertia . However , due use power electronics converters kind electrical networks , new strategy proposed frequency ceases degree freedom shown way , system controlled linear . proposal , possible develop robust controllers achieve better performance wind farms . © 2019 IEEE ."
2020,Offshore Grid Development as a Particular Case of TEP,Transmission Expansion Planning: The Network Challenges of the Energy Transition,"Offshore grids transmission lines different technologies interconnect onshore power systems connect offshore wind farms shore . integrated offshore grid , transmission lines realize functions simultaneously . Integrated offshore grids may provide additional socio-economic benefits , including non-monetary ones innovation , industrial development , reduced environmental impacts improved cooperation countries . However , integrated grid may entail additional costs non-integrated one , several risks may lead suboptimal offshore expansion planning . Nonetheless , research cooperation actors develop grids Europe , Asia North America advancing . chapter surveys challenges expansion planning offshore grid , structured building blocks governance , planning , ownership , pricing finance , operation . solutions drawn current research practical developments , especially Europe developments advanced , providing options tailored characteristics offshore region . © Springer Nature Switzerland AG 2021 ."
2019,Development of HVDC offshore grids in the European system: Long-term transmission expansion analyses,IET Conference Publications,paper provides assessment optimise development HVDC offshore grids North Seas 2050 time horizon . carried application specific approach find global optimum development offshore onshore corridors North Seas region 2050 . © 2019 Institution Engineering Technology.All rights reserved .
2020,Investing in meshed offshore grids in the baltic sea: Catching up with the regulatory gap,International Journal of Sustainable Energy Planning and Management,"connection cables offshore wind parks interconnection lines receiving growing attention Europe . Although important technical breakthroughs enabling transmission system operators ( TSOs ) engage hybrid forms architecture , substantial regulatory challenges preventing progress . Anchored current European legal frameworks targets , paper reviews national framework conditions treat development transmission grids regulated assets , focusing distribution connection costs , access grid tariff investment incentives faced TSOs . paper develops ideal regulatory framework compares current regulations countries around Baltic Sea order assess suitability supporting Meshed Offshore Grids ( MOGs ) . results paper highlight heterogeneity national regulatory frameworks deviations recommendations . found Germany lives recommendations best , followed Denmark , suggests regulatory potential pioneer MOG project Baltic Sea region . followed consideration two clusters countries defined proximity ideal framework , assuming three-step development MOGs , following ever progressive regulatory adjustments . © 2020 , Aalborg University press . rights reserved ."
2019,Active and reactive power control of hybrid offshore AC and DC grids,Automatika,"future ‘ SuperGrid ’ may requires benefit offshore AC network multi-terminal DC grid . AC cable limits power transfer capability larger offshore wind farm , however , HVDC transmission system economical viable large power wind farm integration grid . Another approach develop offshore network infrastructure forming offshore AC grid connecting several offshore wind farms . , offshore AC network connected different onshore grid using HVDC system . enhances trade among countries well provide economical solution wind energy integration . article , operational control concept voltage source converter presented integrate offshore AC grid offshore DC grid . article presents control principle offshore AC network frequency voltage respect active reactive power distribution AC network . Later , principle multi-terminal HVDC system discussed respect power distribution using DC voltage droop control . Power distribution criteria defined respect operator power-sharing requirement network stability . end , hybrid AC/DC offshore grid modelled simulated MATLAB/SIMULINK validate distribution criteria . © 2019 , © 2019 Author ( ) . Published Informa UK Limited , trading Taylor & Francis Group ."
2018,Stability studies of offshore grids,"2018 Progress in Applied Electrical Engineering, PAEE 2018","Currently high interest offshore grids , especially mentioned matter increasing power generation offshore wind farms , supplying offshore loads cross-border connections . article typical elements incorporated within offshore grids mentioned : Wind farms , high power loads , gas turbines marine current farms . aim article comment means modelling methods angle stability analysis within offshore grids . Furthermore , article dissertates exemplary results stability analysis offshore grid test model . © 2018 IEEE ."
2019,Energy Cooperation Ukraine-Poland to Strengthen Energy Security,E3S Web of Conferences,"article analyzes prospects cooperation Poland Ukraine field electric power transmission . particular , characteristics « Burshtyn Energy Island » enlightened , includes Burshtyn TPP , Kalush CHPP Tereble-Ritsk HPP detached power system Ukraine operate parallel European system ENTSO-E . island serves importer Ukrainian electric power European countries Hungary Slovakia , respectively , synchronized European Network System Operators Electricity Transmission ( ENTSO-E ) . main problem international transmission electric current Ukraine determined , whole energy system Ukraine works within international energy union CIS Baltic IPS/UPS . time , integration Ukraine markets Western European countries requires break established connections IPS/UPS system parallel increase communications ENTSO-E system Poland , Slovakia , Romania Hungary . prospect development Energy Bridge project , provides supply electric power Khmelnitsk NPP Poland Khmelnitsk NPP-Rzeszow , described . proposed stages development energy security information direction introduction Smart Grid technologies , energy companies able manage whole network flexible digital system , end users-to clearly regulate electricity costs . © 2019 Authors , published EDP Sciences ."
2019,The Baltics: Between Competition and Cooperation,International Political Economy Series,"three Baltic countries—Lithuania , Latvia Estonia—have previously viewed energy islands , faced several energy security challenges import dependence Russia need adapt EU regulations . Although tactical objectives Baltic countries differed , managed reduce energy vulnerability put end isolation recent years . European Commission moved Baltics towards greater integration energy markets EU large . policy dual effect , encouraged development physical infrastructure put pressure Baltic states act single cohesive unit , something often done energy policy . © 2019 , Author ( ) ."
2018,On-Site Acceptance and Diagnostic Testing of Submarine Inter-Array Cables at Offshore Wind Farms using Damped AC,ICHVE 2018 - 2018 IEEE International Conference on High Voltage Engineering and Application,"Systematic testing diagnosis manufacturing , transportation , installation operation exclude least reduce possible risks failure operation . 33 kV offshore grid standard date , slowly 66 kV offshore grid used standard . Along development , voltage class inter-array cables change . Considering enhanced risks using 66 kV cable systems , advanced quality control becoming important . main challenge need specialized teams installation advanced testing activities , need properly certified work higher voltage level . Internationally , testing after-installation protocol still consideration . current state international standards based onshore experiences therefore operationally problematic cover actual serious problems experienced failures 33 kV inter-array cables . contribution testing experiences inter-array cables offshore wind farms presented . application damped AC concern specially discussed combination actual testing examples show findings inter-array cables offshore wind farms . © 2018 IEEE ."
2018,Short circuit analysis of an offshore AC network having multiple grid forming VSC-HVDC links,International Journal of Electrical Power and Energy Systems,"article presents short circuit analysis offshore AC network consists wind power plants interconnected using HVAC cables . power generated offshore AC network transmitted several onshore grids using VSC-HVDC system . offshore AC network formed VSC-HVDC systems using frequency voltage droop control . coordinated control scheme proposed wind turbines offshore VSCs short circuit conditions offshore grid ensure fault ride ( FRT ) without compromising system stability . theoretical analysis used developing control scheme allows calculate system limits taking consideration active reactive power capability . order verify proposed control scheme , three phase symmetric faults applied wind turbine busbar , HVAC busbar , AC cable interconnects VSC-HVDC system . Additionally , frequency coordination control scheme without communication wind power generation VSC-HVDC system proposed . methodology control system validated performing nonlinear simulation . © 2018 Elsevier Ltd"
2019,"Techno-economic analysis of HVAC, HVDC and OFAC offshore wind power connections","2019 IEEE Milan PowerTech, PowerTech 2019","work performs economic analysis HVAC HVDC transmission options Offshore Wind Power Plants ( OWPPs ) . primary objective produce range technology economic option . economic model developed accounts system losses reliability . HVAC technological variations included use mid point compensation platform Optimal Frequency AC ( OFAC ) . investigation found mid point compensation highly beneficial , significantly increasing economic range HVAC via smaller cable sizes reduced Expected Energy Served ( EENS ) . opportunity optimal offshore grid expansion requiring limited front investment using mid point compensation presented . viable range OFAC found limited . Furthermore , reduction export cable size found frequently economic use 2 transformers 1 improved reliability ; warranted . © 2019 IEEE ."
2019,Analysis of Coordinated Control Strategy for Large-scale Renewable Energy VSCHVDC Integration,"2019 IEEE PES Innovative Smart Grid Technologies Asia, ISGT 2019","large-scale renewable energy source connected VSC-HVDC grid VSC-HVDC system used long-distance transmission , operational characteristics renewable energy VSC-HVDC grid affect . adaptability renewable energy VSC-HVDC grid become important factor affecting operation grid . China built Nanao three-terminal VSC-HVDC project , Zhoushan five-terminal VSC-HVDC project , two- terminal Xiamen VSC-HVDC project . Breakthroughs made impact AC/DC system interconnection key equipment technologies VSC-HVDC transmission systems , especially VSC-HVDC converters control protection technology . paper focuses two main problems renewable energy island integration . first problem VSC-HVDC grid provides stable AC voltage renewable energy source without AC grid support . second issue maintain energy balance VSC-HVDC system event fault . receiving end fails , power energy sent . sending end fails , energy accumulate VSC-HVDC grid . resulting overvoltage overcurrent problems require new control protection technology introduced paper . © 2019 IEEE ."
2020,Multi-objective optimization operation of the green energy island based on Hammersley sequence sampling,Energy Conversion and Management,"Green Energy Island ( GEI ) system supplies heating , cooling electricity energy . system includes various supply-side technologies , introduces large amount degrees freedom design operation phases . Therefore , optimal operation parameters determined ensure continuous stable heating , cooling power supply GEI system . paper , ε-constraints method based Hammersley sequence sampling ( HSS ) method proposed . Comparison traditional ε-constraints method shows ε-constraints method based HSS method save lot time solving multi-objective optimization problem . Moreover , innovative multi-objective optimization framework integrates ε-constraints method , HSS method TOPSIS approach established economic , energy environmental benefit . optimization calculation three typical days , approximate Pareto frontiers possible operation parameters presented , provided reference decision makers . Finally , using TOPSIS approach , optimal energy dispatch obtained three typical days . results show energy environmental benefit GEI system significant approximate 5–35 % fuel energy saving ratio approximate 10–65 % carbon dioxide emission reduction ratio . © 2019"
2020,Diode Rectifier Unit Based LFAC Transmission for Offshore Wind Farm Integration; [基于二极管不控整流单元的远海风电低频交流送出方案],Zhongguo Dianli/Electric Power,"offshore wind power , high density small fluctuation , focus wind power development future . , offshore wind power transmission projects operation mostly adopted VSC-HVDC technology , whereas capital cost relatively high . , paper proposes diode uncontrolled unit ( DRU ) based low frequency alternative current ( LFAC ) transmission scheme offshore wind farms , offshore platform rectifier cancelled rectifier traditional AC-DC-AC frequency converter substituted DRU , thus significantly reducing project investment operating cost . Since DRU uncontrolled , corresponding control strategy offshore wind turbines proposed LFAC transmission system , machine side converter ( MSC ) controls DC voltage grid side converter ( GSC ) implements maximum power point tracking ( MPPT ) AC voltage control together global unified reference coordinate system . Case simulations PSCAD/EMTDC carried end study system response typical operating conditions including wind power fluctuation three-phase faults onshore grid offshore grid , feasibility proposed scheme verified . © 2020 Automation Electric Power Systems Press . rights reserved ."
2018,Resilient solar energy island supply to support SDG7 on the Philippines: Techno-economic optimized electrification strategy for small islands,Utilities Policy,[ abstract available ]
2017,Criterion for the Electrical Resonance Stability of Offshore Wind Power Plants Connected Through HVDC Links,IEEE Transactions on Power Systems,"Electrical resonances may compromise stability HVDC-connected offshore wind power plants ( OWPPs ) . particular , offshore HVDC converter reduce damping OWPP low-frequency series resonances , leading system instability . interaction offshore HVDC converter control electrical resonances offshore grids analyzed paper . impedance-based representation OWPP used analyze effect offshore converters resonant frequency offshore grid system stability . positive-net-damping criterion , originally proposed subsynchronous analysis , adapted determine stability HVDC-connected OWPP . reformulated criterion enables net damping electrical series resonance evaluated establishes clear relationship electrical resonances HVDC-connected OWPPs stability . criterion theoretically justified , analytical expressions low-frequency series resonances obtained stability conditions defined based total damping OWPP . Examples used show influence HVDC converter control parameters OWPP configuration stability . root locus analysis time-domain simulations PSCAD/EMTDC presented verify stability conditions . © 2012 IEEE ."
2017,E&P goes green,Offshore Engineer,"Offshore Mediterranean Conference ( OMC ) Ravenna discussed efforts breathe new life old oil gas platforms , refitting renewable energy , also cutting CO2 emissions cost . Italian Economic Development Minister Ivan Scalfarotto said facilities Adriatic coast could reused wind solar energy , monitoring marine environment , seismic , tourism wireless transmission . Liv Hovem , senior vice president Africa Europe , DNV GL Oil & Gas OMC , said taking various measures , oil gas firms could reduce CO2 footprints cost effectively , average , 29 % . DNV GL produced tool assess opportunities , using calls marginal abatement curve ( MAC ) . considers cost per ton CO2 measure overall CO2 emission reduction . One option use floating wind turbines power subsea facilities , subsea water injection , specifically . DNV GL completed feasibility study , input ExxonMobil , Eni Statoil , concept , based site North Sea . DNV GL targeted 44,000 b/d concept , would traditionally require 3MW gas turbine platform . Ben Oudman , DNV GL also highlighted project create offshore energy hub , would involve creating artificial islands , supporting offshore wind , transmission hub platform , well fish farming , pumped hydro-storage , power-to-gas ."
2017,Reactive power management in an offshore AC network having multiple voltage source converters,Applied Energy,"Many offshore wind power plants developed every year North Baltic Sea . prospective environment integrated European power , combined power transmission several offshore wind power plants using VSC-HVDC transmission system different onshore grids suitable instead connecting wind power plants individually . Offshore AC hub beneficial wind power plants far shore close within vicinity 20 km . paper presents method controlling reactive power flow offshore AC grid minimize power losses voltage deviation . proposed scheme , offshore grid frequency voltage controlled one converter . Using frequency voltage droop schemes , active reactive power sharing achieved among converters . Furthermore , optimization algorithm developed acquire set points wind power plants VSC-HVDC droop gains optimum operation network . © 2017 Elsevier Ltd"
2014,Impact of Multi-Terminal HVDC grids on AC system stability and operation,CIGRE Session 45 - 45th International Conference on Large High Voltage Electric Systems 2014,"last years , several plans offshore grid development Europe discussion result need integration large amounts offshore wind power , providing additional transmission capacity building adequate conditions single European electricity market . system operation viewpoint , technical constraints justify need adopting High Voltage Direct Current ( HVDC ) technology Voltage Source Converters ( VSC ) offshore grid development rather conventional AC connections . Additionally , reliability flexibility operation pushing development Multi-Terminal DC ( MTDC ) grid concept , set offshore wind farms connected set onshore AC nodes via ( possibly meshed ) DC grid structure . concept line envisioned plans development pan-European Transmission System . broad range aspects related MTDC grids planning , operation , technology dealt within TWENTIES European research project ( 2009-2013 ) . particular , paper presents results regarding impact MTDC systems AC systems connected : specific focus devoted provision advanced ancillary services ( primary frequency controls , Fault Ride capability AC faults , reactive power support ) , possible contribution MTDC grid enhancing operational security AC systems restarting partial complete blackouts . emphasize advanced functionalities provided overall system operation , MTDC grid referred paper `` DC Grid '' ( DCG ) . Simulation results illustrate potential benefits AC systems deriving described advanced control functionalities DCGs . work carried within TWENTIES Working Package 5 . © 2014 CIGRE . rights reserved ."
2017,Offshore wind farm harmonic resonance analysis - Part I: Converter harmonic model,"2017 IEEE Manchester PowerTech, Powertech 2017","Offshore wind power technology matured significantly directly competes conventional onshore wind power generation . Thanks continuous technological developments significant cost reduction , offshore wind power closing gap onshore wind power levelized cost electricity ; however technology challenges offshore environment still poses threats long-term operational reliability profitability offshore wind farm projects . article focuses one threat : harmonic resonance offshore grid presents analytical solution identify mitigate applying advanced harmonic modelling offshore wind turbine . analytical derivation frequency dependent positive negative sequence impedance converter harmonic model 8MW generic wind turbine presented . concludes comparing frequency domain converter harmonic model generic 8MW offshore wind turbine time domain counterpart well ideal current source model ( conventional solution ) distorted grid condition . results obtained confirm converter harmonic model demonstrates superior accuracy compared ideal current source model ( conventional solution ) low order harmonics resonance interaction assessment . conclude , discrepancies results obtained time domain frequency domain models respectively deserves investigation . Particularly frequency dependent impedance derived average model associated power electronics examined detail validity depends strongly phenomena one interested ( typically average model provides sufficient accuracy frequency interest investigation ten times smaller switching frequency ) . © 2017 IEEE ."
2015,A perspective on the potential role of renewable gas in a smart energy island system,Renewable Energy,paper examines potential role Power Gas ( P2G ) applied island energy system high levels renewable electricity penetration . P2G systems require supply green electricity source CO2 . Cheap electricity essential financially sustainable P2G system . Using PLEXOS model determined deploying 50MWe P2G capacity 2030 Irish electrical grid may reduce absolute levels curtailed wind 5 % compared base case . CO2 capture expensive . cheapest method sourcing CO2 P2G system employ methanation process whereby biogas anaerobic digestion mixed hydrogen surplus electricity . Anaerobic digestion Ireland potential produce biomethane level 10.2 % energy transport ( 19.2PJ/a ) . potential CO2 resource anaerobic digestion could allow 8.9 % energy transport ( 16.6PJ/a ) P2G production . optimal model proposed including co-location biogas system P2G system . model includes demand-driven biogas concepts allowing electrical grid balancing supply gaseous transportation fuel . Biofuel obligation certificates allows financially viable industry . © 2015 Elsevier Ltd .
2017,Feasibility study on renewable energy use in the island in the Seto Inland Sea,"Proceedings of 33rd PLEA International Conference: Design to Thrive, PLEA 2017","Islands Japan local declining problem due population decreasing aging . hand , island Seto Inland Sea rich natural resources , mild climate , vast farmland , high potential using renewable energy . study compares supply potential renewable energy energy demands houses targeting Osakishimojima . supply side , energy potentials considered local characteristics , 4 types energies calculated using GIS . demand side , total heat electric calculated estimating heating load cooling load , lighting consumer electronics load hot-water load using simulation tools . Based result , energy potential target area clarified , feasibility Zero Energy Island ( ZEI ) evaluated . result , following revealed . 1 ) target island , solar energy high potential due mild climate many sunny days . 2 ) Comparing biomass energy , potential pruned branches higher vast orchard . 3 ) potential renewable energy exceed energy demands combining four types energy target island . ( ZEI feasible ) . Copyright © NCEUB 2017 ."
2016,Multi-parameter approach for the selection of preferred offshore power grids for wind energy,"2016 IEEE International Energy Conference, ENERGYCON 2016","Western Europe heavily investing offshore wind power , costs wind farms remain high . reason , current transmission grids offshore wind energy predominately radial reduce investment cost . date , selection approaches offshore grid configurations mainly based level reliability . paper introduces alternative selection approach comprehensively assess net present value ( NPV ) near-shore power grids . assessment encompasses , among others , load flow analysis , well sensitivities parameters like failure rates , repair times energy prices , different grid configurations ( i.e . radial/ meshed ) . case study Dutch offshore transmission system shows approach helps finding suitable tradeoff lowest feasible NPV , also improving reliability ( terms reduced lost energy ) offshore grid . © 2016 IEEE ."
2016,Drivers for the development of HVDC grids,HVDC Grids for Transmission of Electrical Energy: Offshore Grids and a Future Supergrid,"chapter describes evolution drivers energy policy , resulting strong move towards development offshore grid super grid . perceived drive strongest Europe , main focus evolutions . specific drivers high-voltage DC ( HVDC ) grids liberalization energy sector increase renewable generation energy mix . respect applicability grid investments , power-flow-controlling devices categorized two types : flexible AC transmission systems ( FACTSs ) including phase-shifting transformers ( PST ) high-voltage DC ( HVDC ) solutions . HVDC transmission systems transmit electric power zero frequency use power electronic converters interface AC grid DC grid . HVDC offers inherent active power control , making flexible use easier limit overloads system . © 2016 Institute Electrical Electronics Engineers , Inc. rights reserved ."
2017,Local energy planning: Potential and perspectives of transport sector in sustainable energy action plans (SEAPs) of four small Italian islands,"Conference Proceedings - 2017 17th IEEE International Conference on Environment and Electrical Engineering and 2017 1st IEEE Industrial and Commercial Power Systems Europe, EEEIC / I and CPS Europe 2017","Nowadays , Sustainable Energy Action Plans ( SEAPs ) , represent great tool European municipalities regions plan , implement , monitor evaluate energy climate actions , contribute GHG reduction adaptation achievements . study analysed SEAPs four small Italian islands ( SIIs ) evaluate specific impact transportations taking account interactions local renewable energy . Assessing forecasts 2020 2030 scenarios , accordance European National laws force , aim paper assess integrated flowchart planning transport sector harmonize renewable energy sources ( RES ) local scale . © 2017 IEEE ."
2017,Understanding the Origin of Oscillatory Phenomena Observed between Wind Farms and HVdc Systems,IEEE Journal of Emerging and Selected Topics in Power Electronics,"Field experience shown subsynchronous oscillation harmonic resonance occur wind farms ( WFs ) high voltage dc ( HVdc ) systems . oscillations appear presence background harmonics due interaction wind energy conversion system 's ( WECS 's ) converter controller , HVdc converter controller , impact interconnection system impedance . However , root causes oscillations observed field entirely understood attributed various sources within components controllers interconnected system . paper explores possible causes oscillations investigating impact controllers components WF voltage-source converter ( VSC ) -based HVdc transmission system . order understand phenomenon , impedance WF HVdc offshore ac collection point analytically derived identify potential resonance points . impedance frequency responses WF HVdc converter indicate potential resonance low frequency . origin oscillations attributed propagation WECS resonance WECS full converter dc link interaction WECS HVdc system . source load impedance identified , impedance-based stability method adopted order determine stability . attempt improve oscillatory phenomena , active damping scheme implemented offshore HVdc rectifier . analysis time-domain simulation results respective harmonic spectra show implemented active damping effective eliminating oscillations observed interconnected system . Moreover , paper presents role ratio bandwidths interconnected areas , essential role root cause instability . general rule observed bandwidth HVdc rectifier ( source ) faster bandwidth load ( WFs inverter ) ; system operates stably . © 2013 IEEE ."
2014,Regional cooperation potentials in the European context: Survey and case study evidence from the Alpine Region,Economics of Energy and Environmental Policy,"energiewende ( `` Energy Turnaround '' ) Germany occur within context setting Europe 's internal electricity market . important initial step intensify regional cooperation neighboring countries . assert full benefits regional cooperation realized integrating Europe 's market segments , e.g. , real-time , day ahead , reserve markets backup capacities , coordinating grid expansion . paper examines three existing regional schemes , Pentalateral Forum , North Sea Countries Offshore Grid Initiative Baltic Energy Market Interconnection Plan . results two case studies Alpine Region comprising Austria , France , Germany , Italy Switzerland indicate cross-border cooperation possible even involving operation existing assets , necessary capital-intensive investments generation , renewables transmission major challenges , also potentially benefit participating countries . conclude expanded regional cooperation essential element Europe 's decarbonization initiative Germany 's energiewende . Copyright © 2014 IAEE . rights reserved ."
2014,Systematic retrofit design methodology for evaluation of integratedforest biorefinery strategies,J-FOR,"North American forest product companies considering transformation businesses integrating biorefineries existing pulp paper facilities . However , biorefinery strategies sustainable , imply level risk . assess biorefinery strategies , essential first identify potential integrations biorefinery candidates existing mill , evaluate cost synergies associated potential integrations . article describes approach retrofit design methodology . Considering unique characteristics Kraft pulp mill study , four biorefinery technologies identified potential transformation strategies . main cost savings found associated integration potential energy island wastewater treatment unit . results retrofit design used economic analysis study used analyze candidate biorefinery strategies terms sustainability performance ."
2015,Nordic hydropower flexibility and transmission expansion to support integration of North European wind power,Wind Energy,"expected increase wind power production North Baltic Seas substantially increase variability generation portfolio Northern Europe . Access available resources flexible power production necessary support power system variability . Since Nordic hydro-based power system provide resources , stronger interconnection continental Europe Nordic region seems beneficial . paper assesses challenges related wind power production variability , especially offshore , North Baltic Seas . Assessment transmission grid needed harvesting available wind production located far away load centres enable optimal use hydropower flexibility studied long-term cost-benefit analysis . Special focus devoted role offshore grid structure impact onshore grid constraints . analysis includes two interrelated simulation steps . first step focuses strategic use hydro energy day-ahead market , detailed modelling water courses hydro production Nordic region considered . , second step , flow-based simulations conducted detailed grid model whole European system . results show long-term strategies expansion offshore onshore grids must defined coordinated way ensure optimal developments . Copyright © 2014 John Wiley & Sons , Ltd . Copyright © 2014 John Wiley & Sons , Ltd ."
2014,Key parameters for the optimization of a Wind Farm: Impact on the offshore substation,CIGRE Session 45 - 45th International Conference on Large High Voltage Electric Systems 2014,"offshore wind farms increase size , locations move away shore deeper waters , resulting significant impact farm 's collection transmission grid . role grid - including MV equipment wind-turbine , inter-array grid , offshore substation ( ) , transmission cables- crucial whole farm steady transient conditions . Indeed , normal conditions , energy lost transmission wind turbine generators onshore substation significant , making mandatory optimize system order increase efficiency minimizing losses investment costs . Furthermore , fault conditions , since one incident offshore transmission grid create substantial loss generation company design optimized , balance reliability cost found . using onshore best practices proven equipment could considered suitable solution . paper , describe impacts different determining parameters optimization large wind farm electrical equipments offshore grid increasing inter-array voltage Medium Voltage ( MV ) High Voltage ( HV ) , special focus impact offshore substation . first part deal technical impact high voltage inter-array , focusing electrical equipment , losses , flexibility temporary overvoltages . One drawback MV level restrictive limit maximum voltage current , establishes limit regarding maximum power transmitted one Wind Farm 's internal circuits . power wind farm WT increasing , current rating increasing MV level power could conveyed cable using bigger cable sections increasing power losses . Increasing voltage level increase limit Wind Farm 's transmitted power , well reducing losses section cables . second part paper focus economical impact increasing voltage collection system ; scenarios described based 500 MW wind farm global picture , given regarding impacts voltage upgrade . © 2014 CIGRE . rights reserved ."
2014,Considerations in design of an offshore network,CIGRE Session 45 - 45th International Conference on Large High Voltage Electric Systems 2014,"vast potential offshore wind energy challenge connecting onshore AC systems possibly distant locations attracting interest offshore networks based HVDC technology using voltage source converters ( VSC ) . However , number visions expressed offshore grid , example , North Sea Europe might look , investors yet commit development offshore grids number design economic questions considered . paper discusses various engineering , regulatory economic issues associated offshore networks . particular , compares AC HVDC options simple connections , considers benefits coordinated offshore network development asks whether , offshore context , conventions secure operation customary design operation onshore transmission networks still relevant . argued , except loss infeed issue would caused onshore grid offshore DC grid connected , lack demand offshore means rules re-evaluated . leads discussion need DC circuit breakers reliable fault detection selection multi-terminal DC grid options control DC grid . Finally , number institutional issues described including role offshore transission owners sharing costs benefits offshore network . © 2014 CIGRE . rights reserved ."
2016,HVDC grids for transmission of electrical energy: Offshore grids and a future supergrid,HVDC Grids for Transmission of Electrical Energy: Offshore Grids and a Future Supergrid,"book discusses HVDC grids based multi-terminal voltage-source converters ( VSC ) , suitable connection offshore wind farms possible solution continent wide overlay grid . HVDC Grids : Offshore Supergrid Future begins introducing analyzing motivations energy policy drives developing offshore grids European Supergrid . HVDC transmission technology offshore equipment described second part book . third part book discusses HVDC grids developed integrated existing power system . fourth part book focuses HVDC grid integration , studies , different time domains electric power systems . book concludes discussing developments advanced control methods control devices enabling DC grids . Presents technology future offshore HVDC grid Explains offshore HVDC grids integrated existing power system Provides required models analyse different time domains power system studies : steady-state electromagnetic transients book intended power system engineers academics interest HVDC power systems , policy makers . book also provides solid background researchers working VSC-HVDC technologies , power electronic devices , offshore wind farm integration , DC grid protection . © 2016 Institute Electrical Electronics Engineers , Inc. rights reserved ."
2015,Resampling of data for offshore grid design based on kernel density estimation and genetic algorithm,Energy Procedia,"Offshore wind power major focus renewable energy development recent years , due better wind speeds wind energy available offshore . Since development ( construction grid connection ) offshore windfarms relatively expensive nature , careful planning design needed maximise benefits offshore wind projects . Optimisation one operational state sufficient grid design state power system stationary due fluctuations wind power power consumption . Eventually leads fluctuation base load power generations . account variability , optimisation done many operational states . Historical data power consumption load centre simulation data wind power used describe system states . Ideally , complete set data used describe power system states could also lead unsolvable case many unknowns involved calculation . keep number states low possible reduce computation time , selection smaller number samples represent whole data set carried . involves detail studies statistical distributions data . study therefore dedicated develop procedure selecting set statistically sound samples represent entire data set grid design purposes . © 2015 Authors . Published Elsevier Ltd ."
2014,Near zero energy islands in the Mediterranean: Supporting policies and local obstacles,Energy Policy,"Based recent technical-economical analysis island Pantelleria , policy feasibility study complete upgrading energy system Mediterranean Island carried . Pantelleria , situated Sicily Africa , owns large potential terms renewable energy resources , although obstacles turning Near Zero Energy system . Starting deep energy system audit , study proposes project near zero energy island , efficient transformation different existing natural energy resources electrical energy heat : solar , wind-based geothermal systems . way , island turned almost autonomous system . main difficulties connected implementation project identified national energy policies well specific local situation , characterized strong private monopole generation distribution electrical energy incentive supporting costs connected energy requalification island . hand , local administrations , involved project bottom-up European policies , cultural economic tools go implementation . © 2013 Elsevier Ltd ."
2014,Offshore wind delivery system technology assessments and performance evaluation,IEEE Power and Energy Society General Meeting,"connection DOE funded National Offshore Wind Energy Grid Interconnection Study ( NOWEGIS ) , assessments offshore wind delivery systems made different technologies ( HVAC vs. HVDC ) topologies ( radial vs. backbone vs. grid ) . , performance system impacts various options assessed steady-state perspective using power flow analyses normal system conditions contingency conditions . Observations made based findings general knowledge typical system operations . © 2014 IEEE ."
2015,Real-time studies on an improved modular stacked transmission and distribution system,"2015 IEEE 16th Workshop on Control and Modeling for Power Electronics, COMPEL 2015","Modular Stacked Direct Current ( MSDC ) transmission distribution system previously proposed feeding power distributed offshore oil compressor loads . paper presents improved MSDC system integrating several offshore renewable sources existing one . system cost effective enable bidirectional power flow onshore offshore grid . validate control philosophy improved MSDC system , real-time hardware-in-loop ( HIL ) simulations performed . , fault mitigation strategies several offshore converter side faults also presented . mitigation strategies tested using real-time simulations support reliability improved MSDC system . © 2015 IEEE ."
2017,Coordination and uncertainty in strategic network investment: Case on the North Seas Grid,Energy Economics,"notion developing transnational offshore grid North Sea attracted considerable attention past years due potential substantial capital savings increased scope cross-border trade , sparking European-wide policy debate incentivizing integrated transmission solutions . However , one important aspect far received limited attention benefits largely depend eventual deployment pattern electricity infrastructure currently characterized severe locational , sizing timing uncertainty . Given lack coordination generation network developments across Europe , real risk over-investment premature lock-in options exhibit limited adaptability . near future , important choices made concerning network topology amount investment . paper identify optimal , terms reduced cost , network investment ( including topology ) North Seas countries four deployment scenarios five distinct policy choices differing level offshore coordination international market integration . drawing comparisons study results , quantify net benefit enabling different types coordination scenario . Furthermore , showcase novel min–max regret optimization model identify minimum regret first-stage commitments could deployed near future order enhance strategic optionality , increase adaptability different future conditions hence reduce potential sub-optimality initial network design . view , put forward specific policy recommendations regarding adoption flexible anticipatory expansion framework identification attractive investment opportunities uncertainty . © 2017 Elsevier B.V ."
2014,Small-signal stability study of the Cigré DC grid test system with analysis of participation factors and parameter sensitivity of oscillatory modes,"Proceedings - 2014 Power Systems Computation Conference, PSCC 2014","paper presents detailed case study small-signal stability analysis Cigré DC-grid test system . presented investigations intended identifying critical modes interaction different parts electrical system controllers multi-terminal HVDC ( MTDC ) schemes . Oscillatory critical modes system investigated modal analysis , including participation factor analysis studies parameters sensitivity . potentially unstable modes investigated calculating participation factors system , identify influencing components . sensitivity eigenvalues control parameters also presented order reach improved control design MTDC sufficient damping enhanced dynamic response . Time-domain simulation results presented order verify transient performance control system . © 2014 Power Systems Computation Conference ."
2015,The power of the offshore (super-) grid in advancing marine regionalization,Ocean and Coastal Management,"Large scale transnational electricity grids facilitate balancing capacity across areas serve increase potential energy trading . Offshore grids ambitious notion supergrids beginning play significant part , especially Europe , realization improving security domestic energy supply expanding renewable energy production . , offshore ( super- ) grid development provides excellent example move towards marine regionalization . Moreover , limited spatial claims environmental impacts , marine electricity systems seem well-aligned rationale ecosystem-based management , heart European marine governance . outlining historical path envisioned outlook , article show offshore ( super- ) grid developments link marine regionalization related processes integration cooperation . argued scaling-up grids level regional seas unproblematic , faces obstacles depend persistent practical policy realities , may relevant expressions marine regionalization . © 2015 Elsevier Ltd ."
2014,Fixed-reference-frame-control: A novel robust control concept for grid side inverters in HVDC connected weak offshore grids,"2014 16th European Conference on Power Electronics and Applications, EPE-ECCE Europe 2014","Offshore wind energy plants built long distance public ac-grid connected HVDC-transmission . Hence offshore ac-island-grid results , HVDC station generates grid inverters wind power plants synchronize gird . power HVDC-station significant higher sum wind power plants , grid relative weak . could lead stability problems wind power plants grid side converters . © 2014 IEEE ."
2017,Planning 100% renewable energy islands: the case of the Caribbean island of Montserrat,CIRED - Open Access Proceedings Journal,"Diesel grid cost parity strong driver new renewable energy investments small islands developing states . case Montserrat Caribbean island analysed promising starting point develop replicable business model renewable energy utilisation Caribbean islands . joint project Government Montserrat , CARICOM , GIZ , Siemens AG found energy transition based photovoltaics , geothermal energy , energy storage systems attractive feasible path towards independency sustainability . © 2017 Institution Engineering Technology . rights reserved ."
2016,Frequency control during transients in offshore wind parks using battery energy storage systems,Journal of Marine Engineering and Technology,"main objective paper study implementation battery energy storage system ( BESS ) order improve dynamic behaviour offshore wind farm . Special attention given frequency excursions limitation sequence fault onshore grid . goal accomplished setting case study offshore wind farm connected onshore grid high voltage direct current line commutated converter ( HVDC-LCC ) link . Power System Simulator Engineering ( PSS/E ) simulation tool used implement whole system , including onshore offshore grids load flow dynamic models conventional generators , wind turbine generators ( WTGs ) , HVDC-LCC link BESS . BESS service , protective actions DC link lead uncontrolled frequency increase WTG , consequently tripped . BESS proves essential , allows offshore wind farm keep running maintaining frequency WTG acceptable levels therefore bringing entire system steady state operating point . © 2016 Institute Marine Engineering , Science & Technology ."
2017,Integrating Offshore Wind Power Via Fractional Frequency Transmission System,IEEE Transactions on Power Delivery,"novel solution integrating offshore wind power via fractional frequency transmission system ( FFTS ) introduced paper . basic idea FFTS improve technical economic performance ac transmission systems lowering grid frequency . FFTS especially suitable transmitting offshore wind power low frequency dramatically reduces charging current cable . addition , novel ac transmission system , FFTS performs much better HVDC constructing multiterminal ( MT ) grid . basic structures characteristics typical PMSG-based FFTS offshore wind power system MT-FFTS offshore grid described first . two offshore wind power cases used compare technical economical pros cons FFTS solution conventional solutions : HVAC HVDC . feasibility studies show performance FFTS offshore wind power system superior HVAC HVDC point-to-point ( PP ) multiterminal cases . uniform annual value PP-FFTS MT-FFTS 5.01 % 5.07 % cheaper PP-HVDC MT-HVDC . Therefore , FFTS promising solution offshore wind power integration building offshore grids . © 1986-2012 IEEE ."
2017,"Integrated North Sea grids: The costs, the benefits and their distribution between countries",Energy Policy,"large number offshore wind farms interconnectors expected constructed North Sea region coming decades , creating substantial opportunities deployment integrated network solutions . Creating interconnected offshore grids combine cross-border links connections offshore plants shore offers multiple economic environmental advantages Europe 's energy system . However , despite evidence integrated solutions beneficial traditional radial connection practices , projects deployed yet . paper quantify costs benefits integrated projects investigate extent cost-benefit sharing mechanism participating countries impede encourage development integrated projects . Three concrete interconnection case studies North Sea area analysed detail using national-level power system model . Model outputs used compute net benefit involved stakeholders different allocation schemes . Given asymmetric distribution costs benefits , recommend consistently apply Positive Net Benefit Differential mechanism starting point negotiations financial closure investments integrated offshore infrastructure . © 2016 Elsevier Ltd"
2016,The Harmonic Stability Problem in Offshore Wind Farms and Targeted Extension of the HVDC Link Control for its Mitigation,IFAC-PapersOnLine,"paper analyses effect HVDC controller harmonic stability offshore wind farm . Due HVDC filters/ transformers long cables wind farms natural resonances normally damped grid However , improperly designed controllers could excite resonances may result equipment damage . overcome problem , HVDC controller extended resonance suppression control based main ideas disturbance rejection technique . effectiveness proposed method analyzed different operational conditions network . also observed gains PI voltage controller play significant role harmonic stability offshore grid . © 2016"
2017,Self-Synchronization of Wind Farm in an MMC-Based HVDC System: A Stability Investigation,IEEE Transactions on Energy Conversion,"stability offshore wind power network connected high-voltage dc ( HVDC ) transmission line challenging since strong ac collection ( ACC ) bus might available , rotating machine connected bus . addition , synchronization unit ( phase-locked loop , PLL ) shown significant impact achieving satisfactory performance . tackle problem , paper proposed wind energy conversion system ( WECS ) controller ACC bus based synchronverter concept . synchronverter - inverter without PLL mimics synchronization mechanism inherent synchronous generator - introduced grid side WECS voltage-source converter ( VSC ) , wind farms connected ac network modular multilevel converter ( MMC ) -based HVDC system . order determine stability interconnected system , impedance-based stability method adopted . impedances wind power inverter MMC-HVDC converter analytically derived , analytical model verified comparing frequency responses obtained numerical simulation . detailed analysis results presented show benefits controller potential stability . results highlights synchronverter 's ability keeping better performance compared PLL-based dq-domain control point stability control integrating offshore wind farm MMC-based HVDC system , since impedance synchronverter reflects simple RL characteristic . hand , impedance PLL-based dq-domain control impedance inductive 2 kHz reflects composite characteristics 2 kHz different resonance points higher impedance magnitude low frequencies , making vulnerable voltage instability . Finally , time-domain simulation results presented validate theoretical analysis show self-synchronization impacts system performance . © 2017 IEEE ."
2016,Investigation on Fault-ride through Methods for VSC-HVDC Connected Offshore Wind Farms,Energy Procedia,"paper proposes novel fault-ride method offshore wind farms connected grid voltage source converter ( VSC ) -based high voltage direct current ( HVDC ) transmission . proposed method introduces controlled voltage drop offshore grid onshore fault occurs . idea behind achieve fast power reduction . Additionally proposed idea , every individual wind turbine detects voltage drop offshore grid almost simultaneously , controller decreases power set-point reduce power output wind turbine . effectiveness method verified numerical simulations performed PSCAD . © 2016 Authors ."
2015,Current source converter series tapping of a LCC-HVDC transmission system for integration of offshore wind power plants,IET Seminar Digest,"using HVDC two available commercial possibilities : Transmissions based Line Commutated Converters ( LCC ) based Voltage Source Converters ( VSC ) . VSC-HVDC suitable creating offshore grids . Despite fact , many LCC transmission systems operation across sea interconnecting mainlands islands . work addresses concept connecting wind power plants series LCC-HVDC transmission link already built means self-commutating Current Source Converter ( CSC ) . idea similar series tapping stations extract power form HVDC link . Nevertheless , CSC act rectifier inverter , power reversal available advantages VSC . coupling LCC stations CSC straightforward since topologies current source converters . control operation system normal conditions presented verified means simulations using MATLAB Simulink ."
2014,Analysis of north sea offshore wind power variability,Resources,"paper evaluates , 2030 scenario , impact onshore power systems terms variability power generated 81 GW offshore wind farms installed North Sea . Meso-scale reanalysis data used input computing hourly power production offshore wind farms , total production analyzed identify largest aggregated hourly power variations . Based publicly available information , simplified representation coastal power grid built countries bordering North Sea . Wind farms less 60 km shore connected radially mainland , rest connected hypothetical offshore HVDC ( High-Voltage Direct Current ) power grid , designed wind curtailment exceed 1 % production . Loads conventional power plants technology associated cost curves computed various national power systems , based 2030 projections . Using MATLAB-based MATPOWER toolbox , hourly optimal power flow regional hybrid AC/DC grid computed high , low medium years meso-scale database . largest net load variations evaluated per market area related extra load-following reserves may needed conventional generators . © 2014 authors ; licensee MDPI , Basel , Switzerland ."
2017,About the intelligent decision making system for dynamic electricity pricing on renewable microgrids,"Proceedings of the 12th International Scientific and Technical Conference on Computer Sciences and Information Technologies, CSIT 2017","new approach solving problem interaction main suppliers electricity private generating stations different nature island renewable energy micro-grids . approach used small power islands different natural conditions , stipulate use solar , wind energy sources order evaluate dynamic electricity pricing . © 2017 IEEE ."
2017,Assessing the impact of sampling and clustering techniques on offshore grid expansion planning,Energy Procedia,"Due ongoing large-scale connection non-dispatchable renewable energy sources power systems , short- long-term planning models challenged increasing level variability uncertainty . key contribution article explore assess implications different dimension reduction approaches long-term Transmission Expansion Planning ( TEP ) models . purpose study , selection sampling clustering techniques introduced compare resulting sample errors variety sampling sizes two different scaling options original data set . Based generated samples , range TEP model runs carried investigate impacts investment strategies market operation case study reflecting offshore grid expansion North Sea region 2030 scenario . evaluations show dimension reduction techniques performing well sampling clustering process necessarily produce reliable results large-scale TEP model . Future work include ways incorporating inter-temporal constraints better capture medium-term dynamics operational flexibility power system models . © 2017 Author ( ) ."
2017,AC offshore grid forming of a collection network for wind park by considering storage and hybrid power electronic systems,"Proceedings of 2016 International Conference on Electrical Sciences and Technologies in Maghreb, CISTEM 2016","New applications storage systems considered order contribute secure reliable operation AC offshore networks . management offshore AC collection network carefully studied various possibilities implement vital operating functions storage system developed . Issues control design storage system , impact analysis existent AC/DC offshore VSC power converter , assessment reliability , offered repowering facility case HVDC transmission fault participation control frequency , AC voltage reactive power compensation normal operation . © 2016 IEEE ."
2016,Reshaping Equilibria: Renewable Energy Mega-Projects and Energy Security,Low-Carbon Energy Security from a European Perspective,"Renewable energy mega-projects potential play significant role Europe 's transition low-carbon energy system . However , question remains whether expansive undertakings contribute energy security . Four mega-projects various stages planning , construction implementation examined chapter . Two projects Middle East North Africa ( MENA ) region , Noor DESERTEC , interpret idea interdependent energy systems contrasting ways , latter relying existing paradigm physical connectedness former building new bridges economic scientific cooperation . first interconnected offshore site , Kriegers Flak , North Seas Countries Offshore Grid Initiative ( NSCOGI ) exemplify different approaches balancing issues capacity system efficiency . resulting analysis shows reshaping equilibria low-carbon energy security help large-scale renewable energy projects leads much deeper questions prevailing energy policy paradigms . © 2016 Elsevier Ltd rights reserved .."
2015,Simulation study of renewable energy driven microgrid,Journal of Electrical Engineering,"Ever-increasing demand energy increasing concern manmade climatic changes called changes ways electricity generated distributed delivered.Micro grids peer-to-peer self-sustaining community Managing local generation , storage , loads , exclusively grid connectivity . MGs considered much ability create energy islands protect broad power outages . work highlights architecture MG driven renewable sources conceptual solution power outages . work begins modeling following studies like , Simulation study TNEB distribution network , Optimal placement Distributed sources ( DG 's ) , Remodeling solar PV Wind Turbine , MG integration reactive power compatibilities different DG 's Voltage regulation low voltage MG network . low voltage distribution system converted MGs , distributed generation sources ( DG 's ) , identified sensitivity analysis . modeled system tested feasibility several case studies ."
2017,Smart load management of water injection systems in offshore oil and gas platforms integrating wind power,IET Renewable Power Generation,"pollution coming use gas turbines ( GTs ) oil gas ( & G ) platforms requires greener solutions . One option use wind turbines ( WTs ) supply water injection systems ( WISs ) explore smart energy management make & G sector sustainable . effect WT integration , coordination local GTs , needs carefully analysed since intermittency wind jeopardise stability offshore grid . existence flexible loads ( FLEX ) interfaced variable speed drives ( VSD ) , WISs , help overcome challenges related wind intermittency rotor angle stability : suitable control non-essential loads implemented reduce effect wind power fluctuations , balance power generation consumption contribute optimal efficiency GT adjusting loading conditions . work investigates system dynamics short-term wind-induced power fluctuations , analysing evolution electrical variables , active power generator rotor speed , evaluate possible arise low frequency oscillations . impact adequate WIS load control increase system damping also explored algorithm system damping estimation proposed . © Institution Engineering Technology 2017 ."
2015,Oscillatory phenomena between wind farms and HVDC systems: The impact of control,"2015 IEEE 16th Workshop on Control and Modeling for Power Electronics, COMPEL 2015","Field experience shown sub-synchronous oscillation ( SSO ) harmonic resonance happen due interaction wind energy conversion system 's ( WECS ) converter controller , HVDC converter controller impact system impedance . paper investigates operation control WECS employing full-scale converter connected electrical network voltage source converter ( VSC ) -based high voltage dc ( HVDC ) transmission system . SSO harmonic resonance observed depending control implementation ac collection bus side HVDC converter . origin oscillations attributed propagation WECS 15 Hz resonance WECS full converter DC link interaction WECS dc link dynamics HVDC system . active damping scheme proposed improve system performance . active damping implemented offshore HVDC system installed purpose integrating two wind farms . analysis time domain simulation results spectral analysis presented show effective application proposed active damping . © 2015 IEEE ."
2017,A case study of a successful industrial microgrid operation,"2017 4th International Conference on Electrical and Electronics Engineering, ICEEE 2017",energy structure undergoing serious change connection renewables distribution level . One important changes ensure sustainability energy successful implementation microgrids . important microgrid structure recover severe system faults also microgrid structure maintain balance becoming energy island . decoupling balancing procedure sometimes critical load tolerate energy interruptions . paper successful microgrid structure refinery performed studies introduced . © 2017 IEEE .
2014,Life cycle assessment of an offshore grid interconnecting wind farms and customers across the North Sea,International Journal of Life Cycle Assessment,"Purpose : study aims contribute improved understanding environmental implications offshore power grid wind power development pathways . achieve aim , present two assessments . First , investigate impacts North Sea power grid enabling enhanced trade integration offshore wind power . Second , assess benefit North Sea grid wind power comparison scenarios power generation affected countries . Methods : grid scenario explored first assessment ambitious scenario Windspeed project result cost minimization analysis using transmission-expansion-planning model . develop hybrid life cycle inventory array cables ; high voltage , direct current ( HVDC ) links ; substations . functional unit 1 kWh electricity transmitted . second assessment compares two different energy scenarios Windspeed North Sea surrounding countries . , utilize life cycle inventory offshore grid components together inventory catalog power generation technologies Ecoinvent couple inventories grid configurations electricity mixes determined optimization procedure Windspeed . Results discussion : Developing , operating , dismantling grid cause emissions 2.5 g CO2-Eq per kWh electricity transmission 36 Mt CO2-Eq total . HVDC cables major cause environmental damage , causing , example , half total climate change effects . next important contributors substations array cabling used offshore wind parks . Toxicity eutrophication effects stem largely leakages disposed copper iron mine tailings overburden . Results comparison two scenarios demonstrate substantial environmental benefit North Sea grid extension associated wind power development compared alternative generation electricity fossil fuels . Offshore grid wind power , however , entail increased use metals , hence , higher metal depletion indicator . Conclusions : present first life cycle assessment large offshore power grid , using results energy planning model input . HVDC links major cause environmental damage . differences across impact categories respect components types activities responsible damage . North Sea grid wind power environmentally beneficial array criteria displacing fossil fuels , cause substantial metal use . © 2014 Springer-Verlag Berlin Heidelberg ."
2015,Offshore grids for renewables: Do we need a particular regulatory framework?,Economics of Energy and Environmental Policy,"Onshore , generators connected transmission grid TSOs . regulatory model could simply extended offshore ( i.e . Germany ) , connection offshore wind farms shore also opportunity test alternatives , i.e . third party model ( i.e . UK ) generator model ( i.e . Sweden ) . paper , argue third party generator models indeed better suited support evolution towards larger scale offshore wind farms increasingly developed farther sea , TSO model better suited support evolution towards cross-border offshore grid projects . words , important trade-off needs made none existing regulatory models fulfill expectations current context Europe . , trade-off made regional EU level different national regulatory frameworks incompatible applied cross-border offshore grid project . Copyright © 2015 IAEE . rights reserved ."
2017,DC protection of a multi-terminal HVDC network featuring offshore wind farms,Energy Procedia,"protection scheme DC faults designed multi-terminal HVDC network used transfer energy three large offshore wind farms shore . system uses open access models created EU-funded BEST-PATHS project , including manufacturer-supplied wind farm model . Tripping conditions DC circuit breakers found simulation , along current limiting inductor sizes , based use hybrid circuit breaker . Simulations faults HVDC network show ability protection scheme isolate fault , converter stations wind turbines able ride-through fault without tripping based 5ms switching time circuit breakers Longer switching times cause significant rises offshore grid frequency , could cause turbines trip ."
2014,Coordinated control of wind farm and VSC-HVDC system using capacitor energy and kinetic energy to improve inertia level of power systems,International Journal of Electrical Power and Energy Systems,"large-scale offshore wind power integration main grids long distance , VSC-HVDC transmission typical way . However , asynchronous characteristic HVDC link leads frequency decouple offshore grid main grid , i.e. , offshore grid little inertia support main grid . high level penetration wind energy makes main grid `` inertia-less '' system impairs overall stability system . paper proposes new coordinated control strategy uses electrical energy stored DC capacitors kinetic energy stored wind turbine rotors emulate inertia synchronous generators . control strategy , DC link capacitors release absorb energy following droop DC voltage control grid side VSC ( GSVSC ) , wind farm VSC ( WFVSC ) changes output frequency according DC voltage . Thus , artificial coupling frequencies two-side AC systems obtained without remote communication . According WFVSC 's output frequency , wind turbine power controller alters power reference , wind turbine speed changes . Thus , kinetic energy stored wind turbine rotors absorbed released . result , wind turbine utilized keep main grid frequency stable . Based doubly fed induction generator ( DFIG ) wind turbine , paper analyzes influence different additional power controllers different control parameters proposed control strategy inertia time constant . Within permissible range DC voltage variation , proposed control strategy provide wide range inertia time constant , improves overall stability main grid system . Simulation results three operation conditions , i.e. , sudden load changes , variation wind speed , AC system faults , validated effectiveness proposed coordinated control strategy . © 2014 Elsevier Ltd. rights reserved ."
2014,Regulating offshore energy sources in the North Sea - Reinventing the wheel or a need for more coordination?,International Journal of Marine and Coastal Law,"article examine legal frameworks developing oil , gas wind energy North Sea . discuss whether parallels seen lessons learned different sectors suggest experience offshore petroleum sector could used improve evolving legal regimes offshore wind energy . purpose , first examine legal basis offshore activities international law sea . Subsequently , discuss regulation oil gas exploitation regulation offshore wind energy . focus particular way energy sources transported shore via pipelines cables . consider whether comparable decisions made establishing legal regime offshore wind whether lessons could still learned . particularly relevant future production offshore wind energy production petroleum need coordinated , sizable amounts offshore wind energy integrated ( offshore ) transmission grid . © 2014 Koninklijke Brill NV , Leiden ."
2017,Optimization-based reactive power control in HVDC-connected wind power plants,Renewable Energy,"One application high–voltage dc ( HVdc ) systems connection remotely located offshore wind power plants ( WPPs ) . systems , offshore WPP grid synchronous main grid operate decoupled mode , onshore HVdc converter fulfills grid code requirements main grid . Thus , offshore grid operated independently normal conditions offshore HVdc converter connected wind turbines . general , well known optimized reactive power allocation might lower component loading power losses . paper aims propose assess reactive power allocation optimization within HVdc–connected WPPs . systems , offshore converter operates adjoining grid imposing frequency voltage . reference voltage magnitude used additional control variable optimization algorithm . loss function incorporates collection grid converter losses . use proposed strategy results effective reduction losses compared conventional reactive power dispatch strategies alongside improvements voltage profile . case study 500 MW–sized WPP demonstrates additional annual energy production 6819 MWh economical benefit 886 kyr−1 using proposed strategy . © 2017 Elsevier Ltd"
2016,Marine wind energy and the North Sea Offshore Grid Initiative: A Multi-Level Perspective on a stalled technology transition?,Energy Research and Social Science,"Building electricity grids sea implies radical transformation grid topologies . time , marine super-grid conceivable . growing numbers subsea electricity cables meshed marine renewable , ‘ greening ’ grids also possible . Based interview research , paper examines one ambitious proposal : Northern Seas Countries Offshore Grid Initiative ( NSCOGI ) . Multi-Level Perspective ( MLP ) technology transitions used evaluate progress date . Obstacles uncovered include competing still immature grid technology niches . equivocal support key actors within relevant socio-technical electricity regime . National grid Transmission System Operators ( TSOs ) appear interested subsea cables trade electricity rather enhancing marine renewables . EU might assumed vital actor support North Sea Grid , limited influence . National policy insiders decisions matter . paper stresses residual importance national level offshore wind electricity grids . marine super-grid wired offshore wind-farms throughout North Sea , tentative emergence , also ambiguous support offshore wind . © 2016 Elsevier Ltd"
2016,Management through hope: an ethnography of Denmark’s Renewable Energy Island,Journal of Organizational Ethnography,"Purpose – purpose paper analyse process social technical change took place 1997 2007 Samsø , rural island 4,000 inhabitants , became Denmark ’ Renewable Energy Island ( REI ) . Design/methodology/approach – Building ethnographic fieldwork conducted Samsø 2013 2014 , paper takes starting point citizens ’ meeting new renewable energy project proposed municipal coordinator . meeting , municipal coordinator exhibits “ change management ” attitude , fails win citizens ’ support becomes entry point investigation REI project developers managed get island community actively support project . gateway past , meeting allows author ethnographically describe unobserved events 1997-2007 . Findings – argument REI project developers practised management hope “ hope management ” , contrast “ change management ” , creating project succeeded accomplishing goals changing island due openness , rootedness island community ’ past , project developers ’ ability speak down-to-earth variety hope . Originality/value – paper makes use ethnographic study present investigate unobserved past REI built . Taking “ hope debate ” anthropology Science Technology Studies ( Stengers , 2002 ; Miyazaki , 2004 ; Jensen , 2014 ) , paper contributes empirical analysis role hope management change processes . © 2016 , © Emerald Group Publishing Limited ."
2016,DolWin1 - Challenges of connecting offshore wind farms,"2016 IEEE International Energy Conference, ENERGYCON 2016",Inherent properties offshore AC grid high penetration wind generation present number challenges connecting wind turbine generators main onshore grid via HVDC . paper focuses discussing challenges based experience gained ABB execution DolWin1 project previous offshore projects . © 2016 IEEE .
2014,Solar photo voltaic power generation in union territory of Lakshadweep Island: Projected level dissemination using technology diffusion models,"Proceedings of the International Conference on Innovative Applications of Computational Intelligence on Power, Energy and Controls with Their Impact on Humanity, CIPECH 2014","Lakshadweep Island one union territory India . main source electricity Lakshadweep Island diesel generators , diesel transported main land . Due high energy costs , islands proving excellent test beds introduction new technologies , becoming so-called renewable energy islands satisfy energy demand mainly indigenous renewable energy sources . fragile locations , geographical environmental limitations desirable explore possible strategies utilize maximum available potential non-polluting renewable energy sources ecologically sensitive island . paper examines penetration renewable energy sources general dissemination solar photo voltaic ( SPV ) based power generation electricity particular balance solution energy problems Lakshadweep Island using technology diffusion models . found different diffusion models , future time frame SPV based power generation likely reach maximum estimated potential another 40 years . © 2014 IEEE ."
2017,"Expansion of offshore HVDC grids: An overview of contributions, status, challenges and perspectives","58th Annual International Scientific Confererence on Power and Electrical Engineering of Riga Technical University, RTUCON 2017 - Proceedings","goal paper review , systematize critically discuss approaches proposed far grid transmission expansion HVDC systems . particular , paper focus special planning requirements offshore HVDC grids , seldom addressed available literature . contribution first highlight traditional expansion planning approaches commonly applied AC systems need modified properly include HVDC technology ; outline strategies tools adapted dealing large offshore HVDC systems , forthcoming North Sea Offshore Grid . respect , updated overview existing planned HVDC links North Sea provided . Finally , discussion specific challenges need properly addressed expansion problem offshore HVDC networks presented , particular emphasis renewable energy integration control issues . © 2017 IEEE ."
2016,Active power flow direction effect on stability in multi-terminal VSC-HVDC transmission system in integrating wind farm,"2016 IEEE 17th Workshop on Control and Modeling for Power Electronics, COMPEL 2016","Variation wind power affects stability multi-terminal HVDC ( MT-HVDC ) system installed purpose integrating offshore wind farms supplying offshore constant power load oil gas plat form . paper investigates stability MT-HVDC system . order determine stability , impedance-based stability method adopted . stability determined checking Nyquist plot minor loop gain . observed high control bandwidth dc voltage control loop better system performance ; however stability margin poor vice versa . Moreover , dc voltage controlled-converter needs operate inverter rectifier provide flexibility power flows directions high control bandwidth dc voltage control loop , converter operate stably rectifier mode , hand low control bandwidth , converter operates stably inverter rectifier ; however system performance poor . order improve system performance , droop control introduced performance droop validated simulation . detailed analysis presented different power levels wind farm shown affects stability interconnected system . © 2016 IEEE ."
2016,Introducing system flexibility to a multinational transmission expansion planning model,"19th Power Systems Computation Conference, PSCC 2016","Grid investments considered sunk costs long lifetime , particularly offshore grid context . market mechanisms cost recovery investments exposed increasing share variable power generation supply side , demanding flexibility system . Hence , great interest account changes tools used decision support . paper presents extension already existing mixed integer linear program ( MILP ) transmission expansion planning ( TEP ) , including system flexibility form energy storage demand-side management . Moreover , enhanced description variable power generation used construct production profiles higher level detail . latter achieved simulating weather data wind solar incorporating higher temporal spatial resolution previous studies . impact using new times series variable power generation , introduction system flexibility , presented separately using North Sea area comparative case study 2030 scenarios provided ENTSO-E . consequent results interest include lifetime operational costs ( OPEX ) , investment costs ( CAPEX ) , offshore wind power curtailment . © 2016 Power Systems Computation Conference ."
2016,Offshore AC grid management for an AC integrated VSC-HVDC scheme with large WPPs,IEEE Power and Energy Society General Meeting,"Point-to-point VSC-HVDC Wind power plant ( WPP ) links connected offshore AC cables called AC integrated VSC-HVDC scheme virtual multi-terminal DC ( MTDC ) grid . Since , AC integrated VSC-HVDC scheme forms offshore AC grid , parallel operation offshore VSC-HVDC converters required . paper compares three offshore converter control topologies : ( ) feedforward control AC voltage frequency , ( ii ) feedback control AC voltage , ( iii ) feedback control AC voltage frequency inner current loop . performance power current based droops assessed parallel offshore converters . Simulations carried DIgSILENT Power Factory presented illustrate effect offshore converter control strategies dynamics AC system following offshore grid disturbances . © 2016 IEEE ."
2015,The Effect of Welfare Distribution and Cost Allocation on Offshore Grid Design,IEEE Transactions on Sustainable Energy,"Innovative offshore grid designs integrating offshore wind farms ( OWFs ) interconnectors gaining popularity . Adequate investment designs requires aligning interest stakeholders appropriate cost allocation method . aim paper twofold . First , shows welfare distribution influence stakeholders offshore grid design choice . Second , evaluates effect various cost allocation schemes aligning diverse stakeholder interests toward efficient grid design . results confirm investment efficient offshore grid design may guaranteed long chosen cost allocation method ignores welfare distribution effect . methods fail regard . Even provide cost incentives , always ensure cooperation . Cognizant limitation , study proposes method allocates costs proportion incremental net benefit ( PINB ) stakeholder . method reflects distribution welfare cost savings . © 2010-2012 IEEE ."
2016,A reliability evaluation of offshore HVDC grid configuration options,IEEE Transactions on Power Delivery,"paper details methodology investigating reliability different offshore grid design options connection offshore wind power shore . methodology uses sequential Monte Carlo-based technique enables investigation realistic offshore phenomena , weather dependency component repair times . number case studies examined connection shore cluster far offshore wind farms cost benefit analysis performed compares capital costs , electrical losses , reliability . found clear value options inherent redundancy alternative protection strategies , avoid use expensive dc circuit breakers , shown potentially viable . also found low probability , high impact faults , transmission branch failures , key driver behind overall grid reliability . © 1986-2012 IEEE ."
2017,Characterisation of interaction in an offshore AC grid with large WPPs and VSC-HVDCs,IET Renewable Power Generation,"exploit full flexible capability offshore voltage-sourced converter high-voltage DC ( VSC-HVDC ) lines , interaction studies offshore AC grid required well understood reported . study examines interaction dynamics offshore AC grid interconnecting large wind power plants ( WPPs ) . conventional eigenvalue analysis method limitations make interaction analysis systems difficult . Hence , study , impedance-based analytical approach employed investigate interaction phenomena . impedance model VSCHVDC converter direct vector control outer droop controls derived along impedance model full-converter wind generator . interaction dynamics offshore grid predicted well-established Nyquist criteria validated using time-domain simulations . analysis shows system stability decidedly influenced control configurations tuning VSC-HVDC lines . © 2017 Institution Engineering Technology ."
2015,Stochastic optimal power flow incorporating offshore wind farm and electric vehicles,International Journal of Electrical Power and Energy Systems,"paper , optimal power flow model power system , includes offshore wind farm plug-in electric vehicles ( PEVs ) connected grid , presented . stochastic nature wind power uncertainties EV owner 's behavior suitably modelled statistical models available recent literatures . offshore wind farms assumed composed doubly fed induction generators ( DFIGs ) reactive power control capability connected offshore grid HVDC link . order obtain optimal active power schedules different energy sources , optimization problem solved applying recently introduced Gbest guided artificial bee colony algorithm ( GABC ) . accuracy proposed approach tested implementing AC-DC optimal power flow modified IEEE 5-bus , IEEE 9-bus , IEEE 39-bus systems . results obtained GABC algorithm compared results available literatures . paper also includes AC-DC optimal power flow model , implemented modified IEEE-30 bus test system including wind farm power V2G source . shown uncertainty associated availability power wind farm PEVs affects overall cost operation system . © 2014 Elsevier Ltd ."
2016,Electrical resonance instability study in HVDC-connected Offshore Wind Power Plants,IEEE Power and Energy Society General Meeting,"stability HVDC-connected Offshore Wind Power Plant ( OWPP ) compromised interactions power converters resonances offshore grid . paper analyses voltage stability offshore HVDC converter due low frequency electrical resonances . impedance-based representation used identify resonances study stability . effect offshore converter control OWPP parameters analysed root locus system . positive-net-damping criterion used determine stability conditions due electrical resonances . Also , time-domain simulations PSCAD/EMTDC presented verify stability conditions . © 2016 IEEE ."
2014,Animated operational scenarios for microgrid systems using scenario visualization and simulation tools,"2014 IEEE Global Humanitarian Technology Conference - South Asia Satellite, GHTC-SAS 2014","modernization energy infrastructure otherwise called Power Grid , integration renewable energy sources like Solar , Wind emerged key focus area across world . 1.2 billion people access electricity incudes 550 million people Africa 300 million India . situation , report International Energy Agency forecasts power generation renewable energy sources nearly triple year 2010 2035 reaching 31 % . Microgrid Distributed Energy Island System plays vital role overcome challenges . Microgrid , comprises Distributed Energy Resources ( DER ) serving community loads , key enabler renewable integration . systems also play significant role rural electrification . systems operated semiautonomous manner autonomous/islanding mode . operational scenarios systems related modernization power systems hence explorative . leaves huge potential Industry academia collaborative approach . purpose study analyze operational scenarios existing new visualization tools ecosystem play major role direction collaboration optimization leads benefit community future . © 2014 IEEE ."
2017,Sensitivity analysis of sampling and clustering techniques in expansion planning models,"Conference Proceedings - 2017 17th IEEE International Conference on Environment and Electrical Engineering and 2017 1st IEEE Industrial and Commercial Power Systems Europe, EEEIC / I and CPS Europe 2017","Short long-term power system planning models becoming complex order capture current future market characteristics comprising variability , uncertainty , integration geographically spread market areas . Dimension reduction methods used keep planning models tractable , e.g . time series sampling clustering , represent trade-off model complexity level detail . accuracy dimension reduction methods measured terms raw data processing model output metrics , latter reveals well sampling technique fits particular model instance . study , robustness several sampling clustering techniques quantified different model instances independently varying model parameters , e.g . marginal cost generation . obtained findings indicate performance considered techniques , indeed , model-dependent , insight performance common dimension reduction techniques power system planning applications provided . results illustrated case study North Sea Offshore Grid ( NSOG ) scenario year 2030 , using bi-level mixed-integer linear optimization program . things considered , systematic sampling moment matching shown give robust results sensitivity analysis . © 2017 IEEE ."
2017,Investigation of a 5-port LCL DC hub connecting 7 HVDC terminals in the North of Scotland,IET Conference Publications,"Reliable cost effective power transmission North Scotland offshore wind farms towards Scotland , England Norway using 7-terminal MMC DC grid studied . proposed DC grid employs 5-port inductor-capacitorinductor ( LCL ) fault tolerant MMC DC hub interconnects several HVDC cables . hub achieves power flow control different terminals , DC voltage stepping using internal AC transformer , importantly enables DC fault isolation port . faulty port isolated form healthy ports system using internal AC circuit breakers fault persistent . Advanced control architecture proposed MMC terminals DC hub MMC VSCs guarantee stable grid behaviour normal operation severe DC faults . whole system modelled PSCAD simulation results presented confirm acceptable performance proposed DC grid ."
2014,The impact of energy storage on long term transmission planning in the North Sea region,"2014 North American Power Symposium, NAPS 2014","paper presents planning framework investigate impact different levels integration large-scale energy storage development plan meshed HVDC grid power system large-scale offshore wind . problem formulation , charge/discharge schedules energy storage modeled way market conditions succeeding hours taken account power dispatch present . unlimited limited energy storage capacity scenarios considered , compared no-storage reference case . optimal plan includes grid topology , transmission capacities , energy storage capacities optimal energy storage schedules . optimization model sets transmission capacities way transmission congestion revenue collected throughout lifetime infrastructure pays investment cost building grid . proposed model applied study future development offshore grid North Sea . Simulation results assessed according various economic indicators . Investing energy storage shown economically effective windy offshore regions . © 2014 IEEE ."
2015,Regulating offshore energy sources in the North Sea-reinventing the wheel or a need for more coordination?,Energy from the Sea: An International Law Perspective on Ocean Energy,"chapter examine legal frameworks developing oil , gas wind energy North Sea . discuss whether parallels seen lessons learned different sectors suggest experience offshore petroleum sector could used improve evolving legal regimes offshore wind energy . purpose , first examine legal basis offshore activities international law sea . Subsequently , discuss regulation oil gas exploitation regulation offshore wind energy . focus particular way energy sources transported shore via pipelines cables . consider whether comparable decisions made establishing legal regime offshore wind whether lessons could still learned . particularly relevant future production offshore wind energy production petroleum need coordinated , sizable amounts offshore wind energy integrated ( offshore ) transmission grid . © 2015 Koninklijke Brill NV , Leiden , Netherlands . rights reserved ."
2017,Nearshore wind resistance on Denmark's renewable energy island: Not another NIMBY story,Science and Technology Studies,"Danish island Samsø world-famous Denmark 's Renewable Energy Island . 21 wind turbines supply island 's electricity . Today , public hostility toward projected nearshore wind farm island 's preserved northern coast growing . paper takes main theoretical cue Gomart Hajer 's ( 2003 ) call open political questions empirical inquiry pay attention material settings political questions unfold . paper seeks make sense islanders ' unexpected opposition new wind farm , critique unexperimental depoliticizing attitude - found empirical case well academic scholarship - NIMBY ( BackYard ) logic . Replacing NIMBY logic closing deliberation empirical 'cosmopolitical ' ( Stengers , 2005 ) approach open space politics close investigation , paper focuses empirical settings give controversy specifi c shape asks projected wind farm interrogated , negotiated recast travels socio-material politics wind controversy ."
2017,Analysis of reactive power strategies in HVDC-connected wind power plant clusters,Wind Energy,"Offshore wind power plants ( WPPs ) built near far shore usually connect main grid common high-voltage DC ( HVDC ) transmission system . resulting decoupled offshore grid , wind turbine converters high-voltage DC voltage-source converter share ability inject absorb reactive power . overall reactive power control dispatch influences power flows grid hence associated power losses . paper evaluates respective power losses HVDC-connected WPP clusters applying 5 different reactive power control strategies . case study made 1.2-GW–rated cluster comprising 3 WPP implemented combined load flow converter loss model . large set feasible operating points system analyzed strategy . results show selection simulations equal wind speeds sufficient annual energy production comparison . found continuous operation WPPs unity power factor superior performance low communication requirements compared conventional strategies . optimization-based strategy , developed article , allows reduction losses mainly higher offshore grid voltage level imposed high-voltage DC voltage-source converter . Reactive power control HVDC-connected WPP clusters change significantly overall power losses system , depend rather total sum injected active power variance wind speeds inside cluster . Copyright © 2017 John Wiley & Sons , Ltd ."
2014,Impact of DC voltage control parameters on AC/DC system dynamics under faulted conditions,IEEE Power and Energy Society General Meeting,"paper discusses influence dynamics within multi-terminal offshore DC grid ( MTDC ) onshore AC power system stability faulted conditions . AC-fault occurring HVDC converter station terminals may propagate via offshore MTDC grid undisturbed asynchronously connected AC power system . disturbance manifests additional active power overshoot remotely connected converters . shown severity disturbance propagation sensitive parameters DC voltage droop control employed voltage regulation MTDC scheme . Furthermore , effect MTDC grid topology dynamic interactions illustrated comparing meshed radial topology . analysis performed phasor-mode time domain simulations , augmented user-defined state-space model MTDC grid . AC system dynamics based available models benchmark power systems stability simulation software PSS®E . © 2014 IEEE ."
2016,Price regimes in an energy island: Tacit collusion vs. cost and network explanations,Energy Economics,"paper , explore determinants wholesale electricity prices energy island Sicily , estimating regime switching models fixed time-varying transition probabilities daily data 2012-2014 period . Explanatory variables used alternatively price equation switching equation include power demand , supply intermittent renewables , residual supply index , congestion indicator . Four competing hypotheses determinants price regimes tested ( arbitrary market power , cost profile , tacit collusion , congestion ) order understand , despite general trend declining prices induced renewables southern Italy , Sicilian prices stood high . pattern estimated coefficients consistent tacit collusion story . © 2016 ."
2016,Process electrification and offshore grid systems,Proceedings of the Annual Offshore Technology Conference,"Objectives/Scope : Oil gas process electrification recognized reduce operating cost , improve energy efficiency improve environmental factors . Offshore electrification limited distance costs . extended reach AC systems , improved HVDC systems , emerging availability offshore gridded systems include multiple power sources consumers providing improved economics . Methods , Procedures , Process : full economic technical analysis complex . examine technical factors power requirements , distance , losses , maintenance operating costs combine key economic criteria capital , operations energy costs , depreciation . discuss models overall availability operational stability affected energy mix quality power management microgrid . factors HSE environmental impact also affect investment decision . Results , Observations , Conclusions : Earlier models presented , SPE-162504 , considered mainly point point connections . demonstrate gridded systems , including long distance HVDC connections , combine local AC grids integrate multiple offshore facilities power sources . paper based experience ongoing projects North Sea current studies Persian Gulf Caspian Sea , integration across multiple facilities consumers network dynamics multiple sources Power Shore , Local Generation Offshore wind microgrids studied . ( include actual data concluded studies , anonymized data subject client permission . ) Novel/Additive Information : study focuses large offshore electrification systems meet energy , stability economic requirements large offshore grids . New information includes effects changing point-to-point connections grids many nodes , includes effect renewable power grid effect battery energy storage/hybridization . Copyright 2016 , Offshore Technology Conference ."
2017,Transmission expansion simulation for the European Northern Seas offshore grid,Energy,"HVDC innovations integration power markets renewables drive development European Northern Seas offshore grid . power transmission system performs two functions : interconnecting Northern European onshore power systems , connecting offshore wind farms . Despite benefits , development integrated offshore grid combining two functions slow . main reasons lack cooperation governance frameworks overcome regional differences distribute costs benefits . barriers studied far qualitatively perfect foresight optimization models . complement studying transmission expansion pathways grid , non-optimal path dependent , using novel open-source simulation model offshore transmission investments . Different expansion typologies considered , find perform grid functions different levels integration transmission capacities . Besides typology factors , modelling simulation factors also affect expansion selection . Typology , modelling simulation factors interact result radically different offshore grid pathways , exhibit strong path dependence . Thus , avoid locking-out beneficial expansions Northern Seas offshore grid , planning regional consider HVDC innovations . individual projects implemented based merits . © 2017 Authors"
2017,Preliminary regulations of ESS connected to Korean isolated island power system to minimise the capacity of ESS,CIRED - Open Access Proceedings Journal,"islanding microgrids , problem occur energy storage system ( ESS ) operated constant voltage constant frequency ( CVCF ) mode . order operate ESS CVCF , enough capacity ensure total demand required grid . energy unbalance supply demand capacity ESS enough supply power required loads , distributed generations ( DGs ) instead ESS required support necessary power maintain grid frequency constant . However , DGs respond frequency change due constant frequency operation ESS even frequency-power support functions . makes microgrid power system reduce efficiency requires enough capacity ESS , ensure total demand grid . causes lower economics problem . order help DGs renewable respond grid frequency change even CVCF operation mode ESS , ESS special function named 'indirect voltage regulation ' presented study . study briefly introduces grid codes distributed energy resources connected 'stand-alone energy island ' KEPCO recently carrying presents necessity indirect voltage control ESS . © 2017 Institution Engineering Technology . rights reserved ."
2015,North Sea offshore network and energy storage for large scale integration of renewables,Sustainable Energy Technologies and Assessments,"review investigates different aspects realization North Sea offshore grid . North Sea region several characteristics make large-scale integration renewable energy sources attractive , large wind resources huge hydro reservoirs North . meshed offshore grid underwater storage contribute facilitate sufficient flexibility system . technical review reveals aspects need research , particularly regarding protection schemes . Furthermore , offshore storage solutions development . However , aspects covered readily available solutions . greatest challenges seem lie within standardization , cost-benefit sharing harmonization regulatory regimes surrounding countries . Nevertheless , several studies shown highly promising economic benefits establishing offshore grid North Sea compared traditional planning point-to-point connections . © 2014 Elsevier Ltd ."
2017,Measurement system requirements to evaluate the quality of grid connections for offshore wind farms,"I2MTC 2017 - 2017 IEEE International Instrumentation and Measurement Technology Conference, Proceedings","number offshore wind farms Germany significantly increased since 2008 . economic reasons wind farms clustered connected public grid via large scale HVDC converters . One main risks offshore wind farm operators quality grid connection provided TSO . Dynamic influences TSO neighboring wind farms , originate power quality disturbances may seriously impact production wind farm . investigate influences power quality offshore grid production wind farm , power quality must measured . paper placement requirements measurement devices determined . Afterwards different device categories compared benefits continuous recording high resolution measurement devices presented exemplary power quality event . © 2017 IEEE ."
2015,Impact of state-space modelling fidelity on the small-signal dynamics of VSC-HVDC systems,IET Seminar Digest,"main purpose paper investigate effect state-space modelling fidelity small signal stability characteristics HVDC systems based Voltage Source Converters ( VSCs ) . purpose , small-signal state-space model point-to-point VSC-based HVDC connection , including dynamics ac networks converter control loops developed , verified comparison time responses detailed model including nonlinear effects . Critical modes system worst case operating conditions investigated participation factor analysis show influence different states identify physical effects associated various eigenvalues . testcase investigated using DigSilent Power Factory ( P.F . ) , example commercial power system simulation tool , assess small-signal stability dynamic behaviour system . Thus , effects commonly used simplifications large-scale power system studies stability assessment VSC-based HVDC transmission scheme identified , influence location critical poles system analysed . results used basis towards general guidelines assess results traditional power system stability studies networks containing VSC-based transmission schemes shed light impact simplifications stability estimate ."
2017,Handling of unbalanced faults in HVDC-connected wind power plants,Electric Power Systems Research,"High-voltage DC ( HVDC ) connections enable integration wind power plants located far shore . decoupled AC offshore grid comprises multiple WT converters , voltage magnitude frequency primarily controlled offshore high-voltage DC voltage-source converter ( VSC-HVDC ) . Faults offshore grid challenge connected converters provide adequate response improving overall fault behavior . special interest asymmetrical faults due resulting unbalanced voltage conditions . article addresses conditions offshore grid analyzes impact offshore grid behavior different converter contributions . Four fault ride-through strategies studied WT converters . effect over-modulation converter voltages voltage conditions highlighted . test system defined analyze fault post-fault behavior . found voltage support WT converters positive negative sequence shows best performance compared controlled negative sequence current suppression . scheme helps additionally VSC-HVDC AC voltage control return quickly normal operation . validate statement simulations performed line-to-line ( ) single line-to-ground ( SLG ) faults immediate vicinity VSC-HVDC . © 2017 Elsevier B.V ."
2017,Multistage grid investments incorporating uncertainty in offshore wind development,Energy Procedia,"Representation uncertainty transmission expansion planning ( TEP ) models become increasingly important many power systems exposed significant technological changes induced top-down climate energy targets . objective paper incorporate uncertainty regarding future offshore wind deployment allow two investment stages grid expansion , second stage provides valuable flexibility system planner . stochastic two-stage mixed-integer linear program used purpose applied case study North Sea Offshore Grid ( NSOG ) . given data assumptions , show system planner gain maximum €1.72 bn ( 0.40 % ) terms cost savings perfect information wind deployment . expected cost savings forward-looking system planner using stochastic program €22.30 ( 0.0052 % ) , comparison best deterministic approach . Moreover , show planner postpone investment decision five years expected cost saving €22.41 would arise . © 2017 Author ( ) ."
2015,Cost-benefit analysis of a coordinated grid development in the North Sea,"2015 IEEE Eindhoven PowerTech, PowerTech 2015","full Cost-Benefit Analysis ( CBA ) meshed offshore grid Northern Seas respect radial configurations performed . CBA , three scenarios analysed : ENTSO-E Vision 4 scenario 111 GW offshore wind , PRIMES reference scenario 70 GW offshore wind , NSCOGI scenario 55 GW offshore wind . offshore grid infrastructure cost calculated , benefits assessed . CBA based ENTSO-E Draft CBA methodology . costs calculated using Ecofys offshore transmission cost modelling tool Tractebel Engineering 's techno-economical tool SCANNER ? used calculation benefits . © 2015 IEEE ."
2016,Coordinated Voltage Control in Offshore HVDC Connected Cluster of Wind Power Plants,IEEE Transactions on Sustainable Energy,"paper presents coordinated voltage control scheme ( CVCS ) cluster offshore wind power plants connected voltage-source converter-based high-voltage direct current system . primary control point proposed voltage control scheme introduced Pilot bus , highest short-circuit capacity offshore AC grid . developed CVCS comprehends optimization algorithm , aiming minimum active power losses offshore grid , generate voltage reference Pilot bus . steady-state operation , Pilot bus voltage controlled dispatching reactive power references wind turbine ( WT ) wind power plant cluster based available reactive power margin network sensitivity-based participation factors , derived dV/dQ sensitivity WT bus w.r.t . Pilot bus . method leads minimization risk undesired effects , particularly overvoltage terminals WT located far away AC collector substation , dispatching lower reactive power references compared ones nearer substation . addition , paper proposes control strategy improved voltage ride capability WTs faults offshore grid , thus leading improved dynamic voltage profile offshore AC grid . © 2016 IEEE ."
2016,Near zero energy island with sea wave energy: The case study of Pantelleria in Mediterranean Sea,OCEANS 2016 - Shanghai,"paper authors present study transition energy generation system real MV/LV distribution system one `` fuel-based '' `` renewables-based '' system particular sea wave energy , using data acquired innovative generator prototype realized University Palermo . study carried real islanded network located Island Pantelleria ( Mediterranean Sea ) . procedures applied present article , well main equations used , result previous applications made different technical fields show good replicability [ 1 ] - [ 7 ] . © 2016 IEEE ."
2016,"The Williamson Energy Island: Where we combine energy efficiency, CHP and energy education","39th World Energy Engineering Conference, WEEC 2016",[ abstract available ]
2015,Floating energy islands: Producing multiple forms of renewable energy,Journal of Ocean Technology,[ abstract available ]
2014,The spatial offshore grid plan for the German exclusive economic zone,"Ecological Research at the Offshore Windfarm Alpha Ventus: Challenges, Results and Perspectives","2011 German Federal Energy Act mandated Federal Maritime Hydrographic Agency ( BSH ) develop annually update Spatial Offshore Grid Plan ( 'Bundesfachplan Offshore ' ) German Exclusive Economic Zone ( EEZ ) North Baltic Seas . plan drawn consultation Federal Network Agency ( BNetzA ) , coastal federal states Federal Agency Nature Conservation ( BfN ) . Spatial Offshore Grid Plan defines power cable routes sites entire required grid infrastructure EEZ 12 nm border . Grid Plan German EEZ North Sea accompanying Environmental Report issued February 2013 two national international consultations . © Springer Fachmedien Wiesbaden 2014 . rights reserved ."
2016,Reactive power management in an offshore AC network having multiple voltage source converters,EEEIC 2016 - International Conference on Environment and Electrical Engineering,"Many offshore wind power plants developed every year North Baltic Sea . Combined energy transmission shore instead standalone suitable prospective environment integrated European power market . Offshore ac hub beneficial wind power plants far shore close within vicinity 20 km . article presents method controlling reactive power flow offshore ac grid minimize power losses select suitable network layout . proposed scheme , offshore grid frequency voltage controlled one converters . Using frequency droop , active power sharing done among converters voltage droop reactive power . , optimization algorithm also provide set points wind power plants contribute management reactive power flow . © 2016 IEEE ."
2016,Self-synchronisation of wind farm in MMC-based HVDC system,"2016 IEEE Electrical Power and Energy Conference, EPEC 2016","stability offshore wind power network connected high voltage dc ( HVDC ) transmission line critical problem since direct connection strong ac collection ( ACC ) bus . Field experience shown sub-synchronous oscillation ( SSO ) harmonic resonance occur wind farms HVDC systems . oscillations appear presence background harmonics arguably resulting controller interaction Wind Energy Conversion System ( WECS ) converter controller HVDC converter controller . design synchronization unit ( Phase-Locked-Loop ) shown significant impact achieving satisfactory performance . However , slow fast synchronization units could directly affect control performance degrade system stability . paper proposes controller design without Phase-Locked-Loop ( PLL ) WECS grid-side converter dedicated synchronization unit ( PLL ) controller . controller implemented WECS converters ACC side synchronize Modular Multi-level Converter ( MMC ) -based HVDC system . detailed analysis presented results compared widely used decouple dq-frame control structure . impedance frequency responses dq-frame control synchronverter-based control presented show comparison system performance . Time domain simulation results presented show self-synchronisation impacts system performance compared classical dq-frame control solution . © 2016 IEEE ."
2016,Novel Hydroelectric Storage Concepts,Storing Energy: With Special Reference to Renewable Energy Sources,"chapter examines use pumped hydro techniques configurations well-established pumped hydroelectric storage ( PHES ) . similar scale , aiming bring high-power , high-energy storage regions PHES feasible . largest geological piston-in-cylinder systems also address emerging markets require energy levels beyond capability PHES . Future networks , relying heavily variable renewables , may require 100 h gigawatt-class storage capacity harvest large energy surpluses ride prolonged periods low power generation . concepts covered include deep-level reservoir systems offshore seabed lagoon storage . © 2016 Elsevier Inc. rights reserved ."
2016,Publishing real-time microgrid consumption data on the web of Linked Data,"Clemson University Power Systems Conference, PSC 2016","Decentralising power systems management brings clear advantages grid stakeholders ( consumers , generators , operational management actors ) . grid decentralisation achieved using microgrids . microgrids emerge worldwide , working small energy islands . admitted ontologies open ( Semantic ) Web standards form basis advanced communication architectures smart grids . True , ontologies enable semantic interoperability logical reasoning ; Linked Data principles enable discovery new information web . paper reports use formalisms principles develop new information system microgrid site already place . specifically , developed new ontology represent time series multiple observations , made real-time consumption data available web Linked Data . enables consumption reporting , enables researchers test algorithms real-time consumption data . © 2016 IEEE ."
2015,A market-based transmission planning for HVDC grid - Case study of the North Sea,IEEE Transactions on Power Systems,"significant interest building HVDC transmission carry transnational power exchange deliver cheaper electricity renewable energy sources located far load centers . paper presents market-based approach solve long-term TEP meshed VSC-HVDC grids connect regional markets . general nonlinear , non-convex large-scale optimization problem high computational burden , partly due many combinations wind load become possible . developed two-step iterative algorithm first selects subset operating hours using clustering technique , seeks maximize social welfare regions minimize investment capital transmission infrastructure subject technical economic constraints . outcome optimization optimal grid design topology transmission capacities results congestion revenue paying investment end project 's economic lifetime . Approximations made allow analytical solution problem demonstrate HVDC pricing mechanism consistent AC counterpart . model used investigate development offshore grid North Sea . Simulation results interpreted economic terms show effectiveness proposed two-step approach . © 1969-2012 IEEE ."
2017,Impacts of offshore grid developments in the North Sea region on market values by 2050: How will offshore wind farms and transmission lines pay?,"International Conference on the European Energy Market, EEM","Increasing integration renewable energy Northern Central Europe markets greatly influenced development electricity transmission grid infrastructure . background fast development offshore wind energy connection onshore electricity systems , coordinated grid development North Sea may save costs individual wind farms , also deliver additional benefits provision increased interconnection electricity markets . previous studies include offshore wind development high ambition long term perspective focus assessment specific effects economic value offshore wind farms connected Belgium , Norway UK , Netherlands , Germany ( North Sea Link , Cobra Cable , Viking Link , Nord Link , BritNed Nemo Link ) . paper tries shed lights substantial differences expected economic exposure wind power plants transmission lines development electricity grid North Sea . Since details prospective energy system around North Sea region shape revenue expectations , develop apply energy model Balmorel . tool used quantify effects implementation meshed offshore grid compared radial grid connects wind farms non-coordinated fashion countries 2050 . model runs conducted present paper show substantial variation expectable market values wind farms hub level due impacts different options grid structures . results aim inform discussion possibilities allocation grid expansion costs different connected countries including Belgium , Denmark , Germany , Netherlands , Norway Britain . © 2017 IEEE ."
2017,Optimal fault ride through compliance of offshore wind power plants with VSC-HVDC connection by meta-heuristic based tuning,Electric Power Systems Research,"paper presents novel iterative procedure augmented electromagnetic transient type simulations state art mean variance mapping optimization algorithm . aforementioned procedure enables optimal tuning coordinated fault ride compliance strategies offshore wind power plants VSC-HVDC transmission . particular , formulated optimization task minimizes electrical stresses experienced VSC-HVDC system offshore wind power plants onshore faults . Moreover , ensures onshore offshore grid code profiles violated due unwanted dynamics associated combined response VSC-HVDC system wind power plants . Two state art coordinated fault ride strategies optimized , namely voltage drop frequency modulation technique . Simulation results demonstrate optimal tuning coordinated fault ride compliance strategies proposed iterative procedure enables improved dynamic response reduced electrical stresses offshore wind power plant VSC-HVDC transmission . © 2016 Elsevier B.V ."
2014,Impact of wind energy support schemes on the development of an offshore grid in the North Sea,IEEE Power and Energy Society General Meeting,"significant interest developing offshore wind energy Europe . Offshore wind projects require large transmission installation investments . Therefore supporting policies essential make project economically attractive . paper presents optimization planning framework investigate impact implementing support instrument different stages planning final grid design installed offshore wind capacities . given level wind support , optimal plan includes grid offshore wind capacities . Optimal capacities set way congestion revenue collected throughout life time project pays investment cost building grid . time remuneration offshore wind farm recovers initial investment cost . model used investigate impact implementing wind support plan development offshore grid North Sea . Numerical simulation results interpreted economic terms demonstrate effectiveness proposed approach . © 2014 IEEE ."
2016,Cluster Control of Offshore Wind Power Plants Connected to a Common HVDC Station,Energy Procedia,"paper coordinated control cluster offshore WPPs connected HVDC connection implemented analyzed . study targeting two cases ; coordination reactive power flow HVDC converter WPP cluster providing offshore AC grid voltage control , coordinated closed loop control HVDC WPPs cluster providing Power Oscillation Damping ( POD ) via active power modulation . shown coordinated cluster control helps improve steady-state dynamic response offshore AC grid case offshore AC grid voltage control onshore ancillary services provision , i.e . POD active power modulation cluster . two cases simulated using DIgSILENT PowerFactory , IEC 61400-27-1 wind turbine WPP control models generic offshore layout cluster three WPPs utilized . © 2016 Authors ."
2017,Optimal sizing method of distributed energy resources for a stand-alone microgrid by using reliability-based genetic algorithm,Transactions of the Korean Institute of Electrical Engineers,"reduction greenhouse gases ( GHGs ) emission become global issue , microgrid markets growing rapidly . sudden changes market , Korean government suggested new business model called 'Self-Sufficient Energy Islands ' . main concern stand-alone microgrid composed Distributed Energy Resources ( DERs ) Renewable Energy Sources ( RESs ) , Energy Storage System ( ESS ) Fuel Cell , order minimize emission GHGs . According trend , paper written propose optimal sizing method DERs stand-alone microgrid using Genetic Algorithm ( GA ) , one representative stochastic methods . minimize net present cost variables , size RESs ESS . process optimization , sunless days considered additional constraints . case study analysis , size DERs installed microgrid system computed using proposed method MATLAB . result MATLAB compared HOMER ( Hybrid Optimization Multiple Energy Resources ) , well-known energy modeling software . © 2017 Korean Institute Electrical Engineers ."
2014,Application of offshore concrete constructions for ocean renewable energy storage (ORES),Applied Mechanics and Materials,"Storage energy generated offshore wind farms still addresses one vexing problems inherent offshore renewable energy offshore wind solar energy - store excess energy . Researchers tried apply concrete energy storage offshore wind farm recently , including OTEC artificial energy islands , MIT 'S Ocean Renewable Energy Storage ( ORES ) Belgium 's energy atoll , progresses reviewed . © ( 2014 ) Trans Tech Publications , Switzerland ."
2014,The belgian offshore grid: Transporting renewable energy from offshore to onshore,Proceedings of the Coastal Engineering Conference,"new planned offshore windparks Belgian Continental Shelf connected Belgian highvoltage electricity network ( grid ) developed Elia . possible way connection development island high voltage offshore substations installed . substations connected wind farms transmit electricity common cables land . paper highlight benefits design aspects concept , together design aspects cable installation ."
2016,Integration of power from offshore wind turbines into onshore grids,"Offshore Wind Farms: Technologies, Design and Operation",installed capacity offshore wind farms Europe expected increase 8 . GW 2014 23.5 . GW 2020 . Wind farm collection systems gather power generated wind turbines submarine power transmission systems transfer electricity generated offshore onshore grids . chapter describes technologies wind farm collection systems explains basic principles submarine power transmission based high-voltage direct-current technologies . © 2016 Elsevier Ltd rights reserved .
2014,Reliability analysis of design options for offshore HVDC networks,CIGRE Session 45 - 45th International Conference on Large High Voltage Electric Systems 2014,"growing interest developing offshore HVDC networks connect offshore wind power provide interconnection regions . number technology , topology protection options available developers varying levels design complexity , capital cost system redundancy . paper highlights available options outlines methodology investigating performance number investigation reliability lifetime expected fault conditions , principally calculation expected level curtailed energy associated network design . number case studies investigated provide comparison options including designs without HVDC circuit breakers varying levels interconnection system redundancy . paper shows potentially significant benefits terms reduction curtailed energy use redundant paths power transmission network design certain cases outweigh increased capital expenditure associated implementation . investigation need case HVDC circuit breakers carried comparison alternative sectionalised HVDC network topology impact system reliability found negligible comparison cost breakers . Offshore network reliability also found highly sensitive input assumptions failure repair rates variability within results found large meaning could difficult accurately predict reliability future offshore network implementations . © 2014 CIGRE . rights reserved ."
2017,Method for controlling voltage and frequency of the local offshore grid responsible for connecting large offshore commercial wind turbines with the rectifier diode-based HVDC-link applied to an external controller,IET Electric Power Applications,"study introduces method controlling system rectifies electric current power transferred several offshore wind power generation systems common offshore AC line , diode-based bridge . modular rectifier comprises one uncontrolled modules ( diode rectifiers ) . According study , wind power supply systems receive reactive power reference central external regulator maintain common AC-line frequency . Although control methods topology , proposed external control uses commercial wind turbine changes internal control . power plant control systems use algorithm select active reactive power reference , maintaining original wind turbine control unaltered . method controlling voltage frequency local offshore grid allows operation different rectifiers end HVDC link . PSCAD® simulations used prove technical control design concept . © Institution Engineering Technology ."
2017,Resonance damping in array cable systems by wind turbine active filtering in large offshore wind power plants,IET Renewable Power Generation,application active filtering large offshore wind power plants ( WPPs ) presented study . harmonic challenges sources harmonic emission resonances identified briefly explained . Also modern remedial harmonic mitigation methods active filtering described application real-life WPP systems demonstrated . underlined WPP components widespread medium-voltage cable system offshore grid transformers introduce significant low-frequency parallel resonances cause significant harmonic voltage distortion point common coupling . Active filtering modern grid-side converters used wind turbines applied simultaneously keeping sufficient harmonic/noise rejection . Extensive harmonic stability studies also shown prove overall system robustness . © Institution Engineering Technology 2017 .
2013,Alaska's renewables-source ammonia fuel energy storage pilot plant: Toward community energy independence,IEEE Power and Energy Society General Meeting,"Alaska 's 720,000 people live 200 'energy islands ' electricity grid connection North America . Smaller communities road connection , rest Alaska , continent . energy imported : diesel electricity generation heat ; gasoline local transportation . Fig . 1 . Alaskans might obtain annually-firm supply energy , purposes , converting Alaska 's diverse , stranded , renewable energy ( ) resources liquid NH3 fuel , transporting storing low cost common steel propane tanks , recovering via stationary combined-heat-and-power ( CHP ) plants , internal combustion engine ( ICE ) combustion turbine ( CT ) gensets , via fuel cells , transportation fuel . Alaskans could achieve significant degree energy independence , perhaps export abundant , stranded renewables 'green ' NH3 fuel . © 2013 IEEE ."
2012,Extending the reactive compensation range of a direct AC-AC FACTS device for offshore grids,Electric Power Systems Research,"authors suggest use hybrid modulation schemes improve reactive power compensation capabilities direct AC-AC FACTS device composed matrix converter permanent magnet machine . intrinsic limitations conventional matrix converter modulation schemes , device far displayed poor reactive power compensation capability output power factor low . Even worse , direct AC-AC FACTS device could provide pure reactive power compensation . paper presents analysis demonstrating hybrid Three-Vector-Scheme extends reactive compensation range beyond level conventional indirect space vector modulation exhibits . reactive power compensation capabilities FACTS device modulations computed compared analytically finally verified simulation study . © 2012 Elsevier B.V. rights reserved ."
2014,Variability of chlorophyll-a off the southwest coast of India,International Journal of Remote Sensing,"Coastal upwelling southwest coast India southwest monsoon well-known phenomenon enhances chlorophyll-a ( chl-a ) biomass . present study explores property examines variability surface chl-a using satellite data obtained Sea-viewing Wide Field-of-view Sensor ( SeaWiFS ) period September 1997 December 2010 . Spatial variability showed substantial cross-shore well along-shore gradients southwest monsoon . Temporal variability chl-a studied conjunction satellite observations sea-surface temperature , sea-surface height anomaly , winds , currents . results revealed dominant influence West India Coastal Current chl-a variability upwelling downwelling periods . Moreover , noticeable intra- inter-annual variability observed parameter . Therefore , empirical mode decomposition ( EMD ) method used identify oscillations influencing variability . SeaWiFS chl-a data period 2008-2010 omitted analysis due gaps record . EMD analysis revealed oscillations ranging seasonal five-year periodicity . Quasi-biennial oscillations identified dominant factor causing inter-annual variability chlorophyll study area , compared El-Niño Southern Oscillation Indian Ocean Dipole . Chl-a also studied two smaller grids size 0.5° × 0.5° separated around 300 km representing coastal offshore areas , understand nature variability areas . annual range variability high ( 0.1-8.0 mg m-3 ) near coast consequent high upwelling intensity , low ( 0.1 mg m-3 ) offshore grid due absence upwelling . © 2014 Taylor & Francis ."
2013,Legal bases for offshore grid development under international and EU law: Why national regimes remain the determining factor,European Law Review,"development transnational offshore grid active consideration North Sea states . facilitate European approach trigger necessary investments , stable legal framework needed . article provides analysis legal bases offshore grid development international EU law . demonstrates 1982 United Nations Convention Law Sea provides reasonably clear direction national infrastructure projects offshore , less clear regarding transnational projects . Based analysis , article discusses whether European Union legislative competence establish requisite regulatory support development North Sea grid . article ends conclusion neither international EU law provides adequate legal framework development transnational offshore infrastructure . Consequently , North Sea states take lead establishing legal structures facilitate co-ordinated development European offshore grid . © 2013 Thomson Reuters ( Professional ) UK Limited Contributors ."
2013,Switching off the generator: Technical and economic approach for storage based renewable energy systems for Islands,WIT Transactions on Ecology and the Environment,"increasing share renewable energy 20 % challenge grid stability , working towards 100 % renewable energy supply requires completely new approach . Small island grids ideal platform start achieving tomorrow 's energy concepts today . develop necessary technologies high level renewable energy island system , Younicos AG built hardware software development test site Berlin . actual system testing shows ability switch diesel generator - i.e . guarantee stable grid exclusively using fluctuating sources batteries without rotating masses , gives freedom choose renewable energy configuration 0 100 % . Consequently , renewable energy system layout set according island 's ecological economical goals . hybrid system high renewable penetration generate substantial savings substituting large shares fuel electricity generation . Therefore , addition technological solutions , procedures business models developed identify economic optimal configuration isolated systems given set climate load conditions . technical approach , results test phase key parameters supply system based renewables storage summarized paper . © 2013 WIT Press ."
2011,Wave resource in El Hierro-an island towards energy self-sufficiency,Renewable Energy,"island El Hierro ( Spain ) , UNESCO Biosphere Reserve Atlantic Ocean , aims become first 100 % renewable energy island world . €54 million wind project already way , present research looks island 's wave resource using 44-year hindcast dataset obtained numerical modelling . geographical distribution wave energy examined basis eight study sites around island . substantial resource found west north El Hierro , average wave power order 25 kW m-1 total annual energy excess 200 MW h m-1 ; resource less abundant east south island . addition geographical variations , wave energy El Hierro presents seasonal variations , energetic winters mild summers . analysing total resource spatial seasonal variations , composition terms sea states ( significant wave heights energy periods ) examined , composition affects selection Wave Energy Converters installed discussed . © 2010 Elsevier Ltd ."
2013,Governing shared offshore electricity infrastructure in the northern seas,International and Comparative Law Quarterly,"joint 'North Seas Countries Offshore Grid Initiative ' states bordering North Seas establishing shared large-scale offshore electricity infrastructure order exploit offshore wind energy resources . article argues international governance oceans space comes legally international law , European law national law fulfil specific function . climate regime provides normative impetus , law sea allocates competences , European law contains principles cooperation , implemented coordinated national law . International law , European law national law thus become functionally integrated . analysis significance beyond shared offshore electricity infrastructure . illustrates way functional integration international law , European law national law emerging distinct legal institution right , separate distinct various legal orders . © 2013 British Institute International Comparative Law ."
2013,Israel's electricity market sustainability indices,"Proceedings of the 26th International Conference on Efficiency, Cost, Optimization, Simulation and Environmental Impact of Energy Systems, ECOS 2013","current paper , examines different electricity market scenarios Israel 2030 , rates alternatives fuel-based power stations , addressing economic aspects , environmental impact , technological alternatives , social considerations well political benefits . Results show 2030 , preferred power plant fuel Israel natural gas , followed PV nuclear power stations , giving coal power plant lowest score . research examines familiar indices , prices , efficiency environmental effects , well local specific indices social benefits political implications . paper first part study aiming rate energy efficiency measures different electricity market scenarios ."
2011,The economics of offshore wind,Energy Policy,"paper presents overview main issues associated economics offshore wind . Investment offshore wind systems growing rapidly throughout Europe , technology essential meeting EU targets renewable energy 2020 . Offshore wind suffers high installation connection costs , however , making government support essential . review various support policies used Europe , concluding tender-based feed-in tariff schemes , used Denmark , may best providing adequate support minimising developers ' rents . may prove economic build international offshore grid connecting wind farms belonging different countries sited close . © 2010 Elsevier Ltd ."
2012,Negative sequence current control in wind power plants with VSC-HVDC connection,IEEE Transactions on Sustainable Energy,Large offshore wind power plants may multi-MW wind turbine generators ( WTG ) equipped full-scale converters ( FSC ) voltage source converter ( VSC ) based high voltage direct-current ( HVDC ) transmission grid connection . power electronic converters WTG-FSC VSC-HVDC allow fast current control offshore grid . paper presents method controlling negative sequence current injection offshore grid VSC-HVDC well WTG-FSCs . would minimize power oscillations hence reduce dc voltage overshoots VSC-HVDC system well WTG-FSCs ; especially offshore grid unbalanced due asymmetric faults . formulation negative sequence current injection mathematically derived implemented electromagnetic transients ( EMT ) simulation model . simulated results show negative sequence current control mitigates power oscillations therefore limits dc voltage excursions VSC-HVDC system asymmetric faults . © 2012 IEEE .
2013,VIAvento - A fast and accurate simulation tool for power-electronic systems,"2013 15th European Conference on Power Electronics and Applications, EPE 2013",Simulating complex offshore grids including connected devices independent control algorithms ( e.g . DLL form ) essential assessment global system stability . power-electronic applications - due independently controlled independently switching inverters - time domain simulation give meaningful results . paper presents simulation tool VIAvento satisfies introduced requirements . functioning tool illustrated showing simulation results connected two-point converters one HVDC modular-multilevel-converter topology ( MMC topology ) . © 2013 IEEE .
2012,Consideration of grid stability aspects in the design of offshore wind farms; [Berücksichtigung von netzstabilitätsaspekten bei der planung von offshore-wind parks],VGB PowerTech,"conventional transmission distribution grids frequency power characteristic grid-connected generators utilised controlling power balance actual generation demand . Offshore wind farms connected via high-voltage direct current link onshore grid also use wind turbines full-scale frequency converters possess physical principle . Therefore additional requirements frequency converters defined grids high amount converters . special characteristic offshore grids due exclusive cabling therefore resulting low parallel resonance grid impedance attended . points influence stability grid considered planning offshore wind farms . operation high-voltage direct current connected offshore grids yet defined sufficiently , urgently needed coordinate grid wind farm operators well manufacturers high-voltage direct current links wind turbines rather frequency converters ."
2010,Permanent magnet synchronous generator offshore wind farms connected to a single power converter,"IEEE PES General Meeting, PES 2010","paper deals permanent magnet synchronous generators based wind farms connected single power HVDC-VSC converter . control scheme proposed validated means simulations . proposed control scheme needs current voltage measurements wind farm transformer seeks maximum power generation using variable frequency offshore grid , provided HVDC-VSC . work includes evaluation power generated variable constant frequency offshore wind farms . Results show significant power increase 20 % obtained applying appropriate variable frequency certain wind farm . case study considers wind farm composed four wind turbines based permanent magnet synchronous generators . ©2010 IEEE ."
2012,Integrated assessment of combined cooling heating and power systems under different design and management options for residential buildings in Shanghai,Energy and Buildings,"well-known technique rational use energy , combined cooling , heating power ( CCHP ) system paid attention building energy conservation activities . paper , performances typical CCHP systems investigated high-rise residential building , experiencing rapid expansion China . Based building 's energy consumption , four types CCHP technologies assumed following three design management modes , namely , heat tracking mode , electricity tracking mode energy island mode . order comprehensive understanding performance assumed CCHP systems , besides separated energy , economic environmental assessments , integrated assessment framework proposed . According simulation results , gas engine fuel cell based CCHP systems feasible options energy environmental viewpoints , cost poor economic performance . integrated viewpoint , gas engine system attractive option economic performance taken account ; otherwise fuel cell system best choice . addition , selection proper design management mode vital importance adoption CCHP system . © 2012 Elsevier B.V ."
2011,Proposal of a medium frequency offshore grid for identification of vessels sailing in high density maritime Spanish routes,OCEANS 2011 IEEE - Spain,"many reasons , required marine traffic control able track real time vessels approaching moving away coasts . innovation Automatic Identification System vessels - regard others already existing - one satellite system limited certain coverage distance , happens Automatic Identification System ( AIS ) . system excludes latter either , since exceptional circumstances based paper study operability proposed system Spanish maritime routes relevance terms traffic density . © 2011 IEEE ."
2011,Software tool for automated design and cost benefit analysis of offshore grid,IEEE PES Innovative Smart Grid Technologies Conference Europe,"paper discusses software tool automated design cost benefit analysis offshore grid . tool utilises graphical user interface ( GUI ) catalogue components ( cables , transformers , converters , platforms ) design offshore wind farm create corresponding network model . set calculations includes load flow , cable sizing inspection , reactive power compensation , reliability evaluation evaluation capital costs carried purposes comprehensive cost benefit analysis . software tool enables quick effortless analysis number different offshore wind farm designs . used optimise interconnection wind farms accommodate requirements reliability economic efficiency . © 2011 IEEE ."
2010,Market impact of an offshore grid - A case study,"IEEE PES General Meeting, PES 2010","combination offshore wind generation international transmission cables highly discussed topic Europe , especially North Sea Baltic Sea . offshore wind park location Kriegers Flak Baltic Sea could combine offshore wind generation Swedish , German Danish zones , several design options regard cabling discussion . Choosing certain option strong impact congestion rents power markets well income offshore wind park operators . paper includes planned Kriegers Flak offshore node WILMAR model , optimization model reflecting European power markets . way , impact different suggested topologies day-ahead power markets different countries assessed . ©2010 IEEE ."
2012,Onshore and offshore transmission expansion in the european grid for large scale wind integration in the North Sea,44th International Conference on Large High Voltage Electric Systems 2012,"development implementation offshore grid [ 1 ] wide consequences onshore grid transmission expansion planning ( TEP ) . combined TEP on- offshore strongly necessary large scale integration wind energy Northern Europe . Two TEP methodologies presented paper : Net-Op tool EMPS Investment Analysis Algorithm : ) Net-Op [ 2 ] transmission expansion planning tool power systems large shares renewable energy sources like e.g . wind . offshore grid expansion optimization formulated mixed-integer problem Net-Op explicitly considers benefit transmission capacity different price areas value connecting offshore wind power grid versus investment cost power cables auxiliary equipment . methodology assumes locations installed capacities wind farms known , finds solution least-cost offshore grid structure cable dimensioning , taking account wind power power demand variations , possible connection points shore aggregated description onshore power system . ii ) EMPS ( EFI 's Multi-area Power market Simulator ) electricity market model developed SINTEF [ 3 ] . carries system optimization basis specified costs capacities production , demand transmission area . Hydro power represented detail . optimization problem solved using combination stochastic dynamic programming calculating strategies hydro power , linear programming simulating weeks stochastic scenario . functionality carrying investment-analysis developed [ 4 ] . New capacities phased iteratively basis simulated prices previous simulation . transmission line , additional capacity profitable price-differences two connected areas sufficiently large . aim paper demonstrate tools used TEP case study North Sea region ."
2011,Multi level optimization for offshore grid planning,CIGRE 2011 Bologna Symposium - The Electric Power System of the Future: Integrating Supergrids and Microgrids,"paper shows optimization method determine best economically technically feasible transmission topology connecting multiple offshore wind farms main electricity grid . proposed optimization algorithm determines connection possibilities lowest life cycle system costs . possibilities ranked total costs one lowest total costs proposed best solution . optimization algorithm takes transmission system account , means points common coupling wind farm side points common coupling onshore . Data available public domain used validate methodology . life cycle system costs consist investment maintenance costs required transmission equipment , costs transmission losses costs possible reinforcements existing onshore transmission grid . optimization algorithm takes , HVAC VSC HVDC technologies consideration . LCC HVDC technology taken consideration large reactive power demands , big filter installations inability produce independent rotating electrical field connect weak offshore grid . factors make LCC technology less suitable offshore applications . AC DC connections possible potential path offshore transmission system , result hybrid system . reinforcements existing grid realized underground cables overhead lines , significantly impact life cycle system costs . proposed optimization algorithm consists two levels . upper level transmission topology determined using coordinates offshore wind farms possible points common coupling onshore . maximal power injections offshore grid used set boundary conditions . transmission technology ( HVAC HVDC ) determined level corridor transmission system . lower level optimization , individual components transmission system refined . case objective function total system costs optimization constraints power ratings used equipment . voltage level connection path determined independently multiple voltage levels exist within transmission system . wind energy production profiles wind farm considered resolution one hour . way transmission losses taken consideration high accuracy planning process . methodology presented offers completely optimized grid design , including different components cable ratings types . , result used ideal first step development stages get realistic estimates required investments , grid layouts equipment . form tool grid developer wind farm investor . optimization algorithm radial transmission extensions considered . determine optimal grid layout , public available cost data data equipment ratings used . used data optimization validated applying algorithm number already existing study cases ."
2010,Offshore grids: The Irish view,"IEEE PES General Meeting, PES 2010","Ireland favourable wind conditions whole Europe . Wind production , mainland well offshore , expected grow rapidly coming years , evidenced fact 6000 MW wind generation currently awaiting connection grid onshore . Given massive potential exploitation renewable energy resources coast Ireland , i.e . thousands MW [ 1 ] , well first requests connections offshore , seemed reasonable develop study investigate facilitate connection type generation best topology viable cost effective technology . Following cooperation agreement EIRGRID ERSE , study performed using Transmission Expansion Planning ( TEP ) methodology developed ERSE [ 2 ] evaluate best network expansion plan aiming transferring Irish Transmission System ( ) , potential amount wind energy produced offshore Irish Sea . ©2010 IEEE ."
2012,"Investigating the energy autonomy of very small non-interconnected islands. A case study: Agathonisi, Greece",Energy for Sustainable Development,"Increase global energy demand , depletion fossil fuels environmental issues related current major power generation patterns proven highly effective drivers substantial shift towards renewable energy applications . Renewable energy sources ( RES ) wind , solar biomass provide reliable energy services direct benefits national local levels . Nowadays , non-interconnected islands electricity generation cost extremely high due utilization outdated autonomous power stations ( APSs ) based oil-fuel imports diesel-electric generators . objective present work investigate possibility achieving energy autonomy small ( tiny ) islands based exclusively use RES . reason , small Aegean Sea island ( i.e . Agathonisi ) faces serious energy water shortage problems investigated . proposed system configuration includes commercial wind turbines , photovoltaic panels , batteries internal combustion-electrical generator consuming biogas . excess electricity used fresh water production via sea water desalination . Emphasis given detailed energy analysis basis sustainable development . results obtained highlight feasibility competitiveness proposed system configuration comparison current situation . © 2012 International Energy Initiative ."
2013,Control strategy for islanded operation of offshore wind power plants connected through a VSCHVDC link,IECON Proceedings (Industrial Electronics Conference),"VSC-HVDC links proposed means connecting large offshore wind power plants onshore transmission system . paper includes study control strategy islanded operation aforementioned wind power plants . offshore grid voltage controlled independently HVDC link state . Therefore , offshore grid HVDC link overvoltage due onshore short circuits largely reduced . Moreover , proposed strategy allows contribution wind power plant onshore service restoration power outage . proposed control strategy validated realistic scenario means PSCAD/EMTDC simulations . © 2013 IEEE ."
2011,Stability analysis of an offshore grid supplied by a HVDC-VSC,EPE Joint Wind Energy and T and D Chapters Seminar,establishment offshore AC grids gives opportunity connect wind farms oil platforms within limited distance AC cables . Several AC grids interconnected connected shore multi-terminal DC grid . order supply oil platforms important offshore AC grid assure reliable power acceptable quality . analyzed establishing conceptual AC grid simulation program Simpow . simulations show grid sustain good power quality long connection multi-terminal DC grid operation .
2013,Offshore wind park AC grids with higher frequency,PCIM Europe Conference Proceedings,"use HVDC power transmission becomes important new offshore wind parks . State art 50Hz offshore distribution grid . DC connection decouples offshore grid onshore grid , frequency becomes degree freedom offshore wind parks . paper effects frequency higher 50Hz main components offshore wind park investigated . pros cons limitations higher offshore frequency presented . © VDE VERLAG GMBH · Berlin · Offenbach ."
2012,Integration of distributing energy system II: Optimization,Advanced Materials Research,"optimization Distributed Energy System improve total energy utilization efficiency greatly achieve energy saving . Based digital simulation software introduced Part , optimizations matching parameters structure achieved . example results showed numerical simulation realize optimization matching parameters economic operation parameters parts whole system , design result highest efficiency obtained . © ( 2012 ) Trans Tech Publications , Switzerland ."
2013,Development scenarios for the North and Baltic Seas Grid - A welfare economic analysis,Utilities Policy,"North Baltic Seas Grid one largest pan-European infrastructure projects , increasing potential harnessing large amounts renewable energy . paper addresses economic implications different development scenarios North Baltic Seas Grid individual countries stakeholders may raise concerns implementation largely nationally dominated regulatory regimes . paper develops three scenarios quantifies technical-economic effects : ) status quo , engagement North Baltic Seas largely nationally driven ; ii ) trade scenario dominated bilateral contracts point-to-point connections ; iii ) meshed network scenario fully interconnected cables crossing North Sea Baltic Seas making truly pan-European infrastructure . find terms overall welfare , meshed solution superior ; however , distributional perspective losers scheme , namely incumbent electricity generating firms France , Germany , Poland , well consumers low-price countries , e.g . Norway Sweden . Merchant transmission financing , based congestion rents , seem sustainable option provide sufficient network capacities , authorities need mandate investment order made . also find strong interdependencies offshore grid expansion subsequent onshore network . © 2013 Elsevier Ltd ."
2011,A framework to determine optimal offshore grid structures for wind power integration and power exchange,Wind Energy,"paper presents framework find optimal offshore grid expansions using transportation model power grid . method extends standard mixed-integer linear programming approach solution transmission expansion planning problem account fluctuations wind power generation load ; makes method especially suited identify optimal transnational offshore high-voltage direct current grid structures integration large amounts offshore wind power . applicability method demonstrated case study North Sea region . © 2011 John Wiley & Sons , Ltd ."
2010,Long-term grid planning in the Netherlands,"43rd International Conference on Large High Voltage Electric Systems 2010, CIGRE 2010","evolving liberal energy market , electricity network planning becomes challenging . Due lengthy licensing procedure careful preparations required procedures , time develop construct long-distance high-voltage lines regulary takes longer 8-10 years . time build facilities cause changing transport patterns like local combined heat power plants , wind farms larger generators far less . overcome discrepancy need early picture potential future developments difficulties may arise . Investments reinforcements network extensions transmission grid usually involve considerable costs last several decades . increases importance analysing long-term development electricity demand supply examining consequences grid . Wide-ranging developments determine shape future energy landscape . Developments may cancel enhance , difficult predict effects demand electricity transmission . aspects lead large uncertainties planning process electricity transmission networks . Scenario planning generally used find worst case situations grid must able cope . paper , two parameters ( sustainability market development ) examined , result four scenarios . scenarios predictions future , descriptions different possible future situations . lead exploration Dutch high-voltage onshore offshore grids may develop 2030 . information scenarios , different future network structures analysed . resulted transmission grid concept , anticipating different possible future developments . concept forms basis clear coherent long term vision development onshore offshore electricity transmission network Netherlands . long-term vision grid infrastructure , TenneT wants respond society 's wish make transition towards sustainable energy supply maintaining high security supply reasonable cost . article describes development long term grid philosophy resulting grid concept Dutch transmission grid situation integration offshore wind farms North Sea grid ."
2013,A european north-seas offshore grid – results from a joint 10 countries’ analysis,ETG-Fachbericht,"North Seas Countries ' Offshore Grid initiative ( NSCOGI ) formed responsible body investigate barriers propose solutions 10 countries ' energy ministers , order enhance topic next stage . paper describes investigations results comparing two different offshore grid design concepts . concepts based single 10 governments ’ best views 2030 generation portfolios load situation describe radial solution one hand , meshed offshore grid hand . methodology , assumptions results presented . © VDE VERLAG GMBH ∙ Berlin ∙ Offenbach ."
2013,Efficiency and fault ride-through performance of a diode-rectifier-and VSC-inverter-based HVDC link for offshore wind farms,IEEE Transactions on Industrial Electronics,"paper includes technical feasibility study use HVDC diode-based rectifier together onshore voltage-source converter ( VSC ) connection large offshore wind farms . distributed control algorithm wind farm used , wind turbines contribute offshore-grid voltage frequency control allowing wind turbine optimal power tracking . Moreover , proposed system shows good fault ride-through performance solid faults onshore connection point , wind-farm ac grid , HVDC line . technical feasibility proposed solution validated means detailed PSCAD/EMTDC simulations . efficiency complete system also studied found compare favorably VSC-HVDC-inverter station . © 2012 IEEE ."
2012,Low frequency high voltage offshore grid for transmission of renewable power,IEEE PES Innovative Smart Grid Technologies Conference Europe,"AC Power transmission using underground cables 50 60 Hz limited charging current thus distance . Often reason change DC technology . However , intermediate solution low frequency operation allowing longer distances offshore platform onshore station . railroad frequency 16.7Hz voltage level 145 kV fully developed , field proven broad commercial use . higher transmission voltage 220 kV seems doable . Also 3 core AC submarine cables commercially available , used without changes reduced frequency . paper presents preliminary basic design low frequency offshore link discusses pros cons terms technical feasibility offshore installations well operational aspects . © 2012 IEEE ."
2012,Integration of distributing energy system I: Modeling and simulation,Advanced Materials Research,"heating , power cooling distributing energy system studied numerical simulation . System modeling performance prediction studied tri-generation system based micro gas turbine primary energy utilizing equipment part . results show : numerical simulation replace pilotscale experiment objective project aspects design performance prediction distributing energy system . © ( 2012 ) Trans Tech Publications , Switzerland ."
2013,Research and development priorities for energy islanding of military and industrial installations,Journal of Infrastructure Systems,"Research development energy systems ( e.g. , smart secure microgrids industrial military installations solar cogeneration technologies ) must account deep uncertainties emergent conditions including economic , regulatory , technological , mission , demographic , environmental ecological , among others . Deep uncertainties involve structural qualitative perspectives trends change game . Recent literature identified emergent conditions deep uncertainties influential decision criteria priorities among existing energy assets systems . paper introduces practical method help prioritize strategic energy research development investments minimize opportunity loss program risk investments long time horizon . number interesting observations perceived method including robustness , scenario influence , risk , opportunity . method recommended help achieve consensus program managers , installation commanders , energy managers , technology vendors , urban planners , customers tenants . quantitative demonstration provided addresses five scenarios deep uncertainty , ten performance criteria , six investment portfolios . © 2013 American Society Civil Engineers ."
2013,Support schemes and market design in international offshore grids,"International Conference on the European Energy Market, EEM","International offshore grids combine grid connection offshore wind parks possibility international power trading future . paper investigates choice support scheme power market design international offshore grids derives resulting incentives . example , day-ahead market design could chosen offshore wind park affiliated national country placed neutral offshore hub . regard balancing , offshore wind park 's access specific country may blocked due interconnector congestion power trading . Hence , country 's offshore wind park included international offshore grid faces different economic situation one connected home country . argued redistributive effect offshore wind park income , congestion rents interconnectors necessary support . stable investment framework near future , tendering/feed-in tariff may best choice . avoids exposing wind farms balancing multiple countries . long run , also support scheme options may interest . © 2013 IEEE ."
2014,A comparison of design options for offshore HVDC networks through a sequential Monte-Carlo reliability analysis,"European Wind Energy Association Conference and Exhibition 2014, EWEA 2014","growing interest developing offshore HVDC networks connect offshore wind power provide interconnection regions . number technology , topology protection options available developers varying levels design complexity , capital cost system redundancy . paper highlights available options outlines methodology investigating performance number investigation reliability lifetime expected fault conditions , principally calculation expected level curtailed energy associated network design . number case studies investigated provide comparison options including designs without HVDC circuit breakers varying levels interconnection system redundancy . paper shows potentially significant benefits terms reduction curtailed energy use redundant paths power transmission network design certain cases outweigh increased capital expenditure associated implementation . investigation need case HVDC circuit breakers carried comparison alternative sectionalised HVDC network topology impact system reliability found negligible comparison cost breakers . Offshore network reliability also found highly sensitive input assumptions failure repair rates variability within results found large meaning could difficult accurately predict reliability future offshore network implementations ."
2014,Stability analysis of interconnected AC power systems with multiterminal DC grids based on the Cigré DC grid test system,IET Conference Publications,"paper presents selected case studies small-signal stability analysis power systems consisting interconnected AC DC sub-systems . analysis based Cigré DC-grid test system , designed resemble generalized future configuration multi-terminal HVDC ( MTDC ) systems . small-signal stability system investigated identify critical modes associated different parts interconnected AC DC power systems . analysis presented several steps order identify interaction problems critical modes occur different typical system configurations . Firstly , case point-to-point HVDC connection analysed , followed analysis four-terminal DC system , stability entire Cigré DC grid configuration studied . state variables participating critical modes , parameter sensitivities modes identified discussed . obtained results illustrate particular challenges occur step-wise construction large-scale MTDC transmission system ."
2013,The European North- Sea Countries Offshore Grid initiative - Results,IEEE Power and Energy Society General Meeting,"December 2010 North Seas Countries ' Offshore Grid initiative ( NSCOGI ) formed responsible body investigate barriers propose two years later solutions 10 countries ' energy ministers , facilitate decision way forward . paper describes investigations results concerning two different offshore grid design concepts based single 10 governments ' best views 2030 generation portfolios load situation . methodology , assumptions results presented . © 2013 IEEE ."
2012,"Reliable power, wind variability and offshore grids in europe",Renewable Electricity and the Grid: The Challenge of Variability,[ abstract available ]
2013,Planning tool for clustering and optimised grid connection of Offshore wind farms,Energy Procedia,"planning tool clustering optimised grid connection offshore wind farms presented described detail . tool suitable high level , strategic planning clustering grid connection future offshore wind farms planned proximity . tool upgraded version previously developed tool offshore grid expansion planning . use upgraded tool demonstrated example considers Kriegers Flak area , results indicating benefits interconnecting wind farms across country borders using hybrid AC DC transmission system shore . © 2013 Authors ."
2012,Assessment of DC/DC converters for use in DC nodes for offshore grids,IET Conference Publications,"increasing offshore wind generation , strong argument implementing multi-terminal DC grid offshore interconnection individual HVDC links . point intersection three lines used interconnect projects different voltage levels control power distribution . proposed points , nodes , implemented using DC devices . highvoltage , high-power DC/DC converter therefore important component DC node . paper reviews possible DC/DC converter topologies , looking device requirement , different voltage conversion ratio fault management . suitability converters considered , use node HVDC offshore grid , discussed . resonant DC/DC converter topology considered detail modelled conversion ratio two , demonstrates high power efficiency ."
2013,Topologies of the North Sea Supergrid,Proceedings of the Universities Power Engineering Conference,"development North Sea Supergrid closely linked three main topological ideas : ( ) Business Usual ; ( ii ) Local Coordination ; ( iii ) Fully Integrated . paper , three proposed topologies simplified , analysed compared power export offshore wind farms unto onshore grids . review state-of-the-art HVAC HVDC offshore transmission technologies carried . national offshore network development strategies six countries surrounding North Sea summarised . number HVAC HVDC assets required three topologies calculated . evident calculations , 2030 , Fully Integrated Topology achieve approximately 8 % asset savings Local Coordination Topology . © 2013 IEEE ."
2013,Energy efficiency of grid-connection solutions combining offshore wind power plants and offshore grids,"European Wind Energy Conference and Exhibition, EWEC 2013","Commissioning huge amount offshore wind power North Sea Baltic Sea region establishment European-level electricity market trigger fast cost-efficient development within offshore onshore grid infrastructures region . expected , offshore grid utilize tried-and-proven High Voltage Alternating Current ( HVAC ) technology , i.e . using HVAC submarine cables , well relatively new offshore applications High Voltage Direct Current ( HVDC ) Voltage-Sourced Converter ( VSC ) technology , i.e . large , longdistant energy transmission connection asynchronous , onshore HVAC systems . energy transmission efficiency grids approached evaluation energy transmission losses . High efficiency equals low losses . paper studies possible connections two asynchronous HVAC systems two offshore wind power plants ( OWPP ) evaluates efficiencies grid-connection solutions . main finding offshore grid infrastructures , combine connections onshore systems OWPP , shall low energy transmission losses , i.e . high efficiencies , comparing systems single point-to-point connectors energy transport capabilities ."
2013,Review of the various proposals for the European offshore grid,Renewable Energy,"integration large amounts renewable power , create single European Energy Market , requirements system adequacy security supply strong drivers towards electricity interconnection infrastructure Europe . especially true European seas North Sea particular . last years , various proposals offshore grid Europe published public domain , varying research proposals long-term visions concrete projects . Taken policymakers stakeholders , resulted number ongoing initiatives like Adamowitsch Working Group , ENTSO-E Regional North Sea Group North Seas Countries ' Offshore Grid Initiative . paper provides background offshore grids extensive overview various proposals . Furthermore , remaining challenges discussed explained context different initiatives . © 2012 Elsevier Ltd ."
2012,Testing constraints and opportunities for offshore renewable energy: Strategic development of offshore networks for interconnection and market access,44th International Conference on Large High Voltage Electric Systems 2012,"North-West Europe particularly rich renewable energy resources , least respect wind , wave tidal energy around British Isles . respective governments set targets realisation much renewable energy potential . However , transmission networks areas already near transfer limits respect exports power attractive locations renewables . Moreover , much potential lies offshore would require considerable investment accessed , terms generation capacity also terms networks . paper describes 'Irish-Scottish Links Energy Study ' ( ISLES ) : collaborative project Scottish Government , Northern Ireland Executive Government Ireland . project funded three sponsoring executives EU 's INTERREG IVA Programme Special EU Programmes Body ( SEUPB ) . assessed offshore renewables potential west coast Scotland Irish Sea , reviewed extent differences environment planning frameworks three jurisdictions might serve delay offshore developments . particularly , considered feasibility creating interconnected offshore transmission network facilitate access renewable energy sources . network analysed determine extent interconnected network , includes capacity transfer energy Great Britain ( GB ) electricity market Single Electricity Market ( SEM ) island Ireland , might enhance commercial viability generation developments . , number important regulatory issues highlighted particular ISLES must addressed broadly European aspirations offshore grids realised ."
2012,Stable and efficient high-tension communication power supply based on electromagnetic coupling,Applied Mechanics and Materials,"High-tension power delivery based electromagnetic coupling hot spot temperature power equipment systems current on-line monitoring early warning effective way solve 'energy island ' .In paper , miniature , low cost , high reliability , easy installation maintenance communication power supply based electromagnetic coupling designed , also provide lasting stable power output . Since central position receiver coil rectifier filter circuit power supply , Optimization design simulation made coil rectifier filter circuit . three-dimensional coil used receiving coil , optimization results show load power 10.18w conditions low-frequency high-voltage . achieves objective miniature low-cost . simulation results rectifier regulator show system transfer energy range approximately 2 % fluctuation . © ( 2012 ) Trans Tech Publications ."
2011,Offshore grids: The Irish opportunity,CIGRE 2011 Bologna Symposium - The Electric Power System of the Future: Integrating Supergrids and Microgrids,"recent years , wind energy , onshore offshore , attracted interest future resource exploited realise low carbon emissions environment.Among drivers offshore , saturation best onshore site availability , better public acceptance , less variable wind resource . Moreover , order attract investment renewables many countries offer incentives potential Ireland 's future integration European Energy Markets export case offshore wind energy economic opportunity . addition meeting 40 % Renewables 2020 [ 1 ] offshore integration renewables Europe commitment achieving policy targets low carbon environment [ 2 ] . Europe 's dependency gas , opportunity enhance build sustainable , reliable , secure economic grid future . considering opportunities holistic approach required aims ensure decisions based robust quantitative analysis cognisant broader policy direction European regional integration . island Ireland best wind resources worldwide ; offshore grid may represent great economic opportunity country , particularly critical period financial uncertainty . Several synergies may embedded offshore grid deployment strategy goes beyond simple task connecting wind farm mainland , instance : Enhancement Energy market competition greater regional integration SEM BETTA Europe Potential increased ofmarket for'premium ' renewable energy Higher utilisation infrastructure Single Electricity Market ( SEM ) operating Ireland ( IE ) Northern Ireland ( NI ) continuing evolve facilitate increasing levels renewable generationto 2020 beyond . implementation Intra Day Trading increase opportunities trade existing Moyle Interconnector Scotland , East West Interconnector ( EWIC ) Interconnection SEM neighbouring markets . paper describes potential offshore grid deployment strategies Irish Sea 2030 focuses impact strategy subjected market conditions . Using expansion planning tool , optimum infrastructure reinforcement plan integrate expected wind resources calculated planning period . sequential analysis performed using unit commitment based multi regional market model evaulate hourly trade across infrastructure.f Different transmission technologies assumed according geographical distances connection points onshore offshore . Finally , scenarios selected compare different technology performances , AC HVDC , either onshore offshore . particular , Multiterminal/Embedded VSC configurations compared AC terms impact dynamic stability thetransmission system ."
2011,Experimental study on hydrodynamic motion of hybrid type of pontoon,OCEANS 2011 IEEE - Spain,"Recent interest marine structure floating structure wide area focused men 's activity floating housing complex , energy-island , floating airport , . Pontoon semi-submersible typical types purpose . Pontoon widely applied offshore floating structure many advantages buoyancy , simple details , storage ability , economy , . However almost used nearly still water conditions due structural shape . study , new type pontoon taking advantage reduced motion proposed experimented small size specimen . kind hybrid sufficient space buoyancy like pontoon air-gap characteristic feature semi-submersible . Even though hybrid pontoon lost buoyancy 16 % compared pontoon weight , observed motion proposed one stable existing ones . © 2011 IEEE ."
2012,The economic case for developing HVDC-based networks to maximise renewable energy utilisation across Europe: An advanced stochastic approach to determining the costs and benefits,44th International Conference on Large High Voltage Electric Systems 2012,"paper concerned rationale development significantly enhanced transmission capacity continent scale , case Europe . particular emphasis accommodation wind power North Sea , describes assessment extent lack transmission capacity European level act constraint realising Europe-wide targets electricity renewable sources 2020 . plausible generation demand scenario postulated inter-area power flows studied number network cases whole Europe . network cases intended provide insights drivers different levels transmission expansion different network configurations increased transfer capability might delivered offshore . analytical methods used take account realistic time series available generation including wind hydro , model spatial correlations wind hydro power , minimum stable generation times , regionally differentiated reserve requirements . particularly , means Monte Carlo simulation , variability power deficits surpluses different locations flows locations assessed . analysis achieved use ANTARES tool developed RTE . main metrics used compare different scenarios annual energy production different types generator , emissions carbon dioxide , total energy renewables , volume 'spilled ' wind energy . results suggest new offshore network capacity allow increased exchange power different countries important realising full potential new wind power developments . new network capacity allows local surpluses wind power used elsewhere also facilitates reserve power held remote particular area minimise total holding reserve increase utilisation renewable energy . However , two effects : depending exact location , permit onshore network constraints bypassed , shown , allow cheap high carbon generation remote areas used instead lower carbon fossil fuelled plant local area . may thus concluded support investment low carbon generation capacity wind development transmission network important reduction carbon emissions associated use electricity , effective pricing carbon emissions ."
2012,Modeling and optimization of an energy generation island based on renewable technologies and hydrogen storage systems,International Journal of Hydrogen Energy,"widespread use renewable energy sources hindered intermittent unpredictable nature . problem overcome storage system manages time mismatch energy production load requirements . aim work develop simulation tool evaluating energy economic performance renewable energy islands , including various electricity generation technologies ( photovoltaic modules , wind turbines micro-hydroelectric plants ) , integrated hydrogen storage system , comprising electrolyzer , hydrogen storage tank fuel cell . brief description simulation tool structure , attention focused energy economic models system components . innovative approach optimizing energy island proposed ; based hybrid genetic-simulated annealing algorithm aims minimize unit cost electricity . Finally generation island provides electricity hydrogen farm central Italy designed optimized , comparing configurations based different renewable technologies . © 2011 , Hydrogen Energy Publications , LLC . Published Elsevier Ltd. rights reserved ."
2014,Developments and opportunities in HVDC offshore grids research,"European Wind Energy Association Conference and Exhibition 2014, EWEA 2014","HVDC transmission based voltage source converters ( VSC-HVDC ) rapidly evolving technology . rating installations increased several hundreds MW planned installations GW range . Developments technology increased interest VSCHVDC integration offshore wind farms integrated offshore network . However raises various challenges various key concepts particular deserve substantial research . paper presents technical issues associated HVDC connection , developments technology highlights remaining challenges need addressed along research opportunities create ."
2012,Transmission Systems for Offshore Wind Power Plants and Operation Planning Strategies for Offshore Power Systems,"Wind Power in Power Systems, Second Edition","electric system within offshore wind power plant connection main power system pose new challenges experts . best way interconnecting wind turbines inside wind farm found , fulfilling , redundancy requirements without compromising economic feasibility . best choice technologies ( HVAC , HVDC - VSC LCC ) connecting windfarms shore made , depending several criteria . risk losing connection versus redundancy economically evaluated . combining interconnectors offshore windfarm connections modular way , DC offshore grid developed . Anyhow , already planning phase secure operation considered thoroughly , optimal architecture found , minimizing necessary assets ensuring secure operation facilitating later expansion options . interaction onshore grid investigated well . enable investigations covering issues benchmark offshore test system developed described chapter . © 2012 John Wiley & Sons , Ltd ."
2013,Grid connection and macro-system integration of combined wind and wave devices,"2013 8th International Conference and Exhibition on Ecological Vehicles and Renewable Energies, EVER 2013","paper summarizes status progress Work Package 8 MARINA Platform European FP7 R & project . MARINA covers multi-purpose offshore renewable energy platforms key purpose look synergies combining wind energy ocean energy technologies . wind wave placed site may several advantages terms using common facilities infrastructure also challenges . activities reported cover wind farm layout , offshore electrical infrastructure well integration challenges opportunities offshore renewable energy . © 2013 IEEE ."
2012,The effects of meshed offshore grids on offshore wind investment - A real options analysis,"European Wind Energy Conference and Exhibition 2012, EWEC 2012","Offshore wind farms future meshed offshore grids could subject different regulatory regimes . Feed-in tariffs would absorb market risk wind farm operators , whereas price premium mechanisms leave operators exposed market price signals . case , plays decisive role price applies node offshore grid . offshore node either integrated neighbouring markets , access respective maximum price , subject separate nodal pricing . investigate different regulatory regimes connections one four countries based stochastic model capturing uncertainties prices line failures . stochastic analysis shows case wind park granted access respective maximum price , significant option value connected operational flexibility accessing several markets : wind farm 's IRR increase 33 % analysed ( fictive ) cases connected four neighbouring countries . Contrarily , case nodal pricing , wind farm cope IRRs 15 % lower connected one country . effects either hamper adequate investment lead windfall profits , level support adjusted according choice regulatory regime . therefore considered designing regulatory regime level support offshore grid order maintain effective efficient development offshore wind Europe ."
2012,Expansion var planning model in a meshed/mixed AC/DC network,IEEE Power and Energy Society General Meeting,"importance wind power generation risen last years much considered important affordable renewable energy source growing rate faster mainstream technologies word . Due lack land resources environmentalist opposition , wind strategy looking offshore installations . requires new criteria set appropriate architecture future offshore grids . use HVAC Cables LCC ( Line Commutated Convertion ) VSC ( Voltage Source Conversion ) technologies stress importance extending long-term expansion planning var support . Coping adequately problem voltage security assessment long-term expansion planning , purpose work . paper model reactive expansion planning proposed presence meshed AC/DC grid . © 2012 IEEE ."
2013,The coordinated development of offshore energy infrastructure: Legal challenges and possible solutions,Competition and Regulation in Network Industries,"enormous growth offshore wind energy generation North Sea current plans given effect . Standard practice wind farms constructed date provide wind farm dedicated cable connection onshore transmission system ( radial connection ) . efficient approach would initiate coordinated projects involve clustering wind farms consequently allow shared offshore assets . could lower costs reduce impacts marine environment . However , national regimes currently focus installation radial connections promote coordinated development offshore infrastructure . purpose article identify legal barriers coordinated projects explore changes could made current regulatory practices North Sea states order introduce required coordination wind energy generation infrastructure development ."
2012,Technology developments and plans to solve operational challenges facilitating the HVDC offshore grid,IEEE Power and Energy Society General Meeting,"paper describes voltage source converter ( VSC ) offshore technologies expansion point-to-point transmission systems HVDC offshore grids . Today several gigawatt wind farm projects underway proposed North Sea , Baltic Sea Atlantic Ocean . first offshore VSC stations installed oil gas platforms power shore 2005 using structures lifted site connection wind farms 2010 . New innovative modular solutions converter offshore platforms gigawatt-range developed . offshore wind generation increases makes sense connect offshore converters multi-terminal grid better utilization transmission systems connection balancing power . key technological cornerstones plan start building first parts HVDC offshore grids available today gaps deployment full-fledged offshore grid outlined . © 2012 IEEE ."
2011,Stability analysis of an offshore grid supplied by a HVDC-VSC,"Proceedings of the 2011 14th European Conference on Power Electronics and Applications, EPE 2011",establishment offshore AC grids gives opportunity connect wind farms oil platforms within limited distance AC cables . Several AC grids interconnected connected shore multi-terminal DC grid . order supply oil platforms important offshore AC grid assure reliable power acceptable quality . analyzed establishing conceptual AC grid simulation program Simpow . simulations show grid sustain good power quality long connection multi-terminal DC grid operation . © 2011 EPE Association - European Power Electr .
2014,Energy: Islands of light,Nature,[ abstract available ]
2013,Reliability investigations for a DC offshore power system,IEEE Power and Energy Society General Meeting,"paper deals reliability assessment issues DC Offshore Power System . first step methodology reliability evaluation offshore power system characterized . purpose new reliability indices introduced order take specific character offshore grid account . , using Monte Carlo simulation approach , exemplary simulations carried selected test system . performed simulations show strong influence redundancy level reliability indices . © 2013 IEEE ."
2012,Innovations in energy - factor for increasing the energy efficiency,Ikonomicheski Izsledvania,"paper presents problems increasing end energy consumption , especially industry life , energy carbon intensity economy , energy dependency , etc . analyzes innovations important factor increasing energy certainty , energy efficiency competitiveness economy sustainable development . connection , paper presents contemporary innovation solutions , like virtual gas-main , smart grid , supernetworks supercables , cogeneration , distant reporting consumed energy , renewable energy sources , including bio fuels , energy roads , hybrid electric power stations , energy ocean high low tides , energy islands , concentrators generating solar energy , etc . contemporary innovation solutions connected necessity huge investments , big problem Bulgaria . Nevertheless , government policy widely open innovations improving energy status country increasing green energy production . purpose possible funds used completely ."
2014,Dynamic modelling and implementation of VSC-HVDC system the grid connected large offshore wind power plant application,SMARTGREENS 2014 - Proceedings of the 3rd International Conference on Smart Grids and Green IT Systems,"research contribution , investigates analyse operational characteristics voltage source converter ( VSC ) , High-Voltage Direct Current ( HVDC ) transmission system . main objective research endeavor evaluate implementation HVDC transmission system integrating offshore wind energy grid . Dynamic model system developed Simulink environment . Stability analysis performed three case studies namely two active grid interconnection , active passive grid interconnection offshore wind farm interconnection grid . Results analysed compared according E.ON grid code requirements offshore grid connection ."
2012,Establishing an Offshore Electricity Grid: A Legal Analysis of Grid Developments in the North Sea and in US Waters,Energy Networks and the Law: Innovative Solutions in Changing Markets,"chapter focuses legal issues associated proposals offshore grid development EU US , compares means might addressed . chapter organized follows . Section II examines international legal framework offshore development considers key question whether provides sufficient support offshore grid projects type proposed . Section III considers suitable regimes could put place regulate development use transmission infrastructure North Sea . Section IV provides overview gradual progress made towards creating regulatory framework offshore electricity generation transmission US . Section V concludes identifying key legal considerations taken account strategic planning combined offshore wind energy generation transmission projects general . © International Bar Association , 2012 . rights reserved ."
2012,Availability analysis of VSC-HVDC schemes for offshore windfarms,IET Conference Publications,"UK Round 3 offshore windfarms located 50km shore likely require HVDC transmission system . availability HVDC transmission schemes key factor determining offshore windfarms commercially technically viable . paper shows typical radial HVDC link would energy availability 96.5 % based estimated reliability indices publically available data submarine cable component greatest effect scheme 's availability . regional HVDC grid analysed paper shown higher energy availability equivalent radial scheme , providing additional capacity built grid . Furthermore , cost-benefit analysis shows link scheme 's availability profitability ."
2010,An integrated approach to offshore electricity transmission,IET Conference Publications,"July 2010 UK Government Department Energy Climate Change ( DECC ) , together UK Office Gas Electricity Markets E-Serve division ( Ofgem EServe ) set intention consult enduring regulatory regime offshore electricity transmission . National Grid undertaken conceptual design exercise , examining integrated onshore-offshore grid solution multiple stakeholder perspectives . results study indicate significant opportunities design optimisation yield capital cost savings ∼25 % + ; reduced planning , environmental supply chain impacts ; `` future proofing '' network evolution European integration ."
2014,Generalized implementations of piecewise linear control characteristics for multiterminal HVDC,"2014 International Symposium on Power Electronics, Electrical Drives, Automation and Motion, SPEEDAM 2014","Large-scale Multi-Terminal ( MT ) HVDC grids require decentralized control schemes converters autonomously react load changes disturbances dc grid without need fast actions centralized controller . majority proposed schemes based assigning static Piece-Wise Linear ( PWL ) characteristic converter terminal , defines functional dependence dc voltage local current power references converter . Despite evident conceptual similarities , various schemes combinations control characteristics presented literature different implementations . paper discusses possibility generalized controllers reproduce static characteristics within single implementation modifying parametric settings . particular two alternative implementations discussed , whereof first option previously presented without explicitly discussing potential implementing generalized PWL controller . alternative implementation developed described detail , based state-machine controlling operation dc-voltage controller . proposed generalized PWL implementation demonstrated numerical simulation four terminal HVDC system . © 2014 IEEE ."
2011,Impact of system power losses on the value of an offshore grid for North Sea offshore wind,"2011 IEEE PES Trondheim PowerTech: The Power of Technology for a Sustainable Society, POWERTECH 2011","Grid connection critical factor integration large scale wind power . factor even important framework transnational power exchange way improve power system operation . paper comparison study carried two different grid building strategies offshore wind farms North Sea using 2030 medium wind scenario TradeWind project [ 1 ] . strategies ) radial ii ) meshed grid configuration . paper considered active power losses strategies capture effect losses different power system aspects , total soci-economic benefit associated strategy , offshore wind power utilization , power exchange grid points , grid bottlenecks utilization HVDC connections . Using meshed grid compared radial total benefit 2.7 billion Euro economic life time grid . However benefit increased 0.3 billion Euro taking account grid losses cases . results shows benefit using meshed offshore grid future European power system large penetration off- onshore wind power . © 2011 IEEE ."
2011,Control and operation of wind turbine converters during faults in an offshore wind power plant grid with VSC-HVDC connection,IEEE Power and Energy Society General Meeting,"Voltage source converter ( VSC ) based high voltage dc ( HVDC ) transmission attractive technique large offshore wind power plants , especially long cable transmission required connection onshore grid . New multi-MW wind turbines likely equipped full scale converters meet stringent grid code requirements . scenario , offshore grid terminated power electronic converters ends . paper presents control scheme synchronization control grid side converters ( GSC ) wind turbine generators ( WTG ) . Current limit control enables GSC sustain fault currents short circuits offshore wind collector system grid . However , power transmission affected , fault isolated . resynchronized fault cleared breaker reclosed . Healthy WTG converters remain connected . scheme demonstrated PSCAD/EMTDC simulation . © 2011 IEEE ."
2011,"Design, operation and availability analysis of a multi-terminal HVDC grid - A case study of a possible offshore grid in the Norwegian sea","2011 IEEE PES Trondheim PowerTech: The Power of Technology for a Sustainable Society, POWERTECH 2011","Multi-terminal HVDC subsea cable grids ability integrate offshore wind power petroleum installations main land , well transferring energy parallel onshore AC grid . grids presumably lower investment costs radial cables installation . shown paper reliability higher well . operation multi-terminal HVDC grid calls new methods control fault clearing . case study two land terminals three offshore terminals presented paper . work part Statnett 's R & project `` Offshore Grid - design operation '' . © 2011 IEEE ."
2010,Offshore grids in Europe: The strategy of Ireland for 2020 and beyond,IET Conference Publications,"present paper focuses particular case Ireland , development offshore grids investigated . could optimal approach address foreseen massive wind integration issue , also reinforce onshore grid use potential export energy abroad . paper presents results related ongoing studies subject ."
2014,Deriving robust design parameters and design criteria for the first offshore artificial island for electricity conversion in the northern north sea,Proceedings of the International Conference on Offshore Mechanics and Arctic Engineering - OMAE,"support future wind farm developments anticipate intentions create European wide smart electricity grid , offshore high voltage grid Belgian North Sea development connect several wind farms Belgian onshore electricity grid , called Belgian Offshore Grid ( BOG ) . grid contain first artificial island ( AI ) support electricity conversion transport North Sea . AI part offshore high voltage grid shall connect number offshore wind farms onshore high voltage station . accurate definition site conditions design criteria utmost importance design , operability exploitation island main driver cost islands . Deriving robust , conservative site conditions appropriate design criteria one first challenges project . Based in-situ measurements geotechnical , geophysical met-ocean conditions design parameters derived together design criteria . paper focuses methods numerical models used define appropriate design input sensitivity analysis design criteria . order derive robust conservative design parameters in-situ measurements required , also combination statistical analysis , numerical models sensitivity analysis design criteria functional requirements . One driving design criteria works allowable overtopping discharge related hydrodynamic forces infrastructure island , largely influences cost . Copyright © 2014 ASME ."
2012,Impact of reserve market integration on the value of the North Sea offshore grid alternatives,"9th International Conference on the European Energy Market, EEM 12","Expected large scale integration offshore wind power North Sea future scenarios , 2020-2030 , contribute challenges transmission planning system operation Northern European electricity network . Moreover , intermittency renewable resources makes operational planning , forecasting , balancing , control system challenging . paper , comparison carried two reserve procurement market models . done simulating non- fully-integrated Northern European market using 2030 scenario combination effect two different strategies development North Sea offshore grid : Radial grid Meshed grid . day-ahead market modeled common market aggregate level whole European continent . Reserve procurement done simultaneously clearing day-ahead market . analysis day-ahead dispatch , DC optimal power flow used . results show EUR 262 million EUR 326 million per year could saved result integration Northern European reserve market meshed radial offshore grid topologies respectively . © 2012 IEEE ."
2013,Var planning assessment in a meshed AC/DC system: The future Irish Transmission System,"Proceedings of IREP Symposium: Bulk Power System Dynamics and Control - IX Optimization, Security and Control of the Emerging Power Grid, IREP 2013","importance wind power generation risen last years much considered among important affordable Renewable Energy Sources ( RES ) growing rate faster technologies . Nowadays , wind technology looking offshore installations , due lack land resources environmentalist opposition . requires new criteria set appropriate architecture future offshore grids , terms topology , technology control structures . paper describes var planning methodology aiming identifying reactive needs future mixed meshed AC/DC system . © 2013 IEEE ."
2013,Governing a North Sea grid development: The need for a regional framework treaty,Competition and Regulation in Network Industries,"North Sea coastal states exploring possibility collaborating development cables transmitting electricity waters subject jurisdiction view creating offshore grid . argue article support political resolution , agree proceed initiative , entering treaty governs expansion electricity infrastructure marine region . legal framework required significant potential complex process would involved formation regional grid depart optimal course advancing North Sea states ' shared goals providing infrastructure needed decarbonising energy supplies whilst maintaining energy security least cost . framework treaty would enhance ability set keep development transmission networks North Sea pathway leads mutually beneficial outcomes ."
2012,VIAvento - A fast and accurate simulation tool for power-electronic systems,EPE Joint Wind Energy and T and D Chapters Seminar,Simulating complex offshore grids including connected devices independent control algorithms ( e.g . DLL form ) essential assessment global system stability . power-electronic applications - due independently controlled independently switching inverters - time domain simulation give meaningful results . paper presents simulation tool VIAvento satisfies introduced requirements . functioning tool illustrated showing simulation results connected two-point converters one HVDC modular-multilevel-converter topology ( MMC topology ) .
2012,Transmission system topology optimization for large-scale offshore wind integration,IEEE Transactions on Sustainable Energy,"method determine optimal transmission system topology multiple offshore wind farms introduced using rule-based generic algorithm . methodology implemented software tool determining best economical technically feasible offshore transmission solution . optimization algorithm takes radial , ring shaped , meshed transmission topologies consideration . Besides investments offshore grid also new connections reinforcements existing onshore grid proposed algorithm . developed tool delivers set transmission system topologies ranked life cycle system costs corresponding transmission voltage technology ( HVAC HVDC ) , necessary transmission equipment , rating . optimization results based publicly available data . achieved results compared studies validated . developed tool used planning phase guidance offshore developers investment decisions long-term offshore grid planning , e.g. , towards offshore supergrid . © 2010-2012 IEEE ."
2014,Evaluation of North Sea offshore grid topologies via market simulations and security analysis,IET Conference Publications,"work provides method combined planning possible offshore grid North Sea together onshore grid , high renewable energy scenario year 2030 . analysis done help market simulations load flow calculations . round-the-year security analysis used evaluate different offshore grid structures interdependencies exist grid structure available capacity market transactions . Grid security , grid utilization factors , operating costs ( fuel emissions ) wind curtailment considered assessment . Furthermore , round-the-year security analysis used investigate effects offshore grid security Dutch onshore grid . sensitivity analysis presence German North-South HVDC corridors security Dutch grid also performed ."
2013,Grid integration of offshore wind power and multiple oil and gas platforms,OCEANS 2013 MTS/IEEE Bergen: The Challenges of the Northern Dimension,paper investigates possibilities supplying offshore oil gas platforms power onshore power grid combined offshore wind power . system consisting five oil gas platforms connected offshore wind farm common VSC-HVDC link onshore power grid studied . model system developed MATLAB®/Simulink® simulations preformed two critical system disturbances . HVDC control system designed tuned order obtain stable offshore grid operation . simulation results demonstrate system configuration able withstand severe dynamic events . © 2013 IEEE .
2012,State of the art in ultrahigh-voltage transmission,Proceedings of the IEEE,"paper discusses ultrahigh-voltage ( UHV ) DC efficient solution bulk power transmission especially renewable energy . European policy legal framework used illustrate new technology , international electricity market integration , distribution wind solar natural resources lead need continent-wide internationally coordinated network planning view long-term greenhouse gas reduction . First , technical economic aspects UHV transmission described , including , e.g. , converter configurations internal external insulation . , UHV transmission put context broad current questions power system development : AC DC , microgrids , smart grids , power electronics , overhead lines , cables , gas-insulated lines . final part discusses European legal framework climate protection transmission system operator ( TSO ) cooperation new , legally mandated European transmission system operator association ENTSO-E , particular joint European grid planning R & . example shows UHV technology development contribute market integration economic environmental goals continent-wide internationally coordinated transmission development one option international long-term system studies . © 2006 IEEE ."
2011,A technology challenge: The case of Ireland,CIGRE 2011 Bologna Symposium - The Electric Power System of the Future: Integrating Supergrids and Microgrids,"directive promotion use renewable energy resources published European Commission 2008 given impetus development Europe 's wind energy resources . end 2010 , approximately 1400 MW wind generation installed Republic Ireland , roughly 25 MW comes form off-shore plant . Given Ireland favourable wind conditions whole Europe , wind farm development coast expected grow rapidly coming years , evidenced fact 6,000 MW wind generation currently awaiting connection grid . Furthermore recent Government Targets framework `` 20-20-20 '' EU initiative , set ROI challenging 40 % Renewable Energy 2020 . large amount nature Wind Resources challenging Transmission System Operator , Eirgrid , guarantee connection integrate incoming vast Wind resources present Transmission Grid . Large investments already planned onshore accommodate 5000 MW wind farms , framework strategic development plan GDS 25 . Recent advancements strategic plan drawn attention offshore landscape , stakeholders already obtained rights installation tens kilometres east coast country . Eirgrid therefore undertaking thorough comprehensive investigation offshore grid must designed Transmission technologies available today future overall strategic deployment plan . paper describes extent technology could provide TSO flexibility decision making process ultimate objective technical efficient cost effective designed solution . particular potential mixed AC/DC network structure may impose decision beginning investment plan may turn different results long term perspectives . stage , selection proper Transmission Technology may mitigate planner dilemma large initial investment long term versus small investments shorter term Results study case Irish transmission network North-Sea context , showing Offshore Grid results comparison system performances shown ."
2012,The European Offshore Grid - Inspiration to the US?,IEEE Power and Energy Society General Meeting,"European Union enacted ambitious binding targets concerning implementation renewable energy sources present energy systems year 2020 , large share allocated wind energy . Although common European energy policy enacted period 2020 , TSOs , manufacturers , regulators research institutions looking future , preparing necessary technology developments system integration , market design regulatory issues smooth authorization procedures . © 2012 IEEE ."
2012,Where is the ideal location for a US East Coast offshore grid?,Geophysical Research Letters,"paper identifies location `` ideal '' offshore wind energy ( OWE ) grid U.S. East Coast would ( 1 ) provide highest overall peak-time summer capacity factor , ( 2 ) use bottom-mounted turbine foundations ( depth 50 ) , ( 3 ) connect regional transmissions grids New England Mid-Atlantic , ( 4 ) smoothed power output , reduced hourly ramp rates hours zero power . Hourly , high-resolution mesoscale weather model data 2006-2010 used approximate wind farm output . offshore grid located waters Long Island , New York Georges Bank , ≈450 km east . Twelve candidate 500 MW wind farms located randomly throughout region . Four wind farms ( 2000 MW total capacity ) selected synergistic meteorological characteristics reduced offshore grid variability . Sites likely sea breezes helped increase grid capacity factor peak time spring summer months . Sites far offshore , dominated powerful synoptic-scale storms , included generally higher variable power output . interconnecting 4 farms via offshore grid versus 4 individual interconnections , power smoothed , no-power events reduced 9 % 4 % , combined capacity factor 48 % ( gross ) . interconnecting offshore wind energy farms ≈450 km apart , regions offshore wind energy resources driven synoptic-scale storms mesoscale sea breezes , substantial reductions low/no-power hours hourly ramp rates made . Copyright 2012 American Geophysical Union ."
2012,The European North Seas Countries' Offshore Grid initiative the way forward,IEEE Power and Energy Society General Meeting,"Europe , large amount offshore wind power expected built . Today , 3,5 GW offshore wind power capacity installed , potential identified increase 150 GW on-and offshore wind power 2030 . half European offshore wind expected built North Seas , 60-80 GW 2030 . sites far shore , requiring use long DC subsea cables connect onshore power systems . Additionally , Europe aiming increased integration power markets expanding international power exchange capacity . potential developments merge combining offshore wind power grid connection interconnectors European member states establishment offshore grid . North Seas Countries ' Offshore Grid initiative formed responsible body first investigate barriers propose solutions 10 countries ' ministers , decide way forward . paper describes issues investigated technical working group related grid integration issues . methodology , assumptions concerning available technology first results presented . © 2012 IEEE ."
2012,Description and comparison of DC voltage control strategies for offshore MTDC networks: Steady-state and fault analysis,EPE Journal (European Power Electronics and Drives Journal),"Estimates circa 40 GW offshore wind power capacity going installed throughout Europe end decade . scenario , pan-European offshore grid network needed order efficiently integrate large amounts offshore wind different European countries ' transmission networks . paper , dynamic model multi-terminal HVDC ( MTDC ) transmission system composed voltage-source converters presented . Afterwards , dynamic models used compare four different methods controlling DC voltage inside MTDC networks , viz . : droop control , ratio control , priority control voltage margin method . Lastly , case study performed fournode MTDC network different control strategies compared steady-state onshore three-phase fault ."
2011,All year power supply with off-grid photovoltaic system and clean seasonal power storage,Solar Energy,"objective project all-year secure supply alternating current based solar energy island grid consisting serial components seasonal energy storage . Photovoltaic modules , inverters , electrolysers , batteries , hydrogen stores fuel cells form basis independent power supply system . , selected load profiles analysed evaluated theory practice.The analysis based results test runs system simulations , combined hydrogen-battery-system compared battery system.It revealed sensible complement island grid operating lead batteries shortterm energy supply hydrogen long-term store . ensures year-round supply security based solar energy extension life span batteries required hydrogen-based power stores . systems based purely batteries provide perfect supply security long periods low solar radiation since possess energy stores allow long-term energy storage.Hence seasonal energy store , hydrogen , required guarantee reliable power supply every day year.Autonomous power supply systems long-term energy stores operate independently public grid system implemented without elaborate intelligent energy management . , however , costs serial components must reduced efficiency system must improved . © 2011 Elsevier Ltd ."
2012,Challenges in energy systems for the smart-cities of the future,"2012 IEEE International Energy Conference and Exhibition, ENERGYCON 2012","last years European Union actively promoted renewable energies Combined Heat Power ( CHP ) also residential tertiary buildings . exploitation renewable sources cogeneration seems hampered regulatory wall prohibit residential , tertiary commercial buildings constitution users clusters . fact , unification threshold value tens kVA , least , facilitate installation renewable energy power plants solar PV modules CHP systems ( cogeneration ) CCHP systems ( tri-generation ) , overcoming technical economical barriers combining several load profiles . actual distribution system low voltage LV customers appears inadequate comply goals . aim authors propose design Sustainable Energy Microsystem ( SEM ) integration different subsystems , currently independent , final users high efficiency buildings , dispersed generation renewable Combined Heat Power ( CHP ) units subsystems urban mobility : metro-transit , trams recharging plug-in hybrid electric vehicles ( PHEV ) surface mobility . integration analyzed direction smart city concept , optimized integrated management many services . activities general topic design construction nearly zero energy buildings use innovative technologies home building automation . buildings integrated energy hub dispersed generation urban mobility systems , constitute energy islands future smart grid . © 2012 IEEE ."
2010,First steps in developing a future north-sea offshore grid,"European Wind Energy Conference and Exhibition 2010, EWEC 2010","Several concepts offshore power systems recently discussed . realisation systems requires comprehensive computation studies find optimal technical network solutions . Generally , AC technique applied electrical energy transmission . However , current studies show practice two concepts additionally applied , classic HVDC technology - especially sea cable interconnection countries - VSC HVDC technology - especially offshore-interconnection wind parks . choice connection-to-shore technology offshore wind farms generally depend distance shore . wind farms placed close shore , Denmark , AC cables used already case operating wind farms Horns Rev Horns Rev II . wind farms placed far coast alternative voltage source converter based high voltage direct current transmission technology may applied . e.g . happen case many German wind farms , already realized German transmission system operator Transpower 400 MW large BorWin1 farm North Sea . paper chosen aspects planning analysing mixed AC-DC offshore / onshore power system discussed . Based defined test system study cases carried evaluated order demonstrate complexity planned systems point operational issues need considered planning phase ."
2012,Challenges and rationale for laboratory research of offshore grids,Energy Procedia,"Offshore power systems characterized large penetration power electronics converters power cables , resulting complex behaviors quite different traditional AC systems . Analyzing systems challenging due complexity relative lack experience . context , performing laboratory tests scaled model network significant relevance verify simulation models test equipment control methods controlled environment . design laboratory needs compromise capability accurately reproduce real system behavior practical constraints ease use , equipment size , cost safety . paper summarizes main design considerations laboratory infrastructure dedicated research future offshore grids possible challenges . laboratory facility developed jointly NTNU ( Norwegian University Science Technology ) SINTEF Energy Research described examples experimental possibilities . © 2012 Published Elsevier Ltd ."
2013,The need for a common standard for voltage levels of HVDC VSC technology,Energy Policy,"expansion offshore wind energy well increase electricity trade North Sea countries leads growing need additional transmission capacity . Due predominantly remote locations offshore wind farms , majority future connections high-voltage direct current ( HVDC ) connections . order make construction offshore infrastructure efficient , North Sea states currently discussing development common offshore grid . Although development still stands beginning , argue paper crucial elements standardized outset ; important one common voltage level . Without standardization , development European offshore grid may suboptimal , cost-efficient might even prevented coming existence . examine technical legal issues associated introducing common voltage level use HVDC VSC technology , discuss optimal standard well way common standard best achieved . © 2013 Elsevier Ltd ."
2012,Designing sustainable energy islands: Applying the five-step approach in a graduate student’s studio in the Netherlands,"Sustainable Energy Landscapes: Designing, Planning, and Development","Renée de Waal , Sven Stremke , Rudi van Etteger , Adri van den Brink educational programs art , architecture , urbanism , landscape architecture pay attention planning design sustainable landscapes cities sustainable energy landscapes particular . book , examples given University Minnesota Royal Institute Art Stockholm , focus , respectively , improving . © 2013 Taylor & Francis Group , LLC ."
2014,Design and optimisation of offshore grids in Baltic Sea for scenario year 2030,Energy Procedia,"integration increasingly large amount wind power power grids pose challenge power system planning operation , different configurations result different requirements system control , protection , management . paper presents framework developed investigate offshore grid connections Baltic Sea might develop year 2030 . purpose work serve guideline future power system planning within region . methodology , assumptions , conceptual design grids well initial results presented . © 2014 Elsevier Ltd . open access article CC BY-NC-ND license ."
2011,Centralized coordinated control of VSC-HVDC link and DFIGs in very large offshore wind power plants,"2011 IEEE PES Trondheim PowerTech: The Power of Technology for a Sustainable Society, POWERTECH 2011","aim paper improve optimization algorithm coordinated management VSC-HVDC link DFIGs variable frequency operation , presented authors previous work . new features introduced paper concern different upper bounds DFIG rotor stator power flow modified constraints generator slips AC offshore grid frequency . upper bound stator power flow suitably set allow overload manageable electromechanical machine . Central Optimizer procedure followed Local one modifying ( dependence real time measured wind speed ) optimization variables generators , taking constant AC offshore grid frequency value previously found Central Optimizer . highly non linear problem solved means interior point algorithm . Test results show goodness proposed methodology . © 2011 IEEE ."
2012,Optimizing and leveraging future offshore and onshore HV grid Results from a Long Term Expansion Planning methodology,IEEE Power and Energy Society General Meeting,paper discusses new methodology assess optimum Long Term Expansion Plan primarily offshore grid development . consider important factors dictate successful calculation optimum solution discuss significance results taken analysis . paper also discuss development methodology complete method accounts wider range tests technical acceptance defined Long Term Expansion Plan solution . © 2012 IEEE .
2012,The impact of large-scale offshore electricity transmission: The European project OffshoreGrid,"9th International Conference on the European Energy Market, EEM 12","OffshoreGrid first techno-economic study carries in-depth analysis build cost-efficient grid North Baltic Sea . project investigated beneficial wind farm connection concepts 126 GW 321 offshore wind farms expected year 2030 . Based two highly efficient offshore grid designs developed modular building stones direct interconnectors , hub-to-hub connections , Tee-in solutions . shown final meshed grid design allows bringing offshore wind online cost efficient way enhancing European electricity trade . results significant net benefits within European power system . OffshoreGrid project results practical blueprint policymakers , developers transmission grid operators , plan design meshed offshore grid . analysis costs benefits different configurations addressed study help policy makers regulators anticipate developments provide incentives trigger necessary investments right time . OffshoreGrid carried 2009 2011 . 3E coordinated project consortium consisting Senergy Econnect , SINTEF , dena , EWEA , Wind , EC BREC IEO , NTUA . © 2012 IEEE ."
2014,Laboratory demonstration of an offshore grid in the North Sea with DC droop control,"2014 9th International Conference on Ecological Vehicles and Renewable Energies, EVER 2014","system studied article multi-terminal HVDC ( MTDC ) network composed four voltage-source converter terminals . intended model future 'super-grid ' North Sea , Norway , Germany UK interconnected together offshore wind farms east coast England . main challenges related multi-terminal HVDC grids market regulatory issues , control coordination grid , protection circuit-breakers . article focuses technical challenges , especially relation DC voltage control power flow balancing . Several studies proposed different methods controlling DC voltage MTDC grids . article uses DC voltage droop control scheme . system analysed means simulations experimentally down-scaled laboratory model ratings range 60 kVA . order evaluate robustness droop-control strategy , several large disturbances emulated : abrupt variation wind production , sudden change droop line set-points loss two converter terminals full wind production . Finally , similarities differences experimental set-up real system discussed . © 2014 IEEE ."
2011,Comparison of direct voltage control methods of multi-terminal DC (MTDC) networks through modular dynamic models,"Proceedings of the 2011 14th European Conference on Power Electronics and Applications, EPE 2011","Estimates circa 40GW offshore wind power capacity going installed throughout Europe end decade . scenario , pan-European offshore grid network needed order efficiently integrate large amounts offshore wind different European countries ' transmission networks . paper , dynamic model multi-terminal HVDC ( MTDC ) transmission system composed voltage-source converters presented . Afterwards , dynamic models used compare four different methods controlling DC voltage inside MTDC networks , viz . : droop control , ratio control , priority control voltage margin control . Lastly , case study performed four-node MTDC network different control strategies compared . © 2011 EPE Association - European Power Electr ."
2010,Toward a benchmark test system for the offshore grid in the North Sea,"IEEE PES General Meeting, PES 2010","effort protect environment despite projected development electrical power system , European community focusing significant increase installed wind power capacity level 300 GW year 2030 throughout Europe . planned installations - 150 GW - going realized offshore sector , large part located North Sea . development lead new challenges regarding integration bulk offshore wind power power systems require comprehensive analysis concerning various aspects optimal planning operation taking account new concepts , multi-terminal VSC HVDC . paper establishment test system analysis offshore DC grid behavior proposed taking account recent structural technological concepts field well national plans . Hence , first step configuration analyzed offshore grid defined , includes mix AC DC system . , assumptions system parameters discussed implementation test system power system simulator well exemplary calculations shown . ©2010 IEEE ."
2011,"The European offshore supergrid and the expansion of offshore wind energy in Germany, Ireland and the United Kingdom - legal, political and practical challenges",European Energy and Environmental Law Review,"intention paper provide date overview key legal , political practical challenges arising proposal Airtricity/ Mainstream Renewable Power construct European offshore Supergrid , super-structure interconnected HVDC subsea electricity networks designed span coastal regions European continent . paper takes multi-disciplinary comparative approach legal policy positions three core European offshore wind energy markets motivated firm belief Supergrid `` achievable '' energy infrastructure project . Two central objectives Europe Union 's energy policy rooted Supergrid proposal . first instance , Supergrid would enhance expansion renewable electricity generation Europe , thus acting implementation tool European Union 's climate change obligations . time , proposal would also contribute achievement union 's triple energy policy goals : Emission reductions , energy security technical competitiveness . second capacity , developing interconnected offshore grid network , Supergrid would duplicate congested European onshore grid serve vast interconnector energy markets . enabling first time genuine competitive trading electricity across union 's borders , proposal would considerably contribute achievement single European electricity market ."
2012,Coordinated control of series-connected offshore wind park based on matrix converters,Wind Energy,"Optimization reliability two important aspects design operation wind parks either offshore onland emplacements . However , offshore locations demand conscientious effort optimizing size weight component energy conversion system high investment maintenance costs related supporting structures transportation respectively . Achieving two objectives requires combination different optimization stages , consider suitable design entire conversion system innovative efficient power electronic devices , optimized topology offshore grid customized control strategies optimizing operation park . paper presents energy conversion concept wind turbines basis reduced matrix converter ( RMC ) enable series direct current architecture offshore wind parks thus preventing need offshore platforms . RMC built bidirectional semiconductors give reduced losses superior topology efficient semiconductors . proposed conversion topology tested stationary state transient operation . addition operational features concept , control operation wind park several turbines presented . Dynamic operation turbine well high-voltage direct current transmission line effects considered . Three types models therefore developed . First , accurate detailed model analyzing one single turbine converter operated high-frequency switching presented . model considers new modulation RMC . second simpliienfed model used small signal analysis . model permits simulate several series-connected cluster transient . Finally , optimal direct current load flow model used evaluating stationary state operation . Results show technical feasibility proposed concept advantages conventional topologies . paper also discusses technological challenges type offshore grid architecture bring . Copyright © 2011 John Wiley & Sons , Ltd ."
2010,An offshore transmission grid for wind power integration: The European techno-economic study offshoregrid,"IEEE PES General Meeting, PES 2010","offshore power transmission grid Northern Europe become serious important topic among power industry , power transmission sector , national governments European Commission . OffshoreGrid project provide policy recommendations political process towards grid pursuing efficient integration renewables , integration market regions , security supply competitiveness European economy . OffshoreGrid develop scientific view offshore grid along suited regulatory framework considering technical , economic policy aspects . project targeted towards European policy makers , industry , transmission system operators regulators . first instance , geographical scope Northern Europe . paper covers general approach objectives project . Furthermore , first results preparatory work packages presented discussed . ©2010 IEEE ."
2014,HVDC transmission for offshore wind farms,Green Energy and Technology,"Large-scale wind energy expansion limited factors land use visual impact facilities land . Offshore wind energy overcome above-mentioned limitations . addition , wind velocity higher constant offshore onshore . chapter present overview different topologies grid integration offshore wind farms . Special emphasis made offshore grid topologies types power electronic converters . © Springer Science+Business Media Singapore 2014 ."
1981,Arangement for concentrating sea waves.,,Describes system concentrating water wave energy comprising offshore grid-like arrangement transfer substantially rectilinear fronts incident water waves substantially arch-like water wave fronts concentrated wave energy common central area spaced grid-like arrangement .
1995,Aliphatic Phenylene Vinylene Copolymers: Tuning the Color of Luminescence through Co-monomer Feed Ratios,Journal of the American Chemical Society,"introducing co-monomers flexible linker groups step growth condensation route poly- ( phenylene-alt-vinylene ) ( PPV ) , series solution-processible PPV copolymers prepared . Peak photoluminescence copolymers systematically ranges 2.25 2.75 eV ( yellow-green blue ) , increasing energy upon increasing flexible linker content . Length linker group significantly alter spectral properties influence solubility film morphology . statistical distribution phenylene vinylene segments along copolymer backbone discussed context optical profiles expected . Quantitative quenching luminescence shortest phenylene vinylene segments strongly indicates crossover excited states occurring . trapping recombination excited states occurring lower-energy “ islands ” , confirmed longer phenylene vinylene segments , serve ideal recombination sites photogenerated species . © 1995 , American Chemical Society . rights reserved ."
1998,Simulation of the effect of anisotropic grain boundary mobility and energy on abnormal grain growth,Journal of Materials Science,"Abnormal grain growth ( AGG ) take place grain boundaries given grain growth advantage exclusively grains . growth advantage provided either high mobility low energy grain boundaries . Monte Carlo simulation done determine two factors important inducing AGG . results simulation indicate growth advantage low energy induces AGG realistic condition grain boundary energy low enough allow AGG grain grow solid-state wetting . Grain growth wetting take place triple junction sum two grain boundary energies smaller grain boundary energy . Island grains inside AGG grain formed anisotropic mobility energy grain boundaries . High frequency island grains , however , comparable observed initial stage AGG Fe-3 % Si alloy , induced condition growth wetting favored grain boundary migration suppressed . © 1998 Kluwer Academic Publishers ."
2008,Renewables: A new wave: Ocean power,Power,discussion marine energy covers conversion kinetic energy waves electricity ; tidal power ; ocean current energy ; salinity gradient salt differential energy ; ocean thermal gradient energy ; energy islands ; marine 's energy future .
2009,Design and performance evaluation of a trigeneration system incorporating hydraulic storage and an inverted Brayton cycle,Journal of Engineering for Gas Turbines and Power,"bring economic benefit trigeneration small-scale users without incorporating expensive components , inverted Brayton cycle ( IBC ) employed , makes use expander section already present microturbine . air accumulator provides pressurized air , passed expander section microturbine used charge accumulator . air passing IBC cooled due expansion , simultaneously providing power cooling flow . microturbine indirectly fired , flow passing engine IBC directly vented household-eliminating need additional heat exchangers . size cycle studied order 10 Kw ( e ) , suitable domestic household ; however , system easily scaled larger commercial applications . majority components system studied `` shelf '' products . feasibility study conducted ensure proposed system economically competitive systems currently used , individual generation provided air conditioner ( A/C ) , high efficiency natural gas ( NG ) furnace , grid power . Simulations run full year based actual external temperature electrical thermal loads single family detached dwelling located Winnipeg , Canada . Performance data generated using MATLAB™ economic performance determined timebased simulations conducted using SIMULINK™ . system designed allow energy islanding providing household energy needs throughout year ; however , integration power grid optional . found operating costs proposed trigeneration system energy islanding mode operation equivalent less individual generation ( A/C unit , NG furnace , grid power ) heating modes operation expensive cooling modes operation . yearly energy cost trigeneration system exceeded individual generation costs 30-40 % ; however , remains much room improvement trigeneration concept . economic data based fair market energy prices found central Canada . © 2009 ASME ."
1998,Photosynthetic parameters and empirical modelling of primary production: A case study on the Antarctic Peninsula shelf,Antarctic Science,"Eight hundred photosynthesis-irradiance relationships determined shelf waters adjacent Palmer Station , Antarctica spring/summer periods 1991-94 . Biomass specific maximum photosynthetic rate , P ( B ) ( max ) , light limited photosynthetic efficiency , α ( B ) , poorly correlated physical forcing nutrient regimes sampling stations . two photosynthetic parameters , however , strongly covary indicating minimum irradiance required saturate photosynthesis , ( k ) , relatively constant highly variable environment . variability ( k ) could partially attributed depth water column time year , highest values occurring surface samples summer period peak incident irradiance . Given significant dependence P ( max ) phytoplankton biomass , simple empirical model primary productivity developed . independent test model performed data collected mesoscale offshore grid predicted primary production found within 13 % measured values . Although limitations approach ( i.e . exclusion diel periodicity photosynthetic response ) , results provide relatively robust estimates daily primary production Southern Ocean ."
2008,Advanced fault management as a part of smart grid solution,IET Seminar Digest,"Concept advanced fault management part Smart Grid solution based full coordination local automation , locally controlled switchgear relay protection maximum exploitation minimizing fault duration undelivered energy . Island operation proposed possible solution energization important consumers order maximally protect consumers outages . considerations elaborated trough examples . Also ideas improvements also suggested ."
1976,SYMBIOTIC NUCLEAR ENERGY PARK AS THE ULTIMATE PRIMARY ENERGY SOURCE FOR SWITZERLAND - GENESIS AND RATIONALE.,,"optimum nuclear reactor strategy towards long-range energy independence Switzerland described . potential reactor family , consisting exclusively Fast Breeder Reactors ( FBR ) various High Temperature Gas Cooled Reactors ( HTGR 's ) , supposedly assembled underground nuclear energy park mountain Alps , called ″Energy Mountain″ , analogy ″Energy Island″ . main feature symbiotic reactor system coupled fuel cycle permit practically uranium-ore-and separative-work-independent energy economy . shown amount natural uranium thorium necessary feed system equilibrium effectively extracted granite Swiss Alps abundant amount rocks available content 80-100 ppm uranium thorium required ratio U Th . whole system considered ultimate primary energy source entropy energy economy based upon clean wasteless secondary energy carriers like electricity , hydrogen industry , synthesis gases ( H//2 plus CO ) metal reducing complexes methanol production , ″Adam-Eva″ heat long distance ( greater 50 km ) process heat applications , electricity generation district heating , hot water district heating vicinity ( less 50 km ) park . concluded even country like Switzerland , without fossil resources , may optimistic long-range perspectives respect question energy dependence ."
2010,Analysis of grid alternatives for North Sea offshore wind farms using a flow-based market model,"2010 7th International Conference on the European Energy Market, EEM 2010","Offshore wind farms gradually planned built farther shore . increased integration wind power , also onshore , demand improved power system operation give rise growing need transnational power exchanges . Grid connection critical factor successful large scale integration offshore wind power . paper comparison study two different grid building strategies offshore wind farms North Sea presented 2030 medium wind scenario TradeWind project [ 1 ] ( 302 GW installed wind capacity ) . two strategies : ) strategy based radial wind farm connections shore point-to-point interconnections countries , called radial grid ; ii ) strategy based use offshore nodes build HVDC offshore grid , called offshore grid . comparison addresses different power system aspects , total socio-economic benefit associated strategy , power exchanges countries , offshore wind power utilization , grid congestions utilization HVDC cable capacity . find offshore grid gives total benefit economic lifetime grid European interconnected power system 2.6 billion Euro compared radial grid . results show even moderate amounts installed wind capacity , offshore grid strategy better radial one , assuming future European power system large penetration offshore onshore wind power . © 2010 IEEE ."
2009,The prevalence of molar incisor hypomineralization (MIH) in a group of children in a highly polluted urban region and a windfarm-green energy island,International Journal of Paediatric Dentistry,"Backround : Children 's developing teeth may sensitive environmental pollutants polychlorinated dibenzo-p-dioxins ( PCDDs ) polychlorinated dibenzofurans . term molar incisor hypomineralization ( MIH ) introduced describe clinical appearance enamel hypomineralization systemic origin affecting one permanent first molars ( PFMs ) associated frequently affected incisors . Aim : aim study determine prevalance MIH children industrialized polluted region green-energy island Turkey . Design . September 2007 , retrospective study initiated two elementary schools : one , group children ( N = 153 ) fitted criteria Tavsancil , Kocaeli ( N = 109 ) Bozcaada island , Canakkale ( N = 44 ) . soil samples collected selected regions order determine contamination levels heavily industrialized area non-industrialized area . Results : Prevalance MIH children Bozcaada island 9.1 % , prevalance MIH 9.2 % Tavsancil . PCDD/F levels soil samples collected Bozcaada Tavsancil determined 1,12 8,4 I-TEQ ng/kg dry soil , respectively ( P < 0.001 ) . Conclusions : preliminary study small study population , prevalence MIH seem associated levels PCDD/Fs environment . © 2008 BSPD , IAPD Blackwell Publishing Ltd ."
2008,"Palmer LTER: Patterns of distribution of five dominant zooplankton species in the epipelagic zone west of the Antarctic Peninsula, 1993-2004",Deep-Sea Research Part II: Topical Studies in Oceanography,"Variability temporal-spatial distribution abundance zooplankton documented summer Palmer Long-Term Ecological Research ( LTER ) grid west Antarctic Peninsula Anvers Adelaide Islands 12-yr time series . Oblique tows 120 2×2 fixed-frame net made 50 stations January/February 1993 2004 . numerically dominant macro- mesozooplanktonic species > 2 mm included three species euphausiids ( Euphausia superba , Antarctic krill ; Thysanoëssa macrura ; Euphausia crystallorophias , ice krill ) , shelled pteropod ( Limacina helicina ) , salp ( Salpa thompsoni ) . Life cycles , life spans , habitat varied among species . Abundance data year allocated 100 km 20 km ( alongshore on/offshore ) grid cells centered cardinal transect lines stations within Palmer LTER grid . long-term mean climatology means year used calculate annual anomalies across grid . Principal components analysis ( PCA ) used analyze patterns trends temporal-spatial variability five species . Questions included whether groups species similar patterns , whether population cycles , species interactions seasonal sea-ice parameters correlated detected patterns . Patterns climatology distinct , matched physical parameters . Common features included higher abundance north south , independent cross-shelf gradients , cross-shelf gradients higher abundance either inshore ( E. crystallorophias ) offshore ( S. thompsoni ) . Anomalies revealed either cycles population , episodic recruitment Antarctic krill , changes anomaly pattern first second half sampling period . 1998 year , coincided rapid change negative positive phase SOI , emerged year either significant anomalies marked change anomaly patterns different species . PCA analysis showed pattern cumulative variance increasing number modes distinctly different shorter-lived versus longer-lived species ; first mode accounted nearly 50 % variance shorter-lived species less 25 % longer-lived species . suggested mechanisms driving variability temporal-spatial distribution shorter-lived , oceanic species less complex direct longer-lived euphausiids . Evidence anomaly plots trend analysis suggested salps consistently present across shelf 1999 present , range L. helicina expanding . shorter life spans , two species respond quickly increasing heat content shelf region . cross-correlation analysis illustrated negative correlation salps ice retreat number ice days , positive correlation presence ice krill day ice retreat . results suggest species , several environmental controls distribution abundance linked seasonal sea-ice dynamics . © 2008 Elsevier Ltd. rights reserved ."
2009,Optimal design of subsea grid for offshore wind farms and transnational power exchange,"European Wind Energy Conference and Exhibition 2009, EWEC 2009","Large-scale development offshore wind power needed fulfil Europe 's future electricity needs reducing emissions electricity sector . Grid connection critical factor regarded accordance need increased transnational power exchange avoid sub-optimal offshore grid developments . paper presents methodology identifying optimum offshore grid structure , taking account wind variations , price variations , power demand oil rigs , possible connection points onshore power system . applicability method demonstrated case study offshore wind power development Norway ."
2010,Analysis and design of an offshore wind farm using a MV DC grid,IEEE Transactions on Power Delivery,"paper outlines design offshore wind farm using dc offshore grid based resonant dc-dc converters . Multiphase resonant dc-dc converters studied step dc voltage individual wind generators Medium Voltage ( MV ) dc bus , MV bus HVDC line connect wind farm shore . Compared equivalent ac grid-based wind farm , dc grid-based wind farm slightly higher losses , weight magnetic components cables substantially lower . analysis operating permanent-magnet synchronous generators variable constant dc voltages shows fixed dc voltage marginally higher efficiency variable dc voltage . However , using variable dc voltage gives lower harmonics generator facing voltage-source converter dc-dc step-up converter . aggregated model multiple parallel connected wind generators developed shown accurately approximate detailed PSCAD model varying wind conditions transients . © 2010 IEEE ."
2007,Grid frequency control for LCC HVDC link connected wind farms,IECON Proceedings (Industrial Electronics Conference),paper consider design offshore grid frequency control DFIG-based wind farm LCC HVDC link connection . control approach based using grid frequency regulate HVDC DC-link current hence control power flow system . dynamic equations derived grid frequency controller designed . mathematical analysis control design verified FSCAD simulations . Good modelling agreements obtained closed loop system work provides good basis wider research investigation wind farm operation . ©2007 IEEE .
2007,The Isle of energy: Storing power at sea,PEI Power Engineering International,"KEMA , energy consulting company , Bureau Lievense , civil engineering company , Netherlands , jointly developed preliminary design artificial Energy Island , concept large-scale energy storage Dutch coast . integration electricity storage within power supply system enable capture electricity periods low loads . increases technical reliability power supply , stabilizes cost electricity helps reduce carbon dioxide emissions . creation island provide coastal protection harbor facilities , opportunities improving aquatic biomass tourism . incorporate pumped energy storage facility reverses principle PAC facility functions . consist ring dyke , sealed bentonite enclosing area approximately 10 km long 6 km wide ."
2009,Europe's offshore wind race,Power,"Developments concerning wind power Europe presented . include inauguration Vattenfall 's 209-Mw offshore wind park west coast Jutland , North Sea ; UK 's Greater Gabbard field , i.e. , 140-turbine wind farm expected come online 2010 ; preview 340 turbines London Array ; European Wind Energy Association 's decision increase 2020 target 230 Gw installed wind power capacity , including 40 Gw would offshore wind ; proposed eight additional offshore grids built 2020 six 2030 ."
2002,Experimental seismic event-screening criteria at the prototype international data center,Pure and Applied Geophysics,"Experimental seismic event-screening capabilities described , based difference body-and surface-wave magnitudes ( denoted Ms : mb ) event depth . capabilities implemented tested prototype International Data Center ( PIDC ) , based recommendations IDC Technical Experts Event Screening June 1998 . Screening scores presented indicate numerically degree event meets , meet , Ms : mb depth screening criteria . Seismic events also categorized onshore , offshore , mixed , based 90 % location error ellipses onshore/offshore grid five-minute resolution , although analysis used time screen events . Results presented applications almost 42,000 events mb ≥ 3.5 PIDC Standard Event Bulletin ( SEB ) 121 underground nuclear explosions ( UNE 's ) U.S. Nevada Test Site ( NTS ) , Semipalatinsk Novaya Zemlya test sites Former Soviet Union , Lop test site China , Indian , Pakistan , French Polynesian test sites . screening criteria appear quite conservative . None known UNE 's screened , 41 percent presumed earthquakes SEB mb ≥ 3.5 screened . UNE 's Lop , Indian , Pakistan test sites 8 June 1996 , 11 May 1998 , 28 May 1998 , respectively , among lowest Ms : mb scores events SEB . assess validity depth screening results , comparisons presented SEB depth solutions bulletins presumed reliable independent . Using 1600 events , comparisons indicate SEB depth confidence intervals consistent shallower 99.8 percent corresponding depth estimates bulletins . Concluding remarks provided regarding performance experimental event-screening criteria , plans future improvements , based recent recommendations IDC Technical Experts Event Screening May 1999 ."
2007,Fetch-limited barrier islands: Overlooked coastal landforms,GSA Today,"barrier islands sheltered , low-wave energy coastal environments important , unstudied , previously undocumented landform category . Globally , > 15,000 sandy fetch-limited barrier islands exist , compared 2200 open-ocean barrier islands . Fetch-limited conditions develop sheltered waters fjords , bays , barrier island lagoons , behind coral reefs . Fetch-limited barrier islands typically short ( 1 km ) , narrow ( 10-100 ) , low ( 1-3 ) relative ocean barriers divided approximately equal numbers active inactive forms . inactive islands locked salt marshes mangroves slightly impacted short term modern marine processes . evolution active fetch-limited barrier islands largely driven storm events , impact storms strongly influenced presence marshes mangroves . Islands originate diverse ways , including alteration antecedent topography , spit breaching , onshore transport sand marsh rims . Many relict islands higher Holocene Pleistocene sea levels . abundance fetch-limited barrier islands highly variable : 600 islands occur 2000 km2 Laguna Madre México compared 65 6600 km2 Pamlico-Albemarle Sound . high geological preservation potential may misidentified stratigraphic record lack appreciation morphology structure . unprecedented development pressure open-ocean barrier islands , new frontier coastal development United States elsewhere may well low-energy islands whose formative processes temporal evolution virtually unstudied ."
1997,Mechanics of coherent and dislocated island morphologies in strained epitaxial material systems,Journal of Applied Physics,"combined analytical computational model developed study mechanics strained epitaxial island growth typical semiconductor systems . certain growth conditions systems film/substrate lattice mismatch , deposited material known aggregate islandlike shapes geometries arc shaped cross-sections . two-dimensional model assuming linear elastic behavior used analyze isolated arc shaped island elastic properties similar substrate . substrate assumed much larger island . Finite element analysis shows order minimize total energy , consists strain energy , surface energy , film/substrate interface energy , coherent island adopt particular height-to-width aspect ratio function island volume . shown island volume greater certain critical size , inclusion mismatch strain relieving edge dislocation favorable . criterion critical size based comparison configurational forces acting edge island presence edge dislocation . Finally , finite element calculation combined analytical treatment singular dislocation fields used determine minimum energy island aspect ratio dislocated island/substrate system . combination minimum energy morphology studies coherent dislocated systems dislocation nucleation criterion gives complete model strained epitaxial island growth serve basis interpretation experiments . © 1997 American Institute Physics ."
2010,Water and wastewater management at TNPL,IPPTA: Quarterly Journal of Indian Pulp and Paper Technical Association,"Tamilnadu Newsprint Papers Limited ( TNPL ) India 's largest bagasse based Integrated Pulp Paper mill , installed capacity 245,000 TPY Printing & Writing paper poised enhance capacity 4,00 , 000 TPY middle Year 2010 . used consume 70,000 m3/day water discharging 55,000 m3/day wastewater 15,000 3/day accounted evaporation losses . mill decided go major water saving program along pollution load reduction . Mill implemented Superbatch™ pulping 300 TPD Hardwood Street modern ECF bleach operations capacities 300 TPD hardwood 550 TPD bagasse pulp streets . TNPL implemented recycling Paper Machine Effluent clarification , close looping Eop filtrate hardwood fiberline operations , recycling pump sealing water gland cooling water etc . measures resulted conserving fresh water 30 , 000 m3/Day brought specific water consumption 51 m3/Ton Paper December 2009 concomitant reduction 40 % pollution load ( Phase ) . TNPL drawn ambitious ZLD program implemented 3 phases 2012 . Phase II includes brown loop closure bagasse pulping operations , close looping water circuits gland cooling pump sealing waters , implementing ZLD SRP Energy islands . Phase III targets treating acidic bleach filtrate using physico-chemical-biological pretreatment followed membrane separation recovering 90 % water . sludge generated operation enter appropriate stage lime sludge cycle filtrate treated membrane process segregate sulphates chlorides . sulphates sent chemical recovery dilute brine water concentrated marketable level . evaporator condensate proposed segregated higher lower contaminated streams less contaminated stream used DM water desirable treatment highly contaminated stream used SRP operations . Phase III , envisaged control treated effluent discharge level less 15,000 m3/day inorganic TDS less 1200 ppm , hence reused appropriately ."
2008,Voltage and frequency control of offshore DFIG-based wind farms with line commutated HVDC connection,IET Conference Publications,"paper considers previously unreported control approach control off-shore DFIG-based wind farm grid line commutated HVDC connection . method applicable wind farms based-on doubly fed induction generators ( DFIGs ) generators interfaced full-rated power electronic converters . paper focused DFIG- based generation . proposed control scheme allows wind turbine share voltage frequency control offshore grid . classical approach using droop characteristics adjusting voltage frequency according power flow turbine employed . result , offshore grid controlled turbine using electrical variables local connection point . proposed control approach validated via PSCAD simulations normal operation regime ride-through operation loss main onshore AC grid . results confirm good active reactive power sharing wind-farm DFIGs frequency voltage deviations off-shore grid small ."
1998,On the burn-up theory of fast soliton reactors,International Journal of Hydrogen Energy,"basic reactor physics completely new nuclear fast fission reactor - Soliton Reactor - presented . fast reactor , based either U/Pu-or Th/U-233 fuel cycle , auto-catalytically driven flux-wave , similar water wave shallow water , propagates initially fertile regions thus burning producing power . Hence , qualitatively new kind harnessing nuclear fission energy may become possible : without transports irradiated fuel elements , reprocessing - according Edward Teller - co-location reactor subterranean final disposal site sand bed 100m underground . Combined idea `` energy island '' soliton reactors could form basis practically inexhaustible source hydrogen climate-neutral energy source . © 1997 International Association Hydrogen Energy ."
1998,Propagation of Kelvin waves along irregular coastlines in finite-difference models,Advances in Water Resources,"paper , examine behavior internal Kelvin waves f-plane finite-difference models using Arakawa C-grid . dependence Kelvin wave phase speed offshore grid resolution propagation direction relative numerical grid illustrated numerical experiments three different geometries : ( 1 ) Kelvin wave propagating along straight coastline ; ( 2 ) Kelvin wave propagating 45°angle numerical grid along stairstep coastline stairstep size equal grid spacing ; ( 3 ) Kelvin wave propagating 45°angle numerical grid along coarse resolution stairstep coastline stairstep size greater grid spacing . shown theoretically phase speed Kelvin wave propagating along straight coastline Arakawa C-grid equal analytical inviscid wave speed dependent offshore grid resolution . However , found finite-difference models considerably underestimate Kelvin wave phase speed wave propagating angle grid grid spacing comparable Rossby deformation radius . case , phase speed converges toward correct value grid spacing decreases well Rossby radius . grid spacing one-fifth Rossby radius required produce results stairstep boundary case comparable straight coast case . effect appear depend resolution coastline , rather direction wave propagation relative grid . behavior important modeling internal Kelvin waves realistic geometries Rossby radius often comparable grid spacing , waves propagate along irregular coastlines . ; paper , examine behavior internal Kelvin waves f-plane finite-difference models using Arakawa C-grid . dependence Kelvin wave phase speed offshore grid resolution propagation direction relative numerical grid illustrated numerical experiments three different geometries : ( 1 ) Kelvin wave propagating along straight coastline ; ( 2 ) Kelvin wave propagating 45° angle numerical grid along stairstep coastline stairstep size equal grid spacing ; ( 3 ) Kelvin wave propagating 45° angle numerical grid along coarse resolution stairstep coastline stairstep size greater grid spacing . shown theoretically phase speed Kelvin wave propagating along straight coastline Arakawa C-grid equal analytical inviscid wave speed dependent offshore grid resolution . However , found finite-difference models considerably underestimate Kelvin wave phase speed wave propagating angle grid grid spacing comparable Rossby deformation radius . case , phase speed converges toward correct value grid spacing decreases well Rossby radius . grid spacing one-fifth Rossby radius required produce results stairstep boundary case comparable straight coast case . effect appear depend resolution coastline , rather direction wave propagation relative grid . behavior important modeling internal Kelvin waves realistic geometries Rossby radius often comparable grid spacing , waves propagate along irregular coastlines ."
2009,Impact of increased wind integration on power flows and congestion costs in the European transmission network,"European Wind Energy Conference and Exhibition 2009, EWEC 2009","One important tasks rising ambitious European targets renewable energy ensure efficient grid integration wind power . paper , using TradeWind approach tools respect wind power scenarios power flow simulation , analyses impact high wind power penetration congestion costs countries European grid . shown low moderate amounts wind power system , wind power contributes reducing total bottleneck costs system , compared reference scenario wind power capacity set zero . However , wind power introduced system , wind induced bottlenecks becomes significant . benefits building meshed offshore grid North Sea assessed comparing costs benefits base case radial connection offshore wind farms ."
2009,Energy storage in islands - modelling Porto Santo's hydrogen system,Chemical Engineering Transactions,"islands depend mainly importation fossil fuels energy production . causes economic environmental problems . generally , islands present considerable potential renewable energies . Islands energy sources hydro geothermal energy , easily integrate power system , mainly intermittent renewable energy sources ( wind , solar ) tackle need energy storage . cases , advanced energy planning used , present paper intends demonstrate urging need planning energy storage systems small islands results case-study carried Portuguese island . need store intermittent energy important issue island Porto Santo , since small isolated network . H2RES used model energy storage scenarios island . One scenario chosen evaluate potential hydrogen energy storage vector pilot system two 5kW fuel cells , one electrolyser 13 kW , 55 m3 storage tank built . main objective system produce hydrogen electricity wind mills otherwise would wasted , use hydrogen electricity peak time . Copyright © 2009 , AIDIC Ssrvizi S. r. l ."
2003,Energy island,Oceans Conference Record (IEEE),"OTEC power stations suggest creation islands , mainly power generation , possibly also many complementary applications , whence concept Energy Island . Energy Island concept bring together single floating structure variety renewable energy conversion systems maximize energy production available diverse sources available ."
1983,ON THE INTERNAL LOGIC OF ENERGY ISLANDS.,,[ abstract available ]
2008,Power struggle,Professional Engineering,"Power distribution industries upgrading technical complexity focusing existing regulatory frameworks increase renewable energy generation efficiently . power generation industry working meet government 's 40 % target renewable electricity , facing planning operational constraints . existing regulations creating many constraints getting approval many project electricity generation . Many Wind Energy Association working search suitable sites windfarms UK . Power industry planning establish interconnected offshore grid system , allow economical connection large future renewable windfarms ."
2008,Spatial distribution of strong and weak coupled exciton-polaritons in semiconductor microcavities,Physica E: Low-Dimensional Systems and Nanostructures,"coexistence polaritons different coupling regimes inside excited area experimentally studied InGaAs semiconductor microcavities means spatially time-resolved photoluminescence . Different positions inside spot selected resolution 10 μm order analyze spatial distribution polaritons , present different emission energies . Island high density polaritons present every scanned position spatial distribution follows Gaussian profile excitation intensity . © 2007 Elsevier B.V. rights reserved ."
2007,The energy island - An inverse pump accumulation station,"European Wind Energy Conference and Exhibition 2007, EWEC 2007","paper describe innovative concept energy storage system consisting inverse offshore pump accumulation station ( IOPAC ) . store energy , water pumped reservoir , deliver energy , water flowing reservoir passing water turbines . IOPAC stationed artificial island sea , called Energy Island , consisting ring dikes enclosing 50 meters deep dredged reservoir . proposed energy storage system maximum generation capacity 2.000 2.500 MW dependent water level . store capacity willl 30 GWh . design criteria originate capability system handle ( ) imbalance due wind energy forecast errors well download wind energy night ."
2004,ENSO effects on primary production off Baja California; [Efectos del ENSO en la producción primaria frente a Baja California],Ciencias Marinas,"Long-term time series total primary production ( PT ) 1969 2002 , associated ENSO ( El Niño/Southern Oscillation ) events presented region northern Baja California . PT calculated using empiric model six inshore offshore grids CalCOFI-IMECOCAL network southern California Current . general , PT anomalies positive 1970 1975 , period average 0.024 GtC yr-1 'study lines . PT changed negative anomalies ENSO 1976-77 , decrease productivity least 20 years , reinforced ENSO events 1982-84 , 1987-88 , 1992-93 1997-98 . Annual time series PT anomalies show ENSO events , values diminished ∼20 % study area . Long-term PT changes ( 1976-97 ) originated reduction 0.007 GtC yr-1 ( ∼70 % ) , relation higher production early 1970s ( 1970-75 ) . Mean PT 1997-98 0.014 GtC yr , increasing 1999-2002 ( 0.023 GtC yr-1 ) toward similar values calculated early 1970s . Superposed Epoch Analysis proved statistical association ENSO events PT , probability high production one year ( -1 ) , diminishing key year ( 0 ) , recovering one year ( +1 ) event Baja California . Complete ( 1950-2002 ) PT time series showed greatest variance 1.43-year period . Small pelagic fish biomass estimated inshore stations lines 90 107 dropped 200 × 103 tons 1976-77 period , recovering trend 2000 ."
2010,Integration of wave and offshore wind energy in a european offshore grid,Proceedings of the International Offshore and Polar Engineering Conference,"High wave offshore wind energy potentials located along West North coasts Europe , respectively . near future , resources significantly contribute European electricity mix , hardly grid infrastructure available large scale integration offshore renewable energy sources . According , paper covers ) public private initiatives offshore transmission networks , ii ) synergies wave offshore wind energy sector within offshore grid , iii ) power transmission options offshore generation iv ) challenges ahead realisation offshore grid . Copyright © 2010 International Society Offshore Polar Engineers ( ISOPE ) ."
2002,Los angeles region dredged material management - Design and construction of the aquatic capping pilot project,"Dredging, Key Technologies for Global Prosperity","design construction Aquatic Capping Pilot Project multi-agency Los Angeles Basin Contaminated Sediments Task Force ( CSTF ) discussed . CSTF established 1998 aim dredging disposal contaminated sediments coastal waters Los Angeles County . project involved dredging 100,000 cubic meters contaminated Los Angeles River Estuary ( LARE ) material placing North Energy Island Borrow Pit ( NEIBP ) . data pilot project showed aquatic capping viable method contain contaminated dredged sediment Los Angeles Harbor ."
1984,Numerical simulation of storm surges induced by tropical storms impinging on the Bangladesh coast.,"IN: PROC. NINETEENTH INT. CONF. ON COASTAL ENGINEERING (HOUSTON, U.S.A.: SEP. 3-7, 1984), B.L. EDGE (ED.)",Describes vertically integrated coastal zone numerical model storm surge simulation . continuously contracting nonuniform offshore grid spacing adjacent coastal boundary permits increased resolution near coast . Describes model formulation coordinate transformation . Describes numerical experiments based wind stress distribution representative 1970 Chittagong cyclone examines calculated time variation water surface elevation . ( C.J.U . )
2009,Tuning and monitoring of quantum dot growth by an in situ cantilever,Physical Review B - Condensed Matter and Materials Physics,"Self-organization quantum dots ( QDs ) situ cantilever setup investigated using continuum approach . QD growth system , cantilever two functions . first function substrate QD growth second tune detect morphologies QDs . calculate free energy , consisting elastic energy , surface energy , island-substrate interaction energy , wetting-layer-substrate interaction energy , island-island interaction energy , analyze contributions total free energy QD growth system . , calculate critical quantity deposited material , QD growth system transfer planar film state island array state , curvature cantilever QD growth . curvatures cantilever functions island coverage , island size , facet orientation island , thickness wetting layer , thickness cantilever . shown situ cantilever setup tune morphologies QDs properly choosing thickness cantilever also monitor QD growth state high sensitivity . © 2009 American Physical Society ."
1993,Total energy islanding by cogeneration micropowerplants,American Society of Mechanical Engineers (Paper),"new approach energy conservation via micropowerplants acting cogeneration facilities proposed . Centrally supervised micropowerplants acting decentralized cogenerators significantly reduce overall primary energy consumption functioning decentralized sources electrical power . new type micropowerplant/heat pump employing closed cycle heat engine synchronous electrical machine provides capability localized electrical power production , heating cooling services . Bi-directional transfers electrical power , heating cooling services via existing electrical power system practically achievable type device ."
1997,Growth mechanisms of SiGe on (111) and (100) Si substrates,Thin Solid Films,"present experimental analysis strain relaxation SiGe/Si heterostructures strongly dependent Si substrate orientation . particular , different driving forces transition 2D towards 3D growth evidenced . ( 100 ) Si substrates primary driving force SiGe islanding ability elastically relax strain top islands . low elastic energy small corrugation initiated free surface SiGe overlayer known lower energy system . amplitude corrugation increases accumulated elastic energy formation dislocation-free islands . latter kinetically evolve towards plastically relaxed islands . experimental conditions , strain relaxed nucleation dislocations ( 111 ) Si . Dislocation-free islands observed latter case . Continuous dislocated films formed compressive stresses -0.17 GPa ( equivalent misfit SiGe layer Si substrate ≈ 3 % ) . higher misfit energy , islands initiated ability introducing stacking faults edges islands . study defect nucleation processes permit one explain nucleation misfit dislocations lower stresses ( 111 ) Si ( 100 ) Si . Based existing models suggest two possible mechanisms able explain observed discrepancies ."
2007,"System integration of large wind farms: Challenges, risks and opportunities",NGCWP 2007 - Proceedings of 2007 Non-Grid-Connected Wind Power Systems - Wind Power Shanghai 2007 - Symposium on Non-Grid-Connected Wind Power,"paper explores technical options role enabling technologies achieving reliable design large wind farms connections including development offshore grids collection transport significant amount power shore integration onshore transmission network . paper also discusses potential solutions systematic approaches resolving number commercial regulatory issues associated connection integration resource existing network infrastructure , including licence conditions use system codes . addition , risks associated large wind generation deployment identified discussed consenting processes supply chain limits ."
2007,Offshore wind energy policies and their effects: Experiences in Denmark and the UK and prospects for the Netherlands,"European Wind Energy Conference and Exhibition 2007, EWEC 2007","several countries , faces turned towards offshore wind energy regulation adapted put place new use continental waters . paper investigates policies support implementation offshore wind energy effects policies regulation examined three countries : Netherlands , Denmark United Kingdom . regulation adaptations made offshore generation described , together possibilities future policy regulation enhance development offshore wind power . Special attention given prospects regulation Netherlands . consent procedure Netherlands still open procedure cause inconsistencies governmental policy , control governmental expenditure incorporated . combined selection area anti-speculation clauses low utilisation offshore grid avoided . Site selection control governmental expenditure consider could added list policy initiatives best practices . Also , transparency financial burden could broadened transparency procedure , add clarity criteria part policy initiative best practises ."
2006,Development of an electric infrastructure at sea,"41st International Conference on Large High Voltage Electric Systems 2006, CIGRE 2006","One major issues large-scale application wind energy sea , manner generated power brought onshore high-voltage grid . issue needs resolved construction several large-scale offshore wind farms truly realised , since costs associated grid connection accounting 10 % capital expenditure offshore wind farm . study commissioned Dutch Ministry Economic Affairs full range aspects considered context developing offshore electricity grid . study project consisted separate technical , legal physical planning constituent surveys . surveys formed basis considerations preferred options implications terms actions taken responsibilities considered major stakeholders . paper discusses engineering alternatives available bringing large volumes offshore wind power shore connection high-voltage grid . Furthermore question addressed done enable realisation cable infrastructure benefit developing offshore wind energy various technical alternatives development scenarios . minimisation market intervention , obvious steering role government adopt would exercising control via Public Works Act Electricity Supply Structure Scheme . government could possibly assume steering role exercising control via Electricity Act , TSO designated party charge installation operation cables offshore hub platforms . government 's plans offshore wind unambiguously outlined period 2010 . findings presented paper enable start made detailed elaboration various engineering , financial , spatial , environmental , legal administrative aspects associated possible large-scale offshore developments beyond 2010 ."
2009,Towards a Zero Energy Island,Renewable Energy,"aim study show potential application available natural alternative energy resources Peng Chau Island , Hong Kong . potential different alternative energy resources considered , solar , wind , tidal , wave , energy crops MSW ( municipal solid waste ) . results show mentioned resources used efficiently supply required electricity island whereas others suitable . analysis following macroscopic approach based measured real data obtained various government organizations . study builds basis implementing renewable energy technologies island gives hints reader careful design , possible island generate required electrical energy almost without CO2 emissions environment ( except MSW , also discussed briefly ) . context study , focus production electrical energy . Analog existing term ZEB ( Zero Energy Building ) , new term `` Zero Energy Island '' introduced name concept islands . © 2008 Elsevier Ltd. rights reserved ."
2009,VSC HVDC transmission and offshore grid design for a linear generator based wave farm,Canadian Conference on Electrical and Computer Engineering,"paper analyzes technical issues installation linear generator based offshore wave farm using Voltage Source Converter ( VSC ) HVDC connection onshore grid . Design issues introduced summarizing current status VSC HVDC technology related installations , research use VSC HVDC offshore wind farms , characteristics wave energy converters using linear generators . DC bus wave farm design using linear generator model presented simulations using time shifted variable amplitude wave inputs demonstrate effect increasing size wave farm smoothing short-term variations power output due wave oscillations . ©2009 IEEE ."
1993,Improvement of tribological properties by ion implantation,Surface and Coatings Technology,"Many different measurements confirm ion implantation changes friction wear behaviour , important properties tribological systems . Unfortunately , properties always improved . industrial application , often different results effects ion implantation tools machine components observed , even materials used . important reason different stresses tribological systems . practical experience far proved ion implantation advantageous fields cutting milling tools , injection moulds , calibration tools plastics extrusion , punches dies , surgical instruments , wear parts combustion engines . Year year , experience effective industrial use ion implantation gained . However , many investigations tribometers real engines using on-line radionuclide wear measurement technique show us yet able understand complicated physical chemical reasons changes tribological properties . useful theory wear processes , possible deduce effects ion implantation . Predictions made experience , poorly defined . situation main reason slow introduction ion implantation industry . find new applicable theory friction wear , much attention must given following aspects fundamental importance . 1 . ( 1 ) energy input caused friction , function stress parameters tribosystem , within short time leads appearance energy islands , statistically distributed surfaces . density energy within tiny energy islands high . 2 . ( 2 ) One result high energy densities mutation material 's composition structure within thin layer less 100 nm underneath surface . Another result wear . 3 . ( 3 ) Ion implantation also changes composition structure bulk material close surface . 4 . ( 4 ) Together wearing surfaces , mutating compositions structures migrate depth material . Thus urgent need increase knowledge tribo-induced mutations ion-implanted materials influence tribological properties . reason surface analyses carried determine composition structure materials mutation caused friction wear . Complementary sensitive wear analysis enable new models theories developed corroborated . difficult interesting challenge modern physicists , chemists engineers . © 1993 ."
1976,"Geography of Energy Production in France - 3. National Energy Islands: Dunkirk, Estuaries of the Loire and the Gironde, Frontignan.; [GEOGRAPHIE DE LA PRODUCTION D'ENERGIE EN FRANCE - 3. LES ILOTS NATIONAUX: DUNKERQUE, LES ESTUAIRES DE LA LOIRE ET DE LA GIRONDE, FRONTIGNAN.]",Revue de l'Energie,Potentialities energy production French coastal regions considered . four sites mentioned title comprise 7 oil refineries 4 oil-fired central power plants . Descriptions installations presented .
2003,Energy Island,Oceans 2003: Celebrating the Past... Teaming Toward the Future,"early 1950s , Commander Philippe Tailliez , French Navy , close collaborator Commander Jacques Cousteau , presented concept `` Floating Island `` , `` Ile Flottante '' . OTEC power stations suggest creation islands , mainly power generation , possibly also many complementary applications , whence concept Energy Island . One main problems encountered OTEC projects relatively low temperature differential deeper waters 5OC tropical surface waters around 25 '' C , limiting thermodynamic efficiency ofthe conversion plant . Energy Island concept bring together single floating structure variety renewable energy conversion systems maximise energy production available diverse sources available , interrelated systems assist reach greater efficiencies conversion . Energy Island designed principally tropical waters , variants higher latitudes also considered . Copyright © 2003 Marine Technology ."
2000,Orientation mediated self-assembled gallium phosphide islands grown on silicon,"Philosophical Magazine A: Physics of Condensed Matter, Structure, Defects and Mechanical Properties","Evolution gallium phosphide epitaxial islands , grown ( 001 ) , ( 111 ) , ( 110 ) ( 113 ) surfaces Si chemical beam epitaxy , investigated p-polarized reflectance spectroscopy , transmission electron microscopy atomic force microscopy . growth nucleates faceted three-dimensional islands ( 001 ) ( 111 ) Si surfaces polar nature heterointerface increases interfacial energy . two-dimensional- like growth mode seen ( 110 ) ( 113 ) surfaces attributed absence charge build GaP-Si heterointerface orientations , thereby reducing interface energy . Islands grown ( 001 ) Si become faceted larger size increase growth temperature . due lower incubation time enhanced atomic mobility high temperatures . Wurtzite GaP observed coexist zincblende polytype islands grown ( 111 ) Si 560°C . Arguments developed rationalize observations . © 2000 Taylor & Francis Ltd ."
2008,Design and performance evaluation of a trigeineration system incorporating hydraulic storage and an inverted brayton cycle,Proceedings of the ASME Turbo Expo,"bring economic benefit trigeneration small-scale users without incorporating expensive components , inverted Brayton cycle ( IBC ) employed makes use expander section already present microturbine . air accumulator provides pressurized air , passed expander section microturbine used charge accumulator . air passing IBC cooled due expansion , simultaneously providing power cooling flow . microturbine indirectly fired , flow passing engine IBC directly vented household ; eliminating need additional heat exchangers . size cycle studied order 10 kW ( e ) , suitable domestic household , however system easily scaled larger commercial applications . majority components system studied 'off shelf products . feasibility study conducted ensure proposed system economically competitive systems currently used , individual generation provided air conditioner , high efficiency natural gas furnace , grid power . Simulations run full year based actual external temperature , electrical , thermal loads single family detached dwelling located Winnipeg , Canada . Performance data generated using MatlabTM economic performance determined time-based simulations conducted using SimulinkTM . system designed allow energy islanding providing household energy needs throughout year , however integration power grid optional . found operating costs proposed trigeneration system energy islanding mode operation marginally higher individual generation ( A/C unit , NG furnace , grid power ) heating modes operation , expensive cooling modes operation . yearly energy cost trigeneration system exceeded individual generation costs 30 40 % , however remains much room improvement trigeneration concept . economic data based upon fair market energy prices found central Canada . Copyright © 2008 ASME ."
1985,NUMERICAL SIMULATION OF STORM SURGES INDUCED BY TROPICAL STORMS IMPINGING ON THE BANGLADESH COAST.,Proceedings of the Coastal Engineering Conference,"vertically integrated coastal zone numerical model described simulation surges generated tropical storms striking Bangladesh coast . model fully nonlinear uses conditionally stable explicit finite-difference scheme solving relevant equations motion . model utilizes curvilinear boundary treatment represent coastline uses non-uniform off-shore grid spacing adjacent coastal boundary . allows increased resolution near Bangladesh coast . Using forcing wind-stress distribution representative 1970 Chittagong cyclone , model-predicted surges compared observed sea-surface elevations along Bangladesh coast . predicted peak surge elevation mean sea level compares well observed values Chittagong port ."
2007,"A self-sufficient system (""Energy Island"") FED only with bio-oil from local crops",Helia,"paper summarizes project experimental energy system developed strategic measure enhance global competitiveness Industrial Development Area ( ASI ) Aragona - Favara Agrigento Province . aim project achieve self-sufficient system ( `` Energy Island '' ) fed bio-oil local crops . Planned duration experiment four years , final goal establish new profitable enterprises taking advantage cost-effective sustainable energy supply chain : planned activities , fact , involve farming oil production ventures well energy Intensive food Industries already settled area . industrial-scale benefits achieved expanding experimental plants , line original concept , satisfactory profitability demonstrated small scale . Strategic principles project , particular `` short supply chain '' concept , illustrated first . Industrial Development Area AragonaFavara examined energy demand , met renewable energy . supply side subsequently analyzed , focusing short supply chain oleaginous crops ( sunflower rapeseed ) could structured appointing set-aside agricultural areas industrial crops . Incentives national legislation renewable energy presented outline market opportunities energy produced biofuel experimental phase concluded . Technical details project given , process description account experimental plants sized , deriving energy mass flow balances estimating avoided GHG emissions within experimental timeframe . Agronomic energy conversion activities related construction operation experimental systems illustrated future developments strategic implications outlined . project conceived CIFRA - Interdepartment Center Environmental Research Education Udine University - behalf cooperation Unione Industriall - Agrigento ."
2009,"Systematics of the (p, n) excitation functions belonged to several isotopes at energies <60 MeV",Annals of Nuclear Energy,"Excitation functions proton induced charge exchange reaction nuclei = 11 238 studied . studied excitation functions ( p , n ) reaction show systematic variation atomic mass connection nucleon binding energy . Islands higher reaction yield appeared nuclei mass number = 49 , 72 , 89 , 109 , 139 , proton energy range 9 12 MeV . probable occurrence proton induced charge exchange reaction regions attributed extra binding energy per nucleon nuclei . larger contribution pre-equilibrium processes neutron emission appeared linearity log ( σ ) -log ( Ep ) energy ranges . slopes linear segments may related excitons configuration neutron emitted . © 2009 Elsevier Ltd. rights reserved ."
2006,Grid frequency control design for offshore wind farms with naturally commutated HVDC link connection,IEEE International Symposium on Industrial Electronics,paper considers formal design offshore grid frequency control LCC HVDC connected wind farm . control paradigm based using grid frequency control regulate HVDC rectifier angle hence control power flow system . dynamics system derived grid frequency controller designed . mathematical analysis control design verified PSCAD simulation . Good modeling agreement obtained open closed loop systems work provides good basis wider research investigation wind farm operation including fault behaviour . © 2006 IEEE .
1988,Wind energy - island applications.,,"introduction wind energy conversion systems island environments , conditions required satisfactory operations , resources needed maintain installations discussed . atmospheric environment , physical conditions , community needs , economics markets considered , detailed reference Falkland Islands , Caribbean , Republic Vanuatu ."
2009,Reviewing optimisation criteria for energy systems analyses of renewable energy integration,Energy,"utilisation fluctuating renewable energy sources increasing world-wide ; however , concern integrate resources energy systems . design optimal energy resource mixes climate change mitigation actions challenge faced many places . optimisation may implemented according economic objectives focus techno-operational aims within two main groupings , several different criteria may potentially applied design process . article , series optimisation criteria reviewed subsequently applied energy system model Western Denmark analysis use heat pumps integration wind power . analyses demonstrate fact whether system question modelled operated island mode large impact definition optimal wind power level . energy savings CO2 emission reductions beyond system boundary included analysis , either feasible expand wind power high degree conversely feasible install relocation technologies utilise excess production . analyses also demonstrate different optimisation criteria render different optimal designs . © 2009 Elsevier Ltd. rights reserved ."
2007,A new methodology for incorporating tide gauge data in sea surface topography models,Marine Geodesy,"part Vertical Offshore Reference Frames ( VORF ) project sponsored U. K. Hydrographic Office , new model Sea Surface Topography ( SST ) around British Isles developed . offshore areas ( greater 30 km coast ) , model largely derived satellite altimetry . However , accuracy level detail enhanced coastal areas inclusion 60 PSMSL tide gauges long-term records around coasts United Kingdom Ireland also 385 gauges established different epochs different observation spans U. K. Admiralty . tide gauge data brought common reference frame combination datum models direct GPS observations , significant challenge bring short-term sea level observations unbiased value common epoch . achieved developing spatial-temporal correlation model variations mean sea level around British Isles , turn meant gauges long-term observation spans could used control points improve accuracy Admiralty gauges . demonstrated latter contribute point observations mean sea level ( MSL ) precision 0.078 m. combination least squares collocation interpolation developed merge coastal point offshore gridded data sets , particular algorithms developed different configurations coastal topology . resulting model sea surface topography shown present smooth transition inshore coastal areas offshore zones . benefits techniques developed include enhanced methodology detecting datum discontinuities permanent tide gauges ."
1999,Distributed power from solar tower systems: A MIUS approach,Solar Energy,"One short-term priorities renewable energies Europe integration communities energy islands local power supply ( blocks buildings , new neighborhoods residential areas , shopping centers , hospitals , recreational areas , eco-parks , small rural areas isolated ones islands mountain communities ) . Following strategy , integration small solar tower fields so-called MIUS ( Modular Integrated Utility Systems ) proposed . application strongly influences field concepts leading modular multi-tower systems able closely track demand , meet reliability requirements fewer megawatts installed power spread construction costs time output begun . addition , integration single-cycle high-efficiency gas turbines plus waste-heat applications clearly increments solar share . main questions whether solar towers redesigned distributed markets make feasible . paper includes design performance analysis 1.36 MW plant integration MIUS system , well expected cost electricity sensitivity analysis small tower plant 's performance design parameters like heliostat configuration tower height . practical application analyzed shopping center solar tower producing electricity waste heat hot water heating cooling spaces . © Elsevier Science Ltd ."
2004,'Energy Island'-The progress and practice on distributed energy system in USST (in lieu of preface),Shanghai Ligong Daxue Xuebao/Journal of University of Shanghai for Science and Technology,[ abstract available ]
2007,Offshore grid frequency control design for line-commutated converters high-voltage direct-current link connected wind farms,IET Renewable Power Generation,"design grid frequency control offshore wind farm line-commutated converters high-voltage direct-current ( HVDC ) link connection considered . control paradigm based using local grid frequency control regulate HVDC-link current hence control power flow system . derived dynamic equations form basis design grid frequency controller . mathematical analysis control design verified PSCAD simulations . Good modelling agreements obtained closed-loop system , work provides good basis wider research investigation wind-farm operation . operational conditions ride worst-case short-circuit fault receiving end AC system investigated . © Institution Engineering Technology 2007 ."
2009,The greenpeace offshore grid report: Development drivers and benefits,"European Wind Energy Conference and Exhibition 2009, EWEC 2009","development offshore grid power transmission North Sea high agenda different stakeholders . work studies development drivers offshore grid potential benefits would bring . Based scenario 68 GW offshore wind power capacity , statistics aggregated power output offshore wind farms North Sea analyzed regard availability variability . different development drivers past , today future explored . Together offshore transmission needs wind power projects envisioned today , leads conceptual offshore grid design proposal would respond needs power market well offshore wind energy . today main driver offshore transmission infrastructure trade , wind power become main driver future . interconnected offshore grid would serve transport large amounts offshore wind power shore time providing transmission capacity international power trade . interconnected grid also allows aggregation wind power large area , significantly reducing variability wind power output resulting flexibility needs ."
2005,No state is an energy Island,California and the World Ocean - Proceedings of the Conference,"Matthew R. Simmons , Chairman CEO Simmons & Company International , shares views energy demand . According , future energy examined perspective global energy demand . need meet energy requirements four billion people barely use modern energy , sharp contrast OECD countries US , particular , energy usage extremely high . Moreover , specific energy challenges need tackled insure safe , reliable , affordable supply modern energy ."
