topic_int,topic_names,labels_layer,Source,topic_names_from_bertopic,main_topic_name
11,bornholm offshor wind,11: bornholm offshor wind,Pro Media,"0, museum, project, energi, say","18, area, energinet, consult, agenc"
3,north sea,3: north sea,Pro Media,"33, energinet, area, plant, architect","5, island, connect, energi, bornholm"
11,bornholm offshor wind,11: bornholm offshor wind,Pro Media,"8, billion, energi, project, say","18, area, energinet, consult, agenc"
11,bornholm offshor wind,11: bornholm offshor wind,Pro Media,"19, wind, state, energinet, gw","18, area, energinet, consult, agenc"
3,north sea,3: north sea,Pro Media,"21, energi, island, bornholm, wind","5, island, connect, energi, bornholm"
3,north sea,3: north sea,Pro Media,"14, say, democraci, social, municip","5, island, connect, energi, bornholm"
9,right reserv,9: right reserv,Pro Media,"4, green, hydrogen, busi, bornholm","4, green, hydrogen, busi, bornholm"
8,danish energi,8: danish energi,Pro Media,"35, bornholm, municip, cultur, think","0, museum, project, energi, say"
9,right reserv,9: right reserv,Pro Media,"22, bornholm, harbor, busi, ptx","4, green, hydrogen, busi, bornholm"
9,right reserv,9: right reserv,Pro Media,Noise,"4, green, hydrogen, busi, bornholm"
9,right reserv,9: right reserv,Pro Media,"13, hydrogen, co2, fund, compani","4, green, hydrogen, busi, bornholm"
3,north sea,3: north sea,Pro Media,"14, say, democraci, social, municip","5, island, connect, energi, bornholm"
3,north sea,3: north sea,Pro Media,"12, bornholm, year, green, energi","5, island, connect, energi, bornholm"
3,north sea,3: north sea,Pro Media,"9, bornholm, municip, year, energi","5, island, connect, energi, bornholm"
3,north sea,3: north sea,Pro Media,"19, wind, state, energinet, gw","5, island, connect, energi, bornholm"
9,right reserv,9: right reserv,Pro Media,"13, hydrogen, co2, fund, compani","4, green, hydrogen, busi, bornholm"
9,right reserv,9: right reserv,Pro Media,"17, heat, bornholm, green, must","4, green, hydrogen, busi, bornholm"
3,north sea,3: north sea,Pro Media,"17, heat, bornholm, green, must","5, island, connect, energi, bornholm"
3,north sea,3: north sea,Pro Media,"11, energi, island, price, compens","5, island, connect, energi, bornholm"
3,north sea,3: north sea,Pro Media,"9, bornholm, municip, year, energi","5, island, connect, energi, bornholm"
11,bornholm offshor wind,11: bornholm offshor wind,Pro Media,"0, museum, project, energi, say","18, area, energinet, consult, agenc"
11,bornholm offshor wind,11: bornholm offshor wind,Pro Media,"33, energinet, area, plant, architect","18, area, energinet, consult, agenc"
3,north sea,3: north sea,Pro Media,"30, bornholm, wind, offshor, also","5, island, connect, energi, bornholm"
3,north sea,3: north sea,Pro Media,"19, wind, state, energinet, gw","5, island, connect, energi, bornholm"
3,north sea,3: north sea,Pro Media,"19, wind, state, energinet, gw","5, island, connect, energi, bornholm"
3,north sea,3: north sea,Pro Media,"19, wind, state, energinet, gw","5, island, connect, energi, bornholm"
3,north sea,3: north sea,Pro Media,"0, museum, project, energi, say","5, island, connect, energi, bornholm"
3,north sea,3: north sea,Pro Media,"14, say, democraci, social, municip","5, island, connect, energi, bornholm"
3,north sea,3: north sea,Pro Media,"11, energi, island, price, compens","5, island, connect, energi, bornholm"
9,right reserv,9: right reserv,Pro Media,"13, hydrogen, co2, fund, compani","4, green, hydrogen, busi, bornholm"
9,right reserv,9: right reserv,Pro Media,"12, bornholm, year, green, energi","4, green, hydrogen, busi, bornholm"
3,north sea,3: north sea,Pro Media,"25, comput, say, also, energi","5, island, connect, energi, bornholm"
3,north sea,3: north sea,Pro Media,"11, energi, island, price, compens","5, island, connect, energi, bornholm"
3,north sea,3: north sea,Pro Media,"0, museum, project, energi, say","5, island, connect, energi, bornholm"
11,bornholm offshor wind,11: bornholm offshor wind,Pro Media,"18, area, energinet, consult, agenc","18, area, energinet, consult, agenc"
5,renew energi,5: renew energi,Pro Media,"35, bornholm, municip, cultur, think","2, energi, renew, paper, transit"
3,north sea,3: north sea,Pro Media,"7, bornholm, island, energi, cool","5, island, connect, energi, bornholm"
3,north sea,3: north sea,Pro Media,"5, island, connect, energi, bornholm","5, island, connect, energi, bornholm"
11,bornholm offshor wind,11: bornholm offshor wind,Pro Media,Noise,"18, area, energinet, consult, agenc"
8,danish energi,8: danish energi,Pro Media,"11, energi, island, price, compens","0, museum, project, energi, say"
11,bornholm offshor wind,11: bornholm offshor wind,Pro Media,"33, energinet, area, plant, architect","18, area, energinet, consult, agenc"
3,north sea,3: north sea,Pro Media,"12, bornholm, year, green, energi","5, island, connect, energi, bornholm"
9,right reserv,9: right reserv,Pro Media,"13, hydrogen, co2, fund, compani","4, green, hydrogen, busi, bornholm"
8,danish energi,8: danish energi,Pro Media,"11, energi, island, price, compens","0, museum, project, energi, say"
3,north sea,3: north sea,Pro Media,"10, bornholm, new, energi, green","5, island, connect, energi, bornholm"
11,bornholm offshor wind,11: bornholm offshor wind,Pro Media,"10, bornholm, new, energi, green","18, area, energinet, consult, agenc"
9,right reserv,9: right reserv,Pro Media,"17, heat, bornholm, green, must","4, green, hydrogen, busi, bornholm"
9,right reserv,9: right reserv,Pro Media,"17, heat, bornholm, green, must","4, green, hydrogen, busi, bornholm"
11,bornholm offshor wind,11: bornholm offshor wind,Pro Media,"18, area, energinet, consult, agenc","18, area, energinet, consult, agenc"
0,energi island,0: energi island,Pro Media,"12, bornholm, year, green, energi","4, green, hydrogen, busi, bornholm"
3,north sea,3: north sea,Pro Media,"7, bornholm, island, energi, cool","5, island, connect, energi, bornholm"
8,danish energi,8: danish energi,Pro Media,"0, museum, project, energi, say","0, museum, project, energi, say"
3,north sea,3: north sea,Pro Media,"5, island, connect, energi, bornholm","5, island, connect, energi, bornholm"
0,energi island,0: energi island,Pro Media,"9, bornholm, municip, year, energi","4, green, hydrogen, busi, bornholm"
3,north sea,3: north sea,Pro Media,"18, area, energinet, consult, agenc","5, island, connect, energi, bornholm"
9,right reserv,9: right reserv,Pro Media,"22, bornholm, harbor, busi, ptx","4, green, hydrogen, busi, bornholm"
3,north sea,3: north sea,Pro Media,"37, busi, park, bornholm, say","5, island, connect, energi, bornholm"
9,right reserv,9: right reserv,Pro Media,"34, municip, green, bornholm, need","4, green, hydrogen, busi, bornholm"
3,north sea,3: north sea,Pro Media,"12, bornholm, year, green, energi","5, island, connect, energi, bornholm"
3,north sea,3: north sea,Pro Media,"12, bornholm, year, green, energi","5, island, connect, energi, bornholm"
3,north sea,3: north sea,Pro Media,"34, municip, green, bornholm, need","5, island, connect, energi, bornholm"
3,north sea,3: north sea,Pro Media,"28, bornholm, guard, must, mani","5, island, connect, energi, bornholm"
8,danish energi,8: danish energi,Pro Media,"11, energi, island, price, compens","0, museum, project, energi, say"
3,north sea,3: north sea,Pro Media,"7, bornholm, island, energi, cool","5, island, connect, energi, bornholm"
3,north sea,3: north sea,Pro Media,"14, say, democraci, social, municip","5, island, connect, energi, bornholm"
3,north sea,3: north sea,Pro Media,"21, energi, island, bornholm, wind","5, island, connect, energi, bornholm"
9,right reserv,9: right reserv,Pro Media,"22, bornholm, harbor, busi, ptx","4, green, hydrogen, busi, bornholm"
8,danish energi,8: danish energi,Pro Media,"19, wind, state, energinet, gw","0, museum, project, energi, say"
3,north sea,3: north sea,Pro Media,"8, billion, energi, project, say","5, island, connect, energi, bornholm"
9,right reserv,9: right reserv,Pro Media,"12, bornholm, year, green, energi","4, green, hydrogen, busi, bornholm"
3,north sea,3: north sea,Pro Media,"14, say, democraci, social, municip","5, island, connect, energi, bornholm"
3,north sea,3: north sea,Pro Media,"7, bornholm, island, energi, cool","5, island, connect, energi, bornholm"
3,north sea,3: north sea,Pro Media,"14, say, democraci, social, municip","5, island, connect, energi, bornholm"
2,energiø bornholm,2: energiø bornholm,Pro Media,"5, island, connect, energi, bornholm","33, energinet, area, plant, architect"
6,wind turbin,6: wind turbin,Pro Media,"7, bornholm, island, energi, cool","10, bornholm, new, energi, green"
2,energiø bornholm,2: energiø bornholm,Pro Media,"17, heat, bornholm, green, must","33, energinet, area, plant, architect"
9,right reserv,9: right reserv,Pro Media,"24, hydrogen, bornholm, cip, energi","4, green, hydrogen, busi, bornholm"
9,right reserv,9: right reserv,Pro Media,Noise,"4, green, hydrogen, busi, bornholm"
3,north sea,3: north sea,Pro Media,"8, billion, energi, project, say","5, island, connect, energi, bornholm"
3,north sea,3: north sea,Pro Media,"7, bornholm, island, energi, cool","5, island, connect, energi, bornholm"
3,north sea,3: north sea,Pro Media,"11, energi, island, price, compens","5, island, connect, energi, bornholm"
3,north sea,3: north sea,Pro Media,"25, comput, say, also, energi","5, island, connect, energi, bornholm"
3,north sea,3: north sea,Pro Media,"5, island, connect, energi, bornholm","5, island, connect, energi, bornholm"
9,right reserv,9: right reserv,Pro Media,"4, green, hydrogen, busi, bornholm","4, green, hydrogen, busi, bornholm"
8,danish energi,8: danish energi,Pro Media,"0, museum, project, energi, say","0, museum, project, energi, say"
9,right reserv,9: right reserv,Pro Media,"13, hydrogen, co2, fund, compani","4, green, hydrogen, busi, bornholm"
3,north sea,3: north sea,Pro Media,"17, heat, bornholm, green, must","5, island, connect, energi, bornholm"
8,danish energi,8: danish energi,Pro Media,"8, billion, energi, project, say","0, museum, project, energi, say"
9,right reserv,9: right reserv,Pro Media,Noise,"4, green, hydrogen, busi, bornholm"
9,right reserv,9: right reserv,Pro Media,"5, island, connect, energi, bornholm","4, green, hydrogen, busi, bornholm"
6,wind turbin,6: wind turbin,Pro Media,"10, bornholm, new, energi, green","10, bornholm, new, energi, green"
10,green transit,10: green transit,Pro Media,"4, green, hydrogen, busi, bornholm","6, center, bornholm, compani, busi"
3,north sea,3: north sea,Pro Media,"18, area, energinet, consult, agenc","5, island, connect, energi, bornholm"
10,green transit,10: green transit,Pro Media,"34, municip, green, bornholm, need","6, center, bornholm, compani, busi"
9,right reserv,9: right reserv,Pro Media,"4, green, hydrogen, busi, bornholm","4, green, hydrogen, busi, bornholm"
2,energiø bornholm,2: energiø bornholm,Pro Media,"34, municip, green, bornholm, need","33, energinet, area, plant, architect"
8,danish energi,8: danish energi,Pro Media,"14, say, democraci, social, municip","0, museum, project, energi, say"
9,right reserv,9: right reserv,Pro Media,"4, green, hydrogen, busi, bornholm","4, green, hydrogen, busi, bornholm"
2,energiø bornholm,2: energiø bornholm,Pro Media,"8, billion, energi, project, say","33, energinet, area, plant, architect"
10,green transit,10: green transit,Pro Media,"4, green, hydrogen, busi, bornholm","6, center, bornholm, compani, busi"
8,danish energi,8: danish energi,Pro Media,"5, island, connect, energi, bornholm","0, museum, project, energi, say"
8,danish energi,8: danish energi,Pro Media,"5, island, connect, energi, bornholm","0, museum, project, energi, say"
8,danish energi,8: danish energi,Pro Media,"19, wind, state, energinet, gw","0, museum, project, energi, say"
2,energiø bornholm,2: energiø bornholm,Pro Media,"33, energinet, area, plant, architect","33, energinet, area, plant, architect"
10,green transit,10: green transit,Pro Media,"13, hydrogen, co2, fund, compani","6, center, bornholm, compani, busi"
11,bornholm offshor wind,11: bornholm offshor wind,Pro Media,"8, billion, energi, project, say","18, area, energinet, consult, agenc"
3,north sea,3: north sea,Pro Media,"30, bornholm, wind, offshor, also","5, island, connect, energi, bornholm"
10,green transit,10: green transit,Pro Media,"0, museum, project, energi, say","6, center, bornholm, compani, busi"
9,right reserv,9: right reserv,Pro Media,"6, center, bornholm, compani, busi","4, green, hydrogen, busi, bornholm"
3,north sea,3: north sea,Pro Media,"0, museum, project, energi, say","5, island, connect, energi, bornholm"
3,north sea,3: north sea,Pro Media,"11, energi, island, price, compens","5, island, connect, energi, bornholm"
8,danish energi,8: danish energi,Pro Media,Noise,"0, museum, project, energi, say"
3,north sea,3: north sea,Pro Media,"9, bornholm, municip, year, energi","5, island, connect, energi, bornholm"
3,north sea,3: north sea,Pro Media,"5, island, connect, energi, bornholm","5, island, connect, energi, bornholm"
3,north sea,3: north sea,Pro Media,"10, bornholm, new, energi, green","5, island, connect, energi, bornholm"
8,danish energi,8: danish energi,Pro Media,"0, museum, project, energi, say","0, museum, project, energi, say"
9,right reserv,9: right reserv,Pro Media,"4, green, hydrogen, busi, bornholm","4, green, hydrogen, busi, bornholm"
8,danish energi,8: danish energi,Pro Media,"19, wind, state, energinet, gw","0, museum, project, energi, say"
3,north sea,3: north sea,Pro Media,"39, say, municip, island, bornholm","5, island, connect, energi, bornholm"
3,north sea,3: north sea,Pro Media,"21, energi, island, bornholm, wind","5, island, connect, energi, bornholm"
9,right reserv,9: right reserv,Pro Media,"4, green, hydrogen, busi, bornholm","4, green, hydrogen, busi, bornholm"
8,danish energi,8: danish energi,Pro Media,"13, hydrogen, co2, fund, compani","0, museum, project, energi, say"
8,danish energi,8: danish energi,Pro Media,"19, wind, state, energinet, gw","0, museum, project, energi, say"
9,right reserv,9: right reserv,Pro Media,"7, bornholm, island, energi, cool","4, green, hydrogen, busi, bornholm"
9,right reserv,9: right reserv,Pro Media,"24, hydrogen, bornholm, cip, energi","4, green, hydrogen, busi, bornholm"
8,danish energi,8: danish energi,Pro Media,"0, museum, project, energi, say","0, museum, project, energi, say"
3,north sea,3: north sea,Pro Media,"14, say, democraci, social, municip","5, island, connect, energi, bornholm"
9,right reserv,9: right reserv,Pro Media,"4, green, hydrogen, busi, bornholm","4, green, hydrogen, busi, bornholm"
3,north sea,3: north sea,Pro Media,"21, energi, island, bornholm, wind","5, island, connect, energi, bornholm"
3,north sea,3: north sea,Pro Media,"9, bornholm, municip, year, energi","5, island, connect, energi, bornholm"
3,north sea,3: north sea,Pro Media,"5, island, connect, energi, bornholm","5, island, connect, energi, bornholm"
8,danish energi,8: danish energi,Pro Media,"8, billion, energi, project, say","0, museum, project, energi, say"
9,right reserv,9: right reserv,Pro Media,"13, hydrogen, co2, fund, compani","4, green, hydrogen, busi, bornholm"
10,green transit,10: green transit,Pro Media,"19, wind, state, energinet, gw","6, center, bornholm, compani, busi"
8,danish energi,8: danish energi,Pro Media,"0, museum, project, energi, say","0, museum, project, energi, say"
8,danish energi,8: danish energi,Pro Media,"0, museum, project, energi, say","0, museum, project, energi, say"
9,right reserv,9: right reserv,Pro Media,"13, hydrogen, co2, fund, compani","4, green, hydrogen, busi, bornholm"
3,north sea,3: north sea,Pro Media,"30, bornholm, wind, offshor, also","5, island, connect, energi, bornholm"
8,danish energi,8: danish energi,Pro Media,"33, energinet, area, plant, architect","0, museum, project, energi, say"
3,north sea,3: north sea,Pro Media,"21, energi, island, bornholm, wind","5, island, connect, energi, bornholm"
8,danish energi,8: danish energi,Pro Media,"0, museum, project, energi, say","0, museum, project, energi, say"
9,right reserv,9: right reserv,Pro Media,"10, bornholm, new, energi, green","4, green, hydrogen, busi, bornholm"
9,right reserv,9: right reserv,Pro Media,"10, bornholm, new, energi, green","4, green, hydrogen, busi, bornholm"
3,north sea,3: north sea,Pro Media,"11, energi, island, price, compens","5, island, connect, energi, bornholm"
8,danish energi,8: danish energi,Pro Media,"0, museum, project, energi, say","0, museum, project, energi, say"
2,energiø bornholm,2: energiø bornholm,Pro Media,"0, museum, project, energi, say","33, energinet, area, plant, architect"
3,north sea,3: north sea,Pro Media,"9, bornholm, municip, year, energi","5, island, connect, energi, bornholm"
6,wind turbin,6: wind turbin,Pro Media,"34, municip, green, bornholm, need","10, bornholm, new, energi, green"
11,bornholm offshor wind,11: bornholm offshor wind,Pro Media,Noise,"18, area, energinet, consult, agenc"
6,wind turbin,6: wind turbin,Pro Media,"34, municip, green, bornholm, need","10, bornholm, new, energi, green"
3,north sea,3: north sea,Pro Media,"5, island, connect, energi, bornholm","5, island, connect, energi, bornholm"
3,north sea,3: north sea,Pro Media,"7, bornholm, island, energi, cool","5, island, connect, energi, bornholm"
9,right reserv,9: right reserv,Pro Media,"6, center, bornholm, compani, busi","4, green, hydrogen, busi, bornholm"
9,right reserv,9: right reserv,Pro Media,"24, hydrogen, bornholm, cip, energi","4, green, hydrogen, busi, bornholm"
8,danish energi,8: danish energi,Pro Media,"8, billion, energi, project, say","0, museum, project, energi, say"
11,bornholm offshor wind,11: bornholm offshor wind,Pro Media,"11, energi, island, price, compens","18, area, energinet, consult, agenc"
8,danish energi,8: danish energi,Pro Media,"0, museum, project, energi, say","0, museum, project, energi, say"
9,right reserv,9: right reserv,Pro Media,"4, green, hydrogen, busi, bornholm","4, green, hydrogen, busi, bornholm"
9,right reserv,9: right reserv,Pro Media,"4, green, hydrogen, busi, bornholm","4, green, hydrogen, busi, bornholm"
3,north sea,3: north sea,Pro Media,"25, comput, say, also, energi","5, island, connect, energi, bornholm"
2,energiø bornholm,2: energiø bornholm,Pro Media,"5, island, connect, energi, bornholm","33, energinet, area, plant, architect"
2,energiø bornholm,2: energiø bornholm,Pro Media,"17, heat, bornholm, green, must","33, energinet, area, plant, architect"
8,danish energi,8: danish energi,Pro Media,"0, museum, project, energi, say","0, museum, project, energi, say"
8,danish energi,8: danish energi,Pro Media,"0, museum, project, energi, say","0, museum, project, energi, say"
7,wind farm,7: wind farm,Pro Media,"32, transmiss, grid, offshor, system","16, control, grid, convert, voltag"
9,right reserv,9: right reserv,Pro Media,"12, bornholm, year, green, energi","4, green, hydrogen, busi, bornholm"
9,right reserv,9: right reserv,Pro Media,"28, bornholm, guard, must, mani","4, green, hydrogen, busi, bornholm"
8,danish energi,8: danish energi,Pro Media,"8, billion, energi, project, say","0, museum, project, energi, say"
9,right reserv,9: right reserv,Pro Media,"13, hydrogen, co2, fund, compani","4, green, hydrogen, busi, bornholm"
9,right reserv,9: right reserv,Pro Media,"7, bornholm, island, energi, cool","4, green, hydrogen, busi, bornholm"
9,right reserv,9: right reserv,Pro Media,"22, bornholm, harbor, busi, ptx","4, green, hydrogen, busi, bornholm"
8,danish energi,8: danish energi,Pro Media,"0, museum, project, energi, say","0, museum, project, energi, say"
9,right reserv,9: right reserv,Pro Media,"4, green, hydrogen, busi, bornholm","4, green, hydrogen, busi, bornholm"
8,danish energi,8: danish energi,Pro Media,"11, energi, island, price, compens","0, museum, project, energi, say"
8,danish energi,8: danish energi,Pro Media,"8, billion, energi, project, say","0, museum, project, energi, say"
10,green transit,10: green transit,Reg Media,"34, municip, green, bornholm, need","6, center, bornholm, compani, busi"
0,energi island,0: energi island,Reg Media,Noise,"4, green, hydrogen, busi, bornholm"
6,wind turbin,6: wind turbin,Reg Media,"15, bornholm, municip, climat, energi","10, bornholm, new, energi, green"
0,energi island,0: energi island,Reg Media,"4, green, hydrogen, busi, bornholm","4, green, hydrogen, busi, bornholm"
0,energi island,0: energi island,Reg Media,"17, heat, bornholm, green, must","4, green, hydrogen, busi, bornholm"
11,bornholm offshor wind,11: bornholm offshor wind,Reg Media,"15, bornholm, municip, climat, energi","18, area, energinet, consult, agenc"
0,energi island,0: energi island,Reg Media,"9, bornholm, municip, year, energi","4, green, hydrogen, busi, bornholm"
0,energi island,0: energi island,Reg Media,Noise,"4, green, hydrogen, busi, bornholm"
0,energi island,0: energi island,Reg Media,"4, green, hydrogen, busi, bornholm","4, green, hydrogen, busi, bornholm"
3,north sea,3: north sea,Reg Media,"22, bornholm, harbor, busi, ptx","5, island, connect, energi, bornholm"
0,energi island,0: energi island,Reg Media,"4, green, hydrogen, busi, bornholm","4, green, hydrogen, busi, bornholm"
0,energi island,0: energi island,Reg Media,"15, bornholm, municip, climat, energi","4, green, hydrogen, busi, bornholm"
10,green transit,10: green transit,Reg Media,"22, bornholm, harbor, busi, ptx","6, center, bornholm, compani, busi"
10,green transit,10: green transit,Reg Media,"13, hydrogen, co2, fund, compani","6, center, bornholm, compani, busi"
0,energi island,0: energi island,Reg Media,"13, hydrogen, co2, fund, compani","4, green, hydrogen, busi, bornholm"
6,wind turbin,6: wind turbin,Reg Media,"28, bornholm, guard, must, mani","10, bornholm, new, energi, green"
9,right reserv,9: right reserv,Reg Media,"4, green, hydrogen, busi, bornholm","4, green, hydrogen, busi, bornholm"
11,bornholm offshor wind,11: bornholm offshor wind,Reg Media,"9, bornholm, municip, year, energi","18, area, energinet, consult, agenc"
10,green transit,10: green transit,Reg Media,"22, bornholm, harbor, busi, ptx","6, center, bornholm, compani, busi"
10,green transit,10: green transit,Reg Media,"6, center, bornholm, compani, busi","6, center, bornholm, compani, busi"
3,north sea,3: north sea,Reg Media,"37, busi, park, bornholm, say","5, island, connect, energi, bornholm"
2,energiø bornholm,2: energiø bornholm,Reg Media,"37, busi, park, bornholm, say","33, energinet, area, plant, architect"
5,renew energi,5: renew energi,Reg Media,"4, green, hydrogen, busi, bornholm","2, energi, renew, paper, transit"
8,danish energi,8: danish energi,Reg Media,"0, museum, project, energi, say","0, museum, project, energi, say"
4,municip council,4: municip council,Reg Media,"10, bornholm, new, energi, green","14, say, democraci, social, municip"
0,energi island,0: energi island,Reg Media,"24, hydrogen, bornholm, cip, energi","4, green, hydrogen, busi, bornholm"
0,energi island,0: energi island,Reg Media,"4, green, hydrogen, busi, bornholm","4, green, hydrogen, busi, bornholm"
0,energi island,0: energi island,Reg Media,"34, municip, green, bornholm, need","4, green, hydrogen, busi, bornholm"
0,energi island,0: energi island,Reg Media,"4, green, hydrogen, busi, bornholm","4, green, hydrogen, busi, bornholm"
0,energi island,0: energi island,Reg Media,"13, hydrogen, co2, fund, compani","4, green, hydrogen, busi, bornholm"
10,green transit,10: green transit,Reg Media,"6, center, bornholm, compani, busi","6, center, bornholm, compani, busi"
11,bornholm offshor wind,11: bornholm offshor wind,Reg Media,"14, say, democraci, social, municip","18, area, energinet, consult, agenc"
11,bornholm offshor wind,11: bornholm offshor wind,Reg Media,"21, energi, island, bornholm, wind","18, area, energinet, consult, agenc"
11,bornholm offshor wind,11: bornholm offshor wind,Reg Media,"7, bornholm, island, energi, cool","18, area, energinet, consult, agenc"
11,bornholm offshor wind,11: bornholm offshor wind,Reg Media,"37, busi, park, bornholm, say","18, area, energinet, consult, agenc"
6,wind turbin,6: wind turbin,Reg Media,"7, bornholm, island, energi, cool","10, bornholm, new, energi, green"
0,energi island,0: energi island,Reg Media,"4, green, hydrogen, busi, bornholm","4, green, hydrogen, busi, bornholm"
11,bornholm offshor wind,11: bornholm offshor wind,Reg Media,"10, bornholm, new, energi, green","18, area, energinet, consult, agenc"
10,green transit,10: green transit,Reg Media,"6, center, bornholm, compani, busi","6, center, bornholm, compani, busi"
10,green transit,10: green transit,Reg Media,"6, center, bornholm, compani, busi","6, center, bornholm, compani, busi"
11,bornholm offshor wind,11: bornholm offshor wind,Reg Media,"24, hydrogen, bornholm, cip, energi","18, area, energinet, consult, agenc"
6,wind turbin,6: wind turbin,Reg Media,"22, bornholm, harbor, busi, ptx","10, bornholm, new, energi, green"
10,green transit,10: green transit,Reg Media,"4, green, hydrogen, busi, bornholm","6, center, bornholm, compani, busi"
11,bornholm offshor wind,11: bornholm offshor wind,Reg Media,"12, bornholm, year, green, energi","18, area, energinet, consult, agenc"
3,north sea,3: north sea,Reg Media,"8, billion, energi, project, say","5, island, connect, energi, bornholm"
0,energi island,0: energi island,Reg Media,"4, green, hydrogen, busi, bornholm","4, green, hydrogen, busi, bornholm"
10,green transit,10: green transit,Reg Media,"6, center, bornholm, compani, busi","6, center, bornholm, compani, busi"
0,energi island,0: energi island,Reg Media,"9, bornholm, municip, year, energi","4, green, hydrogen, busi, bornholm"
3,north sea,3: north sea,Reg Media,"30, bornholm, wind, offshor, also","5, island, connect, energi, bornholm"
10,green transit,10: green transit,Reg Media,"6, center, bornholm, compani, busi","6, center, bornholm, compani, busi"
0,energi island,0: energi island,Reg Media,"4, green, hydrogen, busi, bornholm","4, green, hydrogen, busi, bornholm"
10,green transit,10: green transit,Reg Media,"6, center, bornholm, compani, busi","6, center, bornholm, compani, busi"
6,wind turbin,6: wind turbin,Reg Media,"17, heat, bornholm, green, must","10, bornholm, new, energi, green"
0,energi island,0: energi island,Reg Media,"6, center, bornholm, compani, busi","4, green, hydrogen, busi, bornholm"
6,wind turbin,6: wind turbin,Reg Media,"15, bornholm, municip, climat, energi","10, bornholm, new, energi, green"
2,energiø bornholm,2: energiø bornholm,Reg Media,"25, comput, say, also, energi","33, energinet, area, plant, architect"
2,energiø bornholm,2: energiø bornholm,Reg Media,"39, say, municip, island, bornholm","33, energinet, area, plant, architect"
0,energi island,0: energi island,Reg Media,Noise,"4, green, hydrogen, busi, bornholm"
2,energiø bornholm,2: energiø bornholm,Reg Media,"10, bornholm, new, energi, green","33, energinet, area, plant, architect"
10,green transit,10: green transit,Reg Media,"6, center, bornholm, compani, busi","6, center, bornholm, compani, busi"
0,energi island,0: energi island,Reg Media,"22, bornholm, harbor, busi, ptx","4, green, hydrogen, busi, bornholm"
6,wind turbin,6: wind turbin,Reg Media,"5, island, connect, energi, bornholm","10, bornholm, new, energi, green"
0,energi island,0: energi island,Reg Media,"6, center, bornholm, compani, busi","4, green, hydrogen, busi, bornholm"
11,bornholm offshor wind,11: bornholm offshor wind,Reg Media,"10, bornholm, new, energi, green","18, area, energinet, consult, agenc"
0,energi island,0: energi island,Reg Media,"6, center, bornholm, compani, busi","4, green, hydrogen, busi, bornholm"
6,wind turbin,6: wind turbin,Reg Media,"7, bornholm, island, energi, cool","10, bornholm, new, energi, green"
11,bornholm offshor wind,11: bornholm offshor wind,Reg Media,"18, area, energinet, consult, agenc","18, area, energinet, consult, agenc"
8,danish energi,8: danish energi,Reg Media,"7, bornholm, island, energi, cool","0, museum, project, energi, say"
4,municip council,4: municip council,Reg Media,"10, bornholm, new, energi, green","14, say, democraci, social, municip"
6,wind turbin,6: wind turbin,Reg Media,"35, bornholm, municip, cultur, think","10, bornholm, new, energi, green"
11,bornholm offshor wind,11: bornholm offshor wind,Reg Media,"18, area, energinet, consult, agenc","18, area, energinet, consult, agenc"
3,north sea,3: north sea,Reg Media,"7, bornholm, island, energi, cool","5, island, connect, energi, bornholm"
8,danish energi,8: danish energi,Reg Media,"9, bornholm, municip, year, energi","0, museum, project, energi, say"
8,danish energi,8: danish energi,Reg Media,"6, center, bornholm, compani, busi","0, museum, project, energi, say"
10,green transit,10: green transit,Reg Media,"12, bornholm, year, green, energi","6, center, bornholm, compani, busi"
11,bornholm offshor wind,11: bornholm offshor wind,Reg Media,"9, bornholm, municip, year, energi","18, area, energinet, consult, agenc"
11,bornholm offshor wind,11: bornholm offshor wind,Reg Media,"13, hydrogen, co2, fund, compani","18, area, energinet, consult, agenc"
2,energiø bornholm,2: energiø bornholm,Reg Media,"33, energinet, area, plant, architect","33, energinet, area, plant, architect"
2,energiø bornholm,2: energiø bornholm,Reg Media,"7, bornholm, island, energi, cool","33, energinet, area, plant, architect"
11,bornholm offshor wind,11: bornholm offshor wind,Reg Media,"18, area, energinet, consult, agenc","18, area, energinet, consult, agenc"
6,wind turbin,6: wind turbin,Reg Media,"15, bornholm, municip, climat, energi","10, bornholm, new, energi, green"
11,bornholm offshor wind,11: bornholm offshor wind,Reg Media,"13, hydrogen, co2, fund, compani","18, area, energinet, consult, agenc"
8,danish energi,8: danish energi,Reg Media,"9, bornholm, municip, year, energi","0, museum, project, energi, say"
11,bornholm offshor wind,11: bornholm offshor wind,Reg Media,"5, island, connect, energi, bornholm","18, area, energinet, consult, agenc"
11,bornholm offshor wind,11: bornholm offshor wind,Reg Media,"5, island, connect, energi, bornholm","18, area, energinet, consult, agenc"
10,green transit,10: green transit,Reg Media,"34, municip, green, bornholm, need","6, center, bornholm, compani, busi"
2,energiø bornholm,2: energiø bornholm,Reg Media,Noise,"33, energinet, area, plant, architect"
8,danish energi,8: danish energi,Reg Media,"45, energi, bornholm, hydrogen, center","0, museum, project, energi, say"
8,danish energi,8: danish energi,Reg Media,"6, center, bornholm, compani, busi","0, museum, project, energi, say"
6,wind turbin,6: wind turbin,Reg Media,"12, bornholm, year, green, energi","10, bornholm, new, energi, green"
2,energiø bornholm,2: energiø bornholm,Reg Media,"33, energinet, area, plant, architect","33, energinet, area, plant, architect"
2,energiø bornholm,2: energiø bornholm,Reg Media,Noise,"33, energinet, area, plant, architect"
2,energiø bornholm,2: energiø bornholm,Reg Media,"18, area, energinet, consult, agenc","33, energinet, area, plant, architect"
8,danish energi,8: danish energi,Reg Media,"18, area, energinet, consult, agenc","0, museum, project, energi, say"
0,energi island,0: energi island,Reg Media,"6, center, bornholm, compani, busi","4, green, hydrogen, busi, bornholm"
0,energi island,0: energi island,Reg Media,"6, center, bornholm, compani, busi","4, green, hydrogen, busi, bornholm"
0,energi island,0: energi island,Reg Media,"45, energi, bornholm, hydrogen, center","4, green, hydrogen, busi, bornholm"
6,wind turbin,6: wind turbin,Reg Media,"33, energinet, area, plant, architect","10, bornholm, new, energi, green"
0,energi island,0: energi island,Reg Media,"35, bornholm, municip, cultur, think","4, green, hydrogen, busi, bornholm"
2,energiø bornholm,2: energiø bornholm,Reg Media,"18, area, energinet, consult, agenc","33, energinet, area, plant, architect"
2,energiø bornholm,2: energiø bornholm,Reg Media,"18, area, energinet, consult, agenc","33, energinet, area, plant, architect"
10,green transit,10: green transit,Reg Media,Noise,"6, center, bornholm, compani, busi"
6,wind turbin,6: wind turbin,Reg Media,"28, bornholm, guard, must, mani","10, bornholm, new, energi, green"
2,energiø bornholm,2: energiø bornholm,Reg Media,"18, area, energinet, consult, agenc","33, energinet, area, plant, architect"
6,wind turbin,6: wind turbin,Reg Media,"7, bornholm, island, energi, cool","10, bornholm, new, energi, green"
6,wind turbin,6: wind turbin,Reg Media,"39, say, municip, island, bornholm","10, bornholm, new, energi, green"
2,energiø bornholm,2: energiø bornholm,Reg Media,"7, bornholm, island, energi, cool","33, energinet, area, plant, architect"
11,bornholm offshor wind,11: bornholm offshor wind,Reg Media,"10, bornholm, new, energi, green","18, area, energinet, consult, agenc"
6,wind turbin,6: wind turbin,Reg Media,"12, bornholm, year, green, energi","10, bornholm, new, energi, green"
6,wind turbin,6: wind turbin,Reg Media,"30, bornholm, wind, offshor, also","10, bornholm, new, energi, green"
6,wind turbin,6: wind turbin,Reg Media,"5, island, connect, energi, bornholm","10, bornholm, new, energi, green"
11,bornholm offshor wind,11: bornholm offshor wind,Reg Media,Noise,"18, area, energinet, consult, agenc"
6,wind turbin,6: wind turbin,Reg Media,"12, bornholm, year, green, energi","10, bornholm, new, energi, green"
10,green transit,10: green transit,Reg Media,"0, museum, project, energi, say","6, center, bornholm, compani, busi"
3,north sea,3: north sea,Reg Media,"18, area, energinet, consult, agenc","5, island, connect, energi, bornholm"
3,north sea,3: north sea,Reg Media,"5, island, connect, energi, bornholm","5, island, connect, energi, bornholm"
6,wind turbin,6: wind turbin,Reg Media,"21, energi, island, bornholm, wind","10, bornholm, new, energi, green"
2,energiø bornholm,2: energiø bornholm,Reg Media,"0, museum, project, energi, say","33, energinet, area, plant, architect"
2,energiø bornholm,2: energiø bornholm,Reg Media,"33, energinet, area, plant, architect","33, energinet, area, plant, architect"
6,wind turbin,6: wind turbin,Reg Media,"8, billion, energi, project, say","10, bornholm, new, energi, green"
11,bornholm offshor wind,11: bornholm offshor wind,Reg Media,"10, bornholm, new, energi, green","18, area, energinet, consult, agenc"
2,energiø bornholm,2: energiø bornholm,Reg Media,"12, bornholm, year, green, energi","33, energinet, area, plant, architect"
2,energiø bornholm,2: energiø bornholm,Reg Media,Noise,"33, energinet, area, plant, architect"
2,energiø bornholm,2: energiø bornholm,Reg Media,"33, energinet, area, plant, architect","33, energinet, area, plant, architect"
11,bornholm offshor wind,11: bornholm offshor wind,Reg Media,"37, busi, park, bornholm, say","18, area, energinet, consult, agenc"
0,energi island,0: energi island,Reg Media,"4, green, hydrogen, busi, bornholm","4, green, hydrogen, busi, bornholm"
6,wind turbin,6: wind turbin,Reg Media,"0, museum, project, energi, say","10, bornholm, new, energi, green"
6,wind turbin,6: wind turbin,Reg Media,"8, billion, energi, project, say","10, bornholm, new, energi, green"
6,wind turbin,6: wind turbin,Reg Media,"14, say, democraci, social, municip","10, bornholm, new, energi, green"
0,energi island,0: energi island,Reg Media,"6, center, bornholm, compani, busi","4, green, hydrogen, busi, bornholm"
2,energiø bornholm,2: energiø bornholm,Reg Media,"21, energi, island, bornholm, wind","33, energinet, area, plant, architect"
6,wind turbin,6: wind turbin,Reg Media,"7, bornholm, island, energi, cool","10, bornholm, new, energi, green"
8,danish energi,8: danish energi,Reg Media,"25, comput, say, also, energi","0, museum, project, energi, say"
3,north sea,3: north sea,Reg Media,"8, billion, energi, project, say","5, island, connect, energi, bornholm"
8,danish energi,8: danish energi,Reg Media,"45, energi, bornholm, hydrogen, center","0, museum, project, energi, say"
0,energi island,0: energi island,Reg Media,"4, green, hydrogen, busi, bornholm","4, green, hydrogen, busi, bornholm"
0,energi island,0: energi island,Reg Media,"3, risk, system, energi, 111","4, green, hydrogen, busi, bornholm"
11,bornholm offshor wind,11: bornholm offshor wind,Reg Media,"5, island, connect, energi, bornholm","18, area, energinet, consult, agenc"
3,north sea,3: north sea,Reg Media,"21, energi, island, bornholm, wind","5, island, connect, energi, bornholm"
10,green transit,10: green transit,Reg Media,"6, center, bornholm, compani, busi","6, center, bornholm, compani, busi"
6,wind turbin,6: wind turbin,Reg Media,"28, bornholm, guard, must, mani","10, bornholm, new, energi, green"
11,bornholm offshor wind,11: bornholm offshor wind,Reg Media,"19, wind, state, energinet, gw","18, area, energinet, consult, agenc"
11,bornholm offshor wind,11: bornholm offshor wind,Reg Media,"7, bornholm, island, energi, cool","18, area, energinet, consult, agenc"
11,bornholm offshor wind,11: bornholm offshor wind,Reg Media,"30, bornholm, wind, offshor, also","18, area, energinet, consult, agenc"
0,energi island,0: energi island,Reg Media,"13, hydrogen, co2, fund, compani","4, green, hydrogen, busi, bornholm"
4,municip council,4: municip council,Reg Media,"15, bornholm, municip, climat, energi","14, say, democraci, social, municip"
0,energi island,0: energi island,Reg Media,"6, center, bornholm, compani, busi","4, green, hydrogen, busi, bornholm"
4,municip council,4: municip council,Reg Media,"0, museum, project, energi, say","14, say, democraci, social, municip"
2,energiø bornholm,2: energiø bornholm,Reg Media,"18, area, energinet, consult, agenc","33, energinet, area, plant, architect"
4,municip council,4: municip council,Reg Media,"28, bornholm, guard, must, mani","14, say, democraci, social, municip"
11,bornholm offshor wind,11: bornholm offshor wind,Reg Media,"22, bornholm, harbor, busi, ptx","18, area, energinet, consult, agenc"
8,danish energi,8: danish energi,Reg Media,"35, bornholm, municip, cultur, think","0, museum, project, energi, say"
0,energi island,0: energi island,Reg Media,"45, energi, bornholm, hydrogen, center","4, green, hydrogen, busi, bornholm"
10,green transit,10: green transit,Reg Media,"34, municip, green, bornholm, need","6, center, bornholm, compani, busi"
8,danish energi,8: danish energi,Reg Media,"8, billion, energi, project, say","0, museum, project, energi, say"
6,wind turbin,6: wind turbin,Reg Media,"12, bornholm, year, green, energi","10, bornholm, new, energi, green"
8,danish energi,8: danish energi,Reg Media,"8, billion, energi, project, say","0, museum, project, energi, say"
2,energiø bornholm,2: energiø bornholm,Reg Media,"19, wind, state, energinet, gw","33, energinet, area, plant, architect"
10,green transit,10: green transit,Reg Media,"4, green, hydrogen, busi, bornholm","6, center, bornholm, compani, busi"
4,municip council,4: municip council,Reg Media,"0, museum, project, energi, say","14, say, democraci, social, municip"
2,energiø bornholm,2: energiø bornholm,Reg Media,"33, energinet, area, plant, architect","33, energinet, area, plant, architect"
2,energiø bornholm,2: energiø bornholm,Reg Media,"0, museum, project, energi, say","33, energinet, area, plant, architect"
10,green transit,10: green transit,Reg Media,"35, bornholm, municip, cultur, think","6, center, bornholm, compani, busi"
2,energiø bornholm,2: energiø bornholm,Reg Media,"5, island, connect, energi, bornholm","33, energinet, area, plant, architect"
11,bornholm offshor wind,11: bornholm offshor wind,Reg Media,Noise,"18, area, energinet, consult, agenc"
4,municip council,4: municip council,Reg Media,"9, bornholm, municip, year, energi","14, say, democraci, social, municip"
10,green transit,10: green transit,Reg Media,"12, bornholm, year, green, energi","6, center, bornholm, compani, busi"
6,wind turbin,6: wind turbin,Reg Media,"21, energi, island, bornholm, wind","10, bornholm, new, energi, green"
4,municip council,4: municip council,Reg Media,"15, bornholm, municip, climat, energi","14, say, democraci, social, municip"
4,municip council,4: municip council,Reg Media,"35, bornholm, municip, cultur, think","14, say, democraci, social, municip"
2,energiø bornholm,2: energiø bornholm,Reg Media,"21, energi, island, bornholm, wind","33, energinet, area, plant, architect"
4,municip council,4: municip council,Reg Media,"35, bornholm, municip, cultur, think","14, say, democraci, social, municip"
2,energiø bornholm,2: energiø bornholm,Reg Media,"28, bornholm, guard, must, mani","33, energinet, area, plant, architect"
11,bornholm offshor wind,11: bornholm offshor wind,Reg Media,"22, bornholm, harbor, busi, ptx","18, area, energinet, consult, agenc"
11,bornholm offshor wind,11: bornholm offshor wind,Reg Media,"22, bornholm, harbor, busi, ptx","18, area, energinet, consult, agenc"
10,green transit,10: green transit,Reg Media,"17, heat, bornholm, green, must","6, center, bornholm, compani, busi"
2,energiø bornholm,2: energiø bornholm,Reg Media,"5, island, connect, energi, bornholm","33, energinet, area, plant, architect"
4,municip council,4: municip council,Reg Media,"39, say, municip, island, bornholm","14, say, democraci, social, municip"
2,energiø bornholm,2: energiø bornholm,Reg Media,"7, bornholm, island, energi, cool","33, energinet, area, plant, architect"
4,municip council,4: municip council,Reg Media,"8, billion, energi, project, say","14, say, democraci, social, municip"
0,energi island,0: energi island,Reg Media,"7, bornholm, island, energi, cool","4, green, hydrogen, busi, bornholm"
2,energiø bornholm,2: energiø bornholm,Reg Media,Noise,"33, energinet, area, plant, architect"
6,wind turbin,6: wind turbin,Reg Media,"28, bornholm, guard, must, mani","10, bornholm, new, energi, green"
3,north sea,3: north sea,Reg Media,"12, bornholm, year, green, energi","5, island, connect, energi, bornholm"
6,wind turbin,6: wind turbin,Reg Media,"5, island, connect, energi, bornholm","10, bornholm, new, energi, green"
2,energiø bornholm,2: energiø bornholm,Reg Media,"0, museum, project, energi, say","33, energinet, area, plant, architect"
2,energiø bornholm,2: energiø bornholm,Reg Media,"19, wind, state, energinet, gw","33, energinet, area, plant, architect"
6,wind turbin,6: wind turbin,Reg Media,"28, bornholm, guard, must, mani","10, bornholm, new, energi, green"
2,energiø bornholm,2: energiø bornholm,Reg Media,"33, energinet, area, plant, architect","33, energinet, area, plant, architect"
2,energiø bornholm,2: energiø bornholm,Reg Media,"19, wind, state, energinet, gw","33, energinet, area, plant, architect"
6,wind turbin,6: wind turbin,Reg Media,"14, say, democraci, social, municip","10, bornholm, new, energi, green"
1,offshor wind,1: offshor wind,Reg Media,"18, area, energinet, consult, agenc","20, offshor, grid, legal, regulatori"
8,danish energi,8: danish energi,Reg Media,"28, bornholm, guard, must, mani","0, museum, project, energi, say"
2,energiø bornholm,2: energiø bornholm,Reg Media,"33, energinet, area, plant, architect","33, energinet, area, plant, architect"
6,wind turbin,6: wind turbin,Reg Media,"28, bornholm, guard, must, mani","10, bornholm, new, energi, green"
2,energiø bornholm,2: energiø bornholm,Reg Media,"33, energinet, area, plant, architect","33, energinet, area, plant, architect"
2,energiø bornholm,2: energiø bornholm,Reg Media,"19, wind, state, energinet, gw","33, energinet, area, plant, architect"
6,wind turbin,6: wind turbin,Reg Media,"5, island, connect, energi, bornholm","10, bornholm, new, energi, green"
2,energiø bornholm,2: energiø bornholm,Reg Media,"19, wind, state, energinet, gw","33, energinet, area, plant, architect"
10,green transit,10: green transit,Reg Media,"0, museum, project, energi, say","6, center, bornholm, compani, busi"
2,energiø bornholm,2: energiø bornholm,Reg Media,Noise,"33, energinet, area, plant, architect"
11,bornholm offshor wind,11: bornholm offshor wind,Reg Media,"25, comput, say, also, energi","18, area, energinet, consult, agenc"
9,right reserv,9: right reserv,Reg Media,"24, hydrogen, bornholm, cip, energi","4, green, hydrogen, busi, bornholm"
10,green transit,10: green transit,Reg Media,"6, center, bornholm, compani, busi","6, center, bornholm, compani, busi"
4,municip council,4: municip council,Reg Media,"9, bornholm, municip, year, energi","14, say, democraci, social, municip"
2,energiø bornholm,2: energiø bornholm,Reg Media,"9, bornholm, municip, year, energi","33, energinet, area, plant, architect"
10,green transit,10: green transit,Reg Media,"17, heat, bornholm, green, must","6, center, bornholm, compani, busi"
2,energiø bornholm,2: energiø bornholm,Reg Media,"25, comput, say, also, energi","33, energinet, area, plant, architect"
2,energiø bornholm,2: energiø bornholm,Reg Media,"14, say, democraci, social, municip","33, energinet, area, plant, architect"
10,green transit,10: green transit,Reg Media,"7, bornholm, island, energi, cool","6, center, bornholm, compani, busi"
10,green transit,10: green transit,Reg Media,"6, center, bornholm, compani, busi","6, center, bornholm, compani, busi"
6,wind turbin,6: wind turbin,Reg Media,"10, bornholm, new, energi, green","10, bornholm, new, energi, green"
0,energi island,0: energi island,Reg Media,"4, green, hydrogen, busi, bornholm","4, green, hydrogen, busi, bornholm"
8,danish energi,8: danish energi,Reg Media,"12, bornholm, year, green, energi","0, museum, project, energi, say"
2,energiø bornholm,2: energiø bornholm,Reg Media,"37, busi, park, bornholm, say","33, energinet, area, plant, architect"
4,municip council,4: municip council,Reg Media,"21, energi, island, bornholm, wind","14, say, democraci, social, municip"
6,wind turbin,6: wind turbin,Reg Media,"9, bornholm, municip, year, energi","10, bornholm, new, energi, green"
0,energi island,0: energi island,Reg Media,"17, heat, bornholm, green, must","4, green, hydrogen, busi, bornholm"
8,danish energi,8: danish energi,Reg Media,"24, hydrogen, bornholm, cip, energi","0, museum, project, energi, say"
10,green transit,10: green transit,Reg Media,"22, bornholm, harbor, busi, ptx","6, center, bornholm, compani, busi"
6,wind turbin,6: wind turbin,Reg Media,"39, say, municip, island, bornholm","10, bornholm, new, energi, green"
4,municip council,4: municip council,Reg Media,"9, bornholm, municip, year, energi","14, say, democraci, social, municip"
2,energiø bornholm,2: energiø bornholm,Reg Media,"7, bornholm, island, energi, cool","33, energinet, area, plant, architect"
6,wind turbin,6: wind turbin,Reg Media,"0, museum, project, energi, say","10, bornholm, new, energi, green"
6,wind turbin,6: wind turbin,Reg Media,"35, bornholm, municip, cultur, think","10, bornholm, new, energi, green"
2,energiø bornholm,2: energiø bornholm,Reg Media,"19, wind, state, energinet, gw","33, energinet, area, plant, architect"
8,danish energi,8: danish energi,Reg Media,"14, say, democraci, social, municip","0, museum, project, energi, say"
2,energiø bornholm,2: energiø bornholm,Reg Media,"33, energinet, area, plant, architect","33, energinet, area, plant, architect"
6,wind turbin,6: wind turbin,Reg Media,"10, bornholm, new, energi, green","10, bornholm, new, energi, green"
4,municip council,4: municip council,Reg Media,"19, wind, state, energinet, gw","14, say, democraci, social, municip"
4,municip council,4: municip council,Reg Media,Noise,"14, say, democraci, social, municip"
11,bornholm offshor wind,11: bornholm offshor wind,Reg Media,"17, heat, bornholm, green, must","18, area, energinet, consult, agenc"
2,energiø bornholm,2: energiø bornholm,Reg Media,"25, comput, say, also, energi","33, energinet, area, plant, architect"
2,energiø bornholm,2: energiø bornholm,Reg Media,"19, wind, state, energinet, gw","33, energinet, area, plant, architect"
8,danish energi,8: danish energi,Reg Media,"0, museum, project, energi, say","0, museum, project, energi, say"
11,bornholm offshor wind,11: bornholm offshor wind,Reg Media,"15, bornholm, municip, climat, energi","18, area, energinet, consult, agenc"
8,danish energi,8: danish energi,Reg Media,"21, energi, island, bornholm, wind","0, museum, project, energi, say"
2,energiø bornholm,2: energiø bornholm,Reg Media,"0, museum, project, energi, say","33, energinet, area, plant, architect"
3,north sea,3: north sea,Reg Media,"17, heat, bornholm, green, must","5, island, connect, energi, bornholm"
2,energiø bornholm,2: energiø bornholm,Reg Media,"9, bornholm, municip, year, energi","33, energinet, area, plant, architect"
10,green transit,10: green transit,Reg Media,"15, bornholm, municip, climat, energi","6, center, bornholm, compani, busi"
4,municip council,4: municip council,Reg Media,"7, bornholm, island, energi, cool","14, say, democraci, social, municip"
4,municip council,4: municip council,Reg Media,"14, say, democraci, social, municip","14, say, democraci, social, municip"
8,danish energi,8: danish energi,Reg Media,"0, museum, project, energi, say","0, museum, project, energi, say"
6,wind turbin,6: wind turbin,Reg Media,"14, say, democraci, social, municip","10, bornholm, new, energi, green"
4,municip council,4: municip council,Reg Media,"14, say, democraci, social, municip","14, say, democraci, social, municip"
4,municip council,4: municip council,Reg Media,"39, say, municip, island, bornholm","14, say, democraci, social, municip"
0,energi island,0: energi island,Reg Media,"45, energi, bornholm, hydrogen, center","4, green, hydrogen, busi, bornholm"
4,municip council,4: municip council,Reg Media,"25, comput, say, also, energi","14, say, democraci, social, municip"
4,municip council,4: municip council,Reg Media,"39, say, municip, island, bornholm","14, say, democraci, social, municip"
8,danish energi,8: danish energi,Reg Media,"12, bornholm, year, green, energi","0, museum, project, energi, say"
6,wind turbin,6: wind turbin,Reg Media,"11, energi, island, price, compens","10, bornholm, new, energi, green"
4,municip council,4: municip council,Reg Media,"14, say, democraci, social, municip","14, say, democraci, social, municip"
6,wind turbin,6: wind turbin,Reg Media,"13, hydrogen, co2, fund, compani","10, bornholm, new, energi, green"
2,energiø bornholm,2: energiø bornholm,Reg Media,"0, museum, project, energi, say","33, energinet, area, plant, architect"
0,energi island,0: energi island,Reg Media,"6, center, bornholm, compani, busi","4, green, hydrogen, busi, bornholm"
0,energi island,0: energi island,Reg Media,Noise,"4, green, hydrogen, busi, bornholm"
11,bornholm offshor wind,11: bornholm offshor wind,Reg Media,"11, energi, island, price, compens","18, area, energinet, consult, agenc"
3,north sea,3: north sea,Reg Media,"5, island, connect, energi, bornholm","5, island, connect, energi, bornholm"
11,bornholm offshor wind,11: bornholm offshor wind,Reg Media,"11, energi, island, price, compens","18, area, energinet, consult, agenc"
10,green transit,10: green transit,Reg Media,Noise,"6, center, bornholm, compani, busi"
8,danish energi,8: danish energi,Reg Media,"35, bornholm, municip, cultur, think","0, museum, project, energi, say"
2,energiø bornholm,2: energiø bornholm,Reg Media,"30, bornholm, wind, offshor, also","33, energinet, area, plant, architect"
0,energi island,0: energi island,Reg Media,"24, hydrogen, bornholm, cip, energi","4, green, hydrogen, busi, bornholm"
4,municip council,4: municip council,Reg Media,"7, bornholm, island, energi, cool","14, say, democraci, social, municip"
10,green transit,10: green transit,Reg Media,"34, municip, green, bornholm, need","6, center, bornholm, compani, busi"
2,energiø bornholm,2: energiø bornholm,Reg Media,"11, energi, island, price, compens","33, energinet, area, plant, architect"
2,energiø bornholm,2: energiø bornholm,Reg Media,"11, energi, island, price, compens","33, energinet, area, plant, architect"
2,energiø bornholm,2: energiø bornholm,Reg Media,"33, energinet, area, plant, architect","33, energinet, area, plant, architect"
2,energiø bornholm,2: energiø bornholm,Reg Media,"11, energi, island, price, compens","33, energinet, area, plant, architect"
2,energiø bornholm,2: energiø bornholm,Reg Media,"8, billion, energi, project, say","33, energinet, area, plant, architect"
2,energiø bornholm,2: energiø bornholm,Reg Media,"18, area, energinet, consult, agenc","33, energinet, area, plant, architect"
10,green transit,10: green transit,Reg Media,"8, billion, energi, project, say","6, center, bornholm, compani, busi"
4,municip council,4: municip council,Reg Media,"25, comput, say, also, energi","14, say, democraci, social, municip"
2,energiø bornholm,2: energiø bornholm,Reg Media,"5, island, connect, energi, bornholm","33, energinet, area, plant, architect"
6,wind turbin,6: wind turbin,Reg Media,"21, energi, island, bornholm, wind","10, bornholm, new, energi, green"
0,energi island,0: energi island,Reg Media,"6, center, bornholm, compani, busi","4, green, hydrogen, busi, bornholm"
2,energiø bornholm,2: energiø bornholm,Reg Media,"39, say, municip, island, bornholm","33, energinet, area, plant, architect"
6,wind turbin,6: wind turbin,Reg Media,"17, heat, bornholm, green, must","10, bornholm, new, energi, green"
6,wind turbin,6: wind turbin,Reg Media,"15, bornholm, municip, climat, energi","10, bornholm, new, energi, green"
11,bornholm offshor wind,11: bornholm offshor wind,Reg Media,"22, bornholm, harbor, busi, ptx","18, area, energinet, consult, agenc"
6,wind turbin,6: wind turbin,Reg Media,"5, island, connect, energi, bornholm","10, bornholm, new, energi, green"
2,energiø bornholm,2: energiø bornholm,Reg Media,"14, say, democraci, social, municip","33, energinet, area, plant, architect"
2,energiø bornholm,2: energiø bornholm,Reg Media,"19, wind, state, energinet, gw","33, energinet, area, plant, architect"
11,bornholm offshor wind,11: bornholm offshor wind,Reg Media,"21, energi, island, bornholm, wind","18, area, energinet, consult, agenc"
4,municip council,4: municip council,Reg Media,"14, say, democraci, social, municip","14, say, democraci, social, municip"
2,energiø bornholm,2: energiø bornholm,Reg Media,"11, energi, island, price, compens","33, energinet, area, plant, architect"
2,energiø bornholm,2: energiø bornholm,Reg Media,"0, museum, project, energi, say","33, energinet, area, plant, architect"
0,energi island,0: energi island,Reg Media,"22, bornholm, harbor, busi, ptx","4, green, hydrogen, busi, bornholm"
0,energi island,0: energi island,Reg Media,"6, center, bornholm, compani, busi","4, green, hydrogen, busi, bornholm"
2,energiø bornholm,2: energiø bornholm,Reg Media,"5, island, connect, energi, bornholm","33, energinet, area, plant, architect"
4,municip council,4: municip council,Reg Media,"5, island, connect, energi, bornholm","14, say, democraci, social, municip"
10,green transit,10: green transit,Reg Media,"12, bornholm, year, green, energi","6, center, bornholm, compani, busi"
2,energiø bornholm,2: energiø bornholm,Reg Media,"11, energi, island, price, compens","33, energinet, area, plant, architect"
6,wind turbin,6: wind turbin,Reg Media,"12, bornholm, year, green, energi","10, bornholm, new, energi, green"
10,green transit,10: green transit,Reg Media,"34, municip, green, bornholm, need","6, center, bornholm, compani, busi"
2,energiø bornholm,2: energiø bornholm,Reg Media,"35, bornholm, municip, cultur, think","33, energinet, area, plant, architect"
6,wind turbin,6: wind turbin,Reg Media,"10, bornholm, new, energi, green","10, bornholm, new, energi, green"
8,danish energi,8: danish energi,Reg Media,"21, energi, island, bornholm, wind","0, museum, project, energi, say"
11,bornholm offshor wind,11: bornholm offshor wind,Reg Media,"9, bornholm, municip, year, energi","18, area, energinet, consult, agenc"
8,danish energi,8: danish energi,Reg Media,"34, municip, green, bornholm, need","0, museum, project, energi, say"
10,green transit,10: green transit,Reg Media,"4, green, hydrogen, busi, bornholm","6, center, bornholm, compani, busi"
0,energi island,0: energi island,Reg Media,"13, hydrogen, co2, fund, compani","4, green, hydrogen, busi, bornholm"
10,green transit,10: green transit,Reg Media,"17, heat, bornholm, green, must","6, center, bornholm, compani, busi"
2,energiø bornholm,2: energiø bornholm,Reg Media,"7, bornholm, island, energi, cool","33, energinet, area, plant, architect"
8,danish energi,8: danish energi,Reg Media,"24, hydrogen, bornholm, cip, energi","0, museum, project, energi, say"
2,energiø bornholm,2: energiø bornholm,Reg Media,"7, bornholm, island, energi, cool","33, energinet, area, plant, architect"
6,wind turbin,6: wind turbin,Reg Media,"22, bornholm, harbor, busi, ptx","10, bornholm, new, energi, green"
10,green transit,10: green transit,Reg Media,Noise,"6, center, bornholm, compani, busi"
2,energiø bornholm,2: energiø bornholm,Reg Media,"21, energi, island, bornholm, wind","33, energinet, area, plant, architect"
8,danish energi,8: danish energi,Reg Media,"22, bornholm, harbor, busi, ptx","0, museum, project, energi, say"
2,energiø bornholm,2: energiø bornholm,Reg Media,"7, bornholm, island, energi, cool","33, energinet, area, plant, architect"
2,energiø bornholm,2: energiø bornholm,Reg Media,"39, say, municip, island, bornholm","33, energinet, area, plant, architect"
8,danish energi,8: danish energi,Reg Media,"7, bornholm, island, energi, cool","0, museum, project, energi, say"
8,danish energi,8: danish energi,Reg Media,Noise,"0, museum, project, energi, say"
4,municip council,4: municip council,Reg Media,"25, comput, say, also, energi","14, say, democraci, social, municip"
10,green transit,10: green transit,Reg Media,"17, heat, bornholm, green, must","6, center, bornholm, compani, busi"
4,municip council,4: municip council,Reg Media,"14, say, democraci, social, municip","14, say, democraci, social, municip"
0,energi island,0: energi island,Reg Media,"0, museum, project, energi, say","4, green, hydrogen, busi, bornholm"
4,municip council,4: municip council,Reg Media,"14, say, democraci, social, municip","14, say, democraci, social, municip"
8,danish energi,8: danish energi,Reg Media,"11, energi, island, price, compens","0, museum, project, energi, say"
10,green transit,10: green transit,Reg Media,"17, heat, bornholm, green, must","6, center, bornholm, compani, busi"
8,danish energi,8: danish energi,Reg Media,"11, energi, island, price, compens","0, museum, project, energi, say"
11,bornholm offshor wind,11: bornholm offshor wind,Reg Media,"5, island, connect, energi, bornholm","18, area, energinet, consult, agenc"
6,wind turbin,6: wind turbin,Reg Media,"15, bornholm, municip, climat, energi","10, bornholm, new, energi, green"
3,north sea,3: north sea,Reg Media,"10, bornholm, new, energi, green","5, island, connect, energi, bornholm"
8,danish energi,8: danish energi,Reg Media,"37, busi, park, bornholm, say","0, museum, project, energi, say"
2,energiø bornholm,2: energiø bornholm,Reg Media,"19, wind, state, energinet, gw","33, energinet, area, plant, architect"
8,danish energi,8: danish energi,Reg Media,"35, bornholm, municip, cultur, think","0, museum, project, energi, say"
6,wind turbin,6: wind turbin,Reg Media,"14, say, democraci, social, municip","10, bornholm, new, energi, green"
0,energi island,0: energi island,Reg Media,"6, center, bornholm, compani, busi","4, green, hydrogen, busi, bornholm"
2,energiø bornholm,2: energiø bornholm,Reg Media,"15, bornholm, municip, climat, energi","33, energinet, area, plant, architect"
8,danish energi,8: danish energi,Reg Media,"24, hydrogen, bornholm, cip, energi","0, museum, project, energi, say"
2,energiø bornholm,2: energiø bornholm,Reg Media,"11, energi, island, price, compens","33, energinet, area, plant, architect"
0,energi island,0: energi island,Reg Media,Noise,"4, green, hydrogen, busi, bornholm"
8,danish energi,8: danish energi,Reg Media,"17, heat, bornholm, green, must","0, museum, project, energi, say"
0,energi island,0: energi island,Reg Media,"0, museum, project, energi, say","4, green, hydrogen, busi, bornholm"
6,wind turbin,6: wind turbin,Reg Media,"11, energi, island, price, compens","10, bornholm, new, energi, green"
6,wind turbin,6: wind turbin,Reg Media,"9, bornholm, municip, year, energi","10, bornholm, new, energi, green"
8,danish energi,8: danish energi,Reg Media,"24, hydrogen, bornholm, cip, energi","0, museum, project, energi, say"
8,danish energi,8: danish energi,Reg Media,Noise,"0, museum, project, energi, say"
6,wind turbin,6: wind turbin,Reg Media,"5, island, connect, energi, bornholm","10, bornholm, new, energi, green"
4,municip council,4: municip council,Reg Media,"0, museum, project, energi, say","14, say, democraci, social, municip"
4,municip council,4: municip council,Reg Media,"0, museum, project, energi, say","14, say, democraci, social, municip"
2,energiø bornholm,2: energiø bornholm,Reg Media,"9, bornholm, municip, year, energi","33, energinet, area, plant, architect"
6,wind turbin,6: wind turbin,Reg Media,"28, bornholm, guard, must, mani","10, bornholm, new, energi, green"
8,danish energi,8: danish energi,Reg Media,"24, hydrogen, bornholm, cip, energi","0, museum, project, energi, say"
8,danish energi,8: danish energi,Reg Media,"17, heat, bornholm, green, must","0, museum, project, energi, say"
4,municip council,4: municip council,Reg Media,"14, say, democraci, social, municip","14, say, democraci, social, municip"
2,energiø bornholm,2: energiø bornholm,Reg Media,"8, billion, energi, project, say","33, energinet, area, plant, architect"
10,green transit,10: green transit,Reg Media,"13, hydrogen, co2, fund, compani","6, center, bornholm, compani, busi"
6,wind turbin,6: wind turbin,Reg Media,"30, bornholm, wind, offshor, also","10, bornholm, new, energi, green"
6,wind turbin,6: wind turbin,Reg Media,"21, energi, island, bornholm, wind","10, bornholm, new, energi, green"
8,danish energi,8: danish energi,Reg Media,"19, wind, state, energinet, gw","0, museum, project, energi, say"
2,energiø bornholm,2: energiø bornholm,Reg Media,"5, island, connect, energi, bornholm","33, energinet, area, plant, architect"
2,energiø bornholm,2: energiø bornholm,Reg Media,"7, bornholm, island, energi, cool","33, energinet, area, plant, architect"
8,danish energi,8: danish energi,Reg Media,"5, island, connect, energi, bornholm","0, museum, project, energi, say"
9,right reserv,9: right reserv,Reg Media,"24, hydrogen, bornholm, cip, energi","4, green, hydrogen, busi, bornholm"
10,green transit,10: green transit,Reg Media,"12, bornholm, year, green, energi","6, center, bornholm, compani, busi"
8,danish energi,8: danish energi,Reg Media,"8, billion, energi, project, say","0, museum, project, energi, say"
8,danish energi,8: danish energi,Reg Media,"33, energinet, area, plant, architect","0, museum, project, energi, say"
8,danish energi,8: danish energi,Reg Media,"19, wind, state, energinet, gw","0, museum, project, energi, say"
2,energiø bornholm,2: energiø bornholm,Reg Media,"11, energi, island, price, compens","33, energinet, area, plant, architect"
11,bornholm offshor wind,11: bornholm offshor wind,Reg Media,"30, bornholm, wind, offshor, also","18, area, energinet, consult, agenc"
0,energi island,0: energi island,Reg Media,"9, bornholm, municip, year, energi","4, green, hydrogen, busi, bornholm"
11,bornholm offshor wind,11: bornholm offshor wind,Reg Media,"18, area, energinet, consult, agenc","18, area, energinet, consult, agenc"
10,green transit,10: green transit,Reg Media,"35, bornholm, municip, cultur, think","6, center, bornholm, compani, busi"
2,energiø bornholm,2: energiø bornholm,Reg Media,"18, area, energinet, consult, agenc","33, energinet, area, plant, architect"
8,danish energi,8: danish energi,Reg Media,"25, comput, say, also, energi","0, museum, project, energi, say"
8,danish energi,8: danish energi,Reg Media,"0, museum, project, energi, say","0, museum, project, energi, say"
6,wind turbin,6: wind turbin,Reg Media,"9, bornholm, municip, year, energi","10, bornholm, new, energi, green"
4,municip council,4: municip council,Reg Media,"10, bornholm, new, energi, green","14, say, democraci, social, municip"
8,danish energi,8: danish energi,Reg Media,"10, bornholm, new, energi, green","0, museum, project, energi, say"
6,wind turbin,6: wind turbin,Reg Media,"28, bornholm, guard, must, mani","10, bornholm, new, energi, green"
11,bornholm offshor wind,11: bornholm offshor wind,Reg Media,"24, hydrogen, bornholm, cip, energi","18, area, energinet, consult, agenc"
11,bornholm offshor wind,11: bornholm offshor wind,Reg Media,"0, museum, project, energi, say","18, area, energinet, consult, agenc"
8,danish energi,8: danish energi,Reg Media,Noise,"0, museum, project, energi, say"
4,municip council,4: municip council,Reg Media,"21, energi, island, bornholm, wind","14, say, democraci, social, municip"
4,municip council,4: municip council,Reg Media,"12, bornholm, year, green, energi","14, say, democraci, social, municip"
8,danish energi,8: danish energi,Reg Media,"15, bornholm, municip, climat, energi","0, museum, project, energi, say"
10,green transit,10: green transit,Reg Media,"34, municip, green, bornholm, need","6, center, bornholm, compani, busi"
9,right reserv,9: right reserv,Reg Media,"7, bornholm, island, energi, cool","4, green, hydrogen, busi, bornholm"
0,energi island,0: energi island,Reg Media,"9, bornholm, municip, year, energi","4, green, hydrogen, busi, bornholm"
2,energiø bornholm,2: energiø bornholm,Reg Media,"8, billion, energi, project, say","33, energinet, area, plant, architect"
10,green transit,10: green transit,Reg Media,"15, bornholm, municip, climat, energi","6, center, bornholm, compani, busi"
10,green transit,10: green transit,Reg Media,"6, center, bornholm, compani, busi","6, center, bornholm, compani, busi"
10,green transit,10: green transit,Reg Media,"4, green, hydrogen, busi, bornholm","6, center, bornholm, compani, busi"
6,wind turbin,6: wind turbin,Reg Media,"15, bornholm, municip, climat, energi","10, bornholm, new, energi, green"
10,green transit,10: green transit,Reg Media,"34, municip, green, bornholm, need","6, center, bornholm, compani, busi"
6,wind turbin,6: wind turbin,Reg Media,"9, bornholm, municip, year, energi","10, bornholm, new, energi, green"
2,energiø bornholm,2: energiø bornholm,Reg Media,"12, bornholm, year, green, energi","33, energinet, area, plant, architect"
10,green transit,10: green transit,Reg Media,"22, bornholm, harbor, busi, ptx","6, center, bornholm, compani, busi"
10,green transit,10: green transit,Reg Media,"34, municip, green, bornholm, need","6, center, bornholm, compani, busi"
11,bornholm offshor wind,11: bornholm offshor wind,Reg Media,Noise,"18, area, energinet, consult, agenc"
8,danish energi,8: danish energi,Reg Media,"0, museum, project, energi, say","0, museum, project, energi, say"
4,municip council,4: municip council,Reg Media,"10, bornholm, new, energi, green","14, say, democraci, social, municip"
2,energiø bornholm,2: energiø bornholm,Reg Media,Noise,"33, energinet, area, plant, architect"
4,municip council,4: municip council,Reg Media,"30, bornholm, wind, offshor, also","14, say, democraci, social, municip"
4,municip council,4: municip council,Reg Media,"9, bornholm, municip, year, energi","14, say, democraci, social, municip"
10,green transit,10: green transit,Reg Media,"28, bornholm, guard, must, mani","6, center, bornholm, compani, busi"
10,green transit,10: green transit,Reg Media,"4, green, hydrogen, busi, bornholm","6, center, bornholm, compani, busi"
0,energi island,0: energi island,Reg Media,"3, risk, system, energi, 111","4, green, hydrogen, busi, bornholm"
2,energiø bornholm,2: energiø bornholm,Reg Media,"37, busi, park, bornholm, say","33, energinet, area, plant, architect"
2,energiø bornholm,2: energiø bornholm,Reg Media,"10, bornholm, new, energi, green","33, energinet, area, plant, architect"
4,municip council,4: municip council,Reg Media,"28, bornholm, guard, must, mani","14, say, democraci, social, municip"
10,green transit,10: green transit,Reg Media,"35, bornholm, municip, cultur, think","6, center, bornholm, compani, busi"
0,energi island,0: energi island,Reg Media,"22, bornholm, harbor, busi, ptx","4, green, hydrogen, busi, bornholm"
4,municip council,4: municip council,Reg Media,"15, bornholm, municip, climat, energi","14, say, democraci, social, municip"
0,energi island,0: energi island,Reg Media,"24, hydrogen, bornholm, cip, energi","4, green, hydrogen, busi, bornholm"
8,danish energi,8: danish energi,Reg Media,"13, hydrogen, co2, fund, compani","0, museum, project, energi, say"
9,right reserv,9: right reserv,Reg Media,"13, hydrogen, co2, fund, compani","4, green, hydrogen, busi, bornholm"
9,right reserv,9: right reserv,Reg Media,"13, hydrogen, co2, fund, compani","4, green, hydrogen, busi, bornholm"
4,municip council,4: municip council,Reg Media,"10, bornholm, new, energi, green","14, say, democraci, social, municip"
4,municip council,4: municip council,Reg Media,"15, bornholm, municip, climat, energi","14, say, democraci, social, municip"
4,municip council,4: municip council,Reg Media,"9, bornholm, municip, year, energi","14, say, democraci, social, municip"
3,north sea,3: north sea,Reg Media,"24, hydrogen, bornholm, cip, energi","5, island, connect, energi, bornholm"
11,bornholm offshor wind,11: bornholm offshor wind,Reg Media,"10, bornholm, new, energi, green","18, area, energinet, consult, agenc"
2,energiø bornholm,2: energiø bornholm,Reg Media,"19, wind, state, energinet, gw","33, energinet, area, plant, architect"
2,energiø bornholm,2: energiø bornholm,Reg Media,"0, museum, project, energi, say","33, energinet, area, plant, architect"
0,energi island,0: energi island,Reg Media,Noise,"4, green, hydrogen, busi, bornholm"
4,municip council,4: municip council,Reg Media,"9, bornholm, municip, year, energi","14, say, democraci, social, municip"
11,bornholm offshor wind,11: bornholm offshor wind,Reg Media,"18, area, energinet, consult, agenc","18, area, energinet, consult, agenc"
8,danish energi,8: danish energi,Reg Media,"11, energi, island, price, compens","0, museum, project, energi, say"
2,energiø bornholm,2: energiø bornholm,Reg Media,"11, energi, island, price, compens","33, energinet, area, plant, architect"
2,energiø bornholm,2: energiø bornholm,Reg Media,"30, bornholm, wind, offshor, also","33, energinet, area, plant, architect"
2,energiø bornholm,2: energiø bornholm,Reg Media,"37, busi, park, bornholm, say","33, energinet, area, plant, architect"
10,green transit,10: green transit,Reg Media,"12, bornholm, year, green, energi","6, center, bornholm, compani, busi"
6,wind turbin,6: wind turbin,Reg Media,"21, energi, island, bornholm, wind","10, bornholm, new, energi, green"
0,energi island,0: energi island,Reg Media,"18, area, energinet, consult, agenc","4, green, hydrogen, busi, bornholm"
11,bornholm offshor wind,11: bornholm offshor wind,Reg Media,"30, bornholm, wind, offshor, also","18, area, energinet, consult, agenc"
0,energi island,0: energi island,Reg Media,"25, comput, say, also, energi","4, green, hydrogen, busi, bornholm"
2,energiø bornholm,2: energiø bornholm,Reg Media,"5, island, connect, energi, bornholm","33, energinet, area, plant, architect"
6,wind turbin,6: wind turbin,Reg Media,"39, say, municip, island, bornholm","10, bornholm, new, energi, green"
2,energiø bornholm,2: energiø bornholm,Reg Media,"18, area, energinet, consult, agenc","33, energinet, area, plant, architect"
6,wind turbin,6: wind turbin,Reg Media,"14, say, democraci, social, municip","10, bornholm, new, energi, green"
11,bornholm offshor wind,11: bornholm offshor wind,Reg Media,"30, bornholm, wind, offshor, also","18, area, energinet, consult, agenc"
10,green transit,10: green transit,Reg Media,"14, say, democraci, social, municip","6, center, bornholm, compani, busi"
6,wind turbin,6: wind turbin,Reg Media,"25, comput, say, also, energi","10, bornholm, new, energi, green"
0,energi island,0: energi island,Reg Media,"12, bornholm, year, green, energi","4, green, hydrogen, busi, bornholm"
11,bornholm offshor wind,11: bornholm offshor wind,Reg Media,"30, bornholm, wind, offshor, also","18, area, energinet, consult, agenc"
2,energiø bornholm,2: energiø bornholm,Reg Media,"8, billion, energi, project, say","33, energinet, area, plant, architect"
4,municip council,4: municip council,Reg Media,"0, museum, project, energi, say","14, say, democraci, social, municip"
6,wind turbin,6: wind turbin,Reg Media,"19, wind, state, energinet, gw","10, bornholm, new, energi, green"
2,energiø bornholm,2: energiø bornholm,Reg Media,"28, bornholm, guard, must, mani","33, energinet, area, plant, architect"
4,municip council,4: municip council,Reg Media,"14, say, democraci, social, municip","14, say, democraci, social, municip"
11,bornholm offshor wind,11: bornholm offshor wind,Reg Media,"37, busi, park, bornholm, say","18, area, energinet, consult, agenc"
10,green transit,10: green transit,Reg Media,"13, hydrogen, co2, fund, compani","6, center, bornholm, compani, busi"
11,bornholm offshor wind,11: bornholm offshor wind,Reg Media,"14, say, democraci, social, municip","18, area, energinet, consult, agenc"
0,energi island,0: energi island,Reg Media,"6, center, bornholm, compani, busi","4, green, hydrogen, busi, bornholm"
2,energiø bornholm,2: energiø bornholm,Reg Media,"11, energi, island, price, compens","33, energinet, area, plant, architect"
2,energiø bornholm,2: energiø bornholm,Reg Media,"15, bornholm, municip, climat, energi","33, energinet, area, plant, architect"
2,energiø bornholm,2: energiø bornholm,Reg Media,"39, say, municip, island, bornholm","33, energinet, area, plant, architect"
0,energi island,0: energi island,Reg Media,"6, center, bornholm, compani, busi","4, green, hydrogen, busi, bornholm"
4,municip council,4: municip council,Reg Media,"14, say, democraci, social, municip","14, say, democraci, social, municip"
0,energi island,0: energi island,Reg Media,"4, green, hydrogen, busi, bornholm","4, green, hydrogen, busi, bornholm"
10,green transit,10: green transit,Reg Media,"4, green, hydrogen, busi, bornholm","6, center, bornholm, compani, busi"
0,energi island,0: energi island,Reg Media,"12, bornholm, year, green, energi","4, green, hydrogen, busi, bornholm"
0,energi island,0: energi island,Reg Media,"13, hydrogen, co2, fund, compani","4, green, hydrogen, busi, bornholm"
8,danish energi,8: danish energi,Reg Media,"7, bornholm, island, energi, cool","0, museum, project, energi, say"
0,energi island,0: energi island,Reg Media,"10, bornholm, new, energi, green","4, green, hydrogen, busi, bornholm"
11,bornholm offshor wind,11: bornholm offshor wind,Reg Media,"25, comput, say, also, energi","18, area, energinet, consult, agenc"
10,green transit,10: green transit,Reg Media,"8, billion, energi, project, say","6, center, bornholm, compani, busi"
0,energi island,0: energi island,Reg Media,"15, bornholm, municip, climat, energi","4, green, hydrogen, busi, bornholm"
11,bornholm offshor wind,11: bornholm offshor wind,Reg Media,"30, bornholm, wind, offshor, also","18, area, energinet, consult, agenc"
2,energiø bornholm,2: energiø bornholm,Reg Media,"21, energi, island, bornholm, wind","33, energinet, area, plant, architect"
6,wind turbin,6: wind turbin,Reg Media,"10, bornholm, new, energi, green","10, bornholm, new, energi, green"
11,bornholm offshor wind,11: bornholm offshor wind,Reg Media,Noise,"18, area, energinet, consult, agenc"
0,energi island,0: energi island,Reg Media,"21, energi, island, bornholm, wind","4, green, hydrogen, busi, bornholm"
0,energi island,0: energi island,Reg Media,"4, green, hydrogen, busi, bornholm","4, green, hydrogen, busi, bornholm"
10,green transit,10: green transit,Reg Media,"11, energi, island, price, compens","6, center, bornholm, compani, busi"
10,green transit,10: green transit,Reg Media,"22, bornholm, harbor, busi, ptx","6, center, bornholm, compani, busi"
10,green transit,10: green transit,Reg Media,"12, bornholm, year, green, energi","6, center, bornholm, compani, busi"
10,green transit,10: green transit,Reg Media,"12, bornholm, year, green, energi","6, center, bornholm, compani, busi"
11,bornholm offshor wind,11: bornholm offshor wind,Reg Media,"35, bornholm, municip, cultur, think","18, area, energinet, consult, agenc"
4,municip council,4: municip council,Reg Media,"37, busi, park, bornholm, say","14, say, democraci, social, municip"
2,energiø bornholm,2: energiø bornholm,Reg Media,"5, island, connect, energi, bornholm","33, energinet, area, plant, architect"
6,wind turbin,6: wind turbin,Reg Media,"10, bornholm, new, energi, green","10, bornholm, new, energi, green"
10,green transit,10: green transit,Reg Media,"24, hydrogen, bornholm, cip, energi","6, center, bornholm, compani, busi"
2,energiø bornholm,2: energiø bornholm,Reg Media,"11, energi, island, price, compens","33, energinet, area, plant, architect"
8,danish energi,8: danish energi,Reg Media,"8, billion, energi, project, say","0, museum, project, energi, say"
4,municip council,4: municip council,Reg Media,"15, bornholm, municip, climat, energi","14, say, democraci, social, municip"
4,municip council,4: municip council,Reg Media,"14, say, democraci, social, municip","14, say, democraci, social, municip"
10,green transit,10: green transit,Reg Media,"13, hydrogen, co2, fund, compani","6, center, bornholm, compani, busi"
2,energiø bornholm,2: energiø bornholm,Reg Media,"33, energinet, area, plant, architect","33, energinet, area, plant, architect"
6,wind turbin,6: wind turbin,Reg Media,"25, comput, say, also, energi","10, bornholm, new, energi, green"
2,energiø bornholm,2: energiø bornholm,Reg Media,"18, area, energinet, consult, agenc","33, energinet, area, plant, architect"
0,energi island,0: energi island,Reg Media,"8, billion, energi, project, say","4, green, hydrogen, busi, bornholm"
9,right reserv,9: right reserv,Reg Media,"4, green, hydrogen, busi, bornholm","4, green, hydrogen, busi, bornholm"
10,green transit,10: green transit,Reg Media,"22, bornholm, harbor, busi, ptx","6, center, bornholm, compani, busi"
8,danish energi,8: danish energi,Reg Media,"11, energi, island, price, compens","0, museum, project, energi, say"
0,energi island,0: energi island,Reg Media,"4, green, hydrogen, busi, bornholm","4, green, hydrogen, busi, bornholm"
8,danish energi,8: danish energi,Reg Media,"4, green, hydrogen, busi, bornholm","0, museum, project, energi, say"
10,green transit,10: green transit,Reg Media,Noise,"6, center, bornholm, compani, busi"
8,danish energi,8: danish energi,Reg Media,"28, bornholm, guard, must, mani","0, museum, project, energi, say"
0,energi island,0: energi island,Reg Media,"37, busi, park, bornholm, say","4, green, hydrogen, busi, bornholm"
10,green transit,10: green transit,Reg Media,"13, hydrogen, co2, fund, compani","6, center, bornholm, compani, busi"
6,wind turbin,6: wind turbin,Reg Media,"9, bornholm, municip, year, energi","10, bornholm, new, energi, green"
4,municip council,4: municip council,Reg Media,"30, bornholm, wind, offshor, also","14, say, democraci, social, municip"
2,energiø bornholm,2: energiø bornholm,Reg Media,"8, billion, energi, project, say","33, energinet, area, plant, architect"
4,municip council,4: municip council,Reg Media,"11, energi, island, price, compens","14, say, democraci, social, municip"
8,danish energi,8: danish energi,Reg Media,"5, island, connect, energi, bornholm","0, museum, project, energi, say"
2,energiø bornholm,2: energiø bornholm,Reg Media,"5, island, connect, energi, bornholm","33, energinet, area, plant, architect"
0,energi island,0: energi island,Reg Media,"30, bornholm, wind, offshor, also","4, green, hydrogen, busi, bornholm"
8,danish energi,8: danish energi,Reg Media,"7, bornholm, island, energi, cool","0, museum, project, energi, say"
3,north sea,3: north sea,Reg Media,"21, energi, island, bornholm, wind","5, island, connect, energi, bornholm"
10,green transit,10: green transit,Reg Media,"34, municip, green, bornholm, need","6, center, bornholm, compani, busi"
6,wind turbin,6: wind turbin,Reg Media,"37, busi, park, bornholm, say","10, bornholm, new, energi, green"
0,energi island,0: energi island,Reg Media,"24, hydrogen, bornholm, cip, energi","4, green, hydrogen, busi, bornholm"
2,energiø bornholm,2: energiø bornholm,Reg Media,"33, energinet, area, plant, architect","33, energinet, area, plant, architect"
4,municip council,4: municip council,Reg Media,"15, bornholm, municip, climat, energi","14, say, democraci, social, municip"
4,municip council,4: municip council,Reg Media,"25, comput, say, also, energi","14, say, democraci, social, municip"
8,danish energi,8: danish energi,Reg Media,"12, bornholm, year, green, energi","0, museum, project, energi, say"
2,energiø bornholm,2: energiø bornholm,Reg Media,"39, say, municip, island, bornholm","33, energinet, area, plant, architect"
8,danish energi,8: danish energi,Reg Media,"28, bornholm, guard, must, mani","0, museum, project, energi, say"
6,wind turbin,6: wind turbin,Reg Media,"11, energi, island, price, compens","10, bornholm, new, energi, green"
8,danish energi,8: danish energi,Reg Media,"21, energi, island, bornholm, wind","0, museum, project, energi, say"
6,wind turbin,6: wind turbin,Reg Media,"37, busi, park, bornholm, say","10, bornholm, new, energi, green"
6,wind turbin,6: wind turbin,Reg Media,"39, say, municip, island, bornholm","10, bornholm, new, energi, green"
6,wind turbin,6: wind turbin,Reg Media,"39, say, municip, island, bornholm","10, bornholm, new, energi, green"
6,wind turbin,6: wind turbin,Reg Media,"15, bornholm, municip, climat, energi","10, bornholm, new, energi, green"
10,green transit,10: green transit,Reg Media,"4, green, hydrogen, busi, bornholm","6, center, bornholm, compani, busi"
0,energi island,0: energi island,Reg Media,"22, bornholm, harbor, busi, ptx","4, green, hydrogen, busi, bornholm"
0,energi island,0: energi island,Reg Media,"6, center, bornholm, compani, busi","4, green, hydrogen, busi, bornholm"
4,municip council,4: municip council,Reg Media,"37, busi, park, bornholm, say","14, say, democraci, social, municip"
2,energiø bornholm,2: energiø bornholm,Reg Media,"15, bornholm, municip, climat, energi","33, energinet, area, plant, architect"
2,energiø bornholm,2: energiø bornholm,Reg Media,"9, bornholm, municip, year, energi","33, energinet, area, plant, architect"
10,green transit,10: green transit,Reg Media,"25, comput, say, also, energi","6, center, bornholm, compani, busi"
4,municip council,4: municip council,Reg Media,"39, say, municip, island, bornholm","14, say, democraci, social, municip"
9,right reserv,9: right reserv,Reg Media,"4, green, hydrogen, busi, bornholm","4, green, hydrogen, busi, bornholm"
6,wind turbin,6: wind turbin,Reg Media,"5, island, connect, energi, bornholm","10, bornholm, new, energi, green"
2,energiø bornholm,2: energiø bornholm,Reg Media,"9, bornholm, municip, year, energi","33, energinet, area, plant, architect"
10,green transit,10: green transit,Reg Media,"4, green, hydrogen, busi, bornholm","6, center, bornholm, compani, busi"
0,energi island,0: energi island,Reg Media,"45, energi, bornholm, hydrogen, center","4, green, hydrogen, busi, bornholm"
10,green transit,10: green transit,Reg Media,"14, say, democraci, social, municip","6, center, bornholm, compani, busi"
0,energi island,0: energi island,Reg Media,"45, energi, bornholm, hydrogen, center","4, green, hydrogen, busi, bornholm"
6,wind turbin,6: wind turbin,Reg Media,"7, bornholm, island, energi, cool","10, bornholm, new, energi, green"
2,energiø bornholm,2: energiø bornholm,Reg Media,"11, energi, island, price, compens","33, energinet, area, plant, architect"
10,green transit,10: green transit,Reg Media,"5, island, connect, energi, bornholm","6, center, bornholm, compani, busi"
10,green transit,10: green transit,Reg Media,"34, municip, green, bornholm, need","6, center, bornholm, compani, busi"
9,right reserv,9: right reserv,Reg Media,"17, heat, bornholm, green, must","4, green, hydrogen, busi, bornholm"
6,wind turbin,6: wind turbin,Reg Media,"15, bornholm, municip, climat, energi","10, bornholm, new, energi, green"
6,wind turbin,6: wind turbin,Reg Media,"37, busi, park, bornholm, say","10, bornholm, new, energi, green"
2,energiø bornholm,2: energiø bornholm,Reg Media,"5, island, connect, energi, bornholm","33, energinet, area, plant, architect"
8,danish energi,8: danish energi,Reg Media,"15, bornholm, municip, climat, energi","0, museum, project, energi, say"
0,energi island,0: energi island,Reg Media,"13, hydrogen, co2, fund, compani","4, green, hydrogen, busi, bornholm"
10,green transit,10: green transit,Reg Media,"13, hydrogen, co2, fund, compani","6, center, bornholm, compani, busi"
11,bornholm offshor wind,11: bornholm offshor wind,Reg Media,"5, island, connect, energi, bornholm","18, area, energinet, consult, agenc"
4,municip council,4: municip council,Reg Media,"10, bornholm, new, energi, green","14, say, democraci, social, municip"
2,energiø bornholm,2: energiø bornholm,Reg Media,"35, bornholm, municip, cultur, think","33, energinet, area, plant, architect"
6,wind turbin,6: wind turbin,Reg Media,"12, bornholm, year, green, energi","10, bornholm, new, energi, green"
8,danish energi,8: danish energi,Reg Media,"24, hydrogen, bornholm, cip, energi","0, museum, project, energi, say"
10,green transit,10: green transit,Reg Media,Noise,"6, center, bornholm, compani, busi"
0,energi island,0: energi island,Reg Media,"21, energi, island, bornholm, wind","4, green, hydrogen, busi, bornholm"
3,north sea,3: north sea,Reg Media,"5, island, connect, energi, bornholm","5, island, connect, energi, bornholm"
10,green transit,10: green transit,Reg Media,"17, heat, bornholm, green, must","6, center, bornholm, compani, busi"
2,energiø bornholm,2: energiø bornholm,Reg Media,"9, bornholm, municip, year, energi","33, energinet, area, plant, architect"
0,energi island,0: energi island,Reg Media,"17, heat, bornholm, green, must","4, green, hydrogen, busi, bornholm"
2,energiø bornholm,2: energiø bornholm,Reg Media,"15, bornholm, municip, climat, energi","33, energinet, area, plant, architect"
10,green transit,10: green transit,Reg Media,"13, hydrogen, co2, fund, compani","6, center, bornholm, compani, busi"
10,green transit,10: green transit,Reg Media,"12, bornholm, year, green, energi","6, center, bornholm, compani, busi"
4,municip council,4: municip council,Reg Media,"22, bornholm, harbor, busi, ptx","14, say, democraci, social, municip"
8,danish energi,8: danish energi,Reg Media,"15, bornholm, municip, climat, energi","0, museum, project, energi, say"
4,municip council,4: municip council,Reg Media,"15, bornholm, municip, climat, energi","14, say, democraci, social, municip"
6,wind turbin,6: wind turbin,Reg Media,"10, bornholm, new, energi, green","10, bornholm, new, energi, green"
4,municip council,4: municip council,Reg Media,"0, museum, project, energi, say","14, say, democraci, social, municip"
0,energi island,0: energi island,Reg Media,"13, hydrogen, co2, fund, compani","4, green, hydrogen, busi, bornholm"
0,energi island,0: energi island,Reg Media,"6, center, bornholm, compani, busi","4, green, hydrogen, busi, bornholm"
4,municip council,4: municip council,Reg Media,"35, bornholm, municip, cultur, think","14, say, democraci, social, municip"
8,danish energi,8: danish energi,Reg Media,"6, center, bornholm, compani, busi","0, museum, project, energi, say"
8,danish energi,8: danish energi,Reg Media,"5, island, connect, energi, bornholm","0, museum, project, energi, say"
10,green transit,10: green transit,Reg Media,Noise,"6, center, bornholm, compani, busi"
8,danish energi,8: danish energi,Reg Media,"34, municip, green, bornholm, need","0, museum, project, energi, say"
8,danish energi,8: danish energi,Reg Media,"7, bornholm, island, energi, cool","0, museum, project, energi, say"
8,danish energi,8: danish energi,Reg Media,"45, energi, bornholm, hydrogen, center","0, museum, project, energi, say"
0,energi island,0: energi island,Reg Media,"17, heat, bornholm, green, must","4, green, hydrogen, busi, bornholm"
4,municip council,4: municip council,Reg Media,"25, comput, say, also, energi","14, say, democraci, social, municip"
10,green transit,10: green transit,Reg Media,"22, bornholm, harbor, busi, ptx","6, center, bornholm, compani, busi"
4,municip council,4: municip council,Reg Media,"15, bornholm, municip, climat, energi","14, say, democraci, social, municip"
10,green transit,10: green transit,Reg Media,"17, heat, bornholm, green, must","6, center, bornholm, compani, busi"
10,green transit,10: green transit,Reg Media,"24, hydrogen, bornholm, cip, energi","6, center, bornholm, compani, busi"
0,energi island,0: energi island,Reg Media,"17, heat, bornholm, green, must","4, green, hydrogen, busi, bornholm"
11,bornholm offshor wind,11: bornholm offshor wind,Reg Media,"17, heat, bornholm, green, must","18, area, energinet, consult, agenc"
10,green transit,10: green transit,Reg Media,"17, heat, bornholm, green, must","6, center, bornholm, compani, busi"
0,energi island,0: energi island,Reg Media,Noise,"4, green, hydrogen, busi, bornholm"
4,municip council,4: municip council,Reg Media,"28, bornholm, guard, must, mani","14, say, democraci, social, municip"
4,municip council,4: municip council,Reg Media,"39, say, municip, island, bornholm","14, say, democraci, social, municip"
10,green transit,10: green transit,Reg Media,Noise,"6, center, bornholm, compani, busi"
10,green transit,10: green transit,Reg Media,"22, bornholm, harbor, busi, ptx","6, center, bornholm, compani, busi"
10,green transit,10: green transit,Reg Media,"24, hydrogen, bornholm, cip, energi","6, center, bornholm, compani, busi"
10,green transit,10: green transit,Reg Media,"15, bornholm, municip, climat, energi","6, center, bornholm, compani, busi"
0,energi island,0: energi island,Reg Media,"24, hydrogen, bornholm, cip, energi","4, green, hydrogen, busi, bornholm"
0,energi island,0: energi island,Reg Media,"4, green, hydrogen, busi, bornholm","4, green, hydrogen, busi, bornholm"
11,bornholm offshor wind,11: bornholm offshor wind,Reg Media,"28, bornholm, guard, must, mani","18, area, energinet, consult, agenc"
0,energi island,0: energi island,Reg Media,"4, green, hydrogen, busi, bornholm","4, green, hydrogen, busi, bornholm"
6,wind turbin,6: wind turbin,Reg Media,"10, bornholm, new, energi, green","10, bornholm, new, energi, green"
2,energiø bornholm,2: energiø bornholm,Reg Media,"14, say, democraci, social, municip","33, energinet, area, plant, architect"
0,energi island,0: energi island,Reg Media,"17, heat, bornholm, green, must","4, green, hydrogen, busi, bornholm"
10,green transit,10: green transit,Reg Media,"14, say, democraci, social, municip","6, center, bornholm, compani, busi"
8,danish energi,8: danish energi,Reg Media,"11, energi, island, price, compens","0, museum, project, energi, say"
10,green transit,10: green transit,Reg Media,"28, bornholm, guard, must, mani","6, center, bornholm, compani, busi"
10,green transit,10: green transit,Reg Media,"34, municip, green, bornholm, need","6, center, bornholm, compani, busi"
4,municip council,4: municip council,Reg Media,"14, say, democraci, social, municip","14, say, democraci, social, municip"
4,municip council,4: municip council,Reg Media,"37, busi, park, bornholm, say","14, say, democraci, social, municip"
4,municip council,4: municip council,Reg Media,"9, bornholm, municip, year, energi","14, say, democraci, social, municip"
4,municip council,4: municip council,Reg Media,"25, comput, say, also, energi","14, say, democraci, social, municip"
4,municip council,4: municip council,Reg Media,"37, busi, park, bornholm, say","14, say, democraci, social, municip"
0,energi island,0: energi island,Reg Media,"13, hydrogen, co2, fund, compani","4, green, hydrogen, busi, bornholm"
6,wind turbin,6: wind turbin,Reg Media,"10, bornholm, new, energi, green","10, bornholm, new, energi, green"
0,energi island,0: energi island,Reg Media,"12, bornholm, year, green, energi","4, green, hydrogen, busi, bornholm"
11,bornholm offshor wind,11: bornholm offshor wind,Reg Media,"9, bornholm, municip, year, energi","18, area, energinet, consult, agenc"
9,right reserv,9: right reserv,Reg Media,"22, bornholm, harbor, busi, ptx","4, green, hydrogen, busi, bornholm"
10,green transit,10: green transit,Reg Media,"35, bornholm, municip, cultur, think","6, center, bornholm, compani, busi"
6,wind turbin,6: wind turbin,Reg Media,"10, bornholm, new, energi, green","10, bornholm, new, energi, green"
4,municip council,4: municip council,Reg Media,"25, comput, say, also, energi","14, say, democraci, social, municip"
4,municip council,4: municip council,Reg Media,"37, busi, park, bornholm, say","14, say, democraci, social, municip"
8,danish energi,8: danish energi,Reg Media,"8, billion, energi, project, say","0, museum, project, energi, say"
6,wind turbin,6: wind turbin,Reg Media,"39, say, municip, island, bornholm","10, bornholm, new, energi, green"
11,bornholm offshor wind,11: bornholm offshor wind,Reg Media,"5, island, connect, energi, bornholm","18, area, energinet, consult, agenc"
8,danish energi,8: danish energi,Reg Media,"8, billion, energi, project, say","0, museum, project, energi, say"
0,energi island,0: energi island,Reg Media,"17, heat, bornholm, green, must","4, green, hydrogen, busi, bornholm"
10,green transit,10: green transit,Reg Media,"13, hydrogen, co2, fund, compani","6, center, bornholm, compani, busi"
8,danish energi,8: danish energi,Reg Media,"0, museum, project, energi, say","0, museum, project, energi, say"
10,green transit,10: green transit,Reg Media,"15, bornholm, municip, climat, energi","6, center, bornholm, compani, busi"
8,danish energi,8: danish energi,Reg Media,"8, billion, energi, project, say","0, museum, project, energi, say"
2,energiø bornholm,2: energiø bornholm,Reg Media,"8, billion, energi, project, say","33, energinet, area, plant, architect"
10,green transit,10: green transit,Reg Media,"24, hydrogen, bornholm, cip, energi","6, center, bornholm, compani, busi"
10,green transit,10: green transit,Reg Media,"0, museum, project, energi, say","6, center, bornholm, compani, busi"
4,municip council,4: municip council,Reg Media,"0, museum, project, energi, say","14, say, democraci, social, municip"
8,danish energi,8: danish energi,Reg Media,"8, billion, energi, project, say","0, museum, project, energi, say"
4,municip council,4: municip council,Reg Media,"7, bornholm, island, energi, cool","14, say, democraci, social, municip"
6,wind turbin,6: wind turbin,Reg Media,"9, bornholm, municip, year, energi","10, bornholm, new, energi, green"
8,danish energi,8: danish energi,Reg Media,"8, billion, energi, project, say","0, museum, project, energi, say"
4,municip council,4: municip council,Reg Media,"15, bornholm, municip, climat, energi","14, say, democraci, social, municip"
4,municip council,4: municip council,Reg Media,"30, bornholm, wind, offshor, also","14, say, democraci, social, municip"
3,north sea,3: north sea,Reg Media,"30, bornholm, wind, offshor, also","5, island, connect, energi, bornholm"
8,danish energi,8: danish energi,Reg Media,"8, billion, energi, project, say","0, museum, project, energi, say"
0,energi island,0: energi island,Reg Media,"15, bornholm, municip, climat, energi","4, green, hydrogen, busi, bornholm"
0,energi island,0: energi island,Reg Media,"6, center, bornholm, compani, busi","4, green, hydrogen, busi, bornholm"
10,green transit,10: green transit,Reg Media,"12, bornholm, year, green, energi","6, center, bornholm, compani, busi"
8,danish energi,8: danish energi,Reg Media,"5, island, connect, energi, bornholm","0, museum, project, energi, say"
4,municip council,4: municip council,Reg Media,"9, bornholm, municip, year, energi","14, say, democraci, social, municip"
8,danish energi,8: danish energi,Reg Media,"10, bornholm, new, energi, green","0, museum, project, energi, say"
0,energi island,0: energi island,Reg Media,"25, comput, say, also, energi","4, green, hydrogen, busi, bornholm"
4,municip council,4: municip council,Reg Media,"30, bornholm, wind, offshor, also","14, say, democraci, social, municip"
6,wind turbin,6: wind turbin,Reg Media,"15, bornholm, municip, climat, energi","10, bornholm, new, energi, green"
2,energiø bornholm,2: energiø bornholm,Reg Media,"18, area, energinet, consult, agenc","33, energinet, area, plant, architect"
11,bornholm offshor wind,11: bornholm offshor wind,Reg Media,"35, bornholm, municip, cultur, think","18, area, energinet, consult, agenc"
4,municip council,4: municip council,Reg Media,"14, say, democraci, social, municip","14, say, democraci, social, municip"
7,wind farm,7: wind farm,Sci Media,"16, control, grid, convert, voltag","16, control, grid, convert, voltag"
1,offshor wind,1: offshor wind,Sci Media,"25, comput, say, also, energi","20, offshor, grid, legal, regulatori"
5,renew energi,5: renew energi,Sci Media,"31, optim, oper, system, heat","2, energi, renew, paper, transit"
5,renew energi,5: renew energi,Sci Media,"1, energi, system, renew, sourc","2, energi, renew, paper, transit"
5,renew energi,5: renew energi,Sci Media,"1, energi, system, renew, sourc","2, energi, renew, paper, transit"
1,offshor wind,1: offshor wind,Sci Media,"36, grid, offshor, integr, wind","20, offshor, grid, legal, regulatori"
5,renew energi,5: renew energi,Sci Media,"2, energi, renew, paper, transit","2, energi, renew, paper, transit"
1,offshor wind,1: offshor wind,Sci Media,"20, offshor, grid, legal, regulatori","20, offshor, grid, legal, regulatori"
5,renew energi,5: renew energi,Sci Media,"3, risk, system, energi, 111","2, energi, renew, paper, transit"
1,offshor wind,1: offshor wind,Sci Media,"39, say, municip, island, bornholm","20, offshor, grid, legal, regulatori"
5,renew energi,5: renew energi,Sci Media,"3, risk, system, energi, 111","2, energi, renew, paper, transit"
5,renew energi,5: renew energi,Sci Media,"4, green, hydrogen, busi, bornholm","2, energi, renew, paper, transit"
7,wind farm,7: wind farm,Sci Media,"23, hvdc, convert, grid, control","16, control, grid, convert, voltag"
7,wind farm,7: wind farm,Sci Media,"23, hvdc, convert, grid, control","16, control, grid, convert, voltag"
7,wind farm,7: wind farm,Sci Media,"29, control, convert, system, mmc","16, control, grid, convert, voltag"
5,renew energi,5: renew energi,Sci Media,"6, center, bornholm, compani, busi","2, energi, renew, paper, transit"
7,wind farm,7: wind farm,Sci Media,"27, control, stabil, convert, power","16, control, grid, convert, voltag"
1,offshor wind,1: offshor wind,Sci Media,"42, grid, north, nsog, supergrid","20, offshor, grid, legal, regulatori"
1,offshor wind,1: offshor wind,Sci Media,"40, grid, offshor, ireland, transmiss","20, offshor, grid, legal, regulatori"
7,wind farm,7: wind farm,Sci Media,"43, microgrid, control, stabil, system","16, control, grid, convert, voltag"
5,renew energi,5: renew energi,Sci Media,"1, energi, system, renew, sourc","2, energi, renew, paper, transit"
5,renew energi,5: renew energi,Sci Media,"45, energi, bornholm, hydrogen, center","2, energi, renew, paper, transit"
5,renew energi,5: renew energi,Sci Media,"3, risk, system, energi, 111","2, energi, renew, paper, transit"
5,renew energi,5: renew energi,Sci Media,"31, optim, oper, system, heat","2, energi, renew, paper, transit"
5,renew energi,5: renew energi,Sci Media,"2, energi, renew, paper, transit","2, energi, renew, paper, transit"
5,renew energi,5: renew energi,Sci Media,"1, energi, system, renew, sourc","2, energi, renew, paper, transit"
1,offshor wind,1: offshor wind,Sci Media,"10, bornholm, new, energi, green","20, offshor, grid, legal, regulatori"
1,offshor wind,1: offshor wind,Sci Media,"41, grid, offshor, wind, power","20, offshor, grid, legal, regulatori"
5,renew energi,5: renew energi,Sci Media,"2, energi, renew, paper, transit","2, energi, renew, paper, transit"
5,renew energi,5: renew energi,Sci Media,"31, optim, oper, system, heat","2, energi, renew, paper, transit"
7,wind farm,7: wind farm,Sci Media,"16, control, grid, convert, voltag","16, control, grid, convert, voltag"
9,right reserv,9: right reserv,Sci Media,"1, energi, system, renew, sourc","4, green, hydrogen, busi, bornholm"
1,offshor wind,1: offshor wind,Sci Media,"7, bornholm, island, energi, cool","20, offshor, grid, legal, regulatori"
7,wind farm,7: wind farm,Sci Media,"43, microgrid, control, stabil, system","16, control, grid, convert, voltag"
5,renew energi,5: renew energi,Sci Media,"1, energi, system, renew, sourc","2, energi, renew, paper, transit"
1,offshor wind,1: offshor wind,Sci Media,"40, grid, offshor, ireland, transmiss","20, offshor, grid, legal, regulatori"
1,offshor wind,1: offshor wind,Sci Media,"36, grid, offshor, integr, wind","20, offshor, grid, legal, regulatori"
7,wind farm,7: wind farm,Sci Media,"43, microgrid, control, stabil, system","16, control, grid, convert, voltag"
5,renew energi,5: renew energi,Sci Media,"13, hydrogen, co2, fund, compani","2, energi, renew, paper, transit"
5,renew energi,5: renew energi,Sci Media,"3, risk, system, energi, 111","2, energi, renew, paper, transit"
5,renew energi,5: renew energi,Sci Media,"6, center, bornholm, compani, busi","2, energi, renew, paper, transit"
1,offshor wind,1: offshor wind,Sci Media,"20, offshor, grid, legal, regulatori","20, offshor, grid, legal, regulatori"
1,offshor wind,1: offshor wind,Sci Media,"20, offshor, grid, legal, regulatori","20, offshor, grid, legal, regulatori"
5,renew energi,5: renew energi,Sci Media,"2, energi, renew, paper, transit","2, energi, renew, paper, transit"
7,wind farm,7: wind farm,Sci Media,"27, control, stabil, convert, power","16, control, grid, convert, voltag"
5,renew energi,5: renew energi,Sci Media,"45, energi, bornholm, hydrogen, center","2, energi, renew, paper, transit"
7,wind farm,7: wind farm,Sci Media,"23, hvdc, convert, grid, control","16, control, grid, convert, voltag"
5,renew energi,5: renew energi,Sci Media,"1, energi, system, renew, sourc","2, energi, renew, paper, transit"
5,renew energi,5: renew energi,Sci Media,"2, energi, renew, paper, transit","2, energi, renew, paper, transit"
5,renew energi,5: renew energi,Sci Media,"1, energi, system, renew, sourc","2, energi, renew, paper, transit"
7,wind farm,7: wind farm,Sci Media,"23, hvdc, convert, grid, control","16, control, grid, convert, voltag"
1,offshor wind,1: offshor wind,Sci Media,Noise,"20, offshor, grid, legal, regulatori"
7,wind farm,7: wind farm,Sci Media,"23, hvdc, convert, grid, control","16, control, grid, convert, voltag"
7,wind farm,7: wind farm,Sci Media,"27, control, stabil, convert, power","16, control, grid, convert, voltag"
5,renew energi,5: renew energi,Sci Media,"1, energi, system, renew, sourc","2, energi, renew, paper, transit"
7,wind farm,7: wind farm,Sci Media,"16, control, grid, convert, voltag","16, control, grid, convert, voltag"
1,offshor wind,1: offshor wind,Sci Media,Noise,"20, offshor, grid, legal, regulatori"
5,renew energi,5: renew energi,Sci Media,"45, energi, bornholm, hydrogen, center","2, energi, renew, paper, transit"
1,offshor wind,1: offshor wind,Sci Media,"20, offshor, grid, legal, regulatori","20, offshor, grid, legal, regulatori"
5,renew energi,5: renew energi,Sci Media,"3, risk, system, energi, 111","2, energi, renew, paper, transit"
7,wind farm,7: wind farm,Sci Media,"23, hvdc, convert, grid, control","16, control, grid, convert, voltag"
5,renew energi,5: renew energi,Sci Media,"2, energi, renew, paper, transit","2, energi, renew, paper, transit"
5,renew energi,5: renew energi,Sci Media,"31, optim, oper, system, heat","2, energi, renew, paper, transit"
5,renew energi,5: renew energi,Sci Media,"2, energi, renew, paper, transit","2, energi, renew, paper, transit"
1,offshor wind,1: offshor wind,Sci Media,"10, bornholm, new, energi, green","20, offshor, grid, legal, regulatori"
5,renew energi,5: renew energi,Sci Media,"3, risk, system, energi, 111","2, energi, renew, paper, transit"
5,renew energi,5: renew energi,Sci Media,"31, optim, oper, system, heat","2, energi, renew, paper, transit"
7,wind farm,7: wind farm,Sci Media,"23, hvdc, convert, grid, control","16, control, grid, convert, voltag"
5,renew energi,5: renew energi,Sci Media,"3, risk, system, energi, 111","2, energi, renew, paper, transit"
7,wind farm,7: wind farm,Sci Media,"26, grid, power, control, offshor","16, control, grid, convert, voltag"
1,offshor wind,1: offshor wind,Sci Media,"3, risk, system, energi, 111","20, offshor, grid, legal, regulatori"
7,wind farm,7: wind farm,Sci Media,"16, control, grid, convert, voltag","16, control, grid, convert, voltag"
1,offshor wind,1: offshor wind,Sci Media,"40, grid, offshor, ireland, transmiss","20, offshor, grid, legal, regulatori"
5,renew energi,5: renew energi,Sci Media,"31, optim, oper, system, heat","2, energi, renew, paper, transit"
5,renew energi,5: renew energi,Sci Media,"2, energi, renew, paper, transit","2, energi, renew, paper, transit"
5,renew energi,5: renew energi,Sci Media,"2, energi, renew, paper, transit","2, energi, renew, paper, transit"
5,renew energi,5: renew energi,Sci Media,"1, energi, system, renew, sourc","2, energi, renew, paper, transit"
5,renew energi,5: renew energi,Sci Media,"3, risk, system, energi, 111","2, energi, renew, paper, transit"
5,renew energi,5: renew energi,Sci Media,"3, risk, system, energi, 111","2, energi, renew, paper, transit"
1,offshor wind,1: offshor wind,Sci Media,"5, island, connect, energi, bornholm","20, offshor, grid, legal, regulatori"
5,renew energi,5: renew energi,Sci Media,"3, risk, system, energi, 111","2, energi, renew, paper, transit"
7,wind farm,7: wind farm,Sci Media,"23, hvdc, convert, grid, control","16, control, grid, convert, voltag"
5,renew energi,5: renew energi,Sci Media,"3, risk, system, energi, 111","2, energi, renew, paper, transit"
7,wind farm,7: wind farm,Sci Media,"43, microgrid, control, stabil, system","16, control, grid, convert, voltag"
7,wind farm,7: wind farm,Sci Media,"27, control, stabil, convert, power","16, control, grid, convert, voltag"
1,offshor wind,1: offshor wind,Sci Media,"20, offshor, grid, legal, regulatori","20, offshor, grid, legal, regulatori"
5,renew energi,5: renew energi,Sci Media,"4, green, hydrogen, busi, bornholm","2, energi, renew, paper, transit"
1,offshor wind,1: offshor wind,Sci Media,"20, offshor, grid, legal, regulatori","20, offshor, grid, legal, regulatori"
1,offshor wind,1: offshor wind,Sci Media,"44, offshor, grid, power, wind","20, offshor, grid, legal, regulatori"
1,offshor wind,1: offshor wind,Sci Media,"41, grid, offshor, wind, power","20, offshor, grid, legal, regulatori"
7,wind farm,7: wind farm,Sci Media,"27, control, stabil, convert, power","16, control, grid, convert, voltag"
7,wind farm,7: wind farm,Sci Media,"29, control, convert, system, mmc","16, control, grid, convert, voltag"
7,wind farm,7: wind farm,Sci Media,"43, microgrid, control, stabil, system","16, control, grid, convert, voltag"
1,offshor wind,1: offshor wind,Sci Media,"41, grid, offshor, wind, power","20, offshor, grid, legal, regulatori"
5,renew energi,5: renew energi,Sci Media,"1, energi, system, renew, sourc","2, energi, renew, paper, transit"
7,wind farm,7: wind farm,Sci Media,Noise,"16, control, grid, convert, voltag"
5,renew energi,5: renew energi,Sci Media,"2, energi, renew, paper, transit","2, energi, renew, paper, transit"
5,renew energi,5: renew energi,Sci Media,"2, energi, renew, paper, transit","2, energi, renew, paper, transit"
5,renew energi,5: renew energi,Sci Media,"3, risk, system, energi, 111","2, energi, renew, paper, transit"
5,renew energi,5: renew energi,Sci Media,"2, energi, renew, paper, transit","2, energi, renew, paper, transit"
7,wind farm,7: wind farm,Sci Media,"29, control, convert, system, mmc","16, control, grid, convert, voltag"
5,renew energi,5: renew energi,Sci Media,"1, energi, system, renew, sourc","2, energi, renew, paper, transit"
5,renew energi,5: renew energi,Sci Media,"1, energi, system, renew, sourc","2, energi, renew, paper, transit"
1,offshor wind,1: offshor wind,Sci Media,"32, transmiss, grid, offshor, system","20, offshor, grid, legal, regulatori"
5,renew energi,5: renew energi,Sci Media,"2, energi, renew, paper, transit","2, energi, renew, paper, transit"
5,renew energi,5: renew energi,Sci Media,"2, energi, renew, paper, transit","2, energi, renew, paper, transit"
7,wind farm,7: wind farm,Sci Media,"43, microgrid, control, stabil, system","16, control, grid, convert, voltag"
5,renew energi,5: renew energi,Sci Media,"2, energi, renew, paper, transit","2, energi, renew, paper, transit"
1,offshor wind,1: offshor wind,Sci Media,"8, billion, energi, project, say","20, offshor, grid, legal, regulatori"
5,renew energi,5: renew energi,Sci Media,"3, risk, system, energi, 111","2, energi, renew, paper, transit"
5,renew energi,5: renew energi,Sci Media,"45, energi, bornholm, hydrogen, center","2, energi, renew, paper, transit"
5,renew energi,5: renew energi,Sci Media,"31, optim, oper, system, heat","2, energi, renew, paper, transit"
1,offshor wind,1: offshor wind,Sci Media,"44, offshor, grid, power, wind","20, offshor, grid, legal, regulatori"
5,renew energi,5: renew energi,Sci Media,"31, optim, oper, system, heat","2, energi, renew, paper, transit"
5,renew energi,5: renew energi,Sci Media,"2, energi, renew, paper, transit","2, energi, renew, paper, transit"
5,renew energi,5: renew energi,Sci Media,"3, risk, system, energi, 111","2, energi, renew, paper, transit"
7,wind farm,7: wind farm,Sci Media,"43, microgrid, control, stabil, system","16, control, grid, convert, voltag"
1,offshor wind,1: offshor wind,Sci Media,"36, grid, offshor, integr, wind","20, offshor, grid, legal, regulatori"
1,offshor wind,1: offshor wind,Sci Media,"44, offshor, grid, power, wind","20, offshor, grid, legal, regulatori"
5,renew energi,5: renew energi,Sci Media,"3, risk, system, energi, 111","2, energi, renew, paper, transit"
5,renew energi,5: renew energi,Sci Media,"2, energi, renew, paper, transit","2, energi, renew, paper, transit"
5,renew energi,5: renew energi,Sci Media,"3, risk, system, energi, 111","2, energi, renew, paper, transit"
1,offshor wind,1: offshor wind,Sci Media,"44, offshor, grid, power, wind","20, offshor, grid, legal, regulatori"
7,wind farm,7: wind farm,Sci Media,"16, control, grid, convert, voltag","16, control, grid, convert, voltag"
5,renew energi,5: renew energi,Sci Media,"4, green, hydrogen, busi, bornholm","2, energi, renew, paper, transit"
5,renew energi,5: renew energi,Sci Media,"4, green, hydrogen, busi, bornholm","2, energi, renew, paper, transit"
7,wind farm,7: wind farm,Sci Media,"27, control, stabil, convert, power","16, control, grid, convert, voltag"
5,renew energi,5: renew energi,Sci Media,"6, center, bornholm, compani, busi","2, energi, renew, paper, transit"
5,renew energi,5: renew energi,Sci Media,"1, energi, system, renew, sourc","2, energi, renew, paper, transit"
3,north sea,3: north sea,Sci Media,"18, area, energinet, consult, agenc","5, island, connect, energi, bornholm"
5,renew energi,5: renew energi,Sci Media,"3, risk, system, energi, 111","2, energi, renew, paper, transit"
7,wind farm,7: wind farm,Sci Media,"26, grid, power, control, offshor","16, control, grid, convert, voltag"
7,wind farm,7: wind farm,Sci Media,"38, grid, offshor, topolog, reliabl","16, control, grid, convert, voltag"
5,renew energi,5: renew energi,Sci Media,"2, energi, renew, paper, transit","2, energi, renew, paper, transit"
3,north sea,3: north sea,Sci Media,"18, area, energinet, consult, agenc","5, island, connect, energi, bornholm"
1,offshor wind,1: offshor wind,Sci Media,"41, grid, offshor, wind, power","20, offshor, grid, legal, regulatori"
7,wind farm,7: wind farm,Sci Media,"26, grid, power, control, offshor","16, control, grid, convert, voltag"
5,renew energi,5: renew energi,Sci Media,"2, energi, renew, paper, transit","2, energi, renew, paper, transit"
7,wind farm,7: wind farm,Sci Media,"29, control, convert, system, mmc","16, control, grid, convert, voltag"
5,renew energi,5: renew energi,Sci Media,"1, energi, system, renew, sourc","2, energi, renew, paper, transit"
7,wind farm,7: wind farm,Sci Media,"43, microgrid, control, stabil, system","16, control, grid, convert, voltag"
5,renew energi,5: renew energi,Sci Media,"2, energi, renew, paper, transit","2, energi, renew, paper, transit"
5,renew energi,5: renew energi,Sci Media,"1, energi, system, renew, sourc","2, energi, renew, paper, transit"
7,wind farm,7: wind farm,Sci Media,"26, grid, power, control, offshor","16, control, grid, convert, voltag"
7,wind farm,7: wind farm,Sci Media,"16, control, grid, convert, voltag","16, control, grid, convert, voltag"
5,renew energi,5: renew energi,Sci Media,"2, energi, renew, paper, transit","2, energi, renew, paper, transit"
1,offshor wind,1: offshor wind,Sci Media,"36, grid, offshor, integr, wind","20, offshor, grid, legal, regulatori"
5,renew energi,5: renew energi,Sci Media,"2, energi, renew, paper, transit","2, energi, renew, paper, transit"
1,offshor wind,1: offshor wind,Sci Media,"40, grid, offshor, ireland, transmiss","20, offshor, grid, legal, regulatori"
7,wind farm,7: wind farm,Sci Media,"26, grid, power, control, offshor","16, control, grid, convert, voltag"
5,renew energi,5: renew energi,Sci Media,"2, energi, renew, paper, transit","2, energi, renew, paper, transit"
5,renew energi,5: renew energi,Sci Media,"2, energi, renew, paper, transit","2, energi, renew, paper, transit"
1,offshor wind,1: offshor wind,Sci Media,"13, hydrogen, co2, fund, compani","20, offshor, grid, legal, regulatori"
5,renew energi,5: renew energi,Sci Media,"31, optim, oper, system, heat","2, energi, renew, paper, transit"
1,offshor wind,1: offshor wind,Sci Media,"44, offshor, grid, power, wind","20, offshor, grid, legal, regulatori"
5,renew energi,5: renew energi,Sci Media,"3, risk, system, energi, 111","2, energi, renew, paper, transit"
5,renew energi,5: renew energi,Sci Media,"2, energi, renew, paper, transit","2, energi, renew, paper, transit"
7,wind farm,7: wind farm,Sci Media,"26, grid, power, control, offshor","16, control, grid, convert, voltag"
7,wind farm,7: wind farm,Sci Media,"27, control, stabil, convert, power","16, control, grid, convert, voltag"
5,renew energi,5: renew energi,Sci Media,"1, energi, system, renew, sourc","2, energi, renew, paper, transit"
7,wind farm,7: wind farm,Sci Media,"16, control, grid, convert, voltag","16, control, grid, convert, voltag"
5,renew energi,5: renew energi,Sci Media,"6, center, bornholm, compani, busi","2, energi, renew, paper, transit"
7,wind farm,7: wind farm,Sci Media,Noise,"16, control, grid, convert, voltag"
3,north sea,3: north sea,Sci Media,"5, island, connect, energi, bornholm","5, island, connect, energi, bornholm"
7,wind farm,7: wind farm,Sci Media,"26, grid, power, control, offshor","16, control, grid, convert, voltag"
1,offshor wind,1: offshor wind,Sci Media,"21, energi, island, bornholm, wind","20, offshor, grid, legal, regulatori"
1,offshor wind,1: offshor wind,Sci Media,"5, island, connect, energi, bornholm","20, offshor, grid, legal, regulatori"
1,offshor wind,1: offshor wind,Sci Media,"0, museum, project, energi, say","20, offshor, grid, legal, regulatori"
5,renew energi,5: renew energi,Sci Media,"3, risk, system, energi, 111","2, energi, renew, paper, transit"
1,offshor wind,1: offshor wind,Sci Media,"36, grid, offshor, integr, wind","20, offshor, grid, legal, regulatori"
1,offshor wind,1: offshor wind,Sci Media,"40, grid, offshor, ireland, transmiss","20, offshor, grid, legal, regulatori"
7,wind farm,7: wind farm,Sci Media,"29, control, convert, system, mmc","16, control, grid, convert, voltag"
5,renew energi,5: renew energi,Sci Media,"1, energi, system, renew, sourc","2, energi, renew, paper, transit"
3,north sea,3: north sea,Sci Media,"10, bornholm, new, energi, green","5, island, connect, energi, bornholm"
7,wind farm,7: wind farm,Sci Media,"29, control, convert, system, mmc","16, control, grid, convert, voltag"
1,offshor wind,1: offshor wind,Sci Media,"32, transmiss, grid, offshor, system","20, offshor, grid, legal, regulatori"
5,renew energi,5: renew energi,Sci Media,"1, energi, system, renew, sourc","2, energi, renew, paper, transit"
5,renew energi,5: renew energi,Sci Media,"3, risk, system, energi, 111","2, energi, renew, paper, transit"
9,right reserv,9: right reserv,Sci Media,"45, energi, bornholm, hydrogen, center","4, green, hydrogen, busi, bornholm"
5,renew energi,5: renew energi,Sci Media,"1, energi, system, renew, sourc","2, energi, renew, paper, transit"
7,wind farm,7: wind farm,Sci Media,"27, control, stabil, convert, power","16, control, grid, convert, voltag"
7,wind farm,7: wind farm,Sci Media,"43, microgrid, control, stabil, system","16, control, grid, convert, voltag"
5,renew energi,5: renew energi,Sci Media,"3, risk, system, energi, 111","2, energi, renew, paper, transit"
5,renew energi,5: renew energi,Sci Media,"1, energi, system, renew, sourc","2, energi, renew, paper, transit"
7,wind farm,7: wind farm,Sci Media,"29, control, convert, system, mmc","16, control, grid, convert, voltag"
5,renew energi,5: renew energi,Sci Media,"4, green, hydrogen, busi, bornholm","2, energi, renew, paper, transit"
5,renew energi,5: renew energi,Sci Media,"31, optim, oper, system, heat","2, energi, renew, paper, transit"
7,wind farm,7: wind farm,Sci Media,"43, microgrid, control, stabil, system","16, control, grid, convert, voltag"
5,renew energi,5: renew energi,Sci Media,"1, energi, system, renew, sourc","2, energi, renew, paper, transit"
9,right reserv,9: right reserv,Sci Media,"3, risk, system, energi, 111","4, green, hydrogen, busi, bornholm"
5,renew energi,5: renew energi,Sci Media,"1, energi, system, renew, sourc","2, energi, renew, paper, transit"
5,renew energi,5: renew energi,Sci Media,"1, energi, system, renew, sourc","2, energi, renew, paper, transit"
1,offshor wind,1: offshor wind,Sci Media,"42, grid, north, nsog, supergrid","20, offshor, grid, legal, regulatori"
7,wind farm,7: wind farm,Sci Media,"23, hvdc, convert, grid, control","16, control, grid, convert, voltag"
5,renew energi,5: renew energi,Sci Media,"3, risk, system, energi, 111","2, energi, renew, paper, transit"
5,renew energi,5: renew energi,Sci Media,"1, energi, system, renew, sourc","2, energi, renew, paper, transit"
7,wind farm,7: wind farm,Sci Media,"16, control, grid, convert, voltag","16, control, grid, convert, voltag"
5,renew energi,5: renew energi,Sci Media,"2, energi, renew, paper, transit","2, energi, renew, paper, transit"
1,offshor wind,1: offshor wind,Sci Media,"32, transmiss, grid, offshor, system","20, offshor, grid, legal, regulatori"
5,renew energi,5: renew energi,Sci Media,"3, risk, system, energi, 111","2, energi, renew, paper, transit"
7,wind farm,7: wind farm,Sci Media,Noise,"16, control, grid, convert, voltag"
5,renew energi,5: renew energi,Sci Media,"31, optim, oper, system, heat","2, energi, renew, paper, transit"
5,renew energi,5: renew energi,Sci Media,"31, optim, oper, system, heat","2, energi, renew, paper, transit"
7,wind farm,7: wind farm,Sci Media,"16, control, grid, convert, voltag","16, control, grid, convert, voltag"
7,wind farm,7: wind farm,Sci Media,"38, grid, offshor, topolog, reliabl","16, control, grid, convert, voltag"
7,wind farm,7: wind farm,Sci Media,"23, hvdc, convert, grid, control","16, control, grid, convert, voltag"
5,renew energi,5: renew energi,Sci Media,"3, risk, system, energi, 111","2, energi, renew, paper, transit"
5,renew energi,5: renew energi,Sci Media,"3, risk, system, energi, 111","2, energi, renew, paper, transit"
5,renew energi,5: renew energi,Sci Media,"2, energi, renew, paper, transit","2, energi, renew, paper, transit"
5,renew energi,5: renew energi,Sci Media,"2, energi, renew, paper, transit","2, energi, renew, paper, transit"
5,renew energi,5: renew energi,Sci Media,"2, energi, renew, paper, transit","2, energi, renew, paper, transit"
1,offshor wind,1: offshor wind,Sci Media,"38, grid, offshor, topolog, reliabl","20, offshor, grid, legal, regulatori"
5,renew energi,5: renew energi,Sci Media,"0, museum, project, energi, say","2, energi, renew, paper, transit"
1,offshor wind,1: offshor wind,Sci Media,"36, grid, offshor, integr, wind","20, offshor, grid, legal, regulatori"
7,wind farm,7: wind farm,Sci Media,"26, grid, power, control, offshor","16, control, grid, convert, voltag"
1,offshor wind,1: offshor wind,Sci Media,"41, grid, offshor, wind, power","20, offshor, grid, legal, regulatori"
1,offshor wind,1: offshor wind,Sci Media,"41, grid, offshor, wind, power","20, offshor, grid, legal, regulatori"
7,wind farm,7: wind farm,Sci Media,"29, control, convert, system, mmc","16, control, grid, convert, voltag"
1,offshor wind,1: offshor wind,Sci Media,"20, offshor, grid, legal, regulatori","20, offshor, grid, legal, regulatori"
5,renew energi,5: renew energi,Sci Media,"1, energi, system, renew, sourc","2, energi, renew, paper, transit"
7,wind farm,7: wind farm,Sci Media,"27, control, stabil, convert, power","16, control, grid, convert, voltag"
7,wind farm,7: wind farm,Sci Media,"23, hvdc, convert, grid, control","16, control, grid, convert, voltag"
5,renew energi,5: renew energi,Sci Media,"3, risk, system, energi, 111","2, energi, renew, paper, transit"
5,renew energi,5: renew energi,Sci Media,"1, energi, system, renew, sourc","2, energi, renew, paper, transit"
5,renew energi,5: renew energi,Sci Media,"2, energi, renew, paper, transit","2, energi, renew, paper, transit"
9,right reserv,9: right reserv,Sci Media,"14, say, democraci, social, municip","4, green, hydrogen, busi, bornholm"
5,renew energi,5: renew energi,Sci Media,"1, energi, system, renew, sourc","2, energi, renew, paper, transit"
7,wind farm,7: wind farm,Sci Media,"38, grid, offshor, topolog, reliabl","16, control, grid, convert, voltag"
7,wind farm,7: wind farm,Sci Media,"29, control, convert, system, mmc","16, control, grid, convert, voltag"
1,offshor wind,1: offshor wind,Sci Media,"44, offshor, grid, power, wind","20, offshor, grid, legal, regulatori"
7,wind farm,7: wind farm,Sci Media,"27, control, stabil, convert, power","16, control, grid, convert, voltag"
7,wind farm,7: wind farm,Sci Media,"38, grid, offshor, topolog, reliabl","16, control, grid, convert, voltag"
7,wind farm,7: wind farm,Sci Media,"29, control, convert, system, mmc","16, control, grid, convert, voltag"
7,wind farm,7: wind farm,Sci Media,"26, grid, power, control, offshor","16, control, grid, convert, voltag"
1,offshor wind,1: offshor wind,Sci Media,"36, grid, offshor, integr, wind","20, offshor, grid, legal, regulatori"
5,renew energi,5: renew energi,Sci Media,"3, risk, system, energi, 111","2, energi, renew, paper, transit"
7,wind farm,7: wind farm,Sci Media,"23, hvdc, convert, grid, control","16, control, grid, convert, voltag"
5,renew energi,5: renew energi,Sci Media,"2, energi, renew, paper, transit","2, energi, renew, paper, transit"
5,renew energi,5: renew energi,Sci Media,"2, energi, renew, paper, transit","2, energi, renew, paper, transit"
5,renew energi,5: renew energi,Sci Media,"1, energi, system, renew, sourc","2, energi, renew, paper, transit"
1,offshor wind,1: offshor wind,Sci Media,"20, offshor, grid, legal, regulatori","20, offshor, grid, legal, regulatori"
5,renew energi,5: renew energi,Sci Media,"2, energi, renew, paper, transit","2, energi, renew, paper, transit"
5,renew energi,5: renew energi,Sci Media,"2, energi, renew, paper, transit","2, energi, renew, paper, transit"
5,renew energi,5: renew energi,Sci Media,"2, energi, renew, paper, transit","2, energi, renew, paper, transit"
1,offshor wind,1: offshor wind,Sci Media,"40, grid, offshor, ireland, transmiss","20, offshor, grid, legal, regulatori"
5,renew energi,5: renew energi,Sci Media,"1, energi, system, renew, sourc","2, energi, renew, paper, transit"
1,offshor wind,1: offshor wind,Sci Media,"20, offshor, grid, legal, regulatori","20, offshor, grid, legal, regulatori"
5,renew energi,5: renew energi,Sci Media,"31, optim, oper, system, heat","2, energi, renew, paper, transit"
7,wind farm,7: wind farm,Sci Media,"23, hvdc, convert, grid, control","16, control, grid, convert, voltag"
7,wind farm,7: wind farm,Sci Media,"16, control, grid, convert, voltag","16, control, grid, convert, voltag"
7,wind farm,7: wind farm,Sci Media,"26, grid, power, control, offshor","16, control, grid, convert, voltag"
7,wind farm,7: wind farm,Sci Media,"16, control, grid, convert, voltag","16, control, grid, convert, voltag"
5,renew energi,5: renew energi,Sci Media,"2, energi, renew, paper, transit","2, energi, renew, paper, transit"
7,wind farm,7: wind farm,Sci Media,"29, control, convert, system, mmc","16, control, grid, convert, voltag"
5,renew energi,5: renew energi,Sci Media,"2, energi, renew, paper, transit","2, energi, renew, paper, transit"
1,offshor wind,1: offshor wind,Sci Media,"20, offshor, grid, legal, regulatori","20, offshor, grid, legal, regulatori"
7,wind farm,7: wind farm,Sci Media,"26, grid, power, control, offshor","16, control, grid, convert, voltag"
7,wind farm,7: wind farm,Sci Media,"27, control, stabil, convert, power","16, control, grid, convert, voltag"
5,renew energi,5: renew energi,Sci Media,"31, optim, oper, system, heat","2, energi, renew, paper, transit"
5,renew energi,5: renew energi,Sci Media,"2, energi, renew, paper, transit","2, energi, renew, paper, transit"
1,offshor wind,1: offshor wind,Sci Media,"41, grid, offshor, wind, power","20, offshor, grid, legal, regulatori"
5,renew energi,5: renew energi,Sci Media,"31, optim, oper, system, heat","2, energi, renew, paper, transit"
5,renew energi,5: renew energi,Sci Media,"3, risk, system, energi, 111","2, energi, renew, paper, transit"
7,wind farm,7: wind farm,Sci Media,"27, control, stabil, convert, power","16, control, grid, convert, voltag"
1,offshor wind,1: offshor wind,Sci Media,"36, grid, offshor, integr, wind","20, offshor, grid, legal, regulatori"
7,wind farm,7: wind farm,Sci Media,"27, control, stabil, convert, power","16, control, grid, convert, voltag"
7,wind farm,7: wind farm,Sci Media,"38, grid, offshor, topolog, reliabl","16, control, grid, convert, voltag"
1,offshor wind,1: offshor wind,Sci Media,"32, transmiss, grid, offshor, system","20, offshor, grid, legal, regulatori"
7,wind farm,7: wind farm,Sci Media,"29, control, convert, system, mmc","16, control, grid, convert, voltag"
7,wind farm,7: wind farm,Sci Media,"27, control, stabil, convert, power","16, control, grid, convert, voltag"
1,offshor wind,1: offshor wind,Sci Media,"40, grid, offshor, ireland, transmiss","20, offshor, grid, legal, regulatori"
5,renew energi,5: renew energi,Sci Media,"1, energi, system, renew, sourc","2, energi, renew, paper, transit"
1,offshor wind,1: offshor wind,Sci Media,Noise,"20, offshor, grid, legal, regulatori"
1,offshor wind,1: offshor wind,Sci Media,"7, bornholm, island, energi, cool","20, offshor, grid, legal, regulatori"
1,offshor wind,1: offshor wind,Sci Media,"8, billion, energi, project, say","20, offshor, grid, legal, regulatori"
5,renew energi,5: renew energi,Sci Media,"31, optim, oper, system, heat","2, energi, renew, paper, transit"
5,renew energi,5: renew energi,Sci Media,"2, energi, renew, paper, transit","2, energi, renew, paper, transit"
7,wind farm,7: wind farm,Sci Media,"23, hvdc, convert, grid, control","16, control, grid, convert, voltag"
1,offshor wind,1: offshor wind,Sci Media,"40, grid, offshor, ireland, transmiss","20, offshor, grid, legal, regulatori"
7,wind farm,7: wind farm,Sci Media,"38, grid, offshor, topolog, reliabl","16, control, grid, convert, voltag"
1,offshor wind,1: offshor wind,Sci Media,"20, offshor, grid, legal, regulatori","20, offshor, grid, legal, regulatori"
7,wind farm,7: wind farm,Sci Media,Noise,"16, control, grid, convert, voltag"
1,offshor wind,1: offshor wind,Sci Media,"32, transmiss, grid, offshor, system","20, offshor, grid, legal, regulatori"
1,offshor wind,1: offshor wind,Sci Media,"25, comput, say, also, energi","20, offshor, grid, legal, regulatori"
5,renew energi,5: renew energi,Sci Media,"3, risk, system, energi, 111","2, energi, renew, paper, transit"
7,wind farm,7: wind farm,Sci Media,"38, grid, offshor, topolog, reliabl","16, control, grid, convert, voltag"
7,wind farm,7: wind farm,Sci Media,"16, control, grid, convert, voltag","16, control, grid, convert, voltag"
7,wind farm,7: wind farm,Sci Media,"38, grid, offshor, topolog, reliabl","16, control, grid, convert, voltag"
7,wind farm,7: wind farm,Sci Media,"29, control, convert, system, mmc","16, control, grid, convert, voltag"
5,renew energi,5: renew energi,Sci Media,"31, optim, oper, system, heat","2, energi, renew, paper, transit"
7,wind farm,7: wind farm,Sci Media,"16, control, grid, convert, voltag","16, control, grid, convert, voltag"
7,wind farm,7: wind farm,Sci Media,"29, control, convert, system, mmc","16, control, grid, convert, voltag"
1,offshor wind,1: offshor wind,Sci Media,"0, museum, project, energi, say","20, offshor, grid, legal, regulatori"
7,wind farm,7: wind farm,Sci Media,"26, grid, power, control, offshor","16, control, grid, convert, voltag"
7,wind farm,7: wind farm,Sci Media,"26, grid, power, control, offshor","16, control, grid, convert, voltag"
7,wind farm,7: wind farm,Sci Media,"26, grid, power, control, offshor","16, control, grid, convert, voltag"
5,renew energi,5: renew energi,Sci Media,"6, center, bornholm, compani, busi","2, energi, renew, paper, transit"
5,renew energi,5: renew energi,Sci Media,"1, energi, system, renew, sourc","2, energi, renew, paper, transit"
1,offshor wind,1: offshor wind,Sci Media,"44, offshor, grid, power, wind","20, offshor, grid, legal, regulatori"
7,wind farm,7: wind farm,Sci Media,"23, hvdc, convert, grid, control","16, control, grid, convert, voltag"
5,renew energi,5: renew energi,Sci Media,"2, energi, renew, paper, transit","2, energi, renew, paper, transit"
7,wind farm,7: wind farm,Sci Media,"29, control, convert, system, mmc","16, control, grid, convert, voltag"
5,renew energi,5: renew energi,Sci Media,"3, risk, system, energi, 111","2, energi, renew, paper, transit"
5,renew energi,5: renew energi,Sci Media,"1, energi, system, renew, sourc","2, energi, renew, paper, transit"
1,offshor wind,1: offshor wind,Sci Media,"36, grid, offshor, integr, wind","20, offshor, grid, legal, regulatori"
1,offshor wind,1: offshor wind,Sci Media,"32, transmiss, grid, offshor, system","20, offshor, grid, legal, regulatori"
7,wind farm,7: wind farm,Sci Media,"32, transmiss, grid, offshor, system","16, control, grid, convert, voltag"
7,wind farm,7: wind farm,Sci Media,"23, hvdc, convert, grid, control","16, control, grid, convert, voltag"
7,wind farm,7: wind farm,Sci Media,"32, transmiss, grid, offshor, system","16, control, grid, convert, voltag"
5,renew energi,5: renew energi,Sci Media,"2, energi, renew, paper, transit","2, energi, renew, paper, transit"
7,wind farm,7: wind farm,Sci Media,"26, grid, power, control, offshor","16, control, grid, convert, voltag"
7,wind farm,7: wind farm,Sci Media,"23, hvdc, convert, grid, control","16, control, grid, convert, voltag"
5,renew energi,5: renew energi,Sci Media,"12, bornholm, year, green, energi","2, energi, renew, paper, transit"
7,wind farm,7: wind farm,Sci Media,"43, microgrid, control, stabil, system","16, control, grid, convert, voltag"
1,offshor wind,1: offshor wind,Sci Media,"19, wind, state, energinet, gw","20, offshor, grid, legal, regulatori"
7,wind farm,7: wind farm,Sci Media,"26, grid, power, control, offshor","16, control, grid, convert, voltag"
5,renew energi,5: renew energi,Sci Media,"2, energi, renew, paper, transit","2, energi, renew, paper, transit"
7,wind farm,7: wind farm,Sci Media,"23, hvdc, convert, grid, control","16, control, grid, convert, voltag"
7,wind farm,7: wind farm,Sci Media,"23, hvdc, convert, grid, control","16, control, grid, convert, voltag"
1,offshor wind,1: offshor wind,Sci Media,"20, offshor, grid, legal, regulatori","20, offshor, grid, legal, regulatori"
7,wind farm,7: wind farm,Sci Media,"27, control, stabil, convert, power","16, control, grid, convert, voltag"
7,wind farm,7: wind farm,Sci Media,"29, control, convert, system, mmc","16, control, grid, convert, voltag"
7,wind farm,7: wind farm,Sci Media,"16, control, grid, convert, voltag","16, control, grid, convert, voltag"
7,wind farm,7: wind farm,Sci Media,"16, control, grid, convert, voltag","16, control, grid, convert, voltag"
1,offshor wind,1: offshor wind,Sci Media,"44, offshor, grid, power, wind","20, offshor, grid, legal, regulatori"
5,renew energi,5: renew energi,Sci Media,"1, energi, system, renew, sourc","2, energi, renew, paper, transit"
5,renew energi,5: renew energi,Sci Media,"3, risk, system, energi, 111","2, energi, renew, paper, transit"
7,wind farm,7: wind farm,Sci Media,"16, control, grid, convert, voltag","16, control, grid, convert, voltag"
5,renew energi,5: renew energi,Sci Media,"3, risk, system, energi, 111","2, energi, renew, paper, transit"
5,renew energi,5: renew energi,Sci Media,"1, energi, system, renew, sourc","2, energi, renew, paper, transit"
1,offshor wind,1: offshor wind,Sci Media,"41, grid, offshor, wind, power","20, offshor, grid, legal, regulatori"
7,wind farm,7: wind farm,Sci Media,"29, control, convert, system, mmc","16, control, grid, convert, voltag"
7,wind farm,7: wind farm,Sci Media,"43, microgrid, control, stabil, system","16, control, grid, convert, voltag"
1,offshor wind,1: offshor wind,Sci Media,"44, offshor, grid, power, wind","20, offshor, grid, legal, regulatori"
1,offshor wind,1: offshor wind,Sci Media,"20, offshor, grid, legal, regulatori","20, offshor, grid, legal, regulatori"
7,wind farm,7: wind farm,Sci Media,"16, control, grid, convert, voltag","16, control, grid, convert, voltag"
7,wind farm,7: wind farm,Sci Media,"27, control, stabil, convert, power","16, control, grid, convert, voltag"
1,offshor wind,1: offshor wind,Sci Media,"20, offshor, grid, legal, regulatori","20, offshor, grid, legal, regulatori"
7,wind farm,7: wind farm,Sci Media,"26, grid, power, control, offshor","16, control, grid, convert, voltag"
1,offshor wind,1: offshor wind,Sci Media,"42, grid, north, nsog, supergrid","20, offshor, grid, legal, regulatori"
5,renew energi,5: renew energi,Sci Media,"2, energi, renew, paper, transit","2, energi, renew, paper, transit"
7,wind farm,7: wind farm,Sci Media,"38, grid, offshor, topolog, reliabl","16, control, grid, convert, voltag"
5,renew energi,5: renew energi,Sci Media,"1, energi, system, renew, sourc","2, energi, renew, paper, transit"
7,wind farm,7: wind farm,Sci Media,"26, grid, power, control, offshor","16, control, grid, convert, voltag"
7,wind farm,7: wind farm,Sci Media,"27, control, stabil, convert, power","16, control, grid, convert, voltag"
5,renew energi,5: renew energi,Sci Media,"17, heat, bornholm, green, must","2, energi, renew, paper, transit"
7,wind farm,7: wind farm,Sci Media,"16, control, grid, convert, voltag","16, control, grid, convert, voltag"
1,offshor wind,1: offshor wind,Sci Media,"20, offshor, grid, legal, regulatori","20, offshor, grid, legal, regulatori"
7,wind farm,7: wind farm,Sci Media,"38, grid, offshor, topolog, reliabl","16, control, grid, convert, voltag"
7,wind farm,7: wind farm,Sci Media,"27, control, stabil, convert, power","16, control, grid, convert, voltag"
7,wind farm,7: wind farm,Sci Media,"16, control, grid, convert, voltag","16, control, grid, convert, voltag"
7,wind farm,7: wind farm,Sci Media,"27, control, stabil, convert, power","16, control, grid, convert, voltag"
5,renew energi,5: renew energi,Sci Media,"2, energi, renew, paper, transit","2, energi, renew, paper, transit"
5,renew energi,5: renew energi,Sci Media,"3, risk, system, energi, 111","2, energi, renew, paper, transit"
7,wind farm,7: wind farm,Sci Media,"16, control, grid, convert, voltag","16, control, grid, convert, voltag"
1,offshor wind,1: offshor wind,Sci Media,"40, grid, offshor, ireland, transmiss","20, offshor, grid, legal, regulatori"
1,offshor wind,1: offshor wind,Sci Media,"20, offshor, grid, legal, regulatori","20, offshor, grid, legal, regulatori"
5,renew energi,5: renew energi,Sci Media,"2, energi, renew, paper, transit","2, energi, renew, paper, transit"
7,wind farm,7: wind farm,Sci Media,"26, grid, power, control, offshor","16, control, grid, convert, voltag"
7,wind farm,7: wind farm,Sci Media,"27, control, stabil, convert, power","16, control, grid, convert, voltag"
5,renew energi,5: renew energi,Sci Media,"2, energi, renew, paper, transit","2, energi, renew, paper, transit"
1,offshor wind,1: offshor wind,Sci Media,"42, grid, north, nsog, supergrid","20, offshor, grid, legal, regulatori"
1,offshor wind,1: offshor wind,Sci Media,"44, offshor, grid, power, wind","20, offshor, grid, legal, regulatori"
7,wind farm,7: wind farm,Sci Media,"43, microgrid, control, stabil, system","16, control, grid, convert, voltag"
1,offshor wind,1: offshor wind,Sci Media,"42, grid, north, nsog, supergrid","20, offshor, grid, legal, regulatori"
7,wind farm,7: wind farm,Sci Media,"32, transmiss, grid, offshor, system","16, control, grid, convert, voltag"
7,wind farm,7: wind farm,Sci Media,"43, microgrid, control, stabil, system","16, control, grid, convert, voltag"
7,wind farm,7: wind farm,Sci Media,"23, hvdc, convert, grid, control","16, control, grid, convert, voltag"
5,renew energi,5: renew energi,Sci Media,"24, hydrogen, bornholm, cip, energi","2, energi, renew, paper, transit"
1,offshor wind,1: offshor wind,Sci Media,"36, grid, offshor, integr, wind","20, offshor, grid, legal, regulatori"
7,wind farm,7: wind farm,Sci Media,"16, control, grid, convert, voltag","16, control, grid, convert, voltag"
5,renew energi,5: renew energi,Sci Media,"3, risk, system, energi, 111","2, energi, renew, paper, transit"
1,offshor wind,1: offshor wind,Sci Media,"42, grid, north, nsog, supergrid","20, offshor, grid, legal, regulatori"
7,wind farm,7: wind farm,Sci Media,"26, grid, power, control, offshor","16, control, grid, convert, voltag"
7,wind farm,7: wind farm,Sci Media,"29, control, convert, system, mmc","16, control, grid, convert, voltag"
1,offshor wind,1: offshor wind,Sci Media,"19, wind, state, energinet, gw","20, offshor, grid, legal, regulatori"
5,renew energi,5: renew energi,Sci Media,"2, energi, renew, paper, transit","2, energi, renew, paper, transit"
1,offshor wind,1: offshor wind,Sci Media,"42, grid, north, nsog, supergrid","20, offshor, grid, legal, regulatori"
1,offshor wind,1: offshor wind,Sci Media,"36, grid, offshor, integr, wind","20, offshor, grid, legal, regulatori"
7,wind farm,7: wind farm,Sci Media,"16, control, grid, convert, voltag","16, control, grid, convert, voltag"
1,offshor wind,1: offshor wind,Sci Media,"36, grid, offshor, integr, wind","20, offshor, grid, legal, regulatori"
7,wind farm,7: wind farm,Sci Media,Noise,"16, control, grid, convert, voltag"
5,renew energi,5: renew energi,Sci Media,"1, energi, system, renew, sourc","2, energi, renew, paper, transit"
1,offshor wind,1: offshor wind,Sci Media,"24, hydrogen, bornholm, cip, energi","20, offshor, grid, legal, regulatori"
1,offshor wind,1: offshor wind,Sci Media,"32, transmiss, grid, offshor, system","20, offshor, grid, legal, regulatori"
7,wind farm,7: wind farm,Sci Media,"32, transmiss, grid, offshor, system","16, control, grid, convert, voltag"
7,wind farm,7: wind farm,Sci Media,"38, grid, offshor, topolog, reliabl","16, control, grid, convert, voltag"
7,wind farm,7: wind farm,Sci Media,"16, control, grid, convert, voltag","16, control, grid, convert, voltag"
7,wind farm,7: wind farm,Sci Media,"23, hvdc, convert, grid, control","16, control, grid, convert, voltag"
5,renew energi,5: renew energi,Sci Media,"3, risk, system, energi, 111","2, energi, renew, paper, transit"
7,wind farm,7: wind farm,Sci Media,"27, control, stabil, convert, power","16, control, grid, convert, voltag"
1,offshor wind,1: offshor wind,Sci Media,"18, area, energinet, consult, agenc","20, offshor, grid, legal, regulatori"
1,offshor wind,1: offshor wind,Sci Media,"20, offshor, grid, legal, regulatori","20, offshor, grid, legal, regulatori"
5,renew energi,5: renew energi,Sci Media,"1, energi, system, renew, sourc","2, energi, renew, paper, transit"
1,offshor wind,1: offshor wind,Sci Media,"33, energinet, area, plant, architect","20, offshor, grid, legal, regulatori"
1,offshor wind,1: offshor wind,Sci Media,"20, offshor, grid, legal, regulatori","20, offshor, grid, legal, regulatori"
5,renew energi,5: renew energi,Sci Media,"2, energi, renew, paper, transit","2, energi, renew, paper, transit"
1,offshor wind,1: offshor wind,Sci Media,"36, grid, offshor, integr, wind","20, offshor, grid, legal, regulatori"
7,wind farm,7: wind farm,Sci Media,"16, control, grid, convert, voltag","16, control, grid, convert, voltag"
7,wind farm,7: wind farm,Sci Media,"29, control, convert, system, mmc","16, control, grid, convert, voltag"
7,wind farm,7: wind farm,Sci Media,Noise,"16, control, grid, convert, voltag"
7,wind farm,7: wind farm,Sci Media,"16, control, grid, convert, voltag","16, control, grid, convert, voltag"
5,renew energi,5: renew energi,Sci Media,"31, optim, oper, system, heat","2, energi, renew, paper, transit"
1,offshor wind,1: offshor wind,Sci Media,"8, billion, energi, project, say","20, offshor, grid, legal, regulatori"
1,offshor wind,1: offshor wind,Sci Media,"41, grid, offshor, wind, power","20, offshor, grid, legal, regulatori"
1,offshor wind,1: offshor wind,Sci Media,"44, offshor, grid, power, wind","20, offshor, grid, legal, regulatori"
1,offshor wind,1: offshor wind,Sci Media,"20, offshor, grid, legal, regulatori","20, offshor, grid, legal, regulatori"
1,offshor wind,1: offshor wind,Sci Media,"32, transmiss, grid, offshor, system","20, offshor, grid, legal, regulatori"
1,offshor wind,1: offshor wind,Sci Media,"40, grid, offshor, ireland, transmiss","20, offshor, grid, legal, regulatori"
5,renew energi,5: renew energi,Sci Media,"1, energi, system, renew, sourc","2, energi, renew, paper, transit"
7,wind farm,7: wind farm,Sci Media,Noise,"16, control, grid, convert, voltag"
7,wind farm,7: wind farm,Sci Media,"26, grid, power, control, offshor","16, control, grid, convert, voltag"
7,wind farm,7: wind farm,Sci Media,Noise,"16, control, grid, convert, voltag"
5,renew energi,5: renew energi,Sci Media,"31, optim, oper, system, heat","2, energi, renew, paper, transit"
1,offshor wind,1: offshor wind,Sci Media,"42, grid, north, nsog, supergrid","20, offshor, grid, legal, regulatori"
1,offshor wind,1: offshor wind,Sci Media,"36, grid, offshor, integr, wind","20, offshor, grid, legal, regulatori"
1,offshor wind,1: offshor wind,Sci Media,"20, offshor, grid, legal, regulatori","20, offshor, grid, legal, regulatori"
1,offshor wind,1: offshor wind,Sci Media,Noise,"20, offshor, grid, legal, regulatori"
7,wind farm,7: wind farm,Sci Media,"16, control, grid, convert, voltag","16, control, grid, convert, voltag"
7,wind farm,7: wind farm,Sci Media,Noise,"16, control, grid, convert, voltag"
5,renew energi,5: renew energi,Sci Media,"1, energi, system, renew, sourc","2, energi, renew, paper, transit"
5,renew energi,5: renew energi,Sci Media,"2, energi, renew, paper, transit","2, energi, renew, paper, transit"
1,offshor wind,1: offshor wind,Sci Media,"20, offshor, grid, legal, regulatori","20, offshor, grid, legal, regulatori"
7,wind farm,7: wind farm,Sci Media,"38, grid, offshor, topolog, reliabl","16, control, grid, convert, voltag"
7,wind farm,7: wind farm,Sci Media,"43, microgrid, control, stabil, system","16, control, grid, convert, voltag"
1,offshor wind,1: offshor wind,Sci Media,"8, billion, energi, project, say","20, offshor, grid, legal, regulatori"
1,offshor wind,1: offshor wind,Sci Media,"41, grid, offshor, wind, power","20, offshor, grid, legal, regulatori"
7,wind farm,7: wind farm,Sci Media,"16, control, grid, convert, voltag","16, control, grid, convert, voltag"
7,wind farm,7: wind farm,Sci Media,"38, grid, offshor, topolog, reliabl","16, control, grid, convert, voltag"
1,offshor wind,1: offshor wind,Sci Media,"32, transmiss, grid, offshor, system","20, offshor, grid, legal, regulatori"
1,offshor wind,1: offshor wind,Sci Media,"18, area, energinet, consult, agenc","20, offshor, grid, legal, regulatori"
1,offshor wind,1: offshor wind,Sci Media,"40, grid, offshor, ireland, transmiss","20, offshor, grid, legal, regulatori"
7,wind farm,7: wind farm,Sci Media,"27, control, stabil, convert, power","16, control, grid, convert, voltag"
1,offshor wind,1: offshor wind,Sci Media,"40, grid, offshor, ireland, transmiss","20, offshor, grid, legal, regulatori"
1,offshor wind,1: offshor wind,Sci Media,Noise,"20, offshor, grid, legal, regulatori"
1,offshor wind,1: offshor wind,Sci Media,"20, offshor, grid, legal, regulatori","20, offshor, grid, legal, regulatori"
5,renew energi,5: renew energi,Sci Media,"1, energi, system, renew, sourc","2, energi, renew, paper, transit"
7,wind farm,7: wind farm,Sci Media,Noise,"16, control, grid, convert, voltag"
1,offshor wind,1: offshor wind,Sci Media,"41, grid, offshor, wind, power","20, offshor, grid, legal, regulatori"
1,offshor wind,1: offshor wind,Sci Media,"40, grid, offshor, ireland, transmiss","20, offshor, grid, legal, regulatori"
1,offshor wind,1: offshor wind,Sci Media,"20, offshor, grid, legal, regulatori","20, offshor, grid, legal, regulatori"
7,wind farm,7: wind farm,Sci Media,"32, transmiss, grid, offshor, system","16, control, grid, convert, voltag"
1,offshor wind,1: offshor wind,Sci Media,"40, grid, offshor, ireland, transmiss","20, offshor, grid, legal, regulatori"
7,wind farm,7: wind farm,Sci Media,"38, grid, offshor, topolog, reliabl","16, control, grid, convert, voltag"
7,wind farm,7: wind farm,Sci Media,"38, grid, offshor, topolog, reliabl","16, control, grid, convert, voltag"
7,wind farm,7: wind farm,Sci Media,"16, control, grid, convert, voltag","16, control, grid, convert, voltag"
5,renew energi,5: renew energi,Sci Media,"1, energi, system, renew, sourc","2, energi, renew, paper, transit"
7,wind farm,7: wind farm,Sci Media,"16, control, grid, convert, voltag","16, control, grid, convert, voltag"
1,offshor wind,1: offshor wind,Sci Media,"20, offshor, grid, legal, regulatori","20, offshor, grid, legal, regulatori"
1,offshor wind,1: offshor wind,Sci Media,"41, grid, offshor, wind, power","20, offshor, grid, legal, regulatori"
1,offshor wind,1: offshor wind,Sci Media,"42, grid, north, nsog, supergrid","20, offshor, grid, legal, regulatori"
7,wind farm,7: wind farm,Sci Media,"29, control, convert, system, mmc","16, control, grid, convert, voltag"
1,offshor wind,1: offshor wind,Sci Media,"41, grid, offshor, wind, power","20, offshor, grid, legal, regulatori"
7,wind farm,7: wind farm,Sci Media,"16, control, grid, convert, voltag","16, control, grid, convert, voltag"
7,wind farm,7: wind farm,Sci Media,"38, grid, offshor, topolog, reliabl","16, control, grid, convert, voltag"
1,offshor wind,1: offshor wind,Sci Media,"36, grid, offshor, integr, wind","20, offshor, grid, legal, regulatori"
1,offshor wind,1: offshor wind,Sci Media,"42, grid, north, nsog, supergrid","20, offshor, grid, legal, regulatori"
1,offshor wind,1: offshor wind,Sci Media,"36, grid, offshor, integr, wind","20, offshor, grid, legal, regulatori"
7,wind farm,7: wind farm,Sci Media,"41, grid, offshor, wind, power","16, control, grid, convert, voltag"
1,offshor wind,1: offshor wind,Sci Media,"20, offshor, grid, legal, regulatori","20, offshor, grid, legal, regulatori"
7,wind farm,7: wind farm,Sci Media,"29, control, convert, system, mmc","16, control, grid, convert, voltag"
1,offshor wind,1: offshor wind,Sci Media,"32, transmiss, grid, offshor, system","20, offshor, grid, legal, regulatori"
1,offshor wind,1: offshor wind,Sci Media,"36, grid, offshor, integr, wind","20, offshor, grid, legal, regulatori"
7,wind farm,7: wind farm,Sci Media,"26, grid, power, control, offshor","16, control, grid, convert, voltag"
1,offshor wind,1: offshor wind,Sci Media,"32, transmiss, grid, offshor, system","20, offshor, grid, legal, regulatori"
1,offshor wind,1: offshor wind,Sci Media,"40, grid, offshor, ireland, transmiss","20, offshor, grid, legal, regulatori"
5,renew energi,5: renew energi,Sci Media,"3, risk, system, energi, 111","2, energi, renew, paper, transit"
1,offshor wind,1: offshor wind,Sci Media,"44, offshor, grid, power, wind","20, offshor, grid, legal, regulatori"
1,offshor wind,1: offshor wind,Sci Media,"44, offshor, grid, power, wind","20, offshor, grid, legal, regulatori"
7,wind farm,7: wind farm,Sci Media,"26, grid, power, control, offshor","16, control, grid, convert, voltag"
5,renew energi,5: renew energi,Sci Media,"1, energi, system, renew, sourc","2, energi, renew, paper, transit"
5,renew energi,5: renew energi,Sci Media,"31, optim, oper, system, heat","2, energi, renew, paper, transit"
1,offshor wind,1: offshor wind,Sci Media,"32, transmiss, grid, offshor, system","20, offshor, grid, legal, regulatori"
1,offshor wind,1: offshor wind,Sci Media,"28, bornholm, guard, must, mani","20, offshor, grid, legal, regulatori"
1,offshor wind,1: offshor wind,Sci Media,"32, transmiss, grid, offshor, system","20, offshor, grid, legal, regulatori"
0,energi island,0: energi island,Sci Media,"4, green, hydrogen, busi, bornholm","4, green, hydrogen, busi, bornholm"
1,offshor wind,1: offshor wind,Sci Media,"36, grid, offshor, integr, wind","20, offshor, grid, legal, regulatori"
7,wind farm,7: wind farm,Sci Media,"16, control, grid, convert, voltag","16, control, grid, convert, voltag"
1,offshor wind,1: offshor wind,Sci Media,"11, energi, island, price, compens","20, offshor, grid, legal, regulatori"
1,offshor wind,1: offshor wind,Sci Media,"36, grid, offshor, integr, wind","20, offshor, grid, legal, regulatori"
7,wind farm,7: wind farm,Sci Media,Noise,"16, control, grid, convert, voltag"
7,wind farm,7: wind farm,Sci Media,"26, grid, power, control, offshor","16, control, grid, convert, voltag"
1,offshor wind,1: offshor wind,Sci Media,"32, transmiss, grid, offshor, system","20, offshor, grid, legal, regulatori"
1,offshor wind,1: offshor wind,Sci Media,"42, grid, north, nsog, supergrid","20, offshor, grid, legal, regulatori"
7,wind farm,7: wind farm,Sci Media,"38, grid, offshor, topolog, reliabl","16, control, grid, convert, voltag"
1,offshor wind,1: offshor wind,Sci Media,"42, grid, north, nsog, supergrid","20, offshor, grid, legal, regulatori"
1,offshor wind,1: offshor wind,Sci Media,"32, transmiss, grid, offshor, system","20, offshor, grid, legal, regulatori"
1,offshor wind,1: offshor wind,Sci Media,"42, grid, north, nsog, supergrid","20, offshor, grid, legal, regulatori"
9,right reserv,9: right reserv,Sci Media,"3, risk, system, energi, 111","4, green, hydrogen, busi, bornholm"
9,right reserv,9: right reserv,Sci Media,"4, green, hydrogen, busi, bornholm","4, green, hydrogen, busi, bornholm"
5,renew energi,5: renew energi,Sci Media,"3, risk, system, energi, 111","2, energi, renew, paper, transit"
9,right reserv,9: right reserv,Sci Media,"30, bornholm, wind, offshor, also","4, green, hydrogen, busi, bornholm"
3,north sea,3: north sea,Sci Media,"19, wind, state, energinet, gw","5, island, connect, energi, bornholm"
7,wind farm,7: wind farm,Sci Media,Noise,"16, control, grid, convert, voltag"
9,right reserv,9: right reserv,Sci Media,"45, energi, bornholm, hydrogen, center","4, green, hydrogen, busi, bornholm"
1,offshor wind,1: offshor wind,Sci Media,"41, grid, offshor, wind, power","20, offshor, grid, legal, regulatori"
0,energi island,0: energi island,Sci Media,"1, energi, system, renew, sourc","4, green, hydrogen, busi, bornholm"
3,north sea,3: north sea,Sci Media,"19, wind, state, energinet, gw","5, island, connect, energi, bornholm"
1,offshor wind,1: offshor wind,Sci Media,"44, offshor, grid, power, wind","20, offshor, grid, legal, regulatori"
7,wind farm,7: wind farm,Sci Media,"23, hvdc, convert, grid, control","16, control, grid, convert, voltag"
7,wind farm,7: wind farm,Sci Media,"23, hvdc, convert, grid, control","16, control, grid, convert, voltag"
5,renew energi,5: renew energi,Sci Media,"1, energi, system, renew, sourc","2, energi, renew, paper, transit"
1,offshor wind,1: offshor wind,Sci Media,"7, bornholm, island, energi, cool","20, offshor, grid, legal, regulatori"
3,north sea,3: north sea,Sci Media,"18, area, energinet, consult, agenc","5, island, connect, energi, bornholm"
3,north sea,3: north sea,Sci Media,"18, area, energinet, consult, agenc","5, island, connect, energi, bornholm"
9,right reserv,9: right reserv,Sci Media,"45, energi, bornholm, hydrogen, center","4, green, hydrogen, busi, bornholm"
9,right reserv,9: right reserv,Sci Media,"13, hydrogen, co2, fund, compani","4, green, hydrogen, busi, bornholm"
7,wind farm,7: wind farm,Sci Media,"16, control, grid, convert, voltag","16, control, grid, convert, voltag"
9,right reserv,9: right reserv,Sci Media,"3, risk, system, energi, 111","4, green, hydrogen, busi, bornholm"
11,bornholm offshor wind,11: bornholm offshor wind,Sci Media,Noise,"18, area, energinet, consult, agenc"
1,offshor wind,1: offshor wind,Sci Media,"41, grid, offshor, wind, power","20, offshor, grid, legal, regulatori"
5,renew energi,5: renew energi,Sci Media,"1, energi, system, renew, sourc","2, energi, renew, paper, transit"
5,renew energi,5: renew energi,Sci Media,"1, energi, system, renew, sourc","2, energi, renew, paper, transit"
1,offshor wind,1: offshor wind,Sci Media,"21, energi, island, bornholm, wind","20, offshor, grid, legal, regulatori"
9,right reserv,9: right reserv,Sci Media,"3, risk, system, energi, 111","4, green, hydrogen, busi, bornholm"
5,renew energi,5: renew energi,Sci Media,"1, energi, system, renew, sourc","2, energi, renew, paper, transit"
3,north sea,3: north sea,Sci Media,"0, museum, project, energi, say","5, island, connect, energi, bornholm"
1,offshor wind,1: offshor wind,Sci Media,"40, grid, offshor, ireland, transmiss","20, offshor, grid, legal, regulatori"
9,right reserv,9: right reserv,Sci Media,"18, area, energinet, consult, agenc","4, green, hydrogen, busi, bornholm"
1,offshor wind,1: offshor wind,Sci Media,"42, grid, north, nsog, supergrid","20, offshor, grid, legal, regulatori"
9,right reserv,9: right reserv,Sci Media,"3, risk, system, energi, 111","4, green, hydrogen, busi, bornholm"
9,right reserv,9: right reserv,Sci Media,"15, bornholm, municip, climat, energi","4, green, hydrogen, busi, bornholm"
9,right reserv,9: right reserv,Sci Media,"3, risk, system, energi, 111","4, green, hydrogen, busi, bornholm"
1,offshor wind,1: offshor wind,Sci Media,"20, offshor, grid, legal, regulatori","20, offshor, grid, legal, regulatori"
1,offshor wind,1: offshor wind,Sci Media,"20, offshor, grid, legal, regulatori","20, offshor, grid, legal, regulatori"
1,offshor wind,1: offshor wind,Sci Media,"40, grid, offshor, ireland, transmiss","20, offshor, grid, legal, regulatori"
5,renew energi,5: renew energi,Sci Media,"1, energi, system, renew, sourc","2, energi, renew, paper, transit"
7,wind farm,7: wind farm,Sci Media,"16, control, grid, convert, voltag","16, control, grid, convert, voltag"
9,right reserv,9: right reserv,Sci Media,"6, center, bornholm, compani, busi","4, green, hydrogen, busi, bornholm"
5,renew energi,5: renew energi,Sci Media,"2, energi, renew, paper, transit","2, energi, renew, paper, transit"
5,renew energi,5: renew energi,Sci Media,"1, energi, system, renew, sourc","2, energi, renew, paper, transit"
9,right reserv,9: right reserv,Sci Media,"3, risk, system, energi, 111","4, green, hydrogen, busi, bornholm"
9,right reserv,9: right reserv,Sci Media,"9, bornholm, municip, year, energi","4, green, hydrogen, busi, bornholm"
1,offshor wind,1: offshor wind,Sci Media,"42, grid, north, nsog, supergrid","20, offshor, grid, legal, regulatori"
1,offshor wind,1: offshor wind,Sci Media,"3, risk, system, energi, 111","20, offshor, grid, legal, regulatori"
9,right reserv,9: right reserv,Sci Media,"3, risk, system, energi, 111","4, green, hydrogen, busi, bornholm"
7,wind farm,7: wind farm,Sci Media,"23, hvdc, convert, grid, control","16, control, grid, convert, voltag"
5,renew energi,5: renew energi,Sci Media,"2, energi, renew, paper, transit","2, energi, renew, paper, transit"
5,renew energi,5: renew energi,Sci Media,"1, energi, system, renew, sourc","2, energi, renew, paper, transit"
3,north sea,3: north sea,Sci Media,Noise,"5, island, connect, energi, bornholm"
5,renew energi,5: renew energi,Sci Media,"31, optim, oper, system, heat","2, energi, renew, paper, transit"
7,wind farm,7: wind farm,Sci Media,"23, hvdc, convert, grid, control","16, control, grid, convert, voltag"
1,offshor wind,1: offshor wind,Sci Media,"44, offshor, grid, power, wind","20, offshor, grid, legal, regulatori"
5,renew energi,5: renew energi,Sci Media,"3, risk, system, energi, 111","2, energi, renew, paper, transit"
