Source,cluster,x,y,TF_IDF_topic_name,BERTopic_topic_name
reg,0,8.3155365,9.86183,"really good, 0.0136 | energy parks, 0.0065 | green island, 0.0060 | renewable energy, 0.0059 | bornholm offshore wind, 0.0040",bornholm energy also wind says
reg,10,6.6922593,10.277197,"social democracy, 0.0219 | municipal council, 0.0194 | municipal elections, 0.0168 | energy island, 0.0154 | election campaign, 0.0153",energy bornholm island also municipal
reg,0,7.4191546,10.970074,"really good, 0.0136 | energy parks, 0.0065 | green island, 0.0060 | renewable energy, 0.0059 | bornholm offshore wind, 0.0040",bornholm energy also wind says
reg,1,6.719442,11.082448,"center bornholm, 0.0115 | business center, 0.0095 | business center bornholm, 0.0090 | business park, 0.0080 | green transition, 0.0077",bornholm energy green island business
reg,14,10.132943,10.437768,"wind farms, 0.0092 | 27 million, 0.0087 | offshore wind farms, 0.0077 | 20 billion, 0.0076 | offshore wind, 0.0075",energy bornholm wind island offshore
reg,1,7.2493443,11.883557,"center bornholm, 0.0115 | business center, 0.0095 | business center bornholm, 0.0090 | business park, 0.0080 | green transition, 0.0077",bornholm energy green island business
reg,3,9.9513645,11.430301,"danish energy agency, 0.0165 | energy agency, 0.0165 | danish energy, 0.0164 | offshore wind, 0.0124 | environmental assessment, 0.0104",bornholm energy wind offshore energinet
reg,7,10.386284,10.687264,"baltic sea, 0.0158 | gas station, 0.0147 | offshore wind, 0.0143 | thomas bendtsen, 0.0141 | wind turbines, 0.0118",bornholm energy wind offshore says
reg,13,10.64266,10.347205,"district heating, 0.0159 | electrolysis plant, 0.0155 | green fuels, 0.0138 | hydrogen production, 0.0138 | surplus heat, 0.0120",bornholm energy hydrogen powertox island
reg,0,9.071194,9.853356,"really good, 0.0136 | energy parks, 0.0065 | green island, 0.0060 | renewable energy, 0.0059 | bornholm offshore wind, 0.0040",bornholm energy also wind says
reg,3,10.015593,11.298165,"danish energy agency, 0.0165 | energy agency, 0.0165 | danish energy, 0.0164 | offshore wind, 0.0124 | environmental assessment, 0.0104",bornholm energy wind offshore energinet
reg,7,10.108633,10.949164,"baltic sea, 0.0158 | gas station, 0.0147 | offshore wind, 0.0143 | thomas bendtsen, 0.0141 | wind turbines, 0.0118",bornholm energy wind offshore says
reg,4,6.3605695,7.038848,"next year, 0.0149 | municipal council, 0.0146 | last year, 0.0106 | social democracy, 0.0105 | savings catalog, 0.0100",bornholm also energy year municipal
reg,0,9.043004,9.923639,"really good, 0.0136 | energy parks, 0.0065 | green island, 0.0060 | renewable energy, 0.0059 | bornholm offshore wind, 0.0040",bornholm energy also wind says
reg,3,9.983933,11.450096,"danish energy agency, 0.0165 | energy agency, 0.0165 | danish energy, 0.0164 | offshore wind, 0.0124 | environmental assessment, 0.0104",bornholm energy wind offshore energinet
reg,4,7.39698,7.079767,"next year, 0.0149 | municipal council, 0.0146 | last year, 0.0106 | social democracy, 0.0105 | savings catalog, 0.0100",bornholm also energy year municipal
reg,7,10.356607,10.779731,"baltic sea, 0.0158 | gas station, 0.0147 | offshore wind, 0.0143 | thomas bendtsen, 0.0141 | wind turbines, 0.0118",bornholm energy wind offshore says
reg,3,10.043446,11.293649,"danish energy agency, 0.0165 | energy agency, 0.0165 | danish energy, 0.0164 | offshore wind, 0.0124 | environmental assessment, 0.0104",bornholm energy wind offshore energinet
reg,3,9.4565325,11.279205,"danish energy agency, 0.0165 | energy agency, 0.0165 | danish energy, 0.0164 | offshore wind, 0.0124 | environmental assessment, 0.0104",bornholm energy wind offshore energinet
reg,4,7.3443246,7.8590074,"next year, 0.0149 | municipal council, 0.0146 | last year, 0.0106 | social democracy, 0.0105 | savings catalog, 0.0100",bornholm also energy year municipal
reg,4,6.734557,7.065315,"next year, 0.0149 | municipal council, 0.0146 | last year, 0.0106 | social democracy, 0.0105 | savings catalog, 0.0100",bornholm also energy year municipal
reg,3,9.417092,11.344455,"danish energy agency, 0.0165 | energy agency, 0.0165 | danish energy, 0.0164 | offshore wind, 0.0124 | environmental assessment, 0.0104",bornholm energy wind offshore energinet
reg,17,10.309344,9.679108,"offshore wind, 0.0239 | state aid, 0.0197 | north sea, 0.0186 | island north, 0.0118 | island north sea, 0.0118",energy bornholm wind offshore islands
reg,0,7.6169286,10.780518,"really good, 0.0136 | energy parks, 0.0065 | green island, 0.0060 | renewable energy, 0.0059 | bornholm offshore wind, 0.0040",bornholm energy also wind says
reg,14,9.880296,9.745847,"wind farms, 0.0092 | 27 million, 0.0087 | offshore wind farms, 0.0077 | 20 billion, 0.0076 | offshore wind, 0.0075",energy bornholm wind island offshore
reg,4,6.618738,7.261778,"next year, 0.0149 | municipal council, 0.0146 | last year, 0.0106 | social democracy, 0.0105 | savings catalog, 0.0100",bornholm also energy year municipal
reg,10,6.8202715,9.207046,"social democracy, 0.0219 | municipal council, 0.0194 | municipal elections, 0.0168 | energy island, 0.0154 | election campaign, 0.0153",energy bornholm island also municipal
reg,10,6.6772027,9.535908,"social democracy, 0.0219 | municipal council, 0.0194 | municipal elections, 0.0168 | energy island, 0.0154 | election campaign, 0.0153",energy bornholm island also municipal
reg,7,9.684947,11.232504,"baltic sea, 0.0158 | gas station, 0.0147 | offshore wind, 0.0143 | thomas bendtsen, 0.0141 | wind turbines, 0.0118",bornholm energy wind offshore says
reg,4,6.413306,7.319389,"next year, 0.0149 | municipal council, 0.0146 | last year, 0.0106 | social democracy, 0.0105 | savings catalog, 0.0100",bornholm also energy year municipal
reg,10,6.902655,9.417118,"social democracy, 0.0219 | municipal council, 0.0194 | municipal elections, 0.0168 | energy island, 0.0154 | election campaign, 0.0153",energy bornholm island also municipal
reg,1,7.513969,11.857268,"center bornholm, 0.0115 | business center, 0.0095 | business center bornholm, 0.0090 | business park, 0.0080 | green transition, 0.0077",bornholm energy green island business
reg,13,10.28662,10.36696,"district heating, 0.0159 | electrolysis plant, 0.0155 | green fuels, 0.0138 | hydrogen production, 0.0138 | surplus heat, 0.0120",bornholm energy hydrogen powertox island
reg,2,9.039852,9.112132,"energy islands bornholm, 0.0071 | islands bornholm, 0.0071 | nuclear power, 0.0071 | energy islands, 0.0070 | offshore wind, 0.0068",energy bornholm island islands says
reg,2,7.3812165,8.870055,"energy islands bornholm, 0.0071 | islands bornholm, 0.0071 | nuclear power, 0.0071 | energy islands, 0.0070 | offshore wind, 0.0068",energy bornholm island islands says
reg,2,8.681861,8.188444,"energy islands bornholm, 0.0071 | islands bornholm, 0.0071 | nuclear power, 0.0071 | energy islands, 0.0070 | offshore wind, 0.0068",energy bornholm island islands says
reg,1,7.1493683,11.991778,"center bornholm, 0.0115 | business center, 0.0095 | business center bornholm, 0.0090 | business park, 0.0080 | green transition, 0.0077",bornholm energy green island business
reg,17,10.256964,9.949633,"offshore wind, 0.0239 | state aid, 0.0197 | north sea, 0.0186 | island north, 0.0118 | island north sea, 0.0118",energy bornholm wind offshore islands
reg,1,7.0754867,11.837118,"center bornholm, 0.0115 | business center, 0.0095 | business center bornholm, 0.0090 | business park, 0.0080 | green transition, 0.0077",bornholm energy green island business
reg,1,7.147145,12.007126,"center bornholm, 0.0115 | business center, 0.0095 | business center bornholm, 0.0090 | business park, 0.0080 | green transition, 0.0077",bornholm energy green island business
reg,1,7.1663933,11.995073,"center bornholm, 0.0115 | business center, 0.0095 | business center bornholm, 0.0090 | business park, 0.0080 | green transition, 0.0077",bornholm energy green island business
reg,17,10.228607,9.852385,"offshore wind, 0.0239 | state aid, 0.0197 | north sea, 0.0186 | island north, 0.0118 | island north sea, 0.0118",energy bornholm wind offshore islands
reg,5,6.3246365,8.243303,"anne thomas, 0.0213 | business park, 0.0175 | social democracy, 0.0164 | top candidate, 0.0132 | food school, 0.0119",bornholm energy business island says
reg,13,10.505932,10.326784,"district heating, 0.0159 | electrolysis plant, 0.0155 | green fuels, 0.0138 | hydrogen production, 0.0138 | surplus heat, 0.0120",bornholm energy hydrogen powertox island
reg,7,10.790914,10.898999,"baltic sea, 0.0158 | gas station, 0.0147 | offshore wind, 0.0143 | thomas bendtsen, 0.0141 | wind turbines, 0.0118",bornholm energy wind offshore says
reg,3,9.955836,11.437264,"danish energy agency, 0.0165 | energy agency, 0.0165 | danish energy, 0.0164 | offshore wind, 0.0124 | environmental assessment, 0.0104",bornholm energy wind offshore energinet
reg,1,7.2458873,12.073903,"center bornholm, 0.0115 | business center, 0.0095 | business center bornholm, 0.0090 | business park, 0.0080 | green transition, 0.0077",bornholm energy green island business
reg,1,7.6904664,11.621392,"center bornholm, 0.0115 | business center, 0.0095 | business center bornholm, 0.0090 | business park, 0.0080 | green transition, 0.0077",bornholm energy green island business
reg,7,10.8395,10.88909,"baltic sea, 0.0158 | gas station, 0.0147 | offshore wind, 0.0143 | thomas bendtsen, 0.0141 | wind turbines, 0.0118",bornholm energy wind offshore says
reg,1,6.9191537,11.925822,"center bornholm, 0.0115 | business center, 0.0095 | business center bornholm, 0.0090 | business park, 0.0080 | green transition, 0.0077",bornholm energy green island business
reg,1,6.9861774,11.619265,"center bornholm, 0.0115 | business center, 0.0095 | business center bornholm, 0.0090 | business park, 0.0080 | green transition, 0.0077",bornholm energy green island business
reg,1,7.217372,11.859102,"center bornholm, 0.0115 | business center, 0.0095 | business center bornholm, 0.0090 | business park, 0.0080 | green transition, 0.0077",bornholm energy green island business
reg,0,9.3056345,10.27459,"really good, 0.0136 | energy parks, 0.0065 | green island, 0.0060 | renewable energy, 0.0059 | bornholm offshore wind, 0.0040",bornholm energy also wind says
reg,7,10.546501,10.533715,"baltic sea, 0.0158 | gas station, 0.0147 | offshore wind, 0.0143 | thomas bendtsen, 0.0141 | wind turbines, 0.0118",bornholm energy wind offshore says
reg,0,9.742071,9.825861,"really good, 0.0136 | energy parks, 0.0065 | green island, 0.0060 | renewable energy, 0.0059 | bornholm offshore wind, 0.0040",bornholm energy also wind says
reg,16,8.780274,12.035038,"baltic energy, 0.0159 | baltic energy island, 0.0132 | mikael benzon, 0.0125 | election campaign, 0.0110 | green transition, 0.0098",bornholm energy island green also
reg,8,9.081817,10.857537,"high voltage, 0.0242 | local plan, 0.0193 | high voltage station, 0.0168 | voltage station, 0.0167 | gross area, 0.0109",energy bornholm energinet plant area
reg,3,9.8512745,11.604702,"danish energy agency, 0.0165 | energy agency, 0.0165 | danish energy, 0.0164 | offshore wind, 0.0124 | environmental assessment, 0.0104",bornholm energy wind offshore energinet
reg,0,9.16311,9.661795,"really good, 0.0136 | energy parks, 0.0065 | green island, 0.0060 | renewable energy, 0.0059 | bornholm offshore wind, 0.0040",bornholm energy also wind says
reg,1,7.045643,12.060361,"center bornholm, 0.0115 | business center, 0.0095 | business center bornholm, 0.0090 | business park, 0.0080 | green transition, 0.0077",bornholm energy green island business
reg,0,8.99593,9.593251,"really good, 0.0136 | energy parks, 0.0065 | green island, 0.0060 | renewable energy, 0.0059 | bornholm offshore wind, 0.0040",bornholm energy also wind says
reg,0,8.290338,10.451988,"really good, 0.0136 | energy parks, 0.0065 | green island, 0.0060 | renewable energy, 0.0059 | bornholm offshore wind, 0.0040",bornholm energy also wind says
reg,8,9.180985,11.789407,"high voltage, 0.0242 | local plan, 0.0193 | high voltage station, 0.0168 | voltage station, 0.0167 | gross area, 0.0109",energy bornholm energinet plant area
reg,7,10.515714,10.605147,"baltic sea, 0.0158 | gas station, 0.0147 | offshore wind, 0.0143 | thomas bendtsen, 0.0141 | wind turbines, 0.0118",bornholm energy wind offshore says
reg,1,7.599876,11.4217415,"center bornholm, 0.0115 | business center, 0.0095 | business center bornholm, 0.0090 | business park, 0.0080 | green transition, 0.0077",bornholm energy green island business
reg,5,6.986208,7.936443,"anne thomas, 0.0213 | business park, 0.0175 | social democracy, 0.0164 | top candidate, 0.0132 | food school, 0.0119",bornholm energy business island says
reg,7,9.995555,10.838528,"baltic sea, 0.0158 | gas station, 0.0147 | offshore wind, 0.0143 | thomas bendtsen, 0.0141 | wind turbines, 0.0118",bornholm energy wind offshore says
reg,0,9.095861,9.628832,"really good, 0.0136 | energy parks, 0.0065 | green island, 0.0060 | renewable energy, 0.0059 | bornholm offshore wind, 0.0040",bornholm energy also wind says
reg,5,6.86292,8.079665,"anne thomas, 0.0213 | business park, 0.0175 | social democracy, 0.0164 | top candidate, 0.0132 | food school, 0.0119",bornholm energy business island says
reg,0,7.206339,10.148653,"really good, 0.0136 | energy parks, 0.0065 | green island, 0.0060 | renewable energy, 0.0059 | bornholm offshore wind, 0.0040",bornholm energy also wind says
reg,3,9.5153475,11.302831,"danish energy agency, 0.0165 | energy agency, 0.0165 | danish energy, 0.0164 | offshore wind, 0.0124 | environmental assessment, 0.0104",bornholm energy wind offshore energinet
reg,3,9.455484,11.452081,"danish energy agency, 0.0165 | energy agency, 0.0165 | danish energy, 0.0164 | offshore wind, 0.0124 | environmental assessment, 0.0104",bornholm energy wind offshore energinet
reg,0,9.244246,10.093505,"really good, 0.0136 | energy parks, 0.0065 | green island, 0.0060 | renewable energy, 0.0059 | bornholm offshore wind, 0.0040",bornholm energy also wind says
reg,1,6.90749,11.037473,"center bornholm, 0.0115 | business center, 0.0095 | business center bornholm, 0.0090 | business park, 0.0080 | green transition, 0.0077",bornholm energy green island business
reg,1,7.0832105,11.353932,"center bornholm, 0.0115 | business center, 0.0095 | business center bornholm, 0.0090 | business park, 0.0080 | green transition, 0.0077",bornholm energy green island business
reg,15,7.012798,7.3479586,"people meeting, 0.0398 | says peter, 0.0224 | 42 000, 0.0140 | peter juel, 0.0122 | peter juel jensen, 0.0119",bornholm energy also island must
reg,9,9.827495,8.142901,"electricity prices, 0.0120 | 10 million, 0.0117 | 31 billion, 0.0107 | think tank, 0.0100 | energy island, 0.0089",bornholm energy island islands wind
reg,1,7.5928125,12.0477705,"center bornholm, 0.0115 | business center, 0.0095 | business center bornholm, 0.0090 | business park, 0.0080 | green transition, 0.0077",bornholm energy green island business
reg,8,8.698842,11.623938,"high voltage, 0.0242 | local plan, 0.0193 | high voltage station, 0.0168 | voltage station, 0.0167 | gross area, 0.0109",energy bornholm energinet plant area
reg,8,8.67487,11.24989,"high voltage, 0.0242 | local plan, 0.0193 | high voltage station, 0.0168 | voltage station, 0.0167 | gross area, 0.0109",energy bornholm energinet plant area
reg,3,10.061929,11.355744,"danish energy agency, 0.0165 | energy agency, 0.0165 | danish energy, 0.0164 | offshore wind, 0.0124 | environmental assessment, 0.0104",bornholm energy wind offshore energinet
reg,17,10.281723,10.003559,"offshore wind, 0.0239 | state aid, 0.0197 | north sea, 0.0186 | island north, 0.0118 | island north sea, 0.0118",energy bornholm wind offshore islands
reg,8,7.6206613,9.123539,"high voltage, 0.0242 | local plan, 0.0193 | high voltage station, 0.0168 | voltage station, 0.0167 | gross area, 0.0109",energy bornholm energinet plant area
reg,1,7.0763955,12.062803,"center bornholm, 0.0115 | business center, 0.0095 | business center bornholm, 0.0090 | business park, 0.0080 | green transition, 0.0077",bornholm energy green island business
reg,3,9.632632,11.415995,"danish energy agency, 0.0165 | energy agency, 0.0165 | danish energy, 0.0164 | offshore wind, 0.0124 | environmental assessment, 0.0104",bornholm energy wind offshore energinet
reg,0,9.178126,10.297568,"really good, 0.0136 | energy parks, 0.0065 | green island, 0.0060 | renewable energy, 0.0059 | bornholm offshore wind, 0.0040",bornholm energy also wind says
reg,5,7.019135,7.8242617,"anne thomas, 0.0213 | business park, 0.0175 | social democracy, 0.0164 | top candidate, 0.0132 | food school, 0.0119",bornholm energy business island says
reg,3,9.420039,10.933678,"danish energy agency, 0.0165 | energy agency, 0.0165 | danish energy, 0.0164 | offshore wind, 0.0124 | environmental assessment, 0.0104",bornholm energy wind offshore energinet
reg,1,7.2063823,11.48139,"center bornholm, 0.0115 | business center, 0.0095 | business center bornholm, 0.0090 | business park, 0.0080 | green transition, 0.0077",bornholm energy green island business
reg,1,7.7385836,11.420314,"center bornholm, 0.0115 | business center, 0.0095 | business center bornholm, 0.0090 | business park, 0.0080 | green transition, 0.0077",bornholm energy green island business
reg,7,9.618465,11.254312,"baltic sea, 0.0158 | gas station, 0.0147 | offshore wind, 0.0143 | thomas bendtsen, 0.0141 | wind turbines, 0.0118",bornholm energy wind offshore says
reg,8,8.563636,11.176463,"high voltage, 0.0242 | local plan, 0.0193 | high voltage station, 0.0168 | voltage station, 0.0167 | gross area, 0.0109",energy bornholm energinet plant area
reg,2,8.995901,9.418417,"energy islands bornholm, 0.0071 | islands bornholm, 0.0071 | nuclear power, 0.0071 | energy islands, 0.0070 | offshore wind, 0.0068",energy bornholm island islands says
reg,2,8.954105,9.278554,"energy islands bornholm, 0.0071 | islands bornholm, 0.0071 | nuclear power, 0.0071 | energy islands, 0.0070 | offshore wind, 0.0068",energy bornholm island islands says
reg,3,9.337839,11.619791,"danish energy agency, 0.0165 | energy agency, 0.0165 | danish energy, 0.0164 | offshore wind, 0.0124 | environmental assessment, 0.0104",bornholm energy wind offshore energinet
reg,1,7.378676,11.633544,"center bornholm, 0.0115 | business center, 0.0095 | business center bornholm, 0.0090 | business park, 0.0080 | green transition, 0.0077",bornholm energy green island business
reg,3,9.225631,11.025196,"danish energy agency, 0.0165 | energy agency, 0.0165 | danish energy, 0.0164 | offshore wind, 0.0124 | environmental assessment, 0.0104",bornholm energy wind offshore energinet
reg,14,9.645543,10.52517,"wind farms, 0.0092 | 27 million, 0.0087 | offshore wind farms, 0.0077 | 20 billion, 0.0076 | offshore wind, 0.0075",energy bornholm wind island offshore
reg,0,9.112047,10.09566,"really good, 0.0136 | energy parks, 0.0065 | green island, 0.0060 | renewable energy, 0.0059 | bornholm offshore wind, 0.0040",bornholm energy also wind says
reg,0,8.585488,9.574956,"really good, 0.0136 | energy parks, 0.0065 | green island, 0.0060 | renewable energy, 0.0059 | bornholm offshore wind, 0.0040",bornholm energy also wind says
reg,8,9.003574,11.195135,"high voltage, 0.0242 | local plan, 0.0193 | high voltage station, 0.0168 | voltage station, 0.0167 | gross area, 0.0109",energy bornholm energinet plant area
reg,8,8.646395,11.173995,"high voltage, 0.0242 | local plan, 0.0193 | high voltage station, 0.0168 | voltage station, 0.0167 | gross area, 0.0109",energy bornholm energinet plant area
reg,8,8.517259,11.276198,"high voltage, 0.0242 | local plan, 0.0193 | high voltage station, 0.0168 | voltage station, 0.0167 | gross area, 0.0109",energy bornholm energinet plant area
reg,0,8.52204,9.994281,"really good, 0.0136 | energy parks, 0.0065 | green island, 0.0060 | renewable energy, 0.0059 | bornholm offshore wind, 0.0040",bornholm energy also wind says
reg,9,9.669667,8.918601,"electricity prices, 0.0120 | 10 million, 0.0117 | 31 billion, 0.0107 | think tank, 0.0100 | energy island, 0.0089",bornholm energy island islands wind
reg,8,8.702169,11.073403,"high voltage, 0.0242 | local plan, 0.0193 | high voltage station, 0.0168 | voltage station, 0.0167 | gross area, 0.0109",energy bornholm energinet plant area
reg,1,7.6835675,11.630608,"center bornholm, 0.0115 | business center, 0.0095 | business center bornholm, 0.0090 | business park, 0.0080 | green transition, 0.0077",bornholm energy green island business
reg,9,9.652808,8.179759,"electricity prices, 0.0120 | 10 million, 0.0117 | 31 billion, 0.0107 | think tank, 0.0100 | energy island, 0.0089",bornholm energy island islands wind
reg,16,8.578426,11.997132,"baltic energy, 0.0159 | baltic energy island, 0.0132 | mikael benzon, 0.0125 | election campaign, 0.0110 | green transition, 0.0098",bornholm energy island green also
reg,6,8.840264,6.891149,"baltic sea, 0.0245 | cultural identity, 0.0157 | critical infrastructure, 0.0143 | home guard, 0.0143 | united states, 0.0139",bornholm energy also baltic island
reg,11,8.08599,8.079307,"ole sonne, 0.0186 | citizens association, 0.0173 | association energy islands, 0.0164 | association energy, 0.0161 | citizens association energy, 0.0137",energy bornholm also citizens island
reg,0,8.31419,9.553152,"really good, 0.0136 | energy parks, 0.0065 | green island, 0.0060 | renewable energy, 0.0059 | bornholm offshore wind, 0.0040",bornholm energy also wind says
reg,3,9.543344,11.942656,"danish energy agency, 0.0165 | energy agency, 0.0165 | danish energy, 0.0164 | offshore wind, 0.0124 | environmental assessment, 0.0104",bornholm energy wind offshore energinet
reg,7,9.87063,10.880736,"baltic sea, 0.0158 | gas station, 0.0147 | offshore wind, 0.0143 | thomas bendtsen, 0.0141 | wind turbines, 0.0118",bornholm energy wind offshore says
reg,8,8.673524,11.592272,"high voltage, 0.0242 | local plan, 0.0193 | high voltage station, 0.0168 | voltage station, 0.0167 | gross area, 0.0109",energy bornholm energinet plant area
reg,3,9.557784,11.353764,"danish energy agency, 0.0165 | energy agency, 0.0165 | danish energy, 0.0164 | offshore wind, 0.0124 | environmental assessment, 0.0104",bornholm energy wind offshore energinet
reg,14,10.020383,10.27485,"wind farms, 0.0092 | 27 million, 0.0087 | offshore wind farms, 0.0077 | 20 billion, 0.0076 | offshore wind, 0.0075",energy bornholm wind island offshore
reg,11,7.8258405,8.199873,"ole sonne, 0.0186 | citizens association, 0.0173 | association energy islands, 0.0164 | association energy, 0.0161 | citizens association energy, 0.0137",energy bornholm also citizens island
reg,0,8.701549,9.692289,"really good, 0.0136 | energy parks, 0.0065 | green island, 0.0060 | renewable energy, 0.0059 | bornholm offshore wind, 0.0040",bornholm energy also wind says
reg,8,8.525785,11.425299,"high voltage, 0.0242 | local plan, 0.0193 | high voltage station, 0.0168 | voltage station, 0.0167 | gross area, 0.0109",energy bornholm energinet plant area
reg,7,9.779872,10.907049,"baltic sea, 0.0158 | gas station, 0.0147 | offshore wind, 0.0143 | thomas bendtsen, 0.0141 | wind turbines, 0.0118",bornholm energy wind offshore says
reg,9,9.536024,8.249277,"electricity prices, 0.0120 | 10 million, 0.0117 | 31 billion, 0.0107 | think tank, 0.0100 | energy island, 0.0089",bornholm energy island islands wind
reg,7,10.470941,10.766195,"baltic sea, 0.0158 | gas station, 0.0147 | offshore wind, 0.0143 | thomas bendtsen, 0.0141 | wind turbines, 0.0118",bornholm energy wind offshore says
reg,8,7.397628,10.822797,"high voltage, 0.0242 | local plan, 0.0193 | high voltage station, 0.0168 | voltage station, 0.0167 | gross area, 0.0109",energy bornholm energinet plant area
reg,8,9.233585,11.639472,"high voltage, 0.0242 | local plan, 0.0193 | high voltage station, 0.0168 | voltage station, 0.0167 | gross area, 0.0109",energy bornholm energinet plant area
reg,11,7.9922633,8.243444,"ole sonne, 0.0186 | citizens association, 0.0173 | association energy islands, 0.0164 | association energy, 0.0161 | citizens association energy, 0.0137",energy bornholm also citizens island
reg,3,9.58678,11.994316,"danish energy agency, 0.0165 | energy agency, 0.0165 | danish energy, 0.0164 | offshore wind, 0.0124 | environmental assessment, 0.0104",bornholm energy wind offshore energinet
reg,1,6.764795,10.867038,"center bornholm, 0.0115 | business center, 0.0095 | business center bornholm, 0.0090 | business park, 0.0080 | green transition, 0.0077",bornholm energy green island business
reg,7,9.693677,10.950738,"baltic sea, 0.0158 | gas station, 0.0147 | offshore wind, 0.0143 | thomas bendtsen, 0.0141 | wind turbines, 0.0118",bornholm energy wind offshore says
reg,0,8.208232,10.9993925,"really good, 0.0136 | energy parks, 0.0065 | green island, 0.0060 | renewable energy, 0.0059 | bornholm offshore wind, 0.0040",bornholm energy also wind says
reg,5,7.9191566,9.302128,"anne thomas, 0.0213 | business park, 0.0175 | social democracy, 0.0164 | top candidate, 0.0132 | food school, 0.0119",bornholm energy business island says
reg,13,10.0186,10.17451,"district heating, 0.0159 | electrolysis plant, 0.0155 | green fuels, 0.0138 | hydrogen production, 0.0138 | surplus heat, 0.0120",bornholm energy hydrogen powertox island
reg,0,8.424138,10.6010475,"really good, 0.0136 | energy parks, 0.0065 | green island, 0.0060 | renewable energy, 0.0059 | bornholm offshore wind, 0.0040",bornholm energy also wind says
reg,2,8.974897,8.742658,"energy islands bornholm, 0.0071 | islands bornholm, 0.0071 | nuclear power, 0.0071 | energy islands, 0.0070 | offshore wind, 0.0068",energy bornholm island islands says
reg,0,8.471243,10.251449,"really good, 0.0136 | energy parks, 0.0065 | green island, 0.0060 | renewable energy, 0.0059 | bornholm offshore wind, 0.0040",bornholm energy also wind says
reg,3,9.630081,11.375664,"danish energy agency, 0.0165 | energy agency, 0.0165 | danish energy, 0.0164 | offshore wind, 0.0124 | environmental assessment, 0.0104",bornholm energy wind offshore energinet
reg,14,10.153691,10.124166,"wind farms, 0.0092 | 27 million, 0.0087 | offshore wind farms, 0.0077 | 20 billion, 0.0076 | offshore wind, 0.0075",energy bornholm wind island offshore
reg,1,7.0119476,11.800425,"center bornholm, 0.0115 | business center, 0.0095 | business center bornholm, 0.0090 | business park, 0.0080 | green transition, 0.0077",bornholm energy green island business
reg,7,10.286089,10.684017,"baltic sea, 0.0158 | gas station, 0.0147 | offshore wind, 0.0143 | thomas bendtsen, 0.0141 | wind turbines, 0.0118",bornholm energy wind offshore says
reg,12,8.006873,10.155564,"bornholm museum, 0.0568 | land plant, 0.0213 | feasibility studies, 0.0201 | project manager, 0.0136 | jakob nørmark, 0.0106",bornholm energy says museum area
reg,3,9.960562,11.465698,"danish energy agency, 0.0165 | energy agency, 0.0165 | danish energy, 0.0164 | offshore wind, 0.0124 | environmental assessment, 0.0104",bornholm energy wind offshore energinet
reg,1,6.92892,10.757926,"center bornholm, 0.0115 | business center, 0.0095 | business center bornholm, 0.0090 | business park, 0.0080 | green transition, 0.0077",bornholm energy green island business
reg,5,6.9051332,8.666376,"anne thomas, 0.0213 | business park, 0.0175 | social democracy, 0.0164 | top candidate, 0.0132 | food school, 0.0119",bornholm energy business island says
reg,3,9.631962,11.401671,"danish energy agency, 0.0165 | energy agency, 0.0165 | danish energy, 0.0164 | offshore wind, 0.0124 | environmental assessment, 0.0104",bornholm energy wind offshore energinet
reg,3,9.6550665,11.968803,"danish energy agency, 0.0165 | energy agency, 0.0165 | danish energy, 0.0164 | offshore wind, 0.0124 | environmental assessment, 0.0104",bornholm energy wind offshore energinet
reg,2,8.895774,7.7882504,"energy islands bornholm, 0.0071 | islands bornholm, 0.0071 | nuclear power, 0.0071 | energy islands, 0.0070 | offshore wind, 0.0068",energy bornholm island islands says
reg,7,10.938002,10.748054,"baltic sea, 0.0158 | gas station, 0.0147 | offshore wind, 0.0143 | thomas bendtsen, 0.0141 | wind turbines, 0.0118",bornholm energy wind offshore says
reg,4,6.8054857,7.1176786,"next year, 0.0149 | municipal council, 0.0146 | last year, 0.0106 | social democracy, 0.0105 | savings catalog, 0.0100",bornholm also energy year municipal
reg,16,8.590066,12.11988,"baltic energy, 0.0159 | baltic energy island, 0.0132 | mikael benzon, 0.0125 | election campaign, 0.0110 | green transition, 0.0098",bornholm energy island green also
reg,12,7.6163383,9.945402,"bornholm museum, 0.0568 | land plant, 0.0213 | feasibility studies, 0.0201 | project manager, 0.0136 | jakob nørmark, 0.0106",bornholm energy says museum area
reg,12,8.053359,9.592722,"bornholm museum, 0.0568 | land plant, 0.0213 | feasibility studies, 0.0201 | project manager, 0.0136 | jakob nørmark, 0.0106",bornholm energy says museum area
reg,4,7.041495,6.94256,"next year, 0.0149 | municipal council, 0.0146 | last year, 0.0106 | social democracy, 0.0105 | savings catalog, 0.0100",bornholm also energy year municipal
reg,7,11.000066,10.635965,"baltic sea, 0.0158 | gas station, 0.0147 | offshore wind, 0.0143 | thomas bendtsen, 0.0141 | wind turbines, 0.0118",bornholm energy wind offshore says
reg,9,9.881894,8.136442,"electricity prices, 0.0120 | 10 million, 0.0117 | 31 billion, 0.0107 | think tank, 0.0100 | energy island, 0.0089",bornholm energy island islands wind
reg,1,7.143161,11.294762,"center bornholm, 0.0115 | business center, 0.0095 | business center bornholm, 0.0090 | business park, 0.0080 | green transition, 0.0077",bornholm energy green island business
reg,4,7.1600084,6.984895,"next year, 0.0149 | municipal council, 0.0146 | last year, 0.0106 | social democracy, 0.0105 | savings catalog, 0.0100",bornholm also energy year municipal
reg,6,8.256079,6.9743414,"baltic sea, 0.0245 | cultural identity, 0.0157 | critical infrastructure, 0.0143 | home guard, 0.0143 | united states, 0.0139",bornholm energy also baltic island
reg,9,9.930461,8.738272,"electricity prices, 0.0120 | 10 million, 0.0117 | 31 billion, 0.0107 | think tank, 0.0100 | energy island, 0.0089",bornholm energy island islands wind
reg,14,9.968192,10.429817,"wind farms, 0.0092 | 27 million, 0.0087 | offshore wind farms, 0.0077 | 20 billion, 0.0076 | offshore wind, 0.0075",energy bornholm wind island offshore
reg,14,9.970647,10.254278,"wind farms, 0.0092 | 27 million, 0.0087 | offshore wind farms, 0.0077 | 20 billion, 0.0076 | offshore wind, 0.0075",energy bornholm wind island offshore
reg,0,8.123308,9.609249,"really good, 0.0136 | energy parks, 0.0065 | green island, 0.0060 | renewable energy, 0.0059 | bornholm offshore wind, 0.0040",bornholm energy also wind says
reg,2,8.857828,9.050173,"energy islands bornholm, 0.0071 | islands bornholm, 0.0071 | nuclear power, 0.0071 | energy islands, 0.0070 | offshore wind, 0.0068",energy bornholm island islands says
reg,12,7.558812,9.92432,"bornholm museum, 0.0568 | land plant, 0.0213 | feasibility studies, 0.0201 | project manager, 0.0136 | jakob nørmark, 0.0106",bornholm energy says museum area
reg,14,9.805422,10.636152,"wind farms, 0.0092 | 27 million, 0.0087 | offshore wind farms, 0.0077 | 20 billion, 0.0076 | offshore wind, 0.0075",energy bornholm wind island offshore
reg,7,9.267886,12.059841,"baltic sea, 0.0158 | gas station, 0.0147 | offshore wind, 0.0143 | thomas bendtsen, 0.0141 | wind turbines, 0.0118",bornholm energy wind offshore says
reg,4,6.6098228,7.383624,"next year, 0.0149 | municipal council, 0.0146 | last year, 0.0106 | social democracy, 0.0105 | savings catalog, 0.0100",bornholm also energy year municipal
reg,12,8.122031,9.304298,"bornholm museum, 0.0568 | land plant, 0.0213 | feasibility studies, 0.0201 | project manager, 0.0136 | jakob nørmark, 0.0106",bornholm energy says museum area
reg,6,7.983551,6.9119635,"baltic sea, 0.0245 | cultural identity, 0.0157 | critical infrastructure, 0.0143 | home guard, 0.0143 | united states, 0.0139",bornholm energy also baltic island
reg,7,10.725185,10.969863,"baltic sea, 0.0158 | gas station, 0.0147 | offshore wind, 0.0143 | thomas bendtsen, 0.0141 | wind turbines, 0.0118",bornholm energy wind offshore says
reg,6,6.5604477,8.588703,"baltic sea, 0.0245 | cultural identity, 0.0157 | critical infrastructure, 0.0143 | home guard, 0.0143 | united states, 0.0139",bornholm energy also baltic island
reg,16,8.931167,11.580725,"baltic energy, 0.0159 | baltic energy island, 0.0132 | mikael benzon, 0.0125 | election campaign, 0.0110 | green transition, 0.0098",bornholm energy island green also
reg,7,10.421158,10.719137,"baltic sea, 0.0158 | gas station, 0.0147 | offshore wind, 0.0143 | thomas bendtsen, 0.0141 | wind turbines, 0.0118",bornholm energy wind offshore says
reg,2,8.886814,7.7323594,"energy islands bornholm, 0.0071 | islands bornholm, 0.0071 | nuclear power, 0.0071 | energy islands, 0.0070 | offshore wind, 0.0068",energy bornholm island islands says
reg,15,7.4013877,7.7008615,"people meeting, 0.0398 | says peter, 0.0224 | 42 000, 0.0140 | peter juel, 0.0122 | peter juel jensen, 0.0119",bornholm energy also island must
reg,5,6.839359,7.716823,"anne thomas, 0.0213 | business park, 0.0175 | social democracy, 0.0164 | top candidate, 0.0132 | food school, 0.0119",bornholm energy business island says
reg,6,7.4980965,7.7665997,"baltic sea, 0.0245 | cultural identity, 0.0157 | critical infrastructure, 0.0143 | home guard, 0.0143 | united states, 0.0139",bornholm energy also baltic island
reg,0,8.264675,10.288504,"really good, 0.0136 | energy parks, 0.0065 | green island, 0.0060 | renewable energy, 0.0059 | bornholm offshore wind, 0.0040",bornholm energy also wind says
reg,7,9.264158,12.022524,"baltic sea, 0.0158 | gas station, 0.0147 | offshore wind, 0.0143 | thomas bendtsen, 0.0141 | wind turbines, 0.0118",bornholm energy wind offshore says
reg,1,7.1916633,11.928993,"center bornholm, 0.0115 | business center, 0.0095 | business center bornholm, 0.0090 | business park, 0.0080 | green transition, 0.0077",bornholm energy green island business
reg,7,9.445165,12.004005,"baltic sea, 0.0158 | gas station, 0.0147 | offshore wind, 0.0143 | thomas bendtsen, 0.0141 | wind turbines, 0.0118",bornholm energy wind offshore says
reg,0,9.201395,9.767642,"really good, 0.0136 | energy parks, 0.0065 | green island, 0.0060 | renewable energy, 0.0059 | bornholm offshore wind, 0.0040",bornholm energy also wind says
reg,2,9.070783,8.166072,"energy islands bornholm, 0.0071 | islands bornholm, 0.0071 | nuclear power, 0.0071 | energy islands, 0.0070 | offshore wind, 0.0068",energy bornholm island islands says
reg,15,7.1846924,7.501187,"people meeting, 0.0398 | says peter, 0.0224 | 42 000, 0.0140 | peter juel, 0.0122 | peter juel jensen, 0.0119",bornholm energy also island must
reg,2,8.536036,8.792371,"energy islands bornholm, 0.0071 | islands bornholm, 0.0071 | nuclear power, 0.0071 | energy islands, 0.0070 | offshore wind, 0.0068",energy bornholm island islands says
reg,2,8.468326,8.677718,"energy islands bornholm, 0.0071 | islands bornholm, 0.0071 | nuclear power, 0.0071 | energy islands, 0.0070 | offshore wind, 0.0068",energy bornholm island islands says
reg,3,9.053127,10.77941,"danish energy agency, 0.0165 | energy agency, 0.0165 | danish energy, 0.0164 | offshore wind, 0.0124 | environmental assessment, 0.0104",bornholm energy wind offshore energinet
reg,3,9.1753025,11.66271,"danish energy agency, 0.0165 | energy agency, 0.0165 | danish energy, 0.0164 | offshore wind, 0.0124 | environmental assessment, 0.0104",bornholm energy wind offshore energinet
reg,2,9.038362,7.865861,"energy islands bornholm, 0.0071 | islands bornholm, 0.0071 | nuclear power, 0.0071 | energy islands, 0.0070 | offshore wind, 0.0068",energy bornholm island islands says
reg,7,10.133585,10.815471,"baltic sea, 0.0158 | gas station, 0.0147 | offshore wind, 0.0143 | thomas bendtsen, 0.0141 | wind turbines, 0.0118",bornholm energy wind offshore says
reg,2,9.218926,8.302985,"energy islands bornholm, 0.0071 | islands bornholm, 0.0071 | nuclear power, 0.0071 | energy islands, 0.0070 | offshore wind, 0.0068",energy bornholm island islands says
reg,11,7.8635926,8.237382,"ole sonne, 0.0186 | citizens association, 0.0173 | association energy islands, 0.0164 | association energy, 0.0161 | citizens association energy, 0.0137",energy bornholm also citizens island
reg,12,7.1865873,9.367006,"bornholm museum, 0.0568 | land plant, 0.0213 | feasibility studies, 0.0201 | project manager, 0.0136 | jakob nørmark, 0.0106",bornholm energy says museum area
reg,1,7.1242523,12.018292,"center bornholm, 0.0115 | business center, 0.0095 | business center bornholm, 0.0090 | business park, 0.0080 | green transition, 0.0077",bornholm energy green island business
reg,11,7.462921,8.724365,"ole sonne, 0.0186 | citizens association, 0.0173 | association energy islands, 0.0164 | association energy, 0.0161 | citizens association energy, 0.0137",energy bornholm also citizens island
reg,0,7.4108677,10.631446,"really good, 0.0136 | energy parks, 0.0065 | green island, 0.0060 | renewable energy, 0.0059 | bornholm offshore wind, 0.0040",bornholm energy also wind says
reg,0,8.023918,11.076668,"really good, 0.0136 | energy parks, 0.0065 | green island, 0.0060 | renewable energy, 0.0059 | bornholm offshore wind, 0.0040",bornholm energy also wind says
reg,7,10.293814,10.715304,"baltic sea, 0.0158 | gas station, 0.0147 | offshore wind, 0.0143 | thomas bendtsen, 0.0141 | wind turbines, 0.0118",bornholm energy wind offshore says
reg,3,9.187312,11.273909,"danish energy agency, 0.0165 | energy agency, 0.0165 | danish energy, 0.0164 | offshore wind, 0.0124 | environmental assessment, 0.0104",bornholm energy wind offshore energinet
reg,3,8.796412,10.857105,"danish energy agency, 0.0165 | energy agency, 0.0165 | danish energy, 0.0164 | offshore wind, 0.0124 | environmental assessment, 0.0104",bornholm energy wind offshore energinet
reg,0,7.617426,10.76685,"really good, 0.0136 | energy parks, 0.0065 | green island, 0.0060 | renewable energy, 0.0059 | bornholm offshore wind, 0.0040",bornholm energy also wind says
reg,8,8.404537,11.347867,"high voltage, 0.0242 | local plan, 0.0193 | high voltage station, 0.0168 | voltage station, 0.0167 | gross area, 0.0109",energy bornholm energinet plant area
reg,12,7.920026,9.439645,"bornholm museum, 0.0568 | land plant, 0.0213 | feasibility studies, 0.0201 | project manager, 0.0136 | jakob nørmark, 0.0106",bornholm energy says museum area
reg,0,7.2198915,10.032928,"really good, 0.0136 | energy parks, 0.0065 | green island, 0.0060 | renewable energy, 0.0059 | bornholm offshore wind, 0.0040",bornholm energy also wind says
reg,0,8.253254,11.543468,"really good, 0.0136 | energy parks, 0.0065 | green island, 0.0060 | renewable energy, 0.0059 | bornholm offshore wind, 0.0040",bornholm energy also wind says
reg,8,8.494022,11.366297,"high voltage, 0.0242 | local plan, 0.0193 | high voltage station, 0.0168 | voltage station, 0.0167 | gross area, 0.0109",energy bornholm energinet plant area
reg,8,8.285427,11.38332,"high voltage, 0.0242 | local plan, 0.0193 | high voltage station, 0.0168 | voltage station, 0.0167 | gross area, 0.0109",energy bornholm energinet plant area
reg,0,8.040414,10.639418,"really good, 0.0136 | energy parks, 0.0065 | green island, 0.0060 | renewable energy, 0.0059 | bornholm offshore wind, 0.0040",bornholm energy also wind says
reg,7,10.671885,10.830279,"baltic sea, 0.0158 | gas station, 0.0147 | offshore wind, 0.0143 | thomas bendtsen, 0.0141 | wind turbines, 0.0118",bornholm energy wind offshore says
reg,1,6.941543,11.954987,"center bornholm, 0.0115 | business center, 0.0095 | business center bornholm, 0.0090 | business park, 0.0080 | green transition, 0.0077",bornholm energy green island business
reg,10,6.691588,9.760588,"social democracy, 0.0219 | municipal council, 0.0194 | municipal elections, 0.0168 | energy island, 0.0154 | election campaign, 0.0153",energy bornholm island also municipal
reg,13,10.633863,10.361632,"district heating, 0.0159 | electrolysis plant, 0.0155 | green fuels, 0.0138 | hydrogen production, 0.0138 | surplus heat, 0.0120",bornholm energy hydrogen powertox island
reg,4,6.243309,7.136256,"next year, 0.0149 | municipal council, 0.0146 | last year, 0.0106 | social democracy, 0.0105 | savings catalog, 0.0100",bornholm also energy year municipal
reg,0,8.960333,9.476482,"really good, 0.0136 | energy parks, 0.0065 | green island, 0.0060 | renewable energy, 0.0059 | bornholm offshore wind, 0.0040",bornholm energy also wind says
reg,1,6.839989,10.547546,"center bornholm, 0.0115 | business center, 0.0095 | business center bornholm, 0.0090 | business park, 0.0080 | green transition, 0.0077",bornholm energy green island business
reg,15,6.9899592,7.2758403,"people meeting, 0.0398 | says peter, 0.0224 | 42 000, 0.0140 | peter juel, 0.0122 | peter juel jensen, 0.0119",bornholm energy also island must
reg,8,8.628756,11.461679,"high voltage, 0.0242 | local plan, 0.0193 | high voltage station, 0.0168 | voltage station, 0.0167 | gross area, 0.0109",energy bornholm energinet plant area
reg,1,7.359862,11.959182,"center bornholm, 0.0115 | business center, 0.0095 | business center bornholm, 0.0090 | business park, 0.0080 | green transition, 0.0077",bornholm energy green island business
reg,9,9.5555725,8.36712,"electricity prices, 0.0120 | 10 million, 0.0117 | 31 billion, 0.0107 | think tank, 0.0100 | energy island, 0.0089",bornholm energy island islands wind
reg,1,6.791679,11.164702,"center bornholm, 0.0115 | business center, 0.0095 | business center bornholm, 0.0090 | business park, 0.0080 | green transition, 0.0077",bornholm energy green island business
reg,6,8.05294,6.843058,"baltic sea, 0.0245 | cultural identity, 0.0157 | critical infrastructure, 0.0143 | home guard, 0.0143 | united states, 0.0139",bornholm energy also baltic island
reg,1,7.313383,11.314164,"center bornholm, 0.0115 | business center, 0.0095 | business center bornholm, 0.0090 | business park, 0.0080 | green transition, 0.0077",bornholm energy green island business
reg,2,9.094565,8.809192,"energy islands bornholm, 0.0071 | islands bornholm, 0.0071 | nuclear power, 0.0071 | energy islands, 0.0070 | offshore wind, 0.0068",energy bornholm island islands says
reg,2,9.258275,7.882419,"energy islands bornholm, 0.0071 | islands bornholm, 0.0071 | nuclear power, 0.0071 | energy islands, 0.0070 | offshore wind, 0.0068",energy bornholm island islands says
reg,1,7.5156326,11.771357,"center bornholm, 0.0115 | business center, 0.0095 | business center bornholm, 0.0090 | business park, 0.0080 | green transition, 0.0077",bornholm energy green island business
reg,9,9.784141,8.281565,"electricity prices, 0.0120 | 10 million, 0.0117 | 31 billion, 0.0107 | think tank, 0.0100 | energy island, 0.0089",bornholm energy island islands wind
reg,1,6.741137,11.118092,"center bornholm, 0.0115 | business center, 0.0095 | business center bornholm, 0.0090 | business park, 0.0080 | green transition, 0.0077",bornholm energy green island business
reg,6,7.861506,8.197371,"baltic sea, 0.0245 | cultural identity, 0.0157 | critical infrastructure, 0.0143 | home guard, 0.0143 | united states, 0.0139",bornholm energy also baltic island
reg,5,6.9550896,8.124936,"anne thomas, 0.0213 | business park, 0.0175 | social democracy, 0.0164 | top candidate, 0.0132 | food school, 0.0119",bornholm energy business island says
reg,1,6.931422,11.123288,"center bornholm, 0.0115 | business center, 0.0095 | business center bornholm, 0.0090 | business park, 0.0080 | green transition, 0.0077",bornholm energy green island business
reg,0,8.62619,9.13759,"really good, 0.0136 | energy parks, 0.0065 | green island, 0.0060 | renewable energy, 0.0059 | bornholm offshore wind, 0.0040",bornholm energy also wind says
reg,14,9.725227,10.621896,"wind farms, 0.0092 | 27 million, 0.0087 | offshore wind farms, 0.0077 | 20 billion, 0.0076 | offshore wind, 0.0075",energy bornholm wind island offshore
reg,3,8.713883,10.310584,"danish energy agency, 0.0165 | energy agency, 0.0165 | danish energy, 0.0164 | offshore wind, 0.0124 | environmental assessment, 0.0104",bornholm energy wind offshore energinet
reg,2,8.693914,8.4990835,"energy islands bornholm, 0.0071 | islands bornholm, 0.0071 | nuclear power, 0.0071 | energy islands, 0.0070 | offshore wind, 0.0068",energy bornholm island islands says
reg,8,8.445858,11.298644,"high voltage, 0.0242 | local plan, 0.0193 | high voltage station, 0.0168 | voltage station, 0.0167 | gross area, 0.0109",energy bornholm energinet plant area
reg,12,8.084889,9.560462,"bornholm museum, 0.0568 | land plant, 0.0213 | feasibility studies, 0.0201 | project manager, 0.0136 | jakob nørmark, 0.0106",bornholm energy says museum area
reg,8,8.426888,11.31806,"high voltage, 0.0242 | local plan, 0.0193 | high voltage station, 0.0168 | voltage station, 0.0167 | gross area, 0.0109",energy bornholm energinet plant area
reg,12,7.365875,9.026207,"bornholm museum, 0.0568 | land plant, 0.0213 | feasibility studies, 0.0201 | project manager, 0.0136 | jakob nørmark, 0.0106",bornholm energy says museum area
reg,12,7.5320725,9.260624,"bornholm museum, 0.0568 | land plant, 0.0213 | feasibility studies, 0.0201 | project manager, 0.0136 | jakob nørmark, 0.0106",bornholm energy says museum area
reg,14,9.924656,10.228288,"wind farms, 0.0092 | 27 million, 0.0087 | offshore wind farms, 0.0077 | 20 billion, 0.0076 | offshore wind, 0.0075",energy bornholm wind island offshore
reg,10,6.699649,10.239945,"social democracy, 0.0219 | municipal council, 0.0194 | municipal elections, 0.0168 | energy island, 0.0154 | election campaign, 0.0153",energy bornholm island also municipal
reg,10,6.964849,10.299149,"social democracy, 0.0219 | municipal council, 0.0194 | municipal elections, 0.0168 | energy island, 0.0154 | election campaign, 0.0153",energy bornholm island also municipal
reg,3,9.742132,11.658793,"danish energy agency, 0.0165 | energy agency, 0.0165 | danish energy, 0.0164 | offshore wind, 0.0124 | environmental assessment, 0.0104",bornholm energy wind offshore energinet
reg,2,8.860801,7.6529155,"energy islands bornholm, 0.0071 | islands bornholm, 0.0071 | nuclear power, 0.0071 | energy islands, 0.0070 | offshore wind, 0.0068",energy bornholm island islands says
reg,2,8.377611,8.155253,"energy islands bornholm, 0.0071 | islands bornholm, 0.0071 | nuclear power, 0.0071 | energy islands, 0.0070 | offshore wind, 0.0068",energy bornholm island islands says
reg,11,7.1622634,8.933731,"ole sonne, 0.0186 | citizens association, 0.0173 | association energy islands, 0.0164 | association energy, 0.0161 | citizens association energy, 0.0137",energy bornholm also citizens island
reg,7,10.22752,10.870007,"baltic sea, 0.0158 | gas station, 0.0147 | offshore wind, 0.0143 | thomas bendtsen, 0.0141 | wind turbines, 0.0118",bornholm energy wind offshore says
reg,0,7.8159976,10.471944,"really good, 0.0136 | energy parks, 0.0065 | green island, 0.0060 | renewable energy, 0.0059 | bornholm offshore wind, 0.0040",bornholm energy also wind says
reg,2,7.212992,9.012733,"energy islands bornholm, 0.0071 | islands bornholm, 0.0071 | nuclear power, 0.0071 | energy islands, 0.0070 | offshore wind, 0.0068",energy bornholm island islands says
reg,10,6.61073,9.549125,"social democracy, 0.0219 | municipal council, 0.0194 | municipal elections, 0.0168 | energy island, 0.0154 | election campaign, 0.0153",energy bornholm island also municipal
reg,1,7.0285716,11.451913,"center bornholm, 0.0115 | business center, 0.0095 | business center bornholm, 0.0090 | business park, 0.0080 | green transition, 0.0077",bornholm energy green island business
reg,3,9.858131,11.339145,"danish energy agency, 0.0165 | energy agency, 0.0165 | danish energy, 0.0164 | offshore wind, 0.0124 | environmental assessment, 0.0104",bornholm energy wind offshore energinet
reg,3,9.774498,11.5752945,"danish energy agency, 0.0165 | energy agency, 0.0165 | danish energy, 0.0164 | offshore wind, 0.0124 | environmental assessment, 0.0104",bornholm energy wind offshore energinet
reg,4,6.8542967,7.3171506,"next year, 0.0149 | municipal council, 0.0146 | last year, 0.0106 | social democracy, 0.0105 | savings catalog, 0.0100",bornholm also energy year municipal
reg,15,7.6557097,7.6167226,"people meeting, 0.0398 | says peter, 0.0224 | 42 000, 0.0140 | peter juel, 0.0122 | peter juel jensen, 0.0119",bornholm energy also island must
reg,10,6.5765877,9.601356,"social democracy, 0.0219 | municipal council, 0.0194 | municipal elections, 0.0168 | energy island, 0.0154 | election campaign, 0.0153",energy bornholm island also municipal
reg,10,6.605421,9.819014,"social democracy, 0.0219 | municipal council, 0.0194 | municipal elections, 0.0168 | energy island, 0.0154 | election campaign, 0.0153",energy bornholm island also municipal
reg,16,8.594785,12.162843,"baltic energy, 0.0159 | baltic energy island, 0.0132 | mikael benzon, 0.0125 | election campaign, 0.0110 | green transition, 0.0098",bornholm energy island green also
reg,1,6.8535213,11.192966,"center bornholm, 0.0115 | business center, 0.0095 | business center bornholm, 0.0090 | business park, 0.0080 | green transition, 0.0077",bornholm energy green island business
reg,1,6.736033,10.845447,"center bornholm, 0.0115 | business center, 0.0095 | business center bornholm, 0.0090 | business park, 0.0080 | green transition, 0.0077",bornholm energy green island business
reg,6,7.812124,7.612768,"baltic sea, 0.0245 | cultural identity, 0.0157 | critical infrastructure, 0.0143 | home guard, 0.0143 | united states, 0.0139",bornholm energy also baltic island
reg,11,7.4332623,8.1911125,"ole sonne, 0.0186 | citizens association, 0.0173 | association energy islands, 0.0164 | association energy, 0.0161 | citizens association energy, 0.0137",energy bornholm also citizens island
reg,11,7.526968,8.212637,"ole sonne, 0.0186 | citizens association, 0.0173 | association energy islands, 0.0164 | association energy, 0.0161 | citizens association energy, 0.0137",energy bornholm also citizens island
reg,3,8.7288265,10.499553,"danish energy agency, 0.0165 | energy agency, 0.0165 | danish energy, 0.0164 | offshore wind, 0.0124 | environmental assessment, 0.0104",bornholm energy wind offshore energinet
reg,5,8.020429,8.994326,"anne thomas, 0.0213 | business park, 0.0175 | social democracy, 0.0164 | top candidate, 0.0132 | food school, 0.0119",bornholm energy business island says
reg,16,8.474017,12.161952,"baltic energy, 0.0159 | baltic energy island, 0.0132 | mikael benzon, 0.0125 | election campaign, 0.0110 | green transition, 0.0098",bornholm energy island green also
reg,0,8.0175,11.2182665,"really good, 0.0136 | energy parks, 0.0065 | green island, 0.0060 | renewable energy, 0.0059 | bornholm offshore wind, 0.0040",bornholm energy also wind says
reg,3,9.487882,11.246901,"danish energy agency, 0.0165 | energy agency, 0.0165 | danish energy, 0.0164 | offshore wind, 0.0124 | environmental assessment, 0.0104",bornholm energy wind offshore energinet
reg,3,9.38444,11.254998,"danish energy agency, 0.0165 | energy agency, 0.0165 | danish energy, 0.0164 | offshore wind, 0.0124 | environmental assessment, 0.0104",bornholm energy wind offshore energinet
reg,16,8.537033,12.110233,"baltic energy, 0.0159 | baltic energy island, 0.0132 | mikael benzon, 0.0125 | election campaign, 0.0110 | green transition, 0.0098",bornholm energy island green also
reg,0,7.76272,10.961843,"really good, 0.0136 | energy parks, 0.0065 | green island, 0.0060 | renewable energy, 0.0059 | bornholm offshore wind, 0.0040",bornholm energy also wind says
reg,0,7.7380834,10.955716,"really good, 0.0136 | energy parks, 0.0065 | green island, 0.0060 | renewable energy, 0.0059 | bornholm offshore wind, 0.0040",bornholm energy also wind says
reg,2,9.042484,8.50657,"energy islands bornholm, 0.0071 | islands bornholm, 0.0071 | nuclear power, 0.0071 | energy islands, 0.0070 | offshore wind, 0.0068",energy bornholm island islands says
reg,11,7.5717587,8.491937,"ole sonne, 0.0186 | citizens association, 0.0173 | association energy islands, 0.0164 | association energy, 0.0161 | citizens association energy, 0.0137",energy bornholm also citizens island
reg,10,6.6992006,9.357512,"social democracy, 0.0219 | municipal council, 0.0194 | municipal elections, 0.0168 | energy island, 0.0154 | election campaign, 0.0153",energy bornholm island also municipal
reg,12,7.7219105,9.645883,"bornholm museum, 0.0568 | land plant, 0.0213 | feasibility studies, 0.0201 | project manager, 0.0136 | jakob nørmark, 0.0106",bornholm energy says museum area
reg,0,8.359714,9.720437,"really good, 0.0136 | energy parks, 0.0065 | green island, 0.0060 | renewable energy, 0.0059 | bornholm offshore wind, 0.0040",bornholm energy also wind says
reg,8,8.525797,11.372724,"high voltage, 0.0242 | local plan, 0.0193 | high voltage station, 0.0168 | voltage station, 0.0167 | gross area, 0.0109",energy bornholm energinet plant area
reg,2,8.12906,9.140737,"energy islands bornholm, 0.0071 | islands bornholm, 0.0071 | nuclear power, 0.0071 | energy islands, 0.0070 | offshore wind, 0.0068",energy bornholm island islands says
reg,12,7.724689,9.650651,"bornholm museum, 0.0568 | land plant, 0.0213 | feasibility studies, 0.0201 | project manager, 0.0136 | jakob nørmark, 0.0106",bornholm energy says museum area
reg,8,8.507268,11.392001,"high voltage, 0.0242 | local plan, 0.0193 | high voltage station, 0.0168 | voltage station, 0.0167 | gross area, 0.0109",energy bornholm energinet plant area
reg,5,7.043184,8.182338,"anne thomas, 0.0213 | business park, 0.0175 | social democracy, 0.0164 | top candidate, 0.0132 | food school, 0.0119",bornholm energy business island says
reg,1,6.7888575,11.082294,"center bornholm, 0.0115 | business center, 0.0095 | business center bornholm, 0.0090 | business park, 0.0080 | green transition, 0.0077",bornholm energy green island business
reg,10,6.6704183,9.353186,"social democracy, 0.0219 | municipal council, 0.0194 | municipal elections, 0.0168 | energy island, 0.0154 | election campaign, 0.0153",energy bornholm island also municipal
reg,2,8.518114,9.178311,"energy islands bornholm, 0.0071 | islands bornholm, 0.0071 | nuclear power, 0.0071 | energy islands, 0.0070 | offshore wind, 0.0068",energy bornholm island islands says
reg,0,8.512596,9.710515,"really good, 0.0136 | energy parks, 0.0065 | green island, 0.0060 | renewable energy, 0.0059 | bornholm offshore wind, 0.0040",bornholm energy also wind says
reg,5,6.572272,8.214197,"anne thomas, 0.0213 | business park, 0.0175 | social democracy, 0.0164 | top candidate, 0.0132 | food school, 0.0119",bornholm energy business island says
reg,16,8.653622,12.08763,"baltic energy, 0.0159 | baltic energy island, 0.0132 | mikael benzon, 0.0125 | election campaign, 0.0110 | green transition, 0.0098",bornholm energy island green also
reg,10,6.856504,9.675045,"social democracy, 0.0219 | municipal council, 0.0194 | municipal elections, 0.0168 | energy island, 0.0154 | election campaign, 0.0153",energy bornholm island also municipal
reg,0,7.1973095,10.800158,"really good, 0.0136 | energy parks, 0.0065 | green island, 0.0060 | renewable energy, 0.0059 | bornholm offshore wind, 0.0040",bornholm energy also wind says
reg,6,8.24436,6.8358293,"baltic sea, 0.0245 | cultural identity, 0.0157 | critical infrastructure, 0.0143 | home guard, 0.0143 | united states, 0.0139",bornholm energy also baltic island
reg,6,7.4890447,6.819792,"baltic sea, 0.0245 | cultural identity, 0.0157 | critical infrastructure, 0.0143 | home guard, 0.0143 | united states, 0.0139",bornholm energy also baltic island
reg,2,9.048371,8.409852,"energy islands bornholm, 0.0071 | islands bornholm, 0.0071 | nuclear power, 0.0071 | energy islands, 0.0070 | offshore wind, 0.0068",energy bornholm island islands says
reg,8,8.698524,11.158928,"high voltage, 0.0242 | local plan, 0.0193 | high voltage station, 0.0168 | voltage station, 0.0167 | gross area, 0.0109",energy bornholm energinet plant area
reg,10,6.7862887,10.1879015,"social democracy, 0.0219 | municipal council, 0.0194 | municipal elections, 0.0168 | energy island, 0.0154 | election campaign, 0.0153",energy bornholm island also municipal
reg,11,7.368551,8.735422,"ole sonne, 0.0186 | citizens association, 0.0173 | association energy islands, 0.0164 | association energy, 0.0161 | citizens association energy, 0.0137",energy bornholm also citizens island
reg,14,9.9504175,10.232488,"wind farms, 0.0092 | 27 million, 0.0087 | offshore wind farms, 0.0077 | 20 billion, 0.0076 | offshore wind, 0.0075",energy bornholm wind island offshore
reg,5,6.552732,7.795894,"anne thomas, 0.0213 | business park, 0.0175 | social democracy, 0.0164 | top candidate, 0.0132 | food school, 0.0119",bornholm energy business island says
reg,2,8.241316,9.417128,"energy islands bornholm, 0.0071 | islands bornholm, 0.0071 | nuclear power, 0.0071 | energy islands, 0.0070 | offshore wind, 0.0068",energy bornholm island islands says
reg,10,6.6818733,10.070771,"social democracy, 0.0219 | municipal council, 0.0194 | municipal elections, 0.0168 | energy island, 0.0154 | election campaign, 0.0153",energy bornholm island also municipal
reg,1,6.9116044,11.875946,"center bornholm, 0.0115 | business center, 0.0095 | business center bornholm, 0.0090 | business park, 0.0080 | green transition, 0.0077",bornholm energy green island business
reg,10,7.3555217,10.083894,"social democracy, 0.0219 | municipal council, 0.0194 | municipal elections, 0.0168 | energy island, 0.0154 | election campaign, 0.0153",energy bornholm island also municipal
reg,2,8.919237,8.153403,"energy islands bornholm, 0.0071 | islands bornholm, 0.0071 | nuclear power, 0.0071 | energy islands, 0.0070 | offshore wind, 0.0068",energy bornholm island islands says
reg,6,7.954158,6.8897357,"baltic sea, 0.0245 | cultural identity, 0.0157 | critical infrastructure, 0.0143 | home guard, 0.0143 | united states, 0.0139",bornholm energy also baltic island
reg,2,8.606693,8.905304,"energy islands bornholm, 0.0071 | islands bornholm, 0.0071 | nuclear power, 0.0071 | energy islands, 0.0070 | offshore wind, 0.0068",energy bornholm island islands says
reg,6,7.9474325,6.872184,"baltic sea, 0.0245 | cultural identity, 0.0157 | critical infrastructure, 0.0143 | home guard, 0.0143 | united states, 0.0139",bornholm energy also baltic island
reg,6,7.7126966,7.5218086,"baltic sea, 0.0245 | cultural identity, 0.0157 | critical infrastructure, 0.0143 | home guard, 0.0143 | united states, 0.0139",bornholm energy also baltic island
reg,8,8.928884,11.997168,"high voltage, 0.0242 | local plan, 0.0193 | high voltage station, 0.0168 | voltage station, 0.0167 | gross area, 0.0109",energy bornholm energinet plant area
reg,1,7.5671363,11.531918,"center bornholm, 0.0115 | business center, 0.0095 | business center bornholm, 0.0090 | business park, 0.0080 | green transition, 0.0077",bornholm energy green island business
reg,0,8.812892,10.194077,"really good, 0.0136 | energy parks, 0.0065 | green island, 0.0060 | renewable energy, 0.0059 | bornholm offshore wind, 0.0040",bornholm energy also wind says
reg,10,6.6650085,9.867313,"social democracy, 0.0219 | municipal council, 0.0194 | municipal elections, 0.0168 | energy island, 0.0154 | election campaign, 0.0153",energy bornholm island also municipal
reg,14,9.964123,9.738323,"wind farms, 0.0092 | 27 million, 0.0087 | offshore wind farms, 0.0077 | 20 billion, 0.0076 | offshore wind, 0.0075",energy bornholm wind island offshore
reg,14,10.173148,10.240721,"wind farms, 0.0092 | 27 million, 0.0087 | offshore wind farms, 0.0077 | 20 billion, 0.0076 | offshore wind, 0.0075",energy bornholm wind island offshore
reg,1,6.8596897,11.862508,"center bornholm, 0.0115 | business center, 0.0095 | business center bornholm, 0.0090 | business park, 0.0080 | green transition, 0.0077",bornholm energy green island business
reg,5,6.0644045,8.0674515,"anne thomas, 0.0213 | business park, 0.0175 | social democracy, 0.0164 | top candidate, 0.0132 | food school, 0.0119",bornholm energy business island says
reg,15,7.119777,7.39025,"people meeting, 0.0398 | says peter, 0.0224 | 42 000, 0.0140 | peter juel, 0.0122 | peter juel jensen, 0.0119",bornholm energy also island must
reg,3,8.795179,10.753677,"danish energy agency, 0.0165 | energy agency, 0.0165 | danish energy, 0.0164 | offshore wind, 0.0124 | environmental assessment, 0.0104",bornholm energy wind offshore energinet
reg,9,9.852012,8.502139,"electricity prices, 0.0120 | 10 million, 0.0117 | 31 billion, 0.0107 | think tank, 0.0100 | energy island, 0.0089",bornholm energy island islands wind
reg,2,7.51576,9.035414,"energy islands bornholm, 0.0071 | islands bornholm, 0.0071 | nuclear power, 0.0071 | energy islands, 0.0070 | offshore wind, 0.0068",energy bornholm island islands says
reg,13,10.373073,10.068098,"district heating, 0.0159 | electrolysis plant, 0.0155 | green fuels, 0.0138 | hydrogen production, 0.0138 | surplus heat, 0.0120",bornholm energy hydrogen powertox island
reg,0,7.679776,10.784348,"really good, 0.0136 | energy parks, 0.0065 | green island, 0.0060 | renewable energy, 0.0059 | bornholm offshore wind, 0.0040",bornholm energy also wind says
reg,10,6.7286835,9.925118,"social democracy, 0.0219 | municipal council, 0.0194 | municipal elections, 0.0168 | energy island, 0.0154 | election campaign, 0.0153",energy bornholm island also municipal
reg,13,10.76748,10.197693,"district heating, 0.0159 | electrolysis plant, 0.0155 | green fuels, 0.0138 | hydrogen production, 0.0138 | surplus heat, 0.0120",bornholm energy hydrogen powertox island
reg,1,7.0751305,11.08768,"center bornholm, 0.0115 | business center, 0.0095 | business center bornholm, 0.0090 | business park, 0.0080 | green transition, 0.0077",bornholm energy green island business
reg,14,9.519569,10.393654,"wind farms, 0.0092 | 27 million, 0.0087 | offshore wind farms, 0.0077 | 20 billion, 0.0076 | offshore wind, 0.0075",energy bornholm wind island offshore
reg,3,9.342389,11.330797,"danish energy agency, 0.0165 | energy agency, 0.0165 | danish energy, 0.0164 | offshore wind, 0.0124 | environmental assessment, 0.0104",bornholm energy wind offshore energinet
reg,7,10.1143675,10.778193,"baltic sea, 0.0158 | gas station, 0.0147 | offshore wind, 0.0143 | thomas bendtsen, 0.0141 | wind turbines, 0.0118",bornholm energy wind offshore says
reg,11,8.119431,8.270722,"ole sonne, 0.0186 | citizens association, 0.0173 | association energy islands, 0.0164 | association energy, 0.0161 | citizens association energy, 0.0137",energy bornholm also citizens island
reg,15,7.1164436,7.334872,"people meeting, 0.0398 | says peter, 0.0224 | 42 000, 0.0140 | peter juel, 0.0122 | peter juel jensen, 0.0119",bornholm energy also island must
reg,10,6.652959,9.776049,"social democracy, 0.0219 | municipal council, 0.0194 | municipal elections, 0.0168 | energy island, 0.0154 | election campaign, 0.0153",energy bornholm island also municipal
reg,12,7.4269834,9.498682,"bornholm museum, 0.0568 | land plant, 0.0213 | feasibility studies, 0.0201 | project manager, 0.0136 | jakob nørmark, 0.0106",bornholm energy says museum area
reg,10,6.727414,10.1126175,"social democracy, 0.0219 | municipal council, 0.0194 | municipal elections, 0.0168 | energy island, 0.0154 | election campaign, 0.0153",energy bornholm island also municipal
reg,17,10.368034,9.688561,"offshore wind, 0.0239 | state aid, 0.0197 | north sea, 0.0186 | island north, 0.0118 | island north sea, 0.0118",energy bornholm wind offshore islands
reg,1,6.797597,11.506242,"center bornholm, 0.0115 | business center, 0.0095 | business center bornholm, 0.0090 | business park, 0.0080 | green transition, 0.0077",bornholm energy green island business
reg,9,10.19883,8.596523,"electricity prices, 0.0120 | 10 million, 0.0117 | 31 billion, 0.0107 | think tank, 0.0100 | energy island, 0.0089",bornholm energy island islands wind
reg,9,9.698985,8.520266,"electricity prices, 0.0120 | 10 million, 0.0117 | 31 billion, 0.0107 | think tank, 0.0100 | energy island, 0.0089",bornholm energy island islands wind
reg,2,9.431486,9.086368,"energy islands bornholm, 0.0071 | islands bornholm, 0.0071 | nuclear power, 0.0071 | energy islands, 0.0070 | offshore wind, 0.0068",energy bornholm island islands says
reg,9,10.214262,8.577933,"electricity prices, 0.0120 | 10 million, 0.0117 | 31 billion, 0.0107 | think tank, 0.0100 | energy island, 0.0089",bornholm energy island islands wind
reg,0,8.414301,9.199873,"really good, 0.0136 | energy parks, 0.0065 | green island, 0.0060 | renewable energy, 0.0059 | bornholm offshore wind, 0.0040",bornholm energy also wind says
reg,9,10.192961,8.543533,"electricity prices, 0.0120 | 10 million, 0.0117 | 31 billion, 0.0107 | think tank, 0.0100 | energy island, 0.0089",bornholm energy island islands wind
reg,4,7.3201737,7.148928,"next year, 0.0149 | municipal council, 0.0146 | last year, 0.0106 | social democracy, 0.0105 | savings catalog, 0.0100",bornholm also energy year municipal
reg,16,8.386089,12.085028,"baltic energy, 0.0159 | baltic energy island, 0.0132 | mikael benzon, 0.0125 | election campaign, 0.0110 | green transition, 0.0098",bornholm energy island green also
reg,4,6.285424,7.1555696,"next year, 0.0149 | municipal council, 0.0146 | last year, 0.0106 | social democracy, 0.0105 | savings catalog, 0.0100",bornholm also energy year municipal
reg,1,7.9928336,11.958043,"center bornholm, 0.0115 | business center, 0.0095 | business center bornholm, 0.0090 | business park, 0.0080 | green transition, 0.0077",bornholm energy green island business
reg,0,8.966744,9.53259,"really good, 0.0136 | energy parks, 0.0065 | green island, 0.0060 | renewable energy, 0.0059 | bornholm offshore wind, 0.0040",bornholm energy also wind says
reg,6,7.8423777,7.864177,"baltic sea, 0.0245 | cultural identity, 0.0157 | critical infrastructure, 0.0143 | home guard, 0.0143 | united states, 0.0139",bornholm energy also baltic island
reg,13,10.568434,10.269606,"district heating, 0.0159 | electrolysis plant, 0.0155 | green fuels, 0.0138 | hydrogen production, 0.0138 | surplus heat, 0.0120",bornholm energy hydrogen powertox island
reg,12,7.833046,9.932151,"bornholm museum, 0.0568 | land plant, 0.0213 | feasibility studies, 0.0201 | project manager, 0.0136 | jakob nørmark, 0.0106",bornholm energy says museum area
reg,0,8.764369,9.961523,"really good, 0.0136 | energy parks, 0.0065 | green island, 0.0060 | renewable energy, 0.0059 | bornholm offshore wind, 0.0040",bornholm energy also wind says
reg,13,10.435988,10.557783,"district heating, 0.0159 | electrolysis plant, 0.0155 | green fuels, 0.0138 | hydrogen production, 0.0138 | surplus heat, 0.0120",bornholm energy hydrogen powertox island
reg,0,7.4670568,10.954587,"really good, 0.0136 | energy parks, 0.0065 | green island, 0.0060 | renewable energy, 0.0059 | bornholm offshore wind, 0.0040",bornholm energy also wind says
reg,13,10.738529,10.450425,"district heating, 0.0159 | electrolysis plant, 0.0155 | green fuels, 0.0138 | hydrogen production, 0.0138 | surplus heat, 0.0120",bornholm energy hydrogen powertox island
reg,1,7.7404814,11.933141,"center bornholm, 0.0115 | business center, 0.0095 | business center bornholm, 0.0090 | business park, 0.0080 | green transition, 0.0077",bornholm energy green island business
reg,15,7.3485417,7.6339774,"people meeting, 0.0398 | says peter, 0.0224 | 42 000, 0.0140 | peter juel, 0.0122 | peter juel jensen, 0.0119",bornholm energy also island must
reg,12,7.671156,9.973905,"bornholm museum, 0.0568 | land plant, 0.0213 | feasibility studies, 0.0201 | project manager, 0.0136 | jakob nørmark, 0.0106",bornholm energy says museum area
reg,12,7.820166,9.778073,"bornholm museum, 0.0568 | land plant, 0.0213 | feasibility studies, 0.0201 | project manager, 0.0136 | jakob nørmark, 0.0106",bornholm energy says museum area
reg,4,7.0376773,7.186372,"next year, 0.0149 | municipal council, 0.0146 | last year, 0.0106 | social democracy, 0.0105 | savings catalog, 0.0100",bornholm also energy year municipal
reg,6,8.951523,9.060375,"baltic sea, 0.0245 | cultural identity, 0.0157 | critical infrastructure, 0.0143 | home guard, 0.0143 | united states, 0.0139",bornholm energy also baltic island
reg,6,7.785459,7.883978,"baltic sea, 0.0245 | cultural identity, 0.0157 | critical infrastructure, 0.0143 | home guard, 0.0143 | united states, 0.0139",bornholm energy also baltic island
reg,13,10.59035,10.190769,"district heating, 0.0159 | electrolysis plant, 0.0155 | green fuels, 0.0138 | hydrogen production, 0.0138 | surplus heat, 0.0120",bornholm energy hydrogen powertox island
reg,15,7.2332892,7.639186,"people meeting, 0.0398 | says peter, 0.0224 | 42 000, 0.0140 | peter juel, 0.0122 | peter juel jensen, 0.0119",bornholm energy also island must
reg,2,8.425197,8.925143,"energy islands bornholm, 0.0071 | islands bornholm, 0.0071 | nuclear power, 0.0071 | energy islands, 0.0070 | offshore wind, 0.0068",energy bornholm island islands says
reg,2,8.336011,8.66694,"energy islands bornholm, 0.0071 | islands bornholm, 0.0071 | nuclear power, 0.0071 | energy islands, 0.0070 | offshore wind, 0.0068",energy bornholm island islands says
reg,3,9.288658,11.237174,"danish energy agency, 0.0165 | energy agency, 0.0165 | danish energy, 0.0164 | offshore wind, 0.0124 | environmental assessment, 0.0104",bornholm energy wind offshore energinet
reg,6,8.225184,6.802059,"baltic sea, 0.0245 | cultural identity, 0.0157 | critical infrastructure, 0.0143 | home guard, 0.0143 | united states, 0.0139",bornholm energy also baltic island
reg,2,9.180783,7.805969,"energy islands bornholm, 0.0071 | islands bornholm, 0.0071 | nuclear power, 0.0071 | energy islands, 0.0070 | offshore wind, 0.0068",energy bornholm island islands says
reg,13,10.687287,10.401901,"district heating, 0.0159 | electrolysis plant, 0.0155 | green fuels, 0.0138 | hydrogen production, 0.0138 | surplus heat, 0.0120",bornholm energy hydrogen powertox island
reg,2,8.271522,8.925142,"energy islands bornholm, 0.0071 | islands bornholm, 0.0071 | nuclear power, 0.0071 | energy islands, 0.0070 | offshore wind, 0.0068",energy bornholm island islands says
reg,0,8.4940405,9.786456,"really good, 0.0136 | energy parks, 0.0065 | green island, 0.0060 | renewable energy, 0.0059 | bornholm offshore wind, 0.0040",bornholm energy also wind says
reg,2,8.307446,7.870557,"energy islands bornholm, 0.0071 | islands bornholm, 0.0071 | nuclear power, 0.0071 | energy islands, 0.0070 | offshore wind, 0.0068",energy bornholm island islands says
reg,7,10.624647,10.722122,"baltic sea, 0.0158 | gas station, 0.0147 | offshore wind, 0.0143 | thomas bendtsen, 0.0141 | wind turbines, 0.0118",bornholm energy wind offshore says
reg,2,9.138169,8.16475,"energy islands bornholm, 0.0071 | islands bornholm, 0.0071 | nuclear power, 0.0071 | energy islands, 0.0070 | offshore wind, 0.0068",energy bornholm island islands says
reg,17,10.186133,9.842797,"offshore wind, 0.0239 | state aid, 0.0197 | north sea, 0.0186 | island north, 0.0118 | island north sea, 0.0118",energy bornholm wind offshore islands
reg,17,10.275709,11.343108,"offshore wind, 0.0239 | state aid, 0.0197 | north sea, 0.0186 | island north, 0.0118 | island north sea, 0.0118",energy bornholm wind offshore islands
reg,17,10.427893,9.576427,"offshore wind, 0.0239 | state aid, 0.0197 | north sea, 0.0186 | island north, 0.0118 | island north sea, 0.0118",energy bornholm wind offshore islands
reg,6,8.503343,6.8335238,"baltic sea, 0.0245 | cultural identity, 0.0157 | critical infrastructure, 0.0143 | home guard, 0.0143 | united states, 0.0139",bornholm energy also baltic island
reg,2,7.884058,8.537928,"energy islands bornholm, 0.0071 | islands bornholm, 0.0071 | nuclear power, 0.0071 | energy islands, 0.0070 | offshore wind, 0.0068",energy bornholm island islands says
reg,1,7.0607486,11.023923,"center bornholm, 0.0115 | business center, 0.0095 | business center bornholm, 0.0090 | business park, 0.0080 | green transition, 0.0077",bornholm energy green island business
reg,17,9.687813,9.394599,"offshore wind, 0.0239 | state aid, 0.0197 | north sea, 0.0186 | island north, 0.0118 | island north sea, 0.0118",energy bornholm wind offshore islands
reg,7,9.999336,10.8693075,"baltic sea, 0.0158 | gas station, 0.0147 | offshore wind, 0.0143 | thomas bendtsen, 0.0141 | wind turbines, 0.0118",bornholm energy wind offshore says
reg,3,9.172506,11.160206,"danish energy agency, 0.0165 | energy agency, 0.0165 | danish energy, 0.0164 | offshore wind, 0.0124 | environmental assessment, 0.0104",bornholm energy wind offshore energinet
reg,9,9.789985,8.08399,"electricity prices, 0.0120 | 10 million, 0.0117 | 31 billion, 0.0107 | think tank, 0.0100 | energy island, 0.0089",bornholm energy island islands wind
reg,17,10.394298,9.587028,"offshore wind, 0.0239 | state aid, 0.0197 | north sea, 0.0186 | island north, 0.0118 | island north sea, 0.0118",energy bornholm wind offshore islands
reg,6,8.448103,6.7784944,"baltic sea, 0.0245 | cultural identity, 0.0157 | critical infrastructure, 0.0143 | home guard, 0.0143 | united states, 0.0139",bornholm energy also baltic island
reg,15,6.990112,7.7226515,"people meeting, 0.0398 | says peter, 0.0224 | 42 000, 0.0140 | peter juel, 0.0122 | peter juel jensen, 0.0119",bornholm energy also island must
reg,13,10.794988,10.218855,"district heating, 0.0159 | electrolysis plant, 0.0155 | green fuels, 0.0138 | hydrogen production, 0.0138 | surplus heat, 0.0120",bornholm energy hydrogen powertox island
reg,6,8.480292,6.80598,"baltic sea, 0.0245 | cultural identity, 0.0157 | critical infrastructure, 0.0143 | home guard, 0.0143 | united states, 0.0139",bornholm energy also baltic island
reg,1,6.737863,11.039305,"center bornholm, 0.0115 | business center, 0.0095 | business center bornholm, 0.0090 | business park, 0.0080 | green transition, 0.0077",bornholm energy green island business
reg,7,10.75874,10.988946,"baltic sea, 0.0158 | gas station, 0.0147 | offshore wind, 0.0143 | thomas bendtsen, 0.0141 | wind turbines, 0.0118",bornholm energy wind offshore says
reg,6,8.78859,6.879894,"baltic sea, 0.0245 | cultural identity, 0.0157 | critical infrastructure, 0.0143 | home guard, 0.0143 | united states, 0.0139",bornholm energy also baltic island
reg,11,7.95943,7.659792,"ole sonne, 0.0186 | citizens association, 0.0173 | association energy islands, 0.0164 | association energy, 0.0161 | citizens association energy, 0.0137",energy bornholm also citizens island
reg,4,6.939237,7.3004494,"next year, 0.0149 | municipal council, 0.0146 | last year, 0.0106 | social democracy, 0.0105 | savings catalog, 0.0100",bornholm also energy year municipal
reg,13,10.270311,9.168832,"district heating, 0.0159 | electrolysis plant, 0.0155 | green fuels, 0.0138 | hydrogen production, 0.0138 | surplus heat, 0.0120",bornholm energy hydrogen powertox island
reg,4,6.9564614,7.147261,"next year, 0.0149 | municipal council, 0.0146 | last year, 0.0106 | social democracy, 0.0105 | savings catalog, 0.0100",bornholm also energy year municipal
reg,17,10.386856,9.562399,"offshore wind, 0.0239 | state aid, 0.0197 | north sea, 0.0186 | island north, 0.0118 | island north sea, 0.0118",energy bornholm wind offshore islands
reg,3,9.746287,11.422178,"danish energy agency, 0.0165 | energy agency, 0.0165 | danish energy, 0.0164 | offshore wind, 0.0124 | environmental assessment, 0.0104",bornholm energy wind offshore energinet
reg,5,6.6390896,8.418479,"anne thomas, 0.0213 | business park, 0.0175 | social democracy, 0.0164 | top candidate, 0.0132 | food school, 0.0119",bornholm energy business island says
reg,0,8.044983,11.037428,"really good, 0.0136 | energy parks, 0.0065 | green island, 0.0060 | renewable energy, 0.0059 | bornholm offshore wind, 0.0040",bornholm energy also wind says
reg,11,7.5477667,8.398134,"ole sonne, 0.0186 | citizens association, 0.0173 | association energy islands, 0.0164 | association energy, 0.0161 | citizens association energy, 0.0137",energy bornholm also citizens island
reg,10,6.4610415,9.38943,"social democracy, 0.0219 | municipal council, 0.0194 | municipal elections, 0.0168 | energy island, 0.0154 | election campaign, 0.0153",energy bornholm island also municipal
reg,10,6.5760794,10.317959,"social democracy, 0.0219 | municipal council, 0.0194 | municipal elections, 0.0168 | energy island, 0.0154 | election campaign, 0.0153",energy bornholm island also municipal
reg,4,6.655961,7.2321706,"next year, 0.0149 | municipal council, 0.0146 | last year, 0.0106 | social democracy, 0.0105 | savings catalog, 0.0100",bornholm also energy year municipal
reg,0,8.779687,9.423392,"really good, 0.0136 | energy parks, 0.0065 | green island, 0.0060 | renewable energy, 0.0059 | bornholm offshore wind, 0.0040",bornholm energy also wind says
reg,10,7.306806,10.211957,"social democracy, 0.0219 | municipal council, 0.0194 | municipal elections, 0.0168 | energy island, 0.0154 | election campaign, 0.0153",energy bornholm island also municipal
reg,15,6.609357,7.0029535,"people meeting, 0.0398 | says peter, 0.0224 | 42 000, 0.0140 | peter juel, 0.0122 | peter juel jensen, 0.0119",bornholm energy also island must
reg,4,7.2675796,7.08931,"next year, 0.0149 | municipal council, 0.0146 | last year, 0.0106 | social democracy, 0.0105 | savings catalog, 0.0100",bornholm also energy year municipal
reg,3,9.068812,10.781407,"danish energy agency, 0.0165 | energy agency, 0.0165 | danish energy, 0.0164 | offshore wind, 0.0124 | environmental assessment, 0.0104",bornholm energy wind offshore energinet
reg,7,10.929814,10.731487,"baltic sea, 0.0158 | gas station, 0.0147 | offshore wind, 0.0143 | thomas bendtsen, 0.0141 | wind turbines, 0.0118",bornholm energy wind offshore says
reg,4,7.0787005,7.011252,"next year, 0.0149 | municipal council, 0.0146 | last year, 0.0106 | social democracy, 0.0105 | savings catalog, 0.0100",bornholm also energy year municipal
reg,0,7.8494062,10.853848,"really good, 0.0136 | energy parks, 0.0065 | green island, 0.0060 | renewable energy, 0.0059 | bornholm offshore wind, 0.0040",bornholm energy also wind says
reg,15,7.061166,7.3665986,"people meeting, 0.0398 | says peter, 0.0224 | 42 000, 0.0140 | peter juel, 0.0122 | peter juel jensen, 0.0119",bornholm energy also island must
reg,4,6.427268,7.5334787,"next year, 0.0149 | municipal council, 0.0146 | last year, 0.0106 | social democracy, 0.0105 | savings catalog, 0.0100",bornholm also energy year municipal
reg,4,6.5986433,7.1236796,"next year, 0.0149 | municipal council, 0.0146 | last year, 0.0106 | social democracy, 0.0105 | savings catalog, 0.0100",bornholm also energy year municipal
reg,1,6.927511,11.374865,"center bornholm, 0.0115 | business center, 0.0095 | business center bornholm, 0.0090 | business park, 0.0080 | green transition, 0.0077",bornholm energy green island business
reg,13,10.586157,10.303308,"district heating, 0.0159 | electrolysis plant, 0.0155 | green fuels, 0.0138 | hydrogen production, 0.0138 | surplus heat, 0.0120",bornholm energy hydrogen powertox island
reg,2,8.769027,8.101438,"energy islands bornholm, 0.0071 | islands bornholm, 0.0071 | nuclear power, 0.0071 | energy islands, 0.0070 | offshore wind, 0.0068",energy bornholm island islands says
reg,6,6.3776164,8.226356,"baltic sea, 0.0245 | cultural identity, 0.0157 | critical infrastructure, 0.0143 | home guard, 0.0143 | united states, 0.0139",bornholm energy also baltic island
reg,4,6.4384894,7.4410734,"next year, 0.0149 | municipal council, 0.0146 | last year, 0.0106 | social democracy, 0.0105 | savings catalog, 0.0100",bornholm also energy year municipal
reg,4,6.9231734,7.1818385,"next year, 0.0149 | municipal council, 0.0146 | last year, 0.0106 | social democracy, 0.0105 | savings catalog, 0.0100",bornholm also energy year municipal
reg,6,7.314683,7.6284,"baltic sea, 0.0245 | cultural identity, 0.0157 | critical infrastructure, 0.0143 | home guard, 0.0143 | united states, 0.0139",bornholm energy also baltic island
reg,4,6.8912783,7.1540656,"next year, 0.0149 | municipal council, 0.0146 | last year, 0.0106 | social democracy, 0.0105 | savings catalog, 0.0100",bornholm also energy year municipal
reg,0,8.413572,9.664132,"really good, 0.0136 | energy parks, 0.0065 | green island, 0.0060 | renewable energy, 0.0059 | bornholm offshore wind, 0.0040",bornholm energy also wind says
reg,2,9.627928,11.663485,"energy islands bornholm, 0.0071 | islands bornholm, 0.0071 | nuclear power, 0.0071 | energy islands, 0.0070 | offshore wind, 0.0068",energy bornholm island islands says
reg,13,10.70441,10.354966,"district heating, 0.0159 | electrolysis plant, 0.0155 | green fuels, 0.0138 | hydrogen production, 0.0138 | surplus heat, 0.0120",bornholm energy hydrogen powertox island
reg,13,10.781168,10.434749,"district heating, 0.0159 | electrolysis plant, 0.0155 | green fuels, 0.0138 | hydrogen production, 0.0138 | surplus heat, 0.0120",bornholm energy hydrogen powertox island
reg,13,10.744637,10.444294,"district heating, 0.0159 | electrolysis plant, 0.0155 | green fuels, 0.0138 | hydrogen production, 0.0138 | surplus heat, 0.0120",bornholm energy hydrogen powertox island
reg,5,6.4957848,7.95894,"anne thomas, 0.0213 | business park, 0.0175 | social democracy, 0.0164 | top candidate, 0.0132 | food school, 0.0119",bornholm energy business island says
reg,5,6.547877,7.779918,"anne thomas, 0.0213 | business park, 0.0175 | social democracy, 0.0164 | top candidate, 0.0132 | food school, 0.0119",bornholm energy business island says
reg,13,10.641831,10.305733,"district heating, 0.0159 | electrolysis plant, 0.0155 | green fuels, 0.0138 | hydrogen production, 0.0138 | surplus heat, 0.0120",bornholm energy hydrogen powertox island
reg,12,7.6403213,10.129856,"bornholm museum, 0.0568 | land plant, 0.0213 | feasibility studies, 0.0201 | project manager, 0.0136 | jakob nørmark, 0.0106",bornholm energy says museum area
reg,0,8.258499,10.798564,"really good, 0.0136 | energy parks, 0.0065 | green island, 0.0060 | renewable energy, 0.0059 | bornholm offshore wind, 0.0040",bornholm energy also wind says
reg,3,9.287975,11.702966,"danish energy agency, 0.0165 | energy agency, 0.0165 | danish energy, 0.0164 | offshore wind, 0.0124 | environmental assessment, 0.0104",bornholm energy wind offshore energinet
reg,6,7.4089293,7.7769237,"baltic sea, 0.0245 | cultural identity, 0.0157 | critical infrastructure, 0.0143 | home guard, 0.0143 | united states, 0.0139",bornholm energy also baltic island
reg,3,9.609798,11.370254,"danish energy agency, 0.0165 | energy agency, 0.0165 | danish energy, 0.0164 | offshore wind, 0.0124 | environmental assessment, 0.0104",bornholm energy wind offshore energinet
reg,2,9.247852,8.740271,"energy islands bornholm, 0.0071 | islands bornholm, 0.0071 | nuclear power, 0.0071 | energy islands, 0.0070 | offshore wind, 0.0068",energy bornholm island islands says
reg,0,8.221422,10.587071,"really good, 0.0136 | energy parks, 0.0065 | green island, 0.0060 | renewable energy, 0.0059 | bornholm offshore wind, 0.0040",bornholm energy also wind says
reg,1,7.1158333,11.431869,"center bornholm, 0.0115 | business center, 0.0095 | business center bornholm, 0.0090 | business park, 0.0080 | green transition, 0.0077",bornholm energy green island business
reg,13,10.644528,10.286446,"district heating, 0.0159 | electrolysis plant, 0.0155 | green fuels, 0.0138 | hydrogen production, 0.0138 | surplus heat, 0.0120",bornholm energy hydrogen powertox island
reg,5,6.2119946,8.09567,"anne thomas, 0.0213 | business park, 0.0175 | social democracy, 0.0164 | top candidate, 0.0132 | food school, 0.0119",bornholm energy business island says
reg,9,9.660026,8.4428625,"electricity prices, 0.0120 | 10 million, 0.0117 | 31 billion, 0.0107 | think tank, 0.0100 | energy island, 0.0089",bornholm energy island islands wind
reg,3,9.19153,11.697325,"danish energy agency, 0.0165 | energy agency, 0.0165 | danish energy, 0.0164 | offshore wind, 0.0124 | environmental assessment, 0.0104",bornholm energy wind offshore energinet
reg,2,8.880773,8.104261,"energy islands bornholm, 0.0071 | islands bornholm, 0.0071 | nuclear power, 0.0071 | energy islands, 0.0070 | offshore wind, 0.0068",energy bornholm island islands says
reg,3,9.850131,11.756885,"danish energy agency, 0.0165 | energy agency, 0.0165 | danish energy, 0.0164 | offshore wind, 0.0124 | environmental assessment, 0.0104",bornholm energy wind offshore energinet
reg,11,8.221723,8.120977,"ole sonne, 0.0186 | citizens association, 0.0173 | association energy islands, 0.0164 | association energy, 0.0161 | citizens association energy, 0.0137",energy bornholm also citizens island
reg,2,9.037588,7.791656,"energy islands bornholm, 0.0071 | islands bornholm, 0.0071 | nuclear power, 0.0071 | energy islands, 0.0070 | offshore wind, 0.0068",energy bornholm island islands says
reg,8,8.7837925,11.71276,"high voltage, 0.0242 | local plan, 0.0193 | high voltage station, 0.0168 | voltage station, 0.0167 | gross area, 0.0109",energy bornholm energinet plant area
reg,15,7.2324967,7.5360646,"people meeting, 0.0398 | says peter, 0.0224 | 42 000, 0.0140 | peter juel, 0.0122 | peter juel jensen, 0.0119",bornholm energy also island must
reg,0,8.892558,8.987607,"really good, 0.0136 | energy parks, 0.0065 | green island, 0.0060 | renewable energy, 0.0059 | bornholm offshore wind, 0.0040",bornholm energy also wind says
reg,2,9.123424,8.0379925,"energy islands bornholm, 0.0071 | islands bornholm, 0.0071 | nuclear power, 0.0071 | energy islands, 0.0070 | offshore wind, 0.0068",energy bornholm island islands says
reg,6,8.147738,6.8447585,"baltic sea, 0.0245 | cultural identity, 0.0157 | critical infrastructure, 0.0143 | home guard, 0.0143 | united states, 0.0139",bornholm energy also baltic island
reg,6,7.876372,8.05938,"baltic sea, 0.0245 | cultural identity, 0.0157 | critical infrastructure, 0.0143 | home guard, 0.0143 | united states, 0.0139",bornholm energy also baltic island
reg,9,10.216648,8.652825,"electricity prices, 0.0120 | 10 million, 0.0117 | 31 billion, 0.0107 | think tank, 0.0100 | energy island, 0.0089",bornholm energy island islands wind
reg,11,7.9307704,7.9394794,"ole sonne, 0.0186 | citizens association, 0.0173 | association energy islands, 0.0164 | association energy, 0.0161 | citizens association energy, 0.0137",energy bornholm also citizens island
reg,5,7.1343274,8.250907,"anne thomas, 0.0213 | business park, 0.0175 | social democracy, 0.0164 | top candidate, 0.0132 | food school, 0.0119",bornholm energy business island says
reg,7,10.036067,10.880374,"baltic sea, 0.0158 | gas station, 0.0147 | offshore wind, 0.0143 | thomas bendtsen, 0.0141 | wind turbines, 0.0118",bornholm energy wind offshore says
reg,5,6.085612,8.151388,"anne thomas, 0.0213 | business park, 0.0175 | social democracy, 0.0164 | top candidate, 0.0132 | food school, 0.0119",bornholm energy business island says
reg,4,6.4287033,7.279053,"next year, 0.0149 | municipal council, 0.0146 | last year, 0.0106 | social democracy, 0.0105 | savings catalog, 0.0100",bornholm also energy year municipal
reg,4,7.177838,6.9464793,"next year, 0.0149 | municipal council, 0.0146 | last year, 0.0106 | social democracy, 0.0105 | savings catalog, 0.0100",bornholm also energy year municipal
reg,1,7.000846,10.923051,"center bornholm, 0.0115 | business center, 0.0095 | business center bornholm, 0.0090 | business park, 0.0080 | green transition, 0.0077",bornholm energy green island business
reg,15,7.4220605,7.297679,"people meeting, 0.0398 | says peter, 0.0224 | 42 000, 0.0140 | peter juel, 0.0122 | peter juel jensen, 0.0119",bornholm energy also island must
reg,8,8.8504305,11.8940325,"high voltage, 0.0242 | local plan, 0.0193 | high voltage station, 0.0168 | voltage station, 0.0167 | gross area, 0.0109",energy bornholm energinet plant area
reg,2,8.642062,8.549261,"energy islands bornholm, 0.0071 | islands bornholm, 0.0071 | nuclear power, 0.0071 | energy islands, 0.0070 | offshore wind, 0.0068",energy bornholm island islands says
reg,1,6.8006916,10.7272415,"center bornholm, 0.0115 | business center, 0.0095 | business center bornholm, 0.0090 | business park, 0.0080 | green transition, 0.0077",bornholm energy green island business
reg,2,8.53921,8.663436,"energy islands bornholm, 0.0071 | islands bornholm, 0.0071 | nuclear power, 0.0071 | energy islands, 0.0070 | offshore wind, 0.0068",energy bornholm island islands says
reg,1,7.244076,11.80692,"center bornholm, 0.0115 | business center, 0.0095 | business center bornholm, 0.0090 | business park, 0.0080 | green transition, 0.0077",bornholm energy green island business
reg,5,6.4766693,8.006214,"anne thomas, 0.0213 | business park, 0.0175 | social democracy, 0.0164 | top candidate, 0.0132 | food school, 0.0119",bornholm energy business island says
reg,16,8.138801,12.108609,"baltic energy, 0.0159 | baltic energy island, 0.0132 | mikael benzon, 0.0125 | election campaign, 0.0110 | green transition, 0.0098",bornholm energy island green also
reg,1,7.447638,11.674308,"center bornholm, 0.0115 | business center, 0.0095 | business center bornholm, 0.0090 | business park, 0.0080 | green transition, 0.0077",bornholm energy green island business
reg,2,8.9673815,7.340439,"energy islands bornholm, 0.0071 | islands bornholm, 0.0071 | nuclear power, 0.0071 | energy islands, 0.0070 | offshore wind, 0.0068",energy bornholm island islands says
reg,3,8.351077,10.782983,"danish energy agency, 0.0165 | energy agency, 0.0165 | danish energy, 0.0164 | offshore wind, 0.0124 | environmental assessment, 0.0104",bornholm energy wind offshore energinet
reg,2,8.679496,8.169882,"energy islands bornholm, 0.0071 | islands bornholm, 0.0071 | nuclear power, 0.0071 | energy islands, 0.0070 | offshore wind, 0.0068",energy bornholm island islands says
reg,17,10.42363,11.317392,"offshore wind, 0.0239 | state aid, 0.0197 | north sea, 0.0186 | island north, 0.0118 | island north sea, 0.0118",energy bornholm wind offshore islands
reg,0,7.8016806,10.82842,"really good, 0.0136 | energy parks, 0.0065 | green island, 0.0060 | renewable energy, 0.0059 | bornholm offshore wind, 0.0040",bornholm energy also wind says
reg,2,8.747994,7.998269,"energy islands bornholm, 0.0071 | islands bornholm, 0.0071 | nuclear power, 0.0071 | energy islands, 0.0070 | offshore wind, 0.0068",energy bornholm island islands says
reg,16,8.736574,12.2238865,"baltic energy, 0.0159 | baltic energy island, 0.0132 | mikael benzon, 0.0125 | election campaign, 0.0110 | green transition, 0.0098",bornholm energy island green also
reg,0,8.365978,10.260455,"really good, 0.0136 | energy parks, 0.0065 | green island, 0.0060 | renewable energy, 0.0059 | bornholm offshore wind, 0.0040",bornholm energy also wind says
reg,3,9.380269,10.702087,"danish energy agency, 0.0165 | energy agency, 0.0165 | danish energy, 0.0164 | offshore wind, 0.0124 | environmental assessment, 0.0104",bornholm energy wind offshore energinet
reg,0,8.966002,10.113708,"really good, 0.0136 | energy parks, 0.0065 | green island, 0.0060 | renewable energy, 0.0059 | bornholm offshore wind, 0.0040",bornholm energy also wind says
reg,3,8.858567,10.58421,"danish energy agency, 0.0165 | energy agency, 0.0165 | danish energy, 0.0164 | offshore wind, 0.0124 | environmental assessment, 0.0104",bornholm energy wind offshore energinet
reg,0,8.383844,10.462891,"really good, 0.0136 | energy parks, 0.0065 | green island, 0.0060 | renewable energy, 0.0059 | bornholm offshore wind, 0.0040",bornholm energy also wind says
reg,2,8.151487,8.671772,"energy islands bornholm, 0.0071 | islands bornholm, 0.0071 | nuclear power, 0.0071 | energy islands, 0.0070 | offshore wind, 0.0068",energy bornholm island islands says
reg,9,9.6886,8.905096,"electricity prices, 0.0120 | 10 million, 0.0117 | 31 billion, 0.0107 | think tank, 0.0100 | energy island, 0.0089",bornholm energy island islands wind
reg,15,7.013278,7.4850407,"people meeting, 0.0398 | says peter, 0.0224 | 42 000, 0.0140 | peter juel, 0.0122 | peter juel jensen, 0.0119",bornholm energy also island must
reg,4,6.7647123,7.020325,"next year, 0.0149 | municipal council, 0.0146 | last year, 0.0106 | social democracy, 0.0105 | savings catalog, 0.0100",bornholm also energy year municipal
reg,4,6.6998353,7.369381,"next year, 0.0149 | municipal council, 0.0146 | last year, 0.0106 | social democracy, 0.0105 | savings catalog, 0.0100",bornholm also energy year municipal
reg,2,9.211111,8.441693,"energy islands bornholm, 0.0071 | islands bornholm, 0.0071 | nuclear power, 0.0071 | energy islands, 0.0070 | offshore wind, 0.0068",energy bornholm island islands says
reg,5,6.7324634,8.829354,"anne thomas, 0.0213 | business park, 0.0175 | social democracy, 0.0164 | top candidate, 0.0132 | food school, 0.0119",bornholm energy business island says
reg,1,6.9555492,11.197252,"center bornholm, 0.0115 | business center, 0.0095 | business center bornholm, 0.0090 | business park, 0.0080 | green transition, 0.0077",bornholm energy green island business
reg,6,8.73887,6.953374,"baltic sea, 0.0245 | cultural identity, 0.0157 | critical infrastructure, 0.0143 | home guard, 0.0143 | united states, 0.0139",bornholm energy also baltic island
reg,1,7.1885962,11.376905,"center bornholm, 0.0115 | business center, 0.0095 | business center bornholm, 0.0090 | business park, 0.0080 | green transition, 0.0077",bornholm energy green island business
reg,0,8.941491,10.13077,"really good, 0.0136 | energy parks, 0.0065 | green island, 0.0060 | renewable energy, 0.0059 | bornholm offshore wind, 0.0040",bornholm energy also wind says
reg,2,8.242181,8.393652,"energy islands bornholm, 0.0071 | islands bornholm, 0.0071 | nuclear power, 0.0071 | energy islands, 0.0070 | offshore wind, 0.0068",energy bornholm island islands says
reg,15,7.577451,7.2981095,"people meeting, 0.0398 | says peter, 0.0224 | 42 000, 0.0140 | peter juel, 0.0122 | peter juel jensen, 0.0119",bornholm energy also island must
reg,10,6.5498447,9.431157,"social democracy, 0.0219 | municipal council, 0.0194 | municipal elections, 0.0168 | energy island, 0.0154 | election campaign, 0.0153",energy bornholm island also municipal
reg,1,7.0924096,11.642619,"center bornholm, 0.0115 | business center, 0.0095 | business center bornholm, 0.0090 | business park, 0.0080 | green transition, 0.0077",bornholm energy green island business
reg,3,8.649739,10.696626,"danish energy agency, 0.0165 | energy agency, 0.0165 | danish energy, 0.0164 | offshore wind, 0.0124 | environmental assessment, 0.0104",bornholm energy wind offshore energinet
reg,2,9.0245495,7.836424,"energy islands bornholm, 0.0071 | islands bornholm, 0.0071 | nuclear power, 0.0071 | energy islands, 0.0070 | offshore wind, 0.0068",energy bornholm island islands says
reg,3,8.732362,10.625124,"danish energy agency, 0.0165 | energy agency, 0.0165 | danish energy, 0.0164 | offshore wind, 0.0124 | environmental assessment, 0.0104",bornholm energy wind offshore energinet
reg,3,8.8925905,10.848589,"danish energy agency, 0.0165 | energy agency, 0.0165 | danish energy, 0.0164 | offshore wind, 0.0124 | environmental assessment, 0.0104",bornholm energy wind offshore energinet
reg,1,6.8197308,11.920916,"center bornholm, 0.0115 | business center, 0.0095 | business center bornholm, 0.0090 | business park, 0.0080 | green transition, 0.0077",bornholm energy green island business
reg,1,6.798567,11.885898,"center bornholm, 0.0115 | business center, 0.0095 | business center bornholm, 0.0090 | business park, 0.0080 | green transition, 0.0077",bornholm energy green island business
reg,14,9.949347,9.670654,"wind farms, 0.0092 | 27 million, 0.0087 | offshore wind farms, 0.0077 | 20 billion, 0.0076 | offshore wind, 0.0075",energy bornholm wind island offshore
reg,1,7.0209465,11.358361,"center bornholm, 0.0115 | business center, 0.0095 | business center bornholm, 0.0090 | business park, 0.0080 | green transition, 0.0077",bornholm energy green island business
reg,1,7.594488,11.794377,"center bornholm, 0.0115 | business center, 0.0095 | business center bornholm, 0.0090 | business park, 0.0080 | green transition, 0.0077",bornholm energy green island business
reg,2,8.526415,7.8501472,"energy islands bornholm, 0.0071 | islands bornholm, 0.0071 | nuclear power, 0.0071 | energy islands, 0.0070 | offshore wind, 0.0068",energy bornholm island islands says
reg,2,9.209871,8.262165,"energy islands bornholm, 0.0071 | islands bornholm, 0.0071 | nuclear power, 0.0071 | energy islands, 0.0070 | offshore wind, 0.0068",energy bornholm island islands says
reg,11,8.459761,8.322866,"ole sonne, 0.0186 | citizens association, 0.0173 | association energy islands, 0.0164 | association energy, 0.0161 | citizens association energy, 0.0137",energy bornholm also citizens island
reg,1,6.8649406,10.797703,"center bornholm, 0.0115 | business center, 0.0095 | business center bornholm, 0.0090 | business park, 0.0080 | green transition, 0.0077",bornholm energy green island business
reg,3,8.998956,11.406234,"danish energy agency, 0.0165 | energy agency, 0.0165 | danish energy, 0.0164 | offshore wind, 0.0124 | environmental assessment, 0.0104",bornholm energy wind offshore energinet
reg,5,6.6760263,7.775235,"anne thomas, 0.0213 | business park, 0.0175 | social democracy, 0.0164 | top candidate, 0.0132 | food school, 0.0119",bornholm energy business island says
reg,4,6.657095,7.231673,"next year, 0.0149 | municipal council, 0.0146 | last year, 0.0106 | social democracy, 0.0105 | savings catalog, 0.0100",bornholm also energy year municipal
reg,11,7.8206296,8.260832,"ole sonne, 0.0186 | citizens association, 0.0173 | association energy islands, 0.0164 | association energy, 0.0161 | citizens association energy, 0.0137",energy bornholm also citizens island
reg,2,9.481344,8.036081,"energy islands bornholm, 0.0071 | islands bornholm, 0.0071 | nuclear power, 0.0071 | energy islands, 0.0070 | offshore wind, 0.0068",energy bornholm island islands says
reg,2,9.270436,7.8419924,"energy islands bornholm, 0.0071 | islands bornholm, 0.0071 | nuclear power, 0.0071 | energy islands, 0.0070 | offshore wind, 0.0068",energy bornholm island islands says
reg,11,7.8403387,8.254327,"ole sonne, 0.0186 | citizens association, 0.0173 | association energy islands, 0.0164 | association energy, 0.0161 | citizens association energy, 0.0137",energy bornholm also citizens island
reg,2,8.81055,8.070595,"energy islands bornholm, 0.0071 | islands bornholm, 0.0071 | nuclear power, 0.0071 | energy islands, 0.0070 | offshore wind, 0.0068",energy bornholm island islands says
reg,14,9.754658,10.253012,"wind farms, 0.0092 | 27 million, 0.0087 | offshore wind farms, 0.0077 | 20 billion, 0.0076 | offshore wind, 0.0075",energy bornholm wind island offshore
reg,4,6.315665,7.593559,"next year, 0.0149 | municipal council, 0.0146 | last year, 0.0106 | social democracy, 0.0105 | savings catalog, 0.0100",bornholm also energy year municipal
reg,6,8.568698,6.848382,"baltic sea, 0.0245 | cultural identity, 0.0157 | critical infrastructure, 0.0143 | home guard, 0.0143 | united states, 0.0139",bornholm energy also baltic island
reg,7,10.944805,10.7284565,"baltic sea, 0.0158 | gas station, 0.0147 | offshore wind, 0.0143 | thomas bendtsen, 0.0141 | wind turbines, 0.0118",bornholm energy wind offshore says
reg,8,8.621966,11.352804,"high voltage, 0.0242 | local plan, 0.0193 | high voltage station, 0.0168 | voltage station, 0.0167 | gross area, 0.0109",energy bornholm energinet plant area
reg,5,6.513206,7.9865317,"anne thomas, 0.0213 | business park, 0.0175 | social democracy, 0.0164 | top candidate, 0.0132 | food school, 0.0119",bornholm energy business island says
reg,4,6.3667574,7.6507416,"next year, 0.0149 | municipal council, 0.0146 | last year, 0.0106 | social democracy, 0.0105 | savings catalog, 0.0100",bornholm also energy year municipal
reg,0,6.68502,11.163392,"really good, 0.0136 | energy parks, 0.0065 | green island, 0.0060 | renewable energy, 0.0059 | bornholm offshore wind, 0.0040",bornholm energy also wind says
reg,0,7.972452,10.807843,"really good, 0.0136 | energy parks, 0.0065 | green island, 0.0060 | renewable energy, 0.0059 | bornholm offshore wind, 0.0040",bornholm energy also wind says
reg,0,8.388134,9.555976,"really good, 0.0136 | energy parks, 0.0065 | green island, 0.0060 | renewable energy, 0.0059 | bornholm offshore wind, 0.0040",bornholm energy also wind says
reg,0,7.883132,8.333518,"really good, 0.0136 | energy parks, 0.0065 | green island, 0.0060 | renewable energy, 0.0059 | bornholm offshore wind, 0.0040",bornholm energy also wind says
reg,0,7.498927,11.245566,"really good, 0.0136 | energy parks, 0.0065 | green island, 0.0060 | renewable energy, 0.0059 | bornholm offshore wind, 0.0040",bornholm energy also wind says
reg,6,8.690535,6.913223,"baltic sea, 0.0245 | cultural identity, 0.0157 | critical infrastructure, 0.0143 | home guard, 0.0143 | united states, 0.0139",bornholm energy also baltic island
reg,2,8.71294,7.436383,"energy islands bornholm, 0.0071 | islands bornholm, 0.0071 | nuclear power, 0.0071 | energy islands, 0.0070 | offshore wind, 0.0068",energy bornholm island islands says
reg,6,8.728635,6.879169,"baltic sea, 0.0245 | cultural identity, 0.0157 | critical infrastructure, 0.0143 | home guard, 0.0143 | united states, 0.0139",bornholm energy also baltic island
reg,0,8.766485,9.014585,"really good, 0.0136 | energy parks, 0.0065 | green island, 0.0060 | renewable energy, 0.0059 | bornholm offshore wind, 0.0040",bornholm energy also wind says
reg,6,6.615119,8.580247,"baltic sea, 0.0245 | cultural identity, 0.0157 | critical infrastructure, 0.0143 | home guard, 0.0143 | united states, 0.0139",bornholm energy also baltic island
reg,16,8.255195,12.13951,"baltic energy, 0.0159 | baltic energy island, 0.0132 | mikael benzon, 0.0125 | election campaign, 0.0110 | green transition, 0.0098",bornholm energy island green also
reg,15,7.495397,7.401891,"people meeting, 0.0398 | says peter, 0.0224 | 42 000, 0.0140 | peter juel, 0.0122 | peter juel jensen, 0.0119",bornholm energy also island must
reg,16,7.8725014,8.882103,"baltic energy, 0.0159 | baltic energy island, 0.0132 | mikael benzon, 0.0125 | election campaign, 0.0110 | green transition, 0.0098",bornholm energy island green also
reg,1,7.382237,11.193672,"center bornholm, 0.0115 | business center, 0.0095 | business center bornholm, 0.0090 | business park, 0.0080 | green transition, 0.0077",bornholm energy green island business
reg,16,8.400924,12.165416,"baltic energy, 0.0159 | baltic energy island, 0.0132 | mikael benzon, 0.0125 | election campaign, 0.0110 | green transition, 0.0098",bornholm energy island green also
reg,10,6.554912,9.565134,"social democracy, 0.0219 | municipal council, 0.0194 | municipal elections, 0.0168 | energy island, 0.0154 | election campaign, 0.0153",energy bornholm island also municipal
reg,15,7.212348,7.339307,"people meeting, 0.0398 | says peter, 0.0224 | 42 000, 0.0140 | peter juel, 0.0122 | peter juel jensen, 0.0119",bornholm energy also island must
reg,2,8.918767,8.547658,"energy islands bornholm, 0.0071 | islands bornholm, 0.0071 | nuclear power, 0.0071 | energy islands, 0.0070 | offshore wind, 0.0068",energy bornholm island islands says
reg,14,9.375466,9.939279,"wind farms, 0.0092 | 27 million, 0.0087 | offshore wind farms, 0.0077 | 20 billion, 0.0076 | offshore wind, 0.0075",energy bornholm wind island offshore
reg,4,6.2855363,7.1020155,"next year, 0.0149 | municipal council, 0.0146 | last year, 0.0106 | social democracy, 0.0105 | savings catalog, 0.0100",bornholm also energy year municipal
reg,0,8.777092,10.359141,"really good, 0.0136 | energy parks, 0.0065 | green island, 0.0060 | renewable energy, 0.0059 | bornholm offshore wind, 0.0040",bornholm energy also wind says
reg,9,9.885383,8.061071,"electricity prices, 0.0120 | 10 million, 0.0117 | 31 billion, 0.0107 | think tank, 0.0100 | energy island, 0.0089",bornholm energy island islands wind
reg,17,10.492086,9.478978,"offshore wind, 0.0239 | state aid, 0.0197 | north sea, 0.0186 | island north, 0.0118 | island north sea, 0.0118",energy bornholm wind offshore islands
reg,11,7.9917994,8.153388,"ole sonne, 0.0186 | citizens association, 0.0173 | association energy islands, 0.0164 | association energy, 0.0161 | citizens association energy, 0.0137",energy bornholm also citizens island
reg,2,9.400061,8.022115,"energy islands bornholm, 0.0071 | islands bornholm, 0.0071 | nuclear power, 0.0071 | energy islands, 0.0070 | offshore wind, 0.0068",energy bornholm island islands says
reg,2,9.160311,7.9759426,"energy islands bornholm, 0.0071 | islands bornholm, 0.0071 | nuclear power, 0.0071 | energy islands, 0.0070 | offshore wind, 0.0068",energy bornholm island islands says
reg,5,6.7079296,7.712223,"anne thomas, 0.0213 | business park, 0.0175 | social democracy, 0.0164 | top candidate, 0.0132 | food school, 0.0119",bornholm energy business island says
reg,0,9.60021,9.7758465,"really good, 0.0136 | energy parks, 0.0065 | green island, 0.0060 | renewable energy, 0.0059 | bornholm offshore wind, 0.0040",bornholm energy also wind says
reg,2,9.039671,8.059198,"energy islands bornholm, 0.0071 | islands bornholm, 0.0071 | nuclear power, 0.0071 | energy islands, 0.0070 | offshore wind, 0.0068",energy bornholm island islands says
reg,6,8.74257,6.9463267,"baltic sea, 0.0245 | cultural identity, 0.0157 | critical infrastructure, 0.0143 | home guard, 0.0143 | united states, 0.0139",bornholm energy also baltic island
reg,11,8.58063,7.934891,"ole sonne, 0.0186 | citizens association, 0.0173 | association energy islands, 0.0164 | association energy, 0.0161 | citizens association energy, 0.0137",energy bornholm also citizens island
reg,4,7.006981,6.9095235,"next year, 0.0149 | municipal council, 0.0146 | last year, 0.0106 | social democracy, 0.0105 | savings catalog, 0.0100",bornholm also energy year municipal
reg,5,6.1898437,8.130444,"anne thomas, 0.0213 | business park, 0.0175 | social democracy, 0.0164 | top candidate, 0.0132 | food school, 0.0119",bornholm energy business island says
reg,1,7.067343,10.784798,"center bornholm, 0.0115 | business center, 0.0095 | business center bornholm, 0.0090 | business park, 0.0080 | green transition, 0.0077",bornholm energy green island business
reg,3,9.315275,11.412554,"danish energy agency, 0.0165 | energy agency, 0.0165 | danish energy, 0.0164 | offshore wind, 0.0124 | environmental assessment, 0.0104",bornholm energy wind offshore energinet
reg,11,7.959195,8.121343,"ole sonne, 0.0186 | citizens association, 0.0173 | association energy islands, 0.0164 | association energy, 0.0161 | citizens association energy, 0.0137",energy bornholm also citizens island
reg,0,7.432876,10.620704,"really good, 0.0136 | energy parks, 0.0065 | green island, 0.0060 | renewable energy, 0.0059 | bornholm offshore wind, 0.0040",bornholm energy also wind says
reg,0,8.768397,9.081198,"really good, 0.0136 | energy parks, 0.0065 | green island, 0.0060 | renewable energy, 0.0059 | bornholm offshore wind, 0.0040",bornholm energy also wind says
reg,15,7.1800017,6.925985,"people meeting, 0.0398 | says peter, 0.0224 | 42 000, 0.0140 | peter juel, 0.0122 | peter juel jensen, 0.0119",bornholm energy also island must
reg,0,8.679205,9.631893,"really good, 0.0136 | energy parks, 0.0065 | green island, 0.0060 | renewable energy, 0.0059 | bornholm offshore wind, 0.0040",bornholm energy also wind says
reg,3,8.815555,10.893037,"danish energy agency, 0.0165 | energy agency, 0.0165 | danish energy, 0.0164 | offshore wind, 0.0124 | environmental assessment, 0.0104",bornholm energy wind offshore energinet
reg,8,9.026903,11.200884,"high voltage, 0.0242 | local plan, 0.0193 | high voltage station, 0.0168 | voltage station, 0.0167 | gross area, 0.0109",energy bornholm energinet plant area
reg,4,6.347927,7.1958337,"next year, 0.0149 | municipal council, 0.0146 | last year, 0.0106 | social democracy, 0.0105 | savings catalog, 0.0100",bornholm also energy year municipal
reg,5,5.988822,7.7601123,"anne thomas, 0.0213 | business park, 0.0175 | social democracy, 0.0164 | top candidate, 0.0132 | food school, 0.0119",bornholm energy business island says
reg,11,8.120737,8.225576,"ole sonne, 0.0186 | citizens association, 0.0173 | association energy islands, 0.0164 | association energy, 0.0161 | citizens association energy, 0.0137",energy bornholm also citizens island
reg,2,8.995345,8.660892,"energy islands bornholm, 0.0071 | islands bornholm, 0.0071 | nuclear power, 0.0071 | energy islands, 0.0070 | offshore wind, 0.0068",energy bornholm island islands says
reg,6,8.010079,6.782286,"baltic sea, 0.0245 | cultural identity, 0.0157 | critical infrastructure, 0.0143 | home guard, 0.0143 | united states, 0.0139",bornholm energy also baltic island
reg,4,6.392805,7.5070004,"next year, 0.0149 | municipal council, 0.0146 | last year, 0.0106 | social democracy, 0.0105 | savings catalog, 0.0100",bornholm also energy year municipal
reg,6,7.648452,6.7095137,"baltic sea, 0.0245 | cultural identity, 0.0157 | critical infrastructure, 0.0143 | home guard, 0.0143 | united states, 0.0139",bornholm energy also baltic island
reg,7,10.579937,11.046481,"baltic sea, 0.0158 | gas station, 0.0147 | offshore wind, 0.0143 | thomas bendtsen, 0.0141 | wind turbines, 0.0118",bornholm energy wind offshore says
reg,4,6.377023,7.615825,"next year, 0.0149 | municipal council, 0.0146 | last year, 0.0106 | social democracy, 0.0105 | savings catalog, 0.0100",bornholm also energy year municipal
reg,12,7.3854136,9.515073,"bornholm museum, 0.0568 | land plant, 0.0213 | feasibility studies, 0.0201 | project manager, 0.0136 | jakob nørmark, 0.0106",bornholm energy says museum area
reg,12,7.403371,9.658372,"bornholm museum, 0.0568 | land plant, 0.0213 | feasibility studies, 0.0201 | project manager, 0.0136 | jakob nørmark, 0.0106",bornholm energy says museum area
reg,16,8.443594,12.12406,"baltic energy, 0.0159 | baltic energy island, 0.0132 | mikael benzon, 0.0125 | election campaign, 0.0110 | green transition, 0.0098",bornholm energy island green also
reg,1,7.4737415,11.812908,"center bornholm, 0.0115 | business center, 0.0095 | business center bornholm, 0.0090 | business park, 0.0080 | green transition, 0.0077",bornholm energy green island business
reg,4,6.3447995,7.3038335,"next year, 0.0149 | municipal council, 0.0146 | last year, 0.0106 | social democracy, 0.0105 | savings catalog, 0.0100",bornholm also energy year municipal
reg,2,9.155132,9.149576,"energy islands bornholm, 0.0071 | islands bornholm, 0.0071 | nuclear power, 0.0071 | energy islands, 0.0070 | offshore wind, 0.0068",energy bornholm island islands says
reg,2,9.345525,8.078762,"energy islands bornholm, 0.0071 | islands bornholm, 0.0071 | nuclear power, 0.0071 | energy islands, 0.0070 | offshore wind, 0.0068",energy bornholm island islands says
reg,1,7.2632923,11.394132,"center bornholm, 0.0115 | business center, 0.0095 | business center bornholm, 0.0090 | business park, 0.0080 | green transition, 0.0077",bornholm energy green island business
reg,9,9.879897,8.691823,"electricity prices, 0.0120 | 10 million, 0.0117 | 31 billion, 0.0107 | think tank, 0.0100 | energy island, 0.0089",bornholm energy island islands wind
reg,0,7.509185,11.482508,"really good, 0.0136 | energy parks, 0.0065 | green island, 0.0060 | renewable energy, 0.0059 | bornholm offshore wind, 0.0040",bornholm energy also wind says
reg,7,10.765049,11.001512,"baltic sea, 0.0158 | gas station, 0.0147 | offshore wind, 0.0143 | thomas bendtsen, 0.0141 | wind turbines, 0.0118",bornholm energy wind offshore says
reg,9,9.87761,8.04062,"electricity prices, 0.0120 | 10 million, 0.0117 | 31 billion, 0.0107 | think tank, 0.0100 | energy island, 0.0089",bornholm energy island islands wind
reg,4,6.9824004,7.5262456,"next year, 0.0149 | municipal council, 0.0146 | last year, 0.0106 | social democracy, 0.0105 | savings catalog, 0.0100",bornholm also energy year municipal
reg,4,6.3234177,7.5329375,"next year, 0.0149 | municipal council, 0.0146 | last year, 0.0106 | social democracy, 0.0105 | savings catalog, 0.0100",bornholm also energy year municipal
reg,4,6.543226,7.32824,"next year, 0.0149 | municipal council, 0.0146 | last year, 0.0106 | social democracy, 0.0105 | savings catalog, 0.0100",bornholm also energy year municipal
reg,6,7.6638746,6.663959,"baltic sea, 0.0245 | cultural identity, 0.0157 | critical infrastructure, 0.0143 | home guard, 0.0143 | united states, 0.0139",bornholm energy also baltic island
reg,4,6.65245,7.20046,"next year, 0.0149 | municipal council, 0.0146 | last year, 0.0106 | social democracy, 0.0105 | savings catalog, 0.0100",bornholm also energy year municipal
reg,1,6.873379,11.554392,"center bornholm, 0.0115 | business center, 0.0095 | business center bornholm, 0.0090 | business park, 0.0080 | green transition, 0.0077",bornholm energy green island business
reg,1,6.777388,11.627052,"center bornholm, 0.0115 | business center, 0.0095 | business center bornholm, 0.0090 | business park, 0.0080 | green transition, 0.0077",bornholm energy green island business
reg,3,10.000569,11.282742,"danish energy agency, 0.0165 | energy agency, 0.0165 | danish energy, 0.0164 | offshore wind, 0.0124 | environmental assessment, 0.0104",bornholm energy wind offshore energinet
reg,4,7.252186,7.084615,"next year, 0.0149 | municipal council, 0.0146 | last year, 0.0106 | social democracy, 0.0105 | savings catalog, 0.0100",bornholm also energy year municipal
reg,5,6.1464,8.143305,"anne thomas, 0.0213 | business park, 0.0175 | social democracy, 0.0164 | top candidate, 0.0132 | food school, 0.0119",bornholm energy business island says
reg,4,7.031925,6.9380913,"next year, 0.0149 | municipal council, 0.0146 | last year, 0.0106 | social democracy, 0.0105 | savings catalog, 0.0100",bornholm also energy year municipal
reg,5,7.2596717,8.568694,"anne thomas, 0.0213 | business park, 0.0175 | social democracy, 0.0164 | top candidate, 0.0132 | food school, 0.0119",bornholm energy business island says
reg,1,6.8590546,11.3609915,"center bornholm, 0.0115 | business center, 0.0095 | business center bornholm, 0.0090 | business park, 0.0080 | green transition, 0.0077",bornholm energy green island business
reg,5,6.9993396,8.097255,"anne thomas, 0.0213 | business park, 0.0175 | social democracy, 0.0164 | top candidate, 0.0132 | food school, 0.0119",bornholm energy business island says
reg,1,6.762606,11.210134,"center bornholm, 0.0115 | business center, 0.0095 | business center bornholm, 0.0090 | business park, 0.0080 | green transition, 0.0077",bornholm energy green island business
reg,5,7.0076275,8.205981,"anne thomas, 0.0213 | business park, 0.0175 | social democracy, 0.0164 | top candidate, 0.0132 | food school, 0.0119",bornholm energy business island says
reg,1,7.530818,12.068331,"center bornholm, 0.0115 | business center, 0.0095 | business center bornholm, 0.0090 | business park, 0.0080 | green transition, 0.0077",bornholm energy green island business
reg,5,7.1972837,8.51927,"anne thomas, 0.0213 | business park, 0.0175 | social democracy, 0.0164 | top candidate, 0.0132 | food school, 0.0119",bornholm energy business island says
reg,9,9.614677,8.005126,"electricity prices, 0.0120 | 10 million, 0.0117 | 31 billion, 0.0107 | think tank, 0.0100 | energy island, 0.0089",bornholm energy island islands wind
reg,5,7.2386847,8.453565,"anne thomas, 0.0213 | business park, 0.0175 | social democracy, 0.0164 | top candidate, 0.0132 | food school, 0.0119",bornholm energy business island says
reg,2,9.395572,8.928319,"energy islands bornholm, 0.0071 | islands bornholm, 0.0071 | nuclear power, 0.0071 | energy islands, 0.0070 | offshore wind, 0.0068",energy bornholm island islands says
reg,6,7.8137527,7.633104,"baltic sea, 0.0245 | cultural identity, 0.0157 | critical infrastructure, 0.0143 | home guard, 0.0143 | united states, 0.0139",bornholm energy also baltic island
reg,0,7.7855964,10.471791,"really good, 0.0136 | energy parks, 0.0065 | green island, 0.0060 | renewable energy, 0.0059 | bornholm offshore wind, 0.0040",bornholm energy also wind says
reg,2,8.805412,8.397198,"energy islands bornholm, 0.0071 | islands bornholm, 0.0071 | nuclear power, 0.0071 | energy islands, 0.0070 | offshore wind, 0.0068",energy bornholm island islands says
reg,5,6.917109,8.490685,"anne thomas, 0.0213 | business park, 0.0175 | social democracy, 0.0164 | top candidate, 0.0132 | food school, 0.0119",bornholm energy business island says
reg,4,7.2656775,7.0923214,"next year, 0.0149 | municipal council, 0.0146 | last year, 0.0106 | social democracy, 0.0105 | savings catalog, 0.0100",bornholm also energy year municipal
reg,5,6.487782,7.9716916,"anne thomas, 0.0213 | business park, 0.0175 | social democracy, 0.0164 | top candidate, 0.0132 | food school, 0.0119",bornholm energy business island says
reg,5,6.3500376,8.052915,"anne thomas, 0.0213 | business park, 0.0175 | social democracy, 0.0164 | top candidate, 0.0132 | food school, 0.0119",bornholm energy business island says
reg,5,6.706246,8.131652,"anne thomas, 0.0213 | business park, 0.0175 | social democracy, 0.0164 | top candidate, 0.0132 | food school, 0.0119",bornholm energy business island says
reg,5,6.4721985,8.182644,"anne thomas, 0.0213 | business park, 0.0175 | social democracy, 0.0164 | top candidate, 0.0132 | food school, 0.0119",bornholm energy business island says
reg,5,6.995986,8.358876,"anne thomas, 0.0213 | business park, 0.0175 | social democracy, 0.0164 | top candidate, 0.0132 | food school, 0.0119",bornholm energy business island says
reg,5,7.0559497,8.452626,"anne thomas, 0.0213 | business park, 0.0175 | social democracy, 0.0164 | top candidate, 0.0132 | food school, 0.0119",bornholm energy business island says
reg,4,6.8322835,7.185223,"next year, 0.0149 | municipal council, 0.0146 | last year, 0.0106 | social democracy, 0.0105 | savings catalog, 0.0100",bornholm also energy year municipal
reg,9,9.556413,8.594557,"electricity prices, 0.0120 | 10 million, 0.0117 | 31 billion, 0.0107 | think tank, 0.0100 | energy island, 0.0089",bornholm energy island islands wind
reg,6,8.626079,6.8370047,"baltic sea, 0.0245 | cultural identity, 0.0157 | critical infrastructure, 0.0143 | home guard, 0.0143 | united states, 0.0139",bornholm energy also baltic island
reg,2,8.838183,7.952554,"energy islands bornholm, 0.0071 | islands bornholm, 0.0071 | nuclear power, 0.0071 | energy islands, 0.0070 | offshore wind, 0.0068",energy bornholm island islands says
reg,9,9.867716,8.084111,"electricity prices, 0.0120 | 10 million, 0.0117 | 31 billion, 0.0107 | think tank, 0.0100 | energy island, 0.0089",bornholm energy island islands wind
reg,5,6.5129495,7.4717393,"anne thomas, 0.0213 | business park, 0.0175 | social democracy, 0.0164 | top candidate, 0.0132 | food school, 0.0119",bornholm energy business island says
reg,5,7.0112634,8.130426,"anne thomas, 0.0213 | business park, 0.0175 | social democracy, 0.0164 | top candidate, 0.0132 | food school, 0.0119",bornholm energy business island says
reg,9,9.596335,7.97941,"electricity prices, 0.0120 | 10 million, 0.0117 | 31 billion, 0.0107 | think tank, 0.0100 | energy island, 0.0089",bornholm energy island islands wind
reg,2,8.796387,8.208369,"energy islands bornholm, 0.0071 | islands bornholm, 0.0071 | nuclear power, 0.0071 | energy islands, 0.0070 | offshore wind, 0.0068",energy bornholm island islands says
reg,0,9.019806,10.142208,"really good, 0.0136 | energy parks, 0.0065 | green island, 0.0060 | renewable energy, 0.0059 | bornholm offshore wind, 0.0040",bornholm energy also wind says
reg,2,9.035158,8.684031,"energy islands bornholm, 0.0071 | islands bornholm, 0.0071 | nuclear power, 0.0071 | energy islands, 0.0070 | offshore wind, 0.0068",energy bornholm island islands says
reg,12,8.123889,9.868011,"bornholm museum, 0.0568 | land plant, 0.0213 | feasibility studies, 0.0201 | project manager, 0.0136 | jakob nørmark, 0.0106",bornholm energy says museum area
reg,0,9.217249,9.868426,"really good, 0.0136 | energy parks, 0.0065 | green island, 0.0060 | renewable energy, 0.0059 | bornholm offshore wind, 0.0040",bornholm energy also wind says
reg,17,9.760241,11.700177,"offshore wind, 0.0239 | state aid, 0.0197 | north sea, 0.0186 | island north, 0.0118 | island north sea, 0.0118",energy bornholm wind offshore islands
reg,9,9.8988905,8.543696,"electricity prices, 0.0120 | 10 million, 0.0117 | 31 billion, 0.0107 | think tank, 0.0100 | energy island, 0.0089",bornholm energy island islands wind
reg,9,9.686911,7.9247994,"electricity prices, 0.0120 | 10 million, 0.0117 | 31 billion, 0.0107 | think tank, 0.0100 | energy island, 0.0089",bornholm energy island islands wind
reg,2,8.599381,8.520087,"energy islands bornholm, 0.0071 | islands bornholm, 0.0071 | nuclear power, 0.0071 | energy islands, 0.0070 | offshore wind, 0.0068",energy bornholm island islands says
reg,1,7.148361,11.269665,"center bornholm, 0.0115 | business center, 0.0095 | business center bornholm, 0.0090 | business park, 0.0080 | green transition, 0.0077",bornholm energy green island business
reg,12,7.531548,9.466094,"bornholm museum, 0.0568 | land plant, 0.0213 | feasibility studies, 0.0201 | project manager, 0.0136 | jakob nørmark, 0.0106",bornholm energy says museum area
reg,12,7.6422486,9.932221,"bornholm museum, 0.0568 | land plant, 0.0213 | feasibility studies, 0.0201 | project manager, 0.0136 | jakob nørmark, 0.0106",bornholm energy says museum area
reg,9,10.252305,8.741964,"electricity prices, 0.0120 | 10 million, 0.0117 | 31 billion, 0.0107 | think tank, 0.0100 | energy island, 0.0089",bornholm energy island islands wind
reg,10,6.4371758,9.419577,"social democracy, 0.0219 | municipal council, 0.0194 | municipal elections, 0.0168 | energy island, 0.0154 | election campaign, 0.0153",energy bornholm island also municipal
reg,4,6.347729,7.6743083,"next year, 0.0149 | municipal council, 0.0146 | last year, 0.0106 | social democracy, 0.0105 | savings catalog, 0.0100",bornholm also energy year municipal
reg,9,10.27682,8.700346,"electricity prices, 0.0120 | 10 million, 0.0117 | 31 billion, 0.0107 | think tank, 0.0100 | energy island, 0.0089",bornholm energy island islands wind
reg,5,6.4284067,7.704181,"anne thomas, 0.0213 | business park, 0.0175 | social democracy, 0.0164 | top candidate, 0.0132 | food school, 0.0119",bornholm energy business island says
reg,14,9.532304,10.290896,"wind farms, 0.0092 | 27 million, 0.0087 | offshore wind farms, 0.0077 | 20 billion, 0.0076 | offshore wind, 0.0075",energy bornholm wind island offshore
reg,9,10.300047,8.774336,"electricity prices, 0.0120 | 10 million, 0.0117 | 31 billion, 0.0107 | think tank, 0.0100 | energy island, 0.0089",bornholm energy island islands wind
reg,3,9.982275,11.431145,"danish energy agency, 0.0165 | energy agency, 0.0165 | danish energy, 0.0164 | offshore wind, 0.0124 | environmental assessment, 0.0104",bornholm energy wind offshore energinet
reg,0,9.144192,9.663204,"really good, 0.0136 | energy parks, 0.0065 | green island, 0.0060 | renewable energy, 0.0059 | bornholm offshore wind, 0.0040",bornholm energy also wind says
reg,2,9.136069,8.199255,"energy islands bornholm, 0.0071 | islands bornholm, 0.0071 | nuclear power, 0.0071 | energy islands, 0.0070 | offshore wind, 0.0068",energy bornholm island islands says
reg,17,10.281578,9.781292,"offshore wind, 0.0239 | state aid, 0.0197 | north sea, 0.0186 | island north, 0.0118 | island north sea, 0.0118",energy bornholm wind offshore islands
reg,5,6.6352634,8.131502,"anne thomas, 0.0213 | business park, 0.0175 | social democracy, 0.0164 | top candidate, 0.0132 | food school, 0.0119",bornholm energy business island says
reg,2,8.956696,8.410414,"energy islands bornholm, 0.0071 | islands bornholm, 0.0071 | nuclear power, 0.0071 | energy islands, 0.0070 | offshore wind, 0.0068",energy bornholm island islands says
reg,14,9.573056,10.137798,"wind farms, 0.0092 | 27 million, 0.0087 | offshore wind farms, 0.0077 | 20 billion, 0.0076 | offshore wind, 0.0075",energy bornholm wind island offshore
reg,5,6.6882777,7.75705,"anne thomas, 0.0213 | business park, 0.0175 | social democracy, 0.0164 | top candidate, 0.0132 | food school, 0.0119",bornholm energy business island says
reg,14,9.418167,10.280983,"wind farms, 0.0092 | 27 million, 0.0087 | offshore wind farms, 0.0077 | 20 billion, 0.0076 | offshore wind, 0.0075",energy bornholm wind island offshore
reg,8,8.691281,11.211303,"high voltage, 0.0242 | local plan, 0.0193 | high voltage station, 0.0168 | voltage station, 0.0167 | gross area, 0.0109",energy bornholm energinet plant area
reg,2,9.110697,8.791112,"energy islands bornholm, 0.0071 | islands bornholm, 0.0071 | nuclear power, 0.0071 | energy islands, 0.0070 | offshore wind, 0.0068",energy bornholm island islands says
reg,5,6.8726664,7.642192,"anne thomas, 0.0213 | business park, 0.0175 | social democracy, 0.0164 | top candidate, 0.0132 | food school, 0.0119",bornholm energy business island says
